v 13.171585 -2.4778585 20.243301
v 6.758076 39.25784 31.478708
v -56.903046 58.2966 -12.51886
v 19.983704 69.163635 -1.762207
v 20.717499 66.60698 -7.940674
v -51.27018 74.14853 -24.779694
v -37.723236 -38.231506 8.54187
v -4.033558 6.8243732 18.381512
v -14.685997 82.91333 1.1635132
v -29.183838 49.176987 -8.051392
v 10.266777 67.2563 -15.761536
v 11.816742 7.0925903 1.0856323
v -52.048103 67.45401 -57.524506
v -37.469482 0.9595642 16.407593
v -18.797714 -0.45733643 23.718445
v 7.981018 86.73362 -6.6526184
v -26.329987 11.940506 2.1983871
v -52.587807 67.5968 -57.71814
v -5.6649323 44.587555 36.419006
v -18.224686 81.29048 14.843506
v 28.227158 -53.18869 4.404541
v 18.557365 -23.0346 25.40572
v -40.207333 -35.251022 15.68425
v -52.520782 68.15311 -57.63688
v 44.996246 49.93966 3.640236
v -40.152683 -34.371902 10.486534
v -58.333786 71.5907 -19.248047
v 29.7836 6.5685883 18.901184
v 11.042471 -6.043719 13.725779
v 39.700478 66.79596 -12.559657
v -37.06289 47.11871 -6.9011917
v -39.072845 -35.029892 9.03833
v -52.829693 66.83394 -57.481194
v -52.313995 66.69037 -57.210953
v 6.3640137 54.289307 38.316895
v -47.828884 -47.06038 7.2203217
v -6.6935797 59.15489 -21.637806
v -43.598114 58.503937 -24.294006
v 24.779144 -9.31073 20.00116
v -57.30813 53.746197 -22.717506
v -26.065369 -14.379202 13.576691
v -60.57898 69.69855 -19.643799
v 19.536772 76.20413 8.82135
v 18.867195 -10.140381 0.46331787
v -51.92531 68.02948 -57.294174
v 23.407196 42.377106 16.755737
v 26.990417 -26.216347 4.308426
v 0.56310654 39.26599 -10.875305
v -54.395752 68.70105 -56.49292
v -7.399151 6.201731 20.772127
v -29.339172 13.323135 4.7108765
v -38.153625 64.64685 2.4240723
v 31.332153 -19.02716 20.226135
v -52.58188 68.71759 -56.594177
v -53.613678 66.834656 -57.270065
v 29.363556 -9.8601 -0.74951935
v -53.176964 66.343605 -56.886627
v -52.521484 66.47754 -56.388306
v -8.938522 84.15583 -8.120697
v -33.70764 4.367523 21.32788
v -44.17122 -45.15968 6.3579674
v 28.5932 -33.18271 10.473022
v -51.730793 67.17028 -56.807487
v -54.084717 67.925934 -57.128174
v -23.622192 -51.91542 17.368774
v 16.54541 95.031555 -26.84314
v 13.228516 84.788086 8.726074
v 16.798836 -7.5882773 1.1328659
v -29.363026 69.574776 5.861145
v -28.838732 70.323456 3.6632996
v -36.38803 4.0143433 0.4133911
v -42.346313 -46.324097 16.16034
v -40.017754 -32.86853 11.125183
v -21.966736 -33.794655 12.844559
v -27.442451 48.8407 -6.690918
v 15.292421 -41.376263 26.4823
v -34.1084 53.120422 -13.461182
v 0.46917343 4.4162903 24.111328
v -25.921757 -13.584564 14.048503
v -40.853676 48.34467 -7.3713913
v -52.588562 74.43419 -24.815033
v 17.723694 79.69365 13.207886
v -50.21582 65.869995 -9.695801
v -3.661466 -3.68956 54.937294
v -48.126423 -50.50774 4.177807
v 28.589966 -34.970142 26.057861
v 32.42791 -27.00861 9.869965
v -16.58052 4.226288 24.897873
v -32.917694 10.096596 3.9381104
v -20.420929 40.683517 24.342041
v 11.978889 78.444855 -6.4546967
v -52.65509 74.28539 -25.792746
v -31.415785 -24.857147 22.963772
v 19.27441 -43.71588 14.009094
v 25.803646 69.623695 7.8249855
v 27.55786 -19.314423 23.85672
v -54.016357 69.095825 -55.84619
v 8.398403 62.792603 -25.754715
v -26.128204 -29.532448 3.7269974
v -3.1867142 6.1773567 20.376503
v 4.463623 80.29443 31.746094
v -21.145418 91.830574 -26.121468
v -29.41983 64.565094 10.191284
v 29.778137 -32.62549 11.12793
v -3.1171646 -9.940155 54.394592
v -34.981934 -27.791473 22.56009
v 22.350098 40.610565 21.404541
v -25.578568 -8.40213 19.083893
v -4.434906 84.8056 -20.365112
v 31.897217 64.825226 4.3375244
v -55.972656 67.28265 -55.504883
v 15.1145935 -51.54361 18.029846
v -40.356907 -32.139694 10.023706
v 24.383781 53.901833 23.227427
v 59.84679 79.76998 -25.011307
v -5.9533405 -4.528432 48.465614
v -17.607956 -5.1181893 9.201447
v -13.194336 35.712738 30.365479
v -0.09657669 25.99884 32.289948
v 29.689758 -35.245544 24.779358
v -27.773941 70.22503 0.78778076
v -30.849365 -47.736206 25.001678
v 0.9107971 52.871704 -14.189285
v 38.23449 58.898483 -14.9158325
v 24.314392 -26.279106 4.162424
v -56.04138 66.37256 -54.88794
v 51.783268 52.951004 -19.522232
v 5.727358 20.249123 -2.1106462
v -42.9842 57.801033 2.851931
v -40.00464 -51.442627 -7.0080566
v 13.371124 27.255268 2.919983
v -51.88321 67.73685 -56.02704
v 29.869247 9.525383 18.345215
v -36.30127 -33.65963 6.335861
v -18.789734 65.305374 -14.852806
v 2.191475 52.98288 -14.134705
v -15.959787 73.08627 -12.882935
v -22.145416 -32.27268 10.32023
v -46.05152 71.877426 -19.750885
v -31.222687 -46.22064 7.109405
v 51.30692 51.840786 -6.7054768
v 21.792374 39.797775 22.527527
v 16.211807 82.54866 -19.171097
v -30.483276 64.10623 -7.0371094
v -57.4503 58.863785 -55.004166
v 4.686523 56.329353 -14.576554
v -23.470905 -17.76912 14.92923
v 20.60852 -46.459183 7.7473755
v 42.73026 66.05878 -5.489067
v 50.729607 76.44414 -15.50235
v 56.26857 54.93361 -18.194183
v -58.04004 59.63733 -54.912476
v -57.12343 59.36061 -55.04975
v -27.030153 55.362923 -9.492096
v -25.083801 3.7764282 25.694244
v -56.719135 59.12432 -54.822716
v -57.558014 60.14789 -54.743774
v -42.789185 58.95932 2.7073975
v -56.76099 59.92926 -54.61026
v 24.78125 63.69803 22.45803
v 13.561157 52.15576 -12.769653
v 11.060738 6.9003296 25.365051
v 5.068966 84.11356 -10.833725
v 59.41593 71.09498 -18.453705
v -23.8512 0.4741211 24.380768
v -49.746532 52.474968 -11.560501
v -53.518555 66.45068 -54.593018
v -34.404785 48.457977 -10.595947
v -30.604279 63.93213 7.484375
v -57.31787 66.88434 -53.868652
v 38.45197 57.592133 -13.334805
v -7.988579 5.600725 21.072886
v -17.771324 -4.853798 19.109802
v 31.008057 -48.84375 1.3688965
v 16.132568 92.55713 -20.520508
v 26.00822 -47.972744 1.3431244
v 36.71704 -51.430176 6.7973633
v 24.513687 48.34372 -5.0384827
v 15.780334 -7.4837036 19.17749
v -52.143005 68.40941 -56.214417
v 0.95793915 88.40314 -8.211243
v 18.983002 36.715134 4.4489746
v 16.952087 -7.5787964 19.667908
v 22.433205 15.149643 4.3945465
v -42.16414 48.559658 -2.426941
v 19.448654 12.708542 1.1740799
v 19.926285 -23.437864 5.1215897
v 8.307312 36.143646 31.836365
v -57.21752 58.351933 -54.340584
v 11.815826 56.445694 -11.176449
v 8.913864 48.075073 -14.389313
v 30.558722 -34.050632 15.922119
v -58.23822 58.96313 -54.676414
v -55.9579 52.969112 -19.428192
v -22.772308 -4.246704 22.235962
v -25.747265 11.123383 25.018837
v -35.34979 65.99338 2.5637207
v 30.315216 -31.891487 11.344482
v -56.55614 59.548187 -54.32594
v 1.1750946 85.593925 -11.613251
v -1.837337 85.859436 -13.060885
v 28.86997 -42.497433 21.406296
v 4.8882446 12.570892 27.570648
v 17.922052 66.81818 30.487778
v 11.157043 60.107956 37.19216
v -4.4857635 -0.6477661 48.898132
v -61.919525 60.64511 -27.710632
v -22.561829 -2.7276974 -0.44955444
v -38.23803 66.05641 -2.065567
v 12.216794 55.18424 -11.488878
v -35.234634 11.222755 17.412384
v 1.1952515 -3.6908875 44.65027
v -45.445953 70.88896 -18.080261
v 18.77124 16.954937 2.9726257
v 43.837082 50.080303 -12.581345
v -45.255966 -45.818314 7.3477707
v 17.099022 35.047424 2.6201172
v 21.849777 -49.40432 2.9794006
v -19.786041 5.9082146 -0.27007484
v 0.044769287 29.022217 31.754272
v -40.746086 -30.956573 10.602753
v -24.831202 49.918304 24.87194
v -56.86267 68.62854 -54.496094
v 7.6363463 86.97131 -22.714874
v -53.292114 68.349945 -54.052002
v -24.554821 -11.123399 15.027273
v 38.942375 64.850815 -13.3476715
v 40.196438 68.39994 -14.562734
v -23.04596 3.8283691 25.840187
v -34.226593 -53.661835 2.1028442
v -56.553833 69.62225 -53.59082
v -8.546146 38.95187 32.460495
v 21.149233 -45.961613 7.09435
v -42.606697 -16.647476 6.025177
v -39.334373 64.98115 -15.301575
v -13.323242 70.80621 -23.998535
v -40.76483 55.458847 6.4259033
v 6.6809406 84.167206 -17.74819
v -56.071327 52.89246 -25.341965
v 31.740082 -2.9422035 0.44332886
v 17.369446 -6.6632156 20.382812
v 60.92772 67.43057 -21.803528
v -38.9859 0.7653656 13.394226
v 8.032021 4.128731 4.1587524
v 26.772728 -48.615654 4.3486404
v -50.19854 74.78845 -54.743397
v 30.773521 -46.383892 7.2404175
v 14.620012 -40.01503 19.027756
v -51.477783 75.016815 -54.476562
v -44.34354 50.242207 -17.41521
v 15.121826 50.966187 -12.413025
v 27.025024 -7.8701715 18.976852
v -50.47377 75.65088 -54.47754
v 47.653824 72.83667 -9.404663
v -58.09845 58.340965 -53.964
v 60.700153 67.26422 -23.881163
v 23.625593 46.087646 -3.015625
v -20.734255 -29.48538 10.641346
v -58.99597 58.86525 -53.7193
v -5.855321 51.638725 -11.708529
v -21.763214 -22.3433 5.425476
v -29.899345 13.37487 5.5696564
v -56.590252 58.663086 -54.377098
v 27.157288 -39.08393 27.373657
v -25.283188 52.496307 25.179443
v 13.604092 -29.937832 11.51313
v -22.60144 58.111084 -12.283081
v -2.8480835 -7.9562073 52.83008
v 20.655336 12.145203 1.2667999
v 7.8664517 2.0362663 17.38391
v 31.117184 -46.561073 6.3916245
v 8.339421 62.37714 -26.547937
v -43.941162 -53.002655 15.372681
v -40.53656 -51.9626 17.399414
v -28.57965 -7.0726166 19.520615
v 32.02002 61.63684 11.95874
v -55.819824 65.504105 -51.750427
v -9.884232 65.79004 37.45935
v -28.837503 53.871166 19.254456
v 43.63307 63.783813 -2.8642578
v -4.934265 72.27344 36.618896
v 20.349777 -7.6231575 -0.65514374
v 1.2478142 9.383494 0.21787262
v 21.292656 42.698612 -3.9865417
v -26.902489 71.63256 13.890083
v -27.090935 -45.324356 23.944153
v -28.679062 -44.52008 23.420624
v -42.46579 57.13391 -22.399261
v 19.659943 3.979187 25.047745
v 12.980209 -24.385696 17.68039
v 14.940197 81.3987 7.0431404
v 17.068115 -20.146027 7.8651123
v 21.358137 -45.708958 7.51612
v -50.48911 73.93935 -54.085835
v 22.642551 51.567875 25.185135
v -49.463234 74.013054 -54.02381
v 37.209484 -53.32374 -2.0396805
v -39.279022 -39.24948 16.994202
v 22.916725 58.04363 -7.055023
v 26.166885 -45.92453 6.935837
v -1.6644452 12.639738 -3.7490325
v 11.261963 54.007324 -12.212891
v -30.942139 -52.475204 25.284424
v -31.540405 57.303223 12.206177
v -49.686768 75.146416 -54.409195
v -49.29917 74.2876 -53.76204
v -26.61222 -39.27199 9.147083
v 14.731356 -37.313625 16.151474
v -21.205978 -7.636692 18.682991
v 17.109015 -51.650753 31.879436
v 11.011213 32.81137 -6.156616
v -36.947205 -7.043457 14.643188
v -53.467285 75.363464 -53.49243
v -51.83667 75.95441 -53.87085
v 15.701569 -22.459824 8.332977
v 49.185413 50.66349 -7.9672546
v 16.379278 8.704269 -0.12722206
v 30.755768 -44.867123 13.09021
v -48.79576 52.14691 -27.080566
v 6.7298584 50.188477 37.233887
v -26.34726 60.504425 25.755066
v -17.261606 69.25003 -14.130744
v -49.927124 75.99628 -53.736195
v -34.758453 -3.6240005 -2.2763138
v -48.10402 71.73978 -18.30487
v -16.667624 83.15782 15.230972
v -0.17825413 24.424599 -6.7171946
v -33.044525 -48.789444 2.6763916
v 15.206616 -35.81859 14.218876
v -57.135757 59.173157 -52.833862
v -30.47013 62.331734 14.769379
v -10.545334 29.327488 -4.081833
v 14.096954 -27.2415 9.817627
v -59.053345 59.544373 -54.15027
v 31.90271 -19.459663 1.8029785
v 32.578598 -53.599304 9.2196045
v 28.21227 -45.67578 7.3117065
v -40.692707 -27.59281 10.945747
v -30.192688 -6.491333 19.728241
v 47.824303 59.924614 -22.34002
v 29.552673 -16.300098 17.216705
v 13.153931 84.12564 16.187393
v -29.063124 67.13422 8.449181
v 53.887207 85.78279 -26.060944
v -10.77301 63.36267 37.438843
v 16.035826 -12.211102 15.087776
v -29.226585 -7.8736877 18.279694
v 9.160919 64.69995 37.309753
v -30.37262 5.2825165 23.85315
v 20.988733 -27.37188 6.3869715
v -18.644913 -7.088152 9.655716
v 33.072754 63.247375 -1.9733887
v 17.41861 65.96177 -12.760117
v 16.352043 31.634413 6.0102615
v 13.863777 81.63667 -1.425293
v 30.132452 -45.1752 18.322891
v -54.99939 66.10257 -51.937744
v -42.79595 69.83712 -23.715427
v 20.97369 40.89949 -0.48620605
v -2.4334793 39.214783 33.660965
v -20.048409 -6.268696 19.158157
v -30.213432 65.59088 -3.5648193
v -48.631104 -53.55681 -0.7614746
v -6.1606216 85.7155 -16.204224
v 18.77693 25.952713 13.53759
v -2.246109 8.126709 33.545593
v 23.501343 -43.053818 11.860046
v -42.80616 67.98265 -13.420319
v -10.81958 44.09601 35.796143
v -3.8753347 -6.5451612 47.30071
v -9.097656 17.906815 29.035217
v -51.710327 74.23419 -54.138275
v 19.05671 -18.5579 22.728462
v 35.558533 -48.838844 15.2282715
v -13.550859 55.503 -12.064576
v 3.454956 84.70548 -13.215912
v 13.462555 -1.5817108 21.24646
v -14.711182 49.641052 -14.987518
v -31.743805 -49.636913 4.1047516
v -23.256363 -38.65671 16.779022
v -7.473418 18.932459 30.144463
v 24.298897 -14.373722 -0.09970474
v -28.31946 -3.6320202 -2.3631802
v 45.560303 53.4993 -21.412384
v -49.558792 75.56432 -53.56813
v 17.97234 54.14447 32.017437
v 10.500786 86.730194 8.37323
v -20.119686 -5.0899353 20.917267
v 16.219524 -43.94138 28.129501
v 25.603575 -40.92558 14.496621
v 27.613586 -3.0186157 20.827087
v -50.57245 76.125244 -53.84021
v 7.6429214 8.047668 25.378754
v -57.856598 58.37111 -52.807007
v -41.470764 -25.875656 7.0860596
v 16.524773 38.304512 25.250122
v -0.56227684 85.868706 -13.123459
v -39.473328 55.788452 -21.390198
v 1.8306618 -3.7724953 40.192795
v -22.883179 41.29003 23.960358
v -27.888206 68.06391 2.179596
v 17.793976 -47.107025 31.10675
v 6.5490723 18.565735 29.605347
v -60.03772 59.70636 -52.60193
v 9.451416 83.92374 22.779663
v -56.714653 60.203087 -53.295624
v -12.908953 12.237122 26.845963
v 15.4547 62.698563 -9.710926
v 13.145226 75.69475 -10.230408
v -3.1932373 27.174454 31.812908
v 21.329432 -45.23399 6.885545
v 21.335598 -45.242527 7.713494
v -6.3311768 80.353516 31.857422
v 18.218544 33.52594 7.8529053
v 31.636703 -14.989151 -1.3255768
v -3.1892395 54.39569 -16.227783
v -38.650723 62.79471 -16.486858
v -42.474243 -52.460968 -2.59021
v 38.418762 46.88275 5.225891
v -20.764725 -25.474499 11.922768
v -48.05889 69.977356 -13.565979
v 1.978503 80.81645 -23.087654
v -5.482438 5.9169235 26.669395
v 14.567627 -5.327057 19.884308
v -36.319885 -22.255634 22.22049
v -27.037476 59.77768 -9.020111
v 15.085129 -6.6312027 19.077133
v 46.62242 58.569702 -20.864319
v 15.455597 -22.29943 21.654755
v 24.28125 0.99890137 23.894348
v 57.37507 73.75642 -15.645691
v -54.392822 67.38739 -52.662354
v -27.4245 61.98889 -8.180847
v 28.390808 -6.626114 19.09253
v 27.41177 -12.805094 -0.6528473
v -34.356842 10.4771805 5.291504
v -54.283707 69.36585 -53.103645
v 14.673508 80.73453 22.868378
v -25.399803 73.05357 14.492157
v -0.07621002 89.29907 -7.135498
v 23.425293 -45.303253 27.93869
v 16.42633 82.25455 15.2724
v 14.232231 79.99748 -0.065979004
v -27.74228 -35.89832 22.79205
v 33.77626 -51.413216 7.7446136
v 53.830727 57.825375 -24.423843
v 14.88566 -39.947266 24.504974
v 39.36705 63.73507 -10.64517
v -3.2805786 -6.9093018 56.70398
v 22.770233 71.24734 -0.1955719
v -53.230347 74.35559 -53.601746
v -20.826971 -23.973328 11.22551
v 25.23619 44.206696 5.1106873
v 56.983253 73.672874 -13.380959
v 31.603233 4.559265 3.8673096
v 19.604462 -22.825806 25.40406
v -5.8877354 4.560974 31.03041
v -33.891216 12.921774 18.003662
v -36.60213 7.606575 3.9891663
v 43.57831 73.290375 -16.710972
v 26.558212 -14.145512 -0.45171356
v 7.171173 12.09108 27.182281
v -23.706787 -19.13794 16.313232
v 51.98015 71.90051 -8.447327
v -38.295776 -53.156708 3.755127
v -42.199318 -8.990463 -0.28231812
v -31.253967 -45.035492 7.2921143
v -43.29017 -51.932747 -5.98547
v 21.999786 -45.045044 5.72406
v -38.8649 47.653397 2.3305664
v -23.281246 54.32967 -10.975084
v -59.752243 58.78811 -51.332657
v -33.744095 11.587051 5.52829
v 9.001734 87.35446 9.146977
v -22.050455 93.59346 -27.831072
v 15.283691 34.511047 24.633911
v 31.064201 -8.5390625 14.985718
v 13.136978 -34.23234 16.983536
v -41.19214 -50.14404 17.263184
v 50.686058 84.353325 -22.251925
v -12.072079 12.729149 27.868511
v -32.498962 -5.379467 18.985413
v -8.958523 57.350273 -14.3951845
v 34.819225 -7.2842064 5.676056
v -10.470123 60.863693 38.001724
v -60.589657 69.00222 -27.273943
v -52.465637 62.8683 -9.676514
v -35.95392 -27.554382 2.9866028
v -20.527275 -23.690092 8.801325
v -56.701935 65.46895 -51.605774
v -12.823608 21.597923 28.324646
v 13.338989 -24.382118 10.540436
v 44.498363 73.242386 -14.043701
v -6.6160936 14.541356 -1.8088751
v 38.64322 62.42943 -0.7433777
v -2.3855 -6.313567 48.713486
v -54.902714 -50.633514 2.472458
v -8.807098 33.872177 -7.115555
v -5.7492676 88.82031 -7.9638367
v 6.264221 20.922606 30.275238
v -40.52426 -38.19317 13.792707
v -2.809143 37.530396 -9.535553
v 22.806015 -12.242128 -0.3432083
v -41.074753 -24.321762 17.859741
v -57.97119 69.5659 -51.758545
v -42.60022 64.467926 -22.925964
v 30.521389 11.852623 13.993834
v -56.616394 70.00906 -51.988037
v -26.299397 -36.96393 21.534515
v -53.658722 -52.5057 3.288208
v -6.3710938 9.865147 28.089722
v 20.38485 22.410313 9.811127
v 3.2532349 89.22864 -6.549774
v 5.703003 71.36548 36.553925
v -17.571075 83.34659 13.465027
v -51.74652 73.15999 -52.25946
v 42.28001 55.09401 -19.309471
v 18.635841 -25.800903 26.364807
v 33.01178 -52.431274 17.65918
v 21.529434 -31.074265 8.541321
v -32.19983 -44.6438 6.5910645
v 14.654968 28.562706 25.7406
v -49.783203 74.30209 -53.129272
v -9.176774 20.59518 -1.8978677
v -50.068085 73.89047 -52.886383
v -26.229511 -31.00874 21.707722
v 45.684128 73.17366 -11.556885
v 32.217964 -27.14048 8.276833
v -33.61796 -29.72248 4.209065
v 23.309265 -44.717735 7.456238
v 22.341223 -27.956017 6.397064
v -5.998291 -7.6303406 53.26477
v 0.777771 9.4991 -0.54369354
v 20.584507 -6.272312 -1.6074982
v -62.82841 66.152306 -20.458017
v -53.406006 76.33319 -52.51758
v 24.844147 -44.640175 7.406616
v 2.2621002 89.95004 6.167053
v 28.127106 -5.3271103 19.412415
v 33.381027 -23.171616 10.864365
v 61.80102 64.52728 -18.246368
v -21.704926 40.435722 -4.0196075
v 16.49768 67.087555 -13.639374
v 32.954365 -24.182339 9.104657
v -21.337086 -21.149899 10.459137
v -41.47962 63.03766 1.1060181
v 57.94043 76.64929 -19.892578
v -33.40674 -3.5821686 19.006165
v -9.842651 21.51741 29.949646
v 18.63049 93.73742 -26.840363
v -60.21576 61.01288 -52.43982
v 7.9855347 25.75879 -1.2091217
v -31.566895 -4.2647705 19.641602
v -35.42059 -14.986008 18.819092
v -12.21539 78.61359 -11.780134
v 34.08084 -22.530539 10.314883
v 10.939774 84.22023 3.784851
v -42.45897 -44.284912 6.3547134
v 39.673603 -51.825333 5.33387
v -18.49422 1.206774 0.305141
v -22.06723 23.026398 9.289307
v -32.20218 9.713654 2.3880615
v -37.77777 2.9230404 1.5834961
v -10.336964 86.68213 -0.8999634
v 6.759721 1.8338566 12.923828
v -41.559452 -21.823914 10.685135
v -3.0898304 86.37578 -11.807068
v 25.89944 -1.8880405 -2.7426
v 38.750217 55.69383 -13.42128
v 16.365675 43.00801 29.00455
v -40.467342 -29.923859 11.878571
v 7.571247 62.5679 -20.473421
v -21.53211 93.115074 -27.309486
v 15.071827 -11.08086 13.121628
v -7.042771 52.108658 -11.62024
v 22.417725 -42.270966 13.449585
v 14.784332 -49.737885 18.044434
v 14.603653 48.95671 33.241974
v -13.774809 15.864229 0.42578268
v -28.4209 66.23297 -0.26098633
v -8.29776 6.95874 4.4885254
v -10.119286 32.35967 -5.1375427
v 24.568151 70.67998 13.683708
v -27.318863 -37.729233 22.320953
v -34.17952 -12.330963 -1.2583122
v -50.823177 73.61445 -52.66857
v 22.132523 11.630371 22.624939
v -50.837513 73.954704 -52.412846
v -41.316387 48.38423 -12.225647
v -35.93726 -50.999825 -1.342598
v -50.97707 74.7419 -52.294006
v -55.215645 74.74004 -51.996925
v -31.632935 -41.545425 22.786346
v -50.813904 75.6186 -52.12848
v 22.54712 -44.343155 28.18039
v -54.79712 75.64395 -52.067627
v 6.9607544 14.011383 27.029633
v -29.530212 -1.3875122 22.185669
v -31.298416 -13.862883 16.769995
v -31.80904 -21.142578 22.109528
v 38.810303 56.88626 8.951172
v 54.45388 75.76533 -14.818939
v 48.28649 64.06348 -22.960487
v -14.330948 65.96561 -17.108246
v -60.0542 64.86899 -14.611084
v -15.310097 33.071194 -2.154045
v 30.766266 45.086395 -1.6533203
v -4.8766174 84.72809 26.957764
v 33.44889 -21.26062 10.863846
v -26.095444 -21.08626 1.2388611
v -25.82013 72.70273 2.4246826
v 13.761536 76.15837 -5.3038025
v -15.22998 85.60037 13.642578
v -4.258072 -4.114586 36.34433
v 20.719559 96.43384 -24.610596
v 25.6042 16.161148 14.253052
v 11.62381 73.71249 -21.173218
v 13.423096 -3.6370125 20.086197
v 28.944305 -3.9954224 19.343689
v -29.896858 15.578308 19.616455
v -27.93569 66.7341 1.9558868
v -42.84607 -19.554642 6.0656433
v -59.746643 61.58435 -52.447754
v 18.237244 -43.295708 15.63681
v -16.262487 83.375435 -22.26004
v -35.65787 -25.941101 2.2578278
v -34.10858 11.754139 19.099731
v -59.48169 62.401367 -51.3916
v -41.75238 -20.257673 10.764587
v -58.097137 62.00708 -52.646606
v -18.462158 34.16356 2.3041992
v 44.03705 49.932915 4.865738
v -7.474541 7.636207 21.842531
v -19.95691 16.900948 24.716736
v 13.065643 73.48021 -16.35492
v -17.303234 70.864136 30.733673
v -59.195724 65.82201 -50.160675
v -18.715036 80.13809 13.532879
v 18.824013 70.994896 -2.0774384
v 22.569744 52.703682 24.968231
v -59.19702 66.89075 -51.06006
v 14.535461 -21.46791 10.02066
v 48.77684 49.99113 -9.183929
v 11.036743 11.284607 26.621002
v -46.72716 -53.213814 6.021759
v -36.528687 1.5292358 17.646118
v -42.135864 58.03189 4.2841797
v 40.9356 67.7853 -10.538361
v 18.566727 75.87169 3.1657104
v 31.734497 -51.49872 18.89746
v -45.66623 68.09216 -11.863892
v 1.9526253 32.368156 -9.45232
v 45.74169 73.60132 -13.1831665
v 49.693176 53.75464 -4.459778
v -5.6115265 53.656204 -14.077072
v -33.551155 -43.30262 7.485548
v -39.082428 -18.754211 1.2163696
v -7.684387 38.365845 -13.364105
v 10.392693 2.0978546 2.7308807
v -32.885986 -43.90921 7.272339
v -51.314 50.150127 -20.423084
v 16.844727 26.113464 9.042664
v -10.544861 16.920105 28.478455
v 8.183739 0.42318726 13.891884
v -40.521606 -0.394104 10.188843
v -17.904785 69.1622 -13.733765
v -21.974125 -19.926584 10.343727
v -37.919067 -39.08876 19.015625
v -41.745422 -18.673798 12.4636
v -37.33087 60.923325 -14.743805
v -20.820862 32.132248 14.188965
v -14.059204 15.087036 27.568481
v 13.126438 -47.18271 23.581741
v -4.784912 45.094208 -14.277206
v 27.507454 -38.04534 14.01516
v -32.957787 13.511887 16.65332
v -50.87731 54.068497 -10.931229
v -26.929443 54.18334 24.33197
v 6.3169394 2.3543167 10.985916
v 10.582428 -3.9419932 15.628125
v -51.99414 76.579956 -51.57007
v 14.745117 90.30176 -19.092773
v -36.41986 -42.909668 7.4053955
v 18.523598 35.312653 13.512264
v 50.921238 63.84246 -27.48652
v 4.118925 31.74089 33.25824
v 10.598297 22.580002 29.046234
v -20.001492 34.09675 14.607849
v -13.52626 79.8755 -21.396454
v -10.956772 39.729263 -13.991177
v 29.499146 65.62875 9.311462
v -42.29753 -15.835327 9.302124
v -24.090042 73.742355 -3.0353851
v -9.2092285 87.54077 -17.559814
v 51.059357 58.33429 -25.658417
v -24.402588 69.687744 -5.154785
v -15.139841 81.28627 -21.268394
v 56.92383 78.825806 -19.546143
v -26.377228 -53.301132 14.995422
v 1.0565186 0.68670654 41.569946
v 16.983536 -14.467861 16.77562
v -31.937012 -15.952034 19.573868
v -37.524536 -37.010586 8.187408
v -35.538727 46.12529 -2.9653015
v -34.343613 -42.972336 7.175873
v 16.927654 -35.776386 12.2712
v -21.672852 4.472748 25.374329
v 56.986816 72.20996 -9.144531
v 13.169434 69.52869 33.407227
v 35.433426 45.042236 -3.7460938
v 25.604126 -40.332977 27.056885
v -36.468582 -24.71283 1.9112015
v -22.23202 -17.986044 9.278261
v -40.35881 -32.95634 9.260117
v 11.304522 -2.925181 16.982014
v 27.64066 -17.810913 22.021454
v -62.980392 64.81531 -25.077026
v 33.242924 -18.759735 11.286514
v -36.258194 -13.787796 16.618073
v -19.336945 36.728157 20.452942
v 3.6916199 56.14222 -15.515442
v 12.326849 55.95666 -11.053176
v -2.6228027 85.85712 -16.416626
v -55.282043 68.02176 -50.221252
v 36.005554 62.53952 -1.8544922
v -48.11548 -48.212524 -2.5002441
v -41.871185 -21.980995 13.641502
v -50.31996 -48.036457 7.8474274
v -29.129766 64.394394 8.171127
v -23.595093 -18.82219 5.7665405
v 23.570572 0.08503217 -2.5677922
v 5.049408 3.109869 7.77594
v 7.7834854 62.4469 -22.113403
v 10.087128 36.489685 -11.012878
v -3.827849 6.715108 16.318226
v 23.139 55.85177 25.687569
v -14.504272 18.550537 26.564453
v 32.64402 -17.712276 10.691658
v 28.852036 8.495056 2.9129028
v -14.394253 82.416985 -3.6381226
v -22.242382 -18.100163 12.4587555
v 9.850922 71.63684 -24.77353
v 13.745918 -35.989067 23.252693
v 10.224045 24.933313 0.34911346
v -5.823076 57.13932 -19.594666
v -51.441772 73.730774 -51.831787
v -56.82666 74.921295 -49.775635
v -37.964478 4.851639 14.426453
v -37.870758 -12.632876 13.862808
v -27.270233 68.17049 0.60809326
v -32.710564 -36.699898 23.096886
v -58.235043 60.867878 -12.026297
v -42.93253 -18.131824 10.986256
v 13.331604 44.70691 32.729492
v -39.624 1.318096 12.196914
v 37.656616 45.783947 2.471501
v -54.617676 76.26446 -51.149414
v -37.160645 65.644775 1.5588379
v -27.634703 45.35605 9.927018
v 48.375786 83.336624 -23.904129
v -40.598816 -48.1359 1.007602
v -45.484123 65.540344 -5.288971
v 1.3231621 85.18376 -12.828957
v 19.013416 -12.635532 1.9824066
v -59.156616 58.53927 -50.237305
v 33.256104 -23.751682 9.972992
v -29.41034 -43.489002 9.649475
v -5.846915 7.452221 27.70758
v -46.000305 -46.511284 1.6547394
v -29.542246 59.43985 14.648621
v -12.060543 10.645966 1.0754662
v 1.0438576 -4.405235 43.564484
v -56.508057 61.651733 -50.06543
v 43.0813 54.895092 -20.469177
v -30.918606 -39.70677 7.3566437
v -25.635681 64.32678 -8.536621
v 34.47979 1.2579651 6.5876923
v -3.7102776 45.665443 35.09816
v 15.276642 -8.160187 5.0746
v -43.483994 68.655426 -14.830475
v 11.359741 24.103569 28.69458
v 15.460693 72.20138 31.258606
v 5.7338867 66.60913 38.01599
v 13.85257 -22.421745 10.940796
v 39.996998 62.37298 2.4316711
v -30.70282 63.28943 8.931519
v -24.275412 21.64373 13.245915
v 20.606491 69.291046 25.943817
v 2.9414062 82.38022 -22.242188
v 13.05658 -49.504852 28.773285
v -32.277363 13.943936 17.47116
v -39.48949 -1.171084 2.223682
v -4.6030273 80.62622 -25.731934
v -29.804478 -7.560584 -1.8692093
v 1.1841946 31.965332 31.890366
v -36.191666 -38.683136 7.100006
v -13.750366 31.764057 28.32544
v -33.726074 45.965942 2.509369
v -24.659458 -15.731771 11.625839
v 50.41736 49.57087 -13.433884
v -23.819382 -16.290606 12.133499
v -46.215027 58.277008 -0.119903564
v 29.983154 -2.3482056 19.010376
v -55.40164 69.31883 -50.505432
v 33.712646 56.83583 -7.7788696
v -35.029297 -1.2026367 18.91687
v 7.724762 54.699886 -13.031876
v -40.45114 -15.080338 1.802063
v -52.60132 72.97107 -52.18921
v 38.43626 60.382492 -9.97159
v -38.839268 64.54109 -17.364521
v -35.46472 -12.801353 15.545525
v -40.115967 -46.12229 18.449951
v 39.001312 56.207153 -15.705688
v 26.424366 -48.64341 3.5816364
v 33.41989 46.68341 9.595306
v -16.039856 18.162231 26.717651
v -55.9917 73.54541 -51.019043
v -30.051155 16.48399 11.841019
v -25.715027 69.389496 21.64087
v 3.9412231 20.855331 30.869156
v -26.642563 -51.34059 26.019917
v -21.640251 14.81842 2.1122894
v 33.088787 -25.032644 16.041992
v -52.156372 73.91882 -49.91211
v -42.171875 -15.240349 10.099487
v 48.427715 60.798927 -22.798885
v 23.55658 16.790009 15.439392
v 50.112053 51.665924 -19.540924
v 30.443512 -1.159923 19.061329
v -52.377502 76.6941 -52.216614
v -34.335693 0.03503418 19.490723
v -13.043461 -0.2736988 19.669773
v 19.069267 -44.59143 13.042969
v -24.753906 73.58246 -2.5269165
v -24.541138 64.2634 -10.721619
v 6.6076546 83.50296 -20.198181
v 14.478821 33.35803 -2.7166595
v 3.973711 23.594528 -5.7322845
v -29.744835 64.57951 13.084356
v 15.916145 -14.863703 10.676577
v -21.521576 48.426773 -11.745911
v -44.15918 67.47699 -27.045898
v -33.167137 -39.483154 7.37949
v 12.244339 78.07239 -21.310074
v -19.651237 34.263214 2.3561707
v -57.172142 62.311493 -51.29785
v -43.04883 60.09598 -23.78888
v -56.30855 52.676903 -21.513317
v -6.541148 51.668484 -11.507382
v 19.584702 23.039421 9.38916
v 24.73822 71.31789 14.977631
v 49.906578 84.89064 -23.929443
v -2.7146683 49.482803 38.647945
v 52.371723 56.36579 -24.237595
v 32.704433 -30.204082 16.21614
v 61.754562 69.293076 -22.943054
v -57.309696 65.02105 -50.24303
v -56.391212 65.08596 -50.751534
v -23.347542 45.449673 25.54248
v -6.109582 -5.911194 50.553528
v 5.3920956 87.41875 -3.0192413
v -39.056213 58.532948 -21.877665
v -46.557426 65.01846 -8.431802
v -55.887146 66.34949 -49.307755
v -36.464474 46.264885 1.8856812
v -51.788086 -52.90677 -3.7510376
v -42.129707 69.2572 -24.48748
v -47.13983 -45.168144 9.329362
v 17.702286 -15.819365 17.843613
v 20.89328 92.37225 -22.737793
v -22.062668 53.71631 -10.951454
v -56.332527 54.4433 -15.501526
v -19.471657 -2.242916 0.4630661
v -38.67639 -1.9897232 0.43652344
v -56.807415 70.03896 -49.133583
v 17.608093 80.304214 9.918701
v -54.76239 71.55261 -49.713867
v 0.017115116 5.9658318 9.998569
v 32.035297 55.38453 14.321649
v -19.392532 60.765137 33.825745
v -25.535156 -53.21251 16.253967
v 33.793213 -52.031723 8.194572
v 24.158485 42.97701 9.113838
v 5.385357 25.321218 -5.3150063
v -22.090576 37.295017 9.849945
v 36.736893 56.673157 -9.254974
v -20.893913 56.65938 -11.595741
v 12.239746 0.013519287 20.88646
v 16.504166 81.06807 11.348907
v -30.493187 -38.38459 6.96402
v 35.25122 -50.976257 2.4177246
v -20.349716 36.317703 17.589172
v 19.80158 58.622192 -9.24585
v -8.190491 86.74007 -8.42305
v 9.773781 63.651123 36.761414
v -48.41103 -51.67624 4.769213
v -20.051025 52.647705 -12.750488
v 23.111977 -5.379879 21.296558
v -15.0289345 75.75669 -11.595551
v -38.673008 5.359756 5.263128
v -51.680725 75.565414 -50.500854
v 37.522766 58.681267 -9.715439
v 30.61853 -25.04638 23.933777
v -51.85234 76.28168 -50.970062
v 32.96863 -45.764793 12.824175
v -10.038681 59.28561 -14.427086
v 6.406006 86.956055 20.668457
v -10.547119 45.551697 35.915222
v -47.93145 -52.844254 6.3914795
v -41.46369 -17.777605 12.480247
v -0.5354767 62.053818 38.97285
v -57.96658 58.758118 -51.073975
v -18.151596 4.061516 0.19571686
v 54.544807 56.65054 -23.393997
v 24.47194 50.94426 18.315216
v -60.68834 59.649467 -50.199158
v -16.913574 92.1521 -28.035645
v 9.699567 0.669972 18.889692
v -11.737031 80.01397 -10.499275
v 44.329865 49.041588 2.3589172
v 19.82788 -9.714535 -0.27472305
v -40.275467 -13.183035 10.76709
v 8.747467 53.624542 -11.746368
v -41.695602 69.197235 -22.531456
v -24.623367 -27.972206 4.083397
v 20.067413 72.23955 -2.4447937
v 8.920027 2.8538055 20.574768
v 1.2419739 53.222137 -25.810303
v 30.40863 1.4466248 0.90841675
v -57.297935 62.980408 -49.174637
v -58.941895 62.910645 -50.45117
v 27.650871 62.806396 -2.8608398
v 1.5259132 3.2561035 26.493317
v -11.023252 13.194782 27.931787
v 11.597882 74.59811 -21.685413
v -10.093262 25.248848 30.833313
v 21.148293 72.8562 22.395508
v -4.7709446 -7.090454 57.081818
v -36.36914 -25.20417 22.174438
v -5.3509026 4.172564 28.446404
v 42.89717 72.26827 -16.404568
v 6.9178467 81.426636 -23.480713
v -35.203186 1.7623901 19.810547
v -55.12683 68.83795 -50.523926
v 48.403305 60.025215 -25.467667
v 39.47081 54.715588 -15.760077
v -57.967026 69.98293 -49.485107
v 32.065186 60.36682 -6.3360596
v 11.141602 27.555054 29.626465
v -15.015503 89.29028 -25.441284
v 17.759922 9.519928 24.33448
v -55.48413 72.8692 -50.90558
v -52.804398 72.660706 -50.79544
v -20.472935 34.89895 8.667282
v -4.8884277 83.438324 -22.887085
v -52.75244 72.81235 -50.175293
v -14.276062 61.41089 -12.74099
v 22.476105 -8.174561 20.431168
v -17.037476 88.38452 -24.322754
v 9.602674 1.463093 18.92978
v -20.006266 39.10373 22.141083
v -0.19696045 4.3672485 37.018982
v 7.8286743 15.897705 28.000671
v 1.1339798 89.57352 -2.1820984
v 24.845505 14.270203 18.430267
v 29.252413 12.856232 15.529602
v 26.225403 14.196289 17.19342
v -59.13955 71.1461 -26.871399
v -12.104202 57.72702 36.87622
v 51.45478 51.524155 -8.782501
v 24.751343 -50.948242 26.46051
v -54.93628 76.30432 -48.371826
v 8.385708 26.650343 -1.1007614
v 33.135468 -24.985329 9.944537
v 47.399624 48.96659 -12.647614
v -31.314568 65.1236 4.671753
v 19.695404 -4.1122074 -1.8671494
v -56.372433 60.802696 -48.109497
v -61.01355 60.715454 -50.180664
v -18.211182 59.137756 -12.5555725
v -8.613665 62.810757 -21.930138
v -38.466614 56.694084 8.516602
v -20.827343 -11.054977 11.025252
v 0.36018372 45.273357 -12.363663
v -4.7255898 37.783844 33.156384
v -58.604736 63.21637 -49.10034
v -33.138885 -45.120384 23.363068
v 25.094574 4.0416794 24.030731
v 51.28128 50.83718 -15.13372
v 6.5740814 9.643494 26.446716
v -56.908295 64.98723 -49.81897
v 50.610348 63.722275 -27.036112
v 46.459015 73.79756 -12.262604
v 14.458539 79.55924 -0.756115
v -0.6533432 -6.4649887 51.114
v -38.13047 60.622555 -19.61322
v 23.48346 -44.317352 8.723633
v 33.377625 -4.812195 13.699341
v -29.50844 -38.531548 7.400054
v -20.235718 3.579483 25.1259
v 20.034271 69.82862 -1.0335388
v 40.1219 65.0871 -8.824226
v 27.030197 -30.093216 6.1362
v -11.783691 28.488037 30.158203
v -29.422226 65.251816 6.05072
v 49.338478 77.96472 -20.073547
v -31.455872 65.143585 -6.5145264
v 11.506866 86.26439 11.165039
v 17.811491 75.85804 2.0329838
v -38.48906 -44.586243 5.0709534
v 11.718426 83.88077 0.31797028
v 26.085464 -3.675354 21.427155
v 15.105347 -2.3909073 21.772705
v -3.5059814 66.75647 38.549835
v -22.943275 53.0168 -10.37059
v -57.19507 72.37683 -49.061035
v -20.503305 -10.259079 10.300957
v -1.2881131 44.895878 -12.042509
v 9.253026 2.1986437 19.090126
v 12.130703 75.949814 -9.3042755
v 49.17044 67.47046 -4.806885
v -7.6259766 64.97998 38.3161
v 5.034088 35.42545 32.563263
v 5.0697937 86.90796 20.379639
v 31.265442 -10.686432 11.824829
v -40.2986 -5.674011 2.4524536
v 45.42345 54.072803 2.0533562
v 5.6464005 88.732086 3.763626
v -25.37912 -8.148331 1.4237976
v 56.630493 73.07349 -11.103516
v 51.32461 56.226227 -3.6730347
v 14.621645 53.267994 34.424572
v -34.042706 -37.37152 7.0182266
v 59.452087 57.92328 -7.1862793
v 22.742916 6.647077 -1.241916
v 20.829884 3.586195 -1.9000418
v -53.489502 76.17615 -48.75757
v -38.229057 -46.095215 1.125679
v -39.0437 -9.782776 11.573242
v 21.388775 -47.60901 3.6058655
v 22.595444 53.7843 25.403389
v -24.650238 44.00518 21.69928
v -42.393333 -18.944551 9.523094
v -60.416748 62.843628 -49.638184
v 28.315338 -0.047257423 -1.068924
v -53.64099 -49.10405 4.011261
v -40.846603 64.96186 -13.332506
v -40.532784 65.57212 -23.156982
v 39.79536 66.027435 -11.142235
v 60.089123 70.565735 -17.90538
v -9.5973625 63.101593 -23.564575
v -39.87653 -39.716965 13.862551
v 39.207153 56.537506 -16.684448
v -22.089066 66.345856 -11.743835
v 6.534873 3.022326 19.609156
v -57.18413 64.951416 -49.27422
v -59.730194 65.49555 -48.44259
v 14.154785 93.85869 -25.871704
v -19.505262 4.6864853 25.66166
v -11.963341 77.57208 -19.039062
v 15.491638 78.59315 3.1853638
v -37.148132 58.05655 9.182495
v -12.953384 78.95421 -7.5477448
v -59.499268 67.964294 -50.197998
v -6.8600903 58.73067 -18.071041
v 21.456879 61.17447 -9.999054
v 30.36267 3.8839169 19.24231
v 60.296227 60.89691 -21.422882
v 10.491455 28.978836 30.416504
v -20.567616 30.518085 14.02626
v 3.749885 88.720505 4.758703
v -24.047382 5.9366684 -1.7984333
v 16.559746 -24.668198 24.775894
v -29.658955 -22.806366 21.83292
v -17.059906 -0.19674683 3.1694221
v -22.292297 70.90723 -5.2182617
v -43.675476 62.860596 -1.2217407
v -18.424438 39.167698 -9.224487
v 44.379456 65.753815 -17.869751
v -30.488625 -26.690155 22.899172
v -9.933767 4.313965 21.009995
v 18.515472 -45.51764 12.974762
v 18.050568 -26.244774 6.499771
v -10.823734 86.46863 1.3075409
v 7.694868 1.2174083 14.477685
v -34.329224 -37.72258 22.781494
v -54.13385 72.25394 -19.461914
v 22.956345 7.3128204 24.872238
v 21.385178 92.81891 -23.642242
v 15.758156 -9.281099 17.819948
v -56.157124 72.21173 -21.327082
v 26.550137 -17.553642 22.30867
v -1.0041809 -0.6435547 29.789062
v 18.935028 -41.258186 15.389088
v 15.589092 34.167194 -0.035640717
v -1.7743572 86.071434 -14.558487
v 58.558746 77.748245 -20.76892
v 9.80722 16.123322 26.601357
v -41.016853 -53.322586 -5.3690796
v 9.504997 86.028046 -1.7159424
v -39.907837 -8.393555 10.128418
v -47.63315 -48.58896 5.208496
v -19.362093 -9.133993 10.312069
v -23.544678 59.956665 30.167969
v -12.189667 78.491974 -21.687653
v 43.9431 51.60022 -17.986237
v 30.561981 -17.304764 16.705688
v -35.267143 -29.020355 3.4658356
v 32.82951 63.224243 10.331299
v -31.86914 3.2044983 22.602203
v 36.713943 -50.571083 12.748322
v -60.569798 59.38715 -47.293472
v -11.163375 19.872025 -1.1060028
v -3.7019594 5.0302887 24.740387
v -61.14881 60.060143 -47.43643
v 14.514847 79.022095 1.9750977
v 27.352814 66.924866 6.4764404
v 2.034488 7.875366 32.225525
v 12.452595 -5.9315643 16.722809
v -30.137482 -53.303986 10.00708
v -23.13034 -11.251095 14.49379
v -41.610016 -52.970993 -1.1035156
v 0.9804535 61.242897 -48.932816
v -28.506443 -20.66023 1.2048702
v 4.35178 4.150154 19.982033
v 41.800903 54.082214 -18.94609
v 27.222534 -41.849792 25.185303
v -51.45764 -53.57891 -3.7341309
v 25.123068 14.73645 17.078735
v 0.097473145 61.49102 -48.85675
v 42.879074 46.78412 -0.09391785
v 1.742402 61.114105 -48.63323
v -26.306885 13.052856 23.454102
v 59.961273 66.119316 -24.717026
v -56.636665 62.47905 -48.943928
v 26.431778 66.81263 12.755768
v -14.611084 91.10144 -20.206543
v -21.110819 92.30244 -27.040234
v -9.730774 28.554153 -3.31604
v -39.332733 -27.888382 4.983734
v 54.362705 81.51984 -19.643402
v 13.712128 75.21451 -5.644165
v -7.430052 6.6762238 20.897167
v -23.624329 65.74713 -10.572632
v -13.092651 45.092102 34.776947
v -57.159164 64.64625 -48.81863
v 7.512184 4.512493 4.2120667
v 53.285137 76.119995 -16.44703
v -37.891388 57.77547 -16.70875
v -30.78744 -16.773428 0.395144
v 3.9669876 6.074072 22.362045
v -33.681976 46.04328 3.793396
v -49.94043 -50.31958 -5.0012207
v -39.85132 -52.28888 -6.704712
v -28.304552 -37.5273 7.0983143
v -55.579586 67.69246 -48.254925
v -38.285522 -26.10205 3.0350647
v 20.704903 39.280853 23.044556
v -10.779968 52.356934 -13.475586
v 33.201397 6.0709343 9.1706085
v -56.093113 69.749245 -48.931183
v 21.655853 -23.798462 26.343369
v 30.879166 -9.404854 0.25106812
v -32.7041 -53.44322 9.280273
v -54.999237 70.888535 -48.047302
v 29.186401 6.2852173 20.055786
v 27.877045 -1.3142548 -2.180832
v 14.299133 81.88063 6.81427
v -33.58838 -48.35443 23.972534
v -57.391357 73.14496 -49.325195
v -41.674194 -12.099686 7.4198
v -52.97119 72.79248 -48.59668
v 48.17679 64.12305 -2.8537903
v 35.007607 -7.455147 7.702301
v 0.9736557 83.47772 -21.499756
v -37.11606 -3.5890884 -0.9034424
v 17.992096 -10.284332 1.6839905
v 21.001038 -44.71001 8.192688
v -12.413696 31.576569 29.429688
v -33.894405 -7.538044 17.026247
v 28.13075 -50.549934 -5.54422
v 41.98305 50.306087 5.8081512
v 35.592773 62.412045 -3.06389
v -14.841789 82.28769 -2.4754944
v 9.804565 3.7709808 2.3669891
v -56.73535 75.79848 -48.321777
v 24.16507 15.250916 16.316162
v 7.9521027 87.02058 5.2388153
v 52.013485 51.829033 -7.5467873
v -40.086243 -6.777237 9.481018
v -27.543228 13.483032 3.2081451
v 61.123207 69.026375 -17.850311
v -58.580864 58.858753 -47.367516
v -8.963783 28.029339 -3.53232
v 3.8469467 84.73316 -10.822052
v -61.658222 57.0972 -21.212791
v 9.772812 85.24207 -5.1036224
v 22.747375 15.290741 18.200745
v -36.427227 -7.1607094 -3.0614529
v -7.3999023 76.050934 33.781555
v -40.170685 -29.94072 19.365784
v 11.566162 71.597916 -23.150024
v 6.952881 87.896255 0.61035156
v -2.9660034 89.86807 1.1274414
v -1.2771902 59.380703 -48.529278
v 19.601562 74.42236 25.173828
v -1.7882996 59.977936 -48.364098
v -0.24694824 60.064903 -48.252014
v -15.294067 73.79535 -16.18164
v 0.27635002 -5.0058384 36.67578
v -34.078094 60.18213 9.710083
v 29.87146 -28.304016 25.295715
v 60.37973 69.651184 -19.94983
v 50.110546 50.274357 -9.051967
v -34.64281 -41.776833 8.452204
v -1.395333 60.673676 -48.79924
v -1.781435 60.67723 -48.42709
v 50.35913 69.987305 -6.7128906
v -0.6969414 60.797302 -48.81612
v 23.435352 71.07631 17.740223
v 34.305748 -7.538864 10.744019
v 11.021606 31.619911 29.57959
v -26.545837 -14.720062 3.4736328
v 33.93466 -6.9515104 3.3897705
v 1.604946 60.674717 -48.58385
v -57.677185 69.12958 -15.564331
v 2.4352188 60.629456 -48.700108
v -34.750145 -36.761436 6.8892336
v 3.512288 41.97752 -13.966002
v -51.244034 52.038284 -12.795441
v 54.055176 70.08557 -6.7313843
v 2.815384 61.00162 -48.39693
v 34.479248 -6.244461 11.249817
v -1.304656 61.231045 -48.43461
v -0.454051 61.53539 -48.436066
v -11.621941 86.624664 14.858093
v -37.704285 -26.376804 21.473145
v -0.42419434 34.578613 -9.801331
v 1.9817352 32.48822 31.811733
v 1.1729279 61.62925 -48.500603
v 5.075577 57.103165 -18.920374
v 19.828117 73.388916 0.5815277
v -56.23065 61.793015 -48.17987
v 15.77668 -1.1458511 -0.64375687
v 31.143951 -53.482716 6.1917114
v -24.313477 47.53955 -6.5493164
v -30.770712 -31.528374 22.925476
v 3.944641 83.784836 -16.609863
v 27.661194 -50.400352 2.932537
v -60.932007 63.03705 -48.057495
v 25.120087 -36.268158 29.616074
v -23.19513 58.85553 -11.719543
v -18.505905 36.595337 -4.7142334
v -56.52687 63.12757 -48.47988
v 19.013062 16.457306 22.183838
v 21.88823 -16.869522 21.918808
v 19.114515 69.14998 -2.2638702
v -58.55652 63.98419 -48.2843
v -3.678146 8.755546 -1.3867326
v 47.387634 60.809143 -1.552002
v -31.659058 4.6781006 22.306885
v -36.445366 -36.987053 7.424576
v -57.190727 63.892258 -48.545216
v -56.556393 64.502426 -48.53531
v 19.165283 -21.092438 5.294037
v -57.94395 64.519844 -48.368896
v -29.972504 -15.465698 0.8837433
v -46.96881 51.88742 -26.17981
v 17.249268 70.654785 -4.9526367
v -2.1853638 -3.357666 53.95227
v -51.599396 62.708603 -9.268768
v -42.28532 52.568733 -22.015352
v -35.695095 -36.28754 7.1529007
v 24.548878 -47.55767 3.086602
v -56.566765 65.23227 -49.04033
v -60.425415 65.819824 -47.769836
v -41.933502 68.216675 -25.95868
v 39.703697 64.43884 -8.062101
v 33.434937 -0.9233093 3.3007812
v 52.178967 51.6789 -17.95842
v 18.661621 12.524902 23.091309
v -60.50647 66.90372 -47.67914
v 1.5848999 78.17642 34.14923
v 8.255412 -0.14874165 15.740129
v 15.62648 2.8055115 24.324883
v -59.720123 68.865845 -47.672455
v -55.771317 69.12315 -48.542305
v -47.90465 -49.86612 3.5056763
v -57.39798 70.13055 -47.57315
v 61.718307 68.942 -24.842987
v -24.013824 76.13333 12.800812
v 25.386353 -42.594666 26.955444
v 21.271172 59.588074 -9.908465
v -55.47122 71.13191 -48.52487
v -54.500046 71.187485 -47.838562
v 16.341858 71.41101 -8.920898
v 31.376343 6.247368 4.3426514
v 11.269043 74.65259 31.844604
v 16.927456 44.040096 29.510239
v 22.784027 74.70703 14.678711
v 33.212433 -7.452942 13.065063
v -1.1270766 1.9174194 28.090271
v 10.065399 82.37427 -15.07959
v -47.557304 70.75293 -16.66034
v 18.48243 69.8273 -2.658783
v -10.016235 13.388123 28.048767
v -3.2835083 -1.4874 32.82027
v -18.775208 9.040855 26.158607
v -41.475548 -48.05667 1.4237137
v -5.0966797 0.20518494 31.625198
v -52.150116 75.74283 -49.28961
v 33.1532 -22.30515 15.92807
v 51.51693 82.473694 -20.701859
v -5.1161003 6.5828843 20.193771
v 18.66701 7.847596 -0.6222748
v -29.29604 -20.476654 21.35854
v 36.361633 -51.01706 14.297638
v 38.485718 56.7632 -11.338211
v -41.382095 -43.143303 10.153076
v 42.139004 71.437874 -15.625561
v 0.249753 58.413948 -47.79692
v 25.842148 14.147725 5.895233
v -22.205507 37.02431 7.7417145
v -11.115377 0.72495687 18.820961
v 31.603378 -29.004227 14.557169
v 22.980865 58.52881 27.101807
v 15.719543 18.11737 24.437927
v -26.32944 -36.21626 7.603607
v 0.7925186 58.861546 -48.104675
v 2.204605 58.758163 -47.956665
v -36.152374 49.013565 -12.385132
v -37.626984 -31.00093 5.616806
v -5.5630875 3.2979126 34.37982
v -51.512592 73.530235 -22.457
v 52.42842 65.1301 -27.3895
v -35.230194 9.552612 4.6299133
v 22.443909 71.99991 0.07421875
v 2.5165024 59.565033 -48.2801
v 44.54425 68.618286 -6.6435547
v -1.4262352 66.29614 38.67607
v -5.0804996 -12.337746 56.52068
v -52.57695 58.59846 -9.833191
v -29.187445 55.35653 15.630937
v 14.798035 80.124954 -5.142273
v 20.614265 90.418236 -22.29126
v 1.0810013 60.196304 -47.978416
v 14.036804 50.553406 34.325867
v -42.359955 -48.592102 1.2268677
v 31.268051 -35.56607 21.721039
v 3.024798 59.634262 -47.966625
v -10.642591 77.200615 -25.53655
v 30.131607 -19.211975 22.143646
v 2.970646 60.295975 -48.37822
v -14.989258 33.423645 29.004333
v -34.005737 -11.124573 16.046875
v -19.095882 78.11572 -1.3878708
v -40.633774 -41.83596 13.770981
v 29.466187 -3.167926 -1.5555878
v 6.959656 44.36682 36.07025
v -29.843441 63.793636 9.730804
v -36.256653 2.4278107 18.502686
v -20.109564 -3.949025 21.561808
v -42.484764 -21.63044 7.6910095
v 16.915535 81.90306 14.533115
v -41.27471 -48.679214 1.331694
v -20.66496 91.549065 -26.540657
v -25.984135 -34.78308 6.5559425
v 50.3953 50.785423 -8.321945
v 11.349716 57.051018 36.461075
v -55.715355 62.166004 -47.534523
v -30.489197 16.521149 16.938782
v -3.9490051 50.943756 -12.033813
v -37.77156 -35.49669 6.980179
v -10.528469 88.172874 14.516144
v -20.613892 92.555664 -27.276123
v -16.877777 83.83905 -21.980993
v 20.385254 -52.49166 30.859985
v -23.697266 -48.244816 17.819885
v -8.8280525 40.04648 33.571686
v 24.576778 -7.661665 -2.2408428
v -13.573708 83.72686 3.1195068
v 19.831533 -44.43466 29.090775
v -36.495026 -44.91651 3.3433228
v -20.859587 38.799644 -4.65316
v 10.099274 5.7454224 1.9698792
v 10.232233 -3.2167392 10.656126
v -41.732224 -10.61145 5.8103027
v 39.779915 67.620186 -13.0598
v -54.847595 66.56631 -47.52112
v -30.088936 -20.69925 0.5651283
v -4.9215584 88.50829 16.614807
v -2.1695642 10.135425 -1.936388
v -55.67679 66.46971 -48.564423
v -14.638244 -3.7473242 17.128593
v 23.985558 -31.637299 7.739273
v 10.052429 78.5321 -26.050209
v -49.805054 -47.84233 5.9212036
v 32.567802 64.35719 1.75
v 16.17279 75.497314 27.92163
v -1.0869751 63.528564 39.097473
v -24.008392 -32.93391 7.494385
v -26.719055 -12.205404 2.8859863
v 8.631809 0.71505356 16.614254
v -56.0137 69.95669 -48.26364
v 32.331116 -0.8225403 1.4295654
v 27.67363 -50.91337 2.8770587
v -12.79303 86.02312 -18.059631
v 17.877071 79.7571 16.833893
v -2.121338 -6.324127 43.46106
v -37.572052 -33.286568 6.7708435
v 27.784306 55.066605 -6.201901
v -44.78044 55.602654 -23.641403
v -48.935577 54.65129 -3.7593994
v -34.02659 46.465317 -5.562317
v -10.841415 87.63167 4.9406433
v 6.0564957 83.10484 -10.246613
v 27.807617 46.229843 -3.0466309
v 34.989838 -3.406887 10.212476
v 19.348637 38.50096 -1.1876678
v 28.879883 9.047699 19.609741
v -41.466644 -22.98526 5.265686
v -34.849 8.404297 19.191528
v -16.847786 34.70916 -4.041355
v 9.73214 46.117157 34.57805
v -2.9897919 43.153046 34.807915
v -63.39601 62.507324 -21.39563
v 23.016674 63.39032 26.151825
v 5.7662354 81.368774 -22.300781
v -9.026844 29.44114 -5.476504
v 31.582527 -17.080566 -0.599823
v -25.069866 -13.121383 12.968262
v 11.568573 76.60875 -22.426178
v -25.240082 73.19665 8.857666
v -5.3433228 86.89575 21.628906
v -44.424194 55.593155 1.8494263
v -23.68509 -36.033035 10.327583
v 34.49939 -53.29294 3.4519043
v -40.795647 55.891266 -22.89486
v -36.21368 -31.175768 4.97934
v -21.945536 75.267685 -4.0233154
v 56.58876 78.201706 -18.6474
v 19.166565 78.35197 20.423584
v 15.11731 43.18181 -12.077942
v 0.32265472 15.495861 -4.2180977
v 53.740932 52.03774 -11.849941
v 7.874271 61.512547 -16.70438
v -2.3944397 84.71626 27.405518
v 47.923042 50.357086 -7.3688583
v 32.55948 44.54638 -1.3775482
v 54.73523 84.91693 -27.465027
v -28.039436 -5.594864 -1.704792
v -39.196716 -43.603516 6.2580566
v 13.588989 32.990536 -4.1259155
v -11.665001 61.427414 36.97614
v -56.74543 60.00087 -47.840576
v -2.494255 60.213608 -46.0345
v 3.3801193 60.709793 -45.69278
v 19.007172 74.5159 1.343811
v 31.384327 -44.72658 13.3654
v 54.804016 70.11629 -5.9904175
v 28.073822 10.65535 19.668396
v 13.02367 -47.398125 26.159325
v 17.990929 49.793396 31.260742
v -61.50476 61.331543 -47.67151
v 28.70996 58.83203 15.216919
v -21.313831 74.85792 5.8147583
v -14.6936035 34.436142 29.65979
v -20.633667 21.427368 22.131714
v 38.423344 61.03238 -14.722504
v 14.837545 -42.10861 24.533531
v -45.59321 -52.728745 9.401718
v 0.19687366 61.57615 -46.146645
v -36.883514 -2.462151 -1.297063
v 23.964195 54.64656 24.669052
v -18.100319 41.375347 -11.21196
v -61.38147 62.596497 -47.746338
v -38.322327 -33.03264 7.5579224
v -36.537567 54.944275 10.099449
v 54.347977 82.885376 -20.43512
v -26.931091 53.132202 -9.103363
v 21.97512 47.97412 24.383087
v -28.72937 64.96399 -4.630127
v 32.72522 -22.511627 20.967468
v -30.61139 -52.645584 6.9936523
v -56.14295 64.45525 -48.032314
v -59.809082 63.752434 -47.97632
v -23.43216 71.00928 -3.067749
v -59.484375 64.74957 -47.88214
v 30.856506 -20.193665 2.8952637
v -22.440956 3.1297345 -1.4875164
v -60.96216 65.072876 -47.229736
v -40.393677 -2.2393036 10.9487915
v -18.12125 34.777832 0.6253662
v 21.240784 68.20325 26.673828
v -34.897583 -43.911842 21.381378
v 26.856567 -49.556458 24.058533
v 19.228626 37.901905 1.4572802
v 3.5922718 6.402607 27.802017
v -25.012756 -19.962288 2.6801147
v -8.8342285 57.3797 38.559753
v -19.898443 88.97567 -24.420935
v 1.2916574 5.8004723 19.4215
v -17.005327 -0.2586913 1.7106113
v 38.7724 -53.525574 6.6307983
v -34.392982 65.85234 -6.8266907
v -39.612534 49.23224 3.9700165
v -31.48552 -36.020264 5.7143707
v -36.73169 3.1965332 17.369873
v 58.434723 57.189487 -18.752327
v 34.174164 -49.688538 8.701828
v 39.970253 64.94622 -10.173676
v 16.130981 1.297348 23.710564
v -16.15408 72.14126 -14.219669
v -25.601858 1.975457 -2.0701892
v 11.556885 34.689293 30.068848
v -54.98166 69.1852 -47.388626
v -41.938232 -16.619415 10.404663
v -58.794952 69.582306 -47.630554
v -14.902325 8.597534 25.894241
v -16.864655 69.36998 -14.725342
v 17.80577 -31.627075 27.714203
v -4.4881287 78.7729 -26.669647
v 13.253906 92.80542 -21.687012
v -55.690468 70.69088 -48.09764
v 48.11183 62.06215 -22.546173
v -0.01222229 10.765411 -2.578476
v -20.241236 29.558105 8.713837
v 21.633312 93.84987 -23.91755
v -12.759239 84.125824 -4.294754
v -1.2660186 54.339367 -20.58487
v -15.087933 72.12044 -16.91861
v -47.46004 51.18055 -7.2924805
v -6.8858237 19.425884 -3.986721
v 12.230851 -26.107521 16.326279
v 10.241928 84.45776 -6.6468964
v 6.6843033 6.8165283 24.244812
v -32.142273 46.026672 3.1968994
v -57.837982 71.176765 -47.047882
v 34.781937 -52.986195 16.812164
v 43.160217 70.218185 -10.5104065
v -51.509834 71.36804 -17.021484
v -53.669384 72.205574 -47.372253
v -1.8003922 49.434135 38.76626
v -52.716797 74.66928 -47.608276
v 6.7026796 60.160065 -17.307453
v 55.849148 53.917442 -10.255333
v -42.224495 -51.681126 -1.8458633
v -35.042282 11.592594 16.227692
v 39.2941 54.65634 -12.836235
v -24.355408 -8.919868 3.015442
v -1.313633 5.4123554 2.1081467
v 12.301559 83.04837 4.031662
v 4.706421 83.92679 -15.43396
v 0.96274567 83.77716 -20.255066
v -23.494576 -46.985634 19.587387
v -28.406261 11.422638 1.787262
v -33.197723 12.414246 19.543762
v 14.535339 24.621399 4.4176025
v 60.21959 70.75824 -15.160889
v 28.21979 -51.968616 -6.277995
v 20.605808 89.741325 -22.19478
v -18.828642 49.931843 32.60667
v -0.6843262 57.98169 -46.17813
v -14.041241 19.00529 -0.24202347
v -22.408 -51.39699 19.337616
v 17.04544 34.546387 4.255188
v -59.8283 59.018314 -47.242844
v -6.6378455 -4.7032146 51.994514
v 19.807068 -42.76729 14.80629
v -25.79457 72.51828 9.9609375
v -1.5621338 58.227448 -46.09839
v 32.05075 -27.430603 13.668182
v 18.66756 -39.301994 14.051781
v 47.11241 64.89813 -2.7537231
v -57.473545 59.27116 -47.608063
v -28.99353 2.4547958 23.593704
v -2.6313248 59.39155 -46.05654
v 26.60646 13.199554 18.800415
v -54.101105 54.73021 -12.105057
v -23.358078 -52.28423 23.74022
v 26.391582 -25.559113 27.2644
v 45.0959 52.383957 -19.020782
v -17.517456 68.14155 -15.133789
v 16.784723 -0.560001 -0.896306
v -56.09712 60.093452 -46.80668
v -16.8634 72.837875 28.841118
v -11.598225 87.07291 13.992126
v 28.138092 -23.331604 25.609985
v -38.99023 -30.950317 6.8147583
v -28.007427 47.648132 -4.2491455
v 7.691807 86.54909 -2.9854355
v -1.4041159 -2.0560837 31.210304
v 17.145142 -23.382776 6.4266663
v -9.510742 85.66968 -16.126465
v -12.256901 12.854057 0.523438
v 0.13969421 66.85773 37.638733
v 30.411207 48.88874 13.391144
v 1.3788261 61.482693 -46.03409
v 21.256836 15.87915 18.361328
v 29.074934 -52.10181 -3.9261398
v 24.575657 13.194397 19.582306
v -52.919777 73.325806 -21.953796
v 25.132103 -30.88195 7.036682
v 52.702393 71.441895 -7.8380737
v -61.90587 63.10789 -46.97322
v -20.039902 35.424664 2.360904
v 31.910553 -47.526726 17.711662
v -31.818695 62.31347 -11.19986
v 12.027267 3.0705109 22.509811
v -60.940674 63.91095 -47.3078
v -1.8895988 7.4738092 13.909941
v -17.106323 82.1539 8.630615
v 21.028442 -0.014892578 24.210144
v -45.040165 72.177704 -26.336182
v 30.678156 50.467503 13.890229
v -25.03715 -31.591738 5.521566
v -29.625656 -29.8909 22.803852
v -20.759071 -28.063034 9.664383
v 24.851376 -23.367382 2.7835891
v -43.16513 58.021767 -22.62989
v -51.66296 51.729553 -25.640747
v -38.37319 5.013153 3.672165
v 2.8679428 5.125637 24.912472
v -16.475098 49.05542 -14.598755
v -39.620483 -48.32486 -3.640564
v 25.846893 -9.914654 -1.5021076
v -9.037958 1.4232641 15.155142
v 22.982208 13.782288 19.075928
v 26.629766 -31.32035 7.33387
v 14.515738 75.35326 -5.205846
v 56.927982 56.680016 -20.343735
v 48.425312 50.918694 -8.213991
v -41.861572 -53.002953 12.723511
v 58.889465 73.574005 -20.106628
v 19.239136 42.224045 25.673096
v -54.918037 70.05397 -47.453064
v 23.143738 -45.613037 5.172241
v -57.622192 70.375 -47.081177
v -13.152405 18.041138 26.927216
v 21.934235 93.940155 -24.450119
v 13.843612 -9.944563 14.49856
v -1.6989136 86.0401 25.369629
v -42.496037 -11.747602 1.4837589
v 22.206718 -52.407543 3.010521
v 7.225647 36.82039 30.9487
v 29.685364 -39.852745 19.12558
v -24.656902 40.949577 8.834412
v 42.75879 48.952393 -10.72998
v -58.180992 55.10108 -26.749725
v 26.36802 -43.397167 13.38945
v -42.873566 50.51346 -13.820618
v -16.484192 11.790665 26.234665
v 10.672607 27.780434 -0.19470215
v -38.808655 -28.145844 20.828613
v -8.847427 58.791946 -16.297241
v -40.04801 1.3409939 9.728188
v -10.906151 2.3320618 9.470459
v -59.990234 62.024536 -14.375
v -0.980072 89.15346 16.24028
v -53.743397 75.32684 -46.484898
v -56.460724 76.068436 -47.25157
v 20.075592 5.6208534 25.491396
v 21.40127 76.76369 14.779884
v -29.207886 47.569855 -5.989807
v -32.325912 -53.487156 23.40271
v -11.468803 65.71137 -15.304619
v 43.175713 50.04387 4.838623
v 21.182144 -22.833038 4.2262955
v -40.98173 -30.53156 7.7469406
v 60.898743 73.01422 -23.143555
v -10.647995 0.9199333 12.304779
v -9.303848 2.6901245 10.1936035
v 3.245843 58.54953 -46.00094
v 12.73217 -48.798424 26.1287
v 33.866028 -4.086334 3.4265747
v 11.155365 83.72107 -23.493408
v -39.17328 -6.8605804 -2.4163895
v -11.790291 59.89855 -13.381559
v -61.414917 64.95203 -16.716797
v 30.96112 64.604065 1.2574463
v 12.809814 42.539413 32.00769
v -56.75572 59.370415 -46.545105
v 28.29692 -36.727325 13.835236
v 1.0449104 -4.888916 40.258415
v 18.496887 -38.86464 29.622147
v -28.499077 16.084534 19.171936
v 40.40797 -53.155937 5.356785
v -10.512451 69.78247 34.70456
v -25.119461 46.235046 23.065552
v 34.589844 61.868286 -4.8408203
v -26.878601 2.9866333 24.805664
v -36.687313 65.802505 -6.5518494
v -42.273987 59.298706 3.5958252
v 26.254707 2.4955978 -1.8248749
v 55.557465 84.18467 -27.100414
v -54.95691 68.307556 -12.642273
v -15.174698 81.3833 2.2357788
v 10.152832 69.282196 34.87787
v -36.702026 60.134888 8.607178
v 6.1776104 7.6649857 25.22329
v -62.19939 61.376694 -46.544113
v 7.276758 45.716103 -14.614928
v -11.322754 70.20453 34.486755
v -18.593613 64.552124 33.540283
v 14.07283 -35.63799 15.323772
v -41.704765 -25.238499 13.578011
v -25.482742 5.720726 25.616272
v 61.879776 63.235504 -18.10498
v -14.904541 37.983215 28.341492
v 18.730492 51.298965 30.506279
v 23.379875 -4.1246033 22.42952
v 22.180115 -50.93329 29.511963
v 18.164719 75.61955 -0.895813
v -38.584484 66.37591 -6.081787
v -61.178497 64.34946 -46.705658
v 19.413193 75.35217 7.859619
v 41.13244 -53.313416 6.5420074
v -43.255978 51.577393 -19.429047
v -30.543121 -44.12393 8.6328125
v -7.63945 4.265663 9.540619
v -54.857452 66.08104 -46.65973
v 2.431961 84.82309 -9.692383
v 0.8329315 54.41315 -20.466888
v -28.508041 16.434525 17.687683
v -53.572784 72.913055 -21.552612
v -26.671844 17.8555 18.771698
v -38.6765 48.491394 -10.571228
v 2.165741 50.97737 38.16341
v -22.643143 -11.028603 10.044857
v 19.960632 -11.328339 0.5937042
v 17.06221 76.25185 3.5011292
v -20.533897 -9.85409 12.424088
v 22.21835 56.942734 -7.730171
v 37.90799 63.021877 3.4439697
v 29.492828 -53.66857 5.086609
v -59.839172 69.52014 -46.962646
v -54.919056 69.53247 -46.20749
v 13.636841 38.57892 28.486023
v -27.527542 17.746971 17.082458
v -15.879272 34.377777 28.435913
v -59.53309 70.50238 -46.22397
v 3.0553656 3.502235 12.85783
v -13.806698 82.93848 -6.0381775
v 5.139099 77.526855 -27.192139
v 41.642845 63.954887 -2.656128
v -2.279541 18.353554 30.346317
v 22.586498 42.58594 2.8137054
v -34.488647 -6.232422 17.237183
v -43.185123 65.5715 -3.835205
v 32.736965 -18.52425 8.497871
v -53.285408 72.91849 -46.59224
v -58.948242 73.15381 -46.25818
v 23.983173 -30.16175 7.01458
v 21.38264 39.60096 16.151398
v 44.73474 71.719635 -18.876404
v -37.365967 -23.787384 21.738037
v 49.571518 81.96237 -21.665283
v -58.78598 74.22742 -45.751587
v -11.6791 85.42592 -3.8569183
v 35.28247 -50.293518 15.867676
v -14.700234 82.01173 22.442804
v 12.537415 -23.85242 16.082703
v 50.621635 57.582863 -2.7919655
v 18.518806 25.073162 12.564354
v -13.585854 77.05141 -15.540588
v -6.187158 -4.004108 48.5533
v 22.626919 45.394527 -2.179332
v -57.84912 75.42644 -45.49762
v 8.437592 36.94342 30.873627
v 21.25232 70.543396 24.127563
v -7.472046 28.374054 31.72092
v 1.2839813 57.792084 -45.854492
v -3.7439575 89.864746 15.011963
v 22.056229 0.59069824 24.028015
v 11.967577 -3.8231173 18.311754
v -22.28027 -32.158848 9.614502
v 38.70572 55.330902 8.961517
v -10.9548645 77.30307 32.063965
v 8.09964 81.98246 -25.344849
v 17.849216 32.897446 8.093658
v 2.0629578 89.76774 4.019165
v -25.213013 18.789673 19.76709
v -21.336035 92.85378 -26.751404
v -58.237247 58.56894 -46.268093
v -21.823914 72.59155 24.285217
v -15.805595 72.10147 -16.107056
v -10.495044 -0.08703691 15.534801
v 0.47684 59.09585 38.45073
v -61.929924 60.066483 -46.36638
v 16.388113 -31.94273 10.11325
v -38.73127 5.089823 10.772453
v -12.058395 23.5858 -1.5944672
v -7.936315 23.574278 -3.4729934
v -38.882843 64.20627 -15.735931
v -20.5895 90.82128 -25.362259
v 3.8026428 60.12385 -45.82141
v -5.201866 2.4521942 36.793335
v -55.982937 61.28435 -46.00873
v -8.620071 61.20514 -26.286682
v -41.33779 -27.069695 13.155762
v -25.454163 -25.436373 2.637123
v -18.731056 36.494423 22.279602
v -19.273966 77.35185 -2.4526863
v 10.592514 84.4716 2.302185
v 40.03699 53.217346 -13.211151
v 10.922104 66.82565 -17.486755
v 26.380127 -35.19998 28.295715
v -28.623169 52.256775 -9.572998
v -15.215958 70.09659 -18.088608
v 15.690918 94.9704 -23.593018
v -61.895535 62.788612 -45.68152
v -55.91788 62.855362 -46.32238
v -61.201416 64.18646 -45.477737
v -56.206528 64.35699 -46.97319
v -10.404617 83.780975 -16.261456
v 27.531353 -48.60974 4.624069
v -33.749687 -20.105814 22.221619
v 16.351074 26.20932 22.48291
v -25.116837 57.92273 27.077438
v 62.362053 65.90016 -14.185112
v -42.06308 -18.613365 11.979462
v -32.628475 -7.614954 -1.887227
v 6.519032 27.556923 -3.9033527
v -20.092041 43.77127 28.617676
v 23.479012 -33.73651 29.647476
v 55.59027 79.361694 -18.80481
v -61.41111 66.45317 -46.723663
v -23.130037 20.794922 19.595703
v -54.49919 67.672745 -46.38556
v -60.643303 69.267235 -46.424133
v -40.016865 -33.88284 9.101631
v -30.184023 65.44103 3.661109
v -17.060638 39.61888 -11.213547
v 19.809875 21.302307 17.048828
v -0.38562012 28.158844 32.678665
v 49.90751 49.78469 -15.176941
v -29.907158 -27.80207 1.9907341
v -45.890625 48.837723 -6.268097
v 8.942749 17.822624 27.745178
v -19.52565 0.12024689 0.3764038
v -25.617332 -3.495472 -1.5229416
v -15.180328 76.24524 -8.4938965
v -10.00868 2.165917 18.510479
v -14.673403 39.807022 29.632519
v -58.456726 71.27072 -46.56073
v 24.532497 16.370644 14.189362
v 31.06118 10.876251 13.8359375
v -20.283264 79.51221 17.880249
v -22.335075 -36.981808 15.764732
v -2.9980202 -7.728819 52.29953
v 2.9972315 0.5804119 32.49659
v -44.085205 52.09903 0.8450012
v 33.620342 5.683963 10.559216
v -6.0582733 -6.9565277 52.77088
v -18.626745 86.40276 -23.13448
v -33.579956 9.289185 20.907593
v -28.836512 69.24191 3.3366375
v 12.885361 -0.9476776 1.5742493
v 10.94632 42.447502 33.1528
v 17.15866 39.179115 -7.2390213
v 18.77897 34.930843 9.4461975
v -30.721191 49.12874 -9.432739
v 20.446136 18.48352 17.049194
v -55.016243 75.67218 -46.020638
v 12.501129 85.245544 14.668091
v 48.896263 51.942566 -20.290161
v -41.162598 58.617737 5.3605957
v -43.247787 -52.629616 -5.820877
v -10.299009 79.47278 -25.10503
v -16.940775 -6.1744857 15.34811
v -38.168564 3.434932 14.021107
v 39.388702 46.43817 -6.2504272
v 37.191536 45.22428 1.5679626
v 2.4044495 58.11557 -46.04561
v -40.555664 -23.087036 18.43164
v -19.594875 -9.765212 13.56727
v 49.077057 82.79503 -22.947815
v -59.630417 58.39432 -45.942585
v -2.173656 58.382313 -45.88371
v -41.292133 -17.237259 13.612793
v 54.188416 64.41245 -27.338612
v -3.292842 6.172529 10.681046
v -61.274452 59.10717 -46.13754
v 18.082367 23.666138 19.812988
v -60.44521 58.598328 -46.053802
v -23.971085 53.923973 -10.191086
v -44.67334 60.114334 -26.623718
v 26.204315 -39.530586 14.074112
v -9.12561 67.75635 37.224426
v -10.613159 78.02673 -24.193481
v -62.3907 58.637497 -22.841278
v -9.88147 84.48549 23.470703
v 19.84336 62.809082 30.346588
v 3.6649208 59.446304 -46.013985
v -38.925983 -22.937897 1.599472
v -40.543343 -30.689447 9.015274
v -25.400185 -51.836296 15.168457
v -40.66003 -29.30925 9.949387
v -0.12414551 56.97165 38.909782
v -10.349815 80.316376 -25.662262
v 18.00103 35.866432 1.1791229
v -61.98199 60.472157 -45.43598
v -56.264523 60.230766 -45.731094
v 50.94622 51.07712 -7.338333
v 14.287224 1.9074173 -0.39747238
v -0.38391113 -0.124572754 45.409424
v -62.072098 61.633545 -45.452286
v 42.233574 51.977142 6.043701
v 6.9735107 48.22351 36.88098
v 17.38971 24.441345 19.640503
v -20.69215 91.97741 -26.825502
v 27.841553 -34.64099 27.090271
v -17.875847 28.050148 6.825119
v 27.25293 64.3403 14.473022
v -23.567402 -23.784256 18.172333
v 7.1993256 59.835144 -24.964417
v 21.630215 55.815907 -7.5381064
v 9.763992 85.96747 0.84210205
v -21.818176 24.798523 19.309326
v 7.9018784 3.8031082 5.293289
v -15.063339 71.72415 -19.703888
v 14.66687 -28.302608 24.357546
v 18.076248 -49.25795 31.782711
v -19.885101 41.304203 29.323929
v 16.58081 -42.880447 17.790771
v -4.0072937 6.0055275 8.386959
v 15.979193 38.175728 24.791082
v 11.82738 -27.56165 14.003899
v -61.29355 67.61824 -45.47397
v -27.828552 15.006165 20.608276
v -4.042255 89.47636 2.4215012
v -38.086517 -12.181717 -2.5883904
v -17.932648 5.7473755 25.420013
v 24.88389 -0.9060738 -2.457049
v 21.208773 -29.779346 6.858059
v -38.33367 49.930077 7.0983086
v -0.32160634 6.805941 11.15798
v -16.721924 96.08374 -24.358887
v 27.54438 14.443726 15.595276
v -40.614746 -47.5343 17.570068
v 42.796997 69.625 -17.00293
v 50.76677 78.20349 -26.67804
v -53.36264 71.53468 -46.248962
v 31.852682 -31.757261 21.33811
v -59.353317 71.02396 -45.86905
v -38.381554 6.539139 10.791229
v -1.0425396 6.895954 11.156334
v -21.064377 26.254776 17.634888
v -33.872437 -51.268936 23.877075
v 27.650055 -30.894745 7.590576
v 24.109327 45.657135 14.204926
v -52.763794 73.049545 -45.557434
v -42.214813 -14.5704155 8.51886
v -6.0740204 5.95002 7.3970337
v 1.1862614 5.126518 15.709198
v 28.824219 -29.013405 7.0450134
v -15.841766 6.255615 25.665619
v 32.607544 -18.205784 13.458389
v -53.262688 74.79732 -46.029587
v 17.085495 92.59855 -27.571564
v 5.9738235 40.76477 -14.030736
v 27.901707 -34.35489 10.606598
v 15.71875 -25.632927 7.795166
v 20.396118 18.579803 5.220215
v 19.041168 27.866493 12.366777
v 5.145975 20.153399 -2.5942192
v 33.230812 -50.156906 8.507866
v -49.106377 50.280334 -14.583008
v -42.60151 -15.972801 4.3756638
v -29.497025 69.37172 8.060287
v -43.574654 56.874084 -22.70807
v -15.735352 78.06885 27.038574
v 8.027075 -0.036022186 14.961704
v 22.54309 -28.958881 6.737404
v 19.307373 70.4751 27.335938
v -25.93222 70.53198 -1.2973442
v 3.2935905 1.8231392 32.89681
v 4.386963 27.563444 -6.0745316
v 11.970813 77.668396 -11.877045
v -1.9628143 2.3960571 41.04492
v -3.093048 57.741596 -45.12822
v -54.378693 53.357384 -15.162566
v -7.645569 34.51921 -7.4337006
v 12.919235 80.54755 -5.8444443
v 3.3594375 5.473284 26.997295
v -30.983917 10.504272 1.8690186
v -59.701317 58.62137 -45.007664
v 22.939697 -51.09497 0.69317627
v -20.415619 27.572357 18.55664
v -25.032139 -7.2306795 0.013584137
v 32.15776 -10.05925 1.4953308
v -20.239258 28.729391 20.013794
v -25.888412 -43.677986 21.052078
v -36.964417 8.721686 10.173702
v -60.399338 58.80153 -44.874104
v -53.83853 52.207108 -15.321778
v -61.7222 59.78375 -45.29838
v -4.3258796 45.813362 35.627823
v 32.269485 9.005063 11.152695
v -41.684196 51.983032 -18.499908
v 28.471924 -48.695545 22.566162
v 24.246826 -40.53002 27.993652
v 9.504517 33.552124 -7.881592
v 16.161377 40.984924 29.54712
v -11.435253 63.28784 36.796387
v 7.87352 83.70474 -14.564209
v 7.711014 72.33972 35.56494
v -2.1376743 60.7735 -45.80847
v -3.6981964 35.436707 32.997353
v 21.407219 -44.1828 10.241245
v 23.276642 -52.205215 1.0071411
v -38.24803 49.177032 -11.633209
v -13.207165 77.4247 -14.644775
v 20.89871 91.63864 -22.802458
v -16.19668 84.12826 16.283047
v -0.8498688 61.39887 -45.809692
v 27.581635 -52.602966 -2.5791016
v 19.919573 -40.557117 14.707577
v -16.884552 30.561417 2.4563293
v -1.9600854 52.014847 38.44669
v -49.25026 73.537964 -23.778198
v 1.3781624 89.80075 -6.4637146
v -36.017746 9.803591 10.479141
v -24.20485 -38.518356 19.03859
v -14.119507 19.023102 26.716705
v 17.814941 53.95288 -10.518555
v 33.48134 -20.655226 9.382301
v 44.05375 50.48802 -16.30426
v -10.369003 81.7743 -15.9331665
v 46.002014 67.682144 -19.643677
v -39.27661 -50.16638 -5.8623047
v 17.628769 28.987732 18.585083
v 29.777431 44.49057 0.58351135
v 9.516037 84.70323 -3.2559204
v 15.053345 73.66968 -5.1655273
v -40.823418 52.95574 -18.52507
v 30.579483 11.051735 10.503235
v 14.150448 -10.6706705 14.196165
v 32.684326 1.6403351 3.5705566
v -13.602798 83.42667 22.536407
v 25.598057 -32.17955 8.010391
v 56.61297 54.925167 -14.421658
v -15.419426 71.56055 -17.405518
v 49.305298 61.68143 -1.604517
v -57.898346 72.68039 -24.79309
v 59.234985 71.09253 -12.420044
v -35.553062 11.000572 10.807602
v -47.58126 -52.838192 5.5919647
v 40.200027 67.96357 -12.982404
v 28.148224 -43.918755 21.820496
v 23.513203 -25.300793 3.9822655
v 54.787964 71.17975 -8.0686035
v -36.586437 -15.836025 -0.09254646
v 22.077112 -2.999179 -2.550664
v 34.953247 58.953613 12.28186
v 19.61657 -29.952396 7.65894
v 0.6961441 88.80717 16.016548
v 47.91876 50.382046 -8.32615
v -44.45819 65.85292 -5.8205566
v -60.39712 69.53513 -45.318573
v -59.658146 70.37204 -45.186485
v 19.456081 -28.383091 7.2171516
v -28.269348 -14.193062 1.5325623
v -25.448212 54.522903 25.246017
v 15.383789 42.598362 29.848328
v -39.433464 -47.77893 -0.3812027
v 10.352489 83.1295 -25.654367
v -27.783363 16.422516 19.611755
v 5.7298527 13.989838 -0.64011574
v -17.448904 12.795765 0.61688703
v 29.271406 12.986139 10.881538
v -59.83017 72.50867 -45.407837
v -12.8641815 58.708405 -13.108246
v 33.42845 -21.005753 12.186401
v 6.18161 58.327026 -25.88623
v 6.767914 27.986605 -4.4193115
v 32.68747 2.371849 15.807495
v 4.1446457 20.421677 -4.429529
v 6.3844495 57.064026 -26.99646
v -33.755478 65.6649 -4.9959717
v -61.83554 57.944283 -19.219543
v 4.7107315 34.79625 -8.053869
v 44.30316 59.34784 4.2471313
v -19.946411 32.483276 20.475342
v 20.666397 16.072388 19.123535
v -21.05188 51.40149 -12.363892
v 18.405342 33.123863 17.29013
v -18.489014 57.25589 34.094604
v 16.277771 69.73146 -12.409973
v 8.092445 62.377518 -25.055588
v 34.74768 58.568047 -8.230728
v 34.756195 -51.425865 8.036179
v -56.894783 75.917694 -45.310852
v -0.9752197 78.89223 -27.034027
v -53.79305 75.44728 -45.647675
v -12.6492195 88.065315 -28.290237
v 31.931 62.520874 -3.7729492
v -3.5764923 37.7175 -9.615356
v 21.278625 95.53641 -24.155518
v -50.199265 82.19986 -45.621094
v 49.468452 61.958965 -24.622322
v 2.9760475 36.23439 -8.947384
v 18.347473 33.972 18.749023
v -33.70646 13.24892 11.094963
v -48.774796 83.20429 -45.525436
v 21.54161 20.468472 13.021698
v -50.30664 83.07138 -45.75496
v 39.148006 45.568367 -2.4103394
v -35.043945 -2.8698425 17.963257
v -21.443596 60.84149 -13.417641
v -51.756104 83.46826 -45.016174
v -37.166748 -2.0146637 16.480988
v -12.758636 22.868317 -1.0199432
v 5.681076 48.763306 -13.813446
v -49.1759 83.38922 -45.823277
v -20.327185 37.97042 -2.966771
v 15.215759 35.757507 -6.195526
v -49.727882 84.00769 -45.670288
v -48.67732 83.94086 -45.47293
v 24.153465 47.434494 16.834229
v 23.73712 52.649315 22.530394
v 5.5756836 68.33478 36.797424
v -57.467743 55.944527 -13.958618
v -49.51158 84.37629 -45.323257
v 35.016846 -4.475746 8.799408
v 50.196526 60.363136 -1.6309433
v -3.320549 -10.621056 55.677063
v 27.997673 14.111743 10.413008
v 49.14229 83.93134 -23.015007
v -21.625908 -20.135595 9.20105
v -19.325367 44.706924 29.853561
v 17.83876 35.09375 20.890411
v -1.7560501 81.388275 -23.51735
v -9.224692 8.646814 25.993137
v 1.415802 89.325806 -7.4938354
v -33.704437 -16.474041 -0.30846214
v 11.812615 -2.72434 18.495722
v -35.457615 -17.003738 -0.45485306
v -46.30831 63.808044 -6.290924
v 58.93551 59.25903 -21.932186
v -22.147633 23.795448 15.686642
v 27.291746 15.484232 10.29274
v 0.6106262 57.2912 -44.89966
v 18.156553 -29.228434 7.6291823
v 51.465576 63.45941 -27.715012
v -54.13153 67.78674 -11.935852
v -42.48906 -45.462204 2.9023438
v 19.451813 6.5572968 25.246265
v 24.306938 55.775707 24.733643
v -20.25177 29.658844 11.94873
v 31.913303 44.625557 6.333618
v -4.324951 58.490337 -44.69226
v -41.76432 58.21991 -22.030252
v 33.91589 -8.943947 7.1227417
v -40.65451 -28.49752 7.3636475
v 5.328308 58.97026 -44.770813
v 15.435955 -8.090533 3.2733498
v 21.656416 -45.181465 6.278816
v 44.454605 49.391136 -14.877747
v -58.210976 58.72267 -45.217346
v -28.27095 1.5258241 -2.3674655
v -1.2962341 61.162025 39.296494
v -31.49884 15.47365 10.486572
v -42.39174 -52.813637 6.9174805
v -57.297665 59.045795 -45.283394
v 52.66366 54.12079 -5.854309
v 9.484131 25.81665 30.707947
v -5.7590466 0.46357155 33.168022
v -47.035645 63.15573 -4.484881
v 40.768555 46.150032 -3.506836
v 34.172607 -48.81494 0.46142578
v -5.191223 59.62539 -44.190125
v 27.358164 -22.427807 2.3086014
v 48.997437 53.24411 -21.473053
v 46.80432 71.33545 -8.447998
v 5.767456 59.99765 -44.226807
v 13.548096 21.936096 24.493774
v -62.46518 61.14904 -44.227905
v -55.3824 60.516315 -44.42383
v -41.183258 48.080135 -3.5675354
v 59.68622 58.55758 -17.106735
v -21.668282 -8.218805 17.292007
v -38.703236 -45.37865 3.515588
v -36.953705 2.755783 0.53570557
v 13.143692 75.112946 -15.141724
v 33.336178 45.02198 5.4826965
v -14.958694 70.99664 -20.038544
v -20.561897 38.061367 18.934174
v -39.596157 -48.255028 -0.699343
v 5.498787 57.555794 -18.351074
v -4.1011276 46.258957 37.055946
v 26.879639 1.236145 22.093506
v -28.682602 16.809374 10.606583
v -56.448147 68.46095 -14.549255
v 33.621155 -53.831932 1.1726685
v 22.2285 -25.407776 26.906403
v 31.810852 1.4276733 17.119019
v -1.7042389 3.9848633 24.68274
v 1.796875 62.74716 -43.76355
v -62.736923 62.5325 -44.62451
v -12.007446 15.738892 27.346886
v 12.699763 66.62605 -20.24794
v 0.13991547 86.90698 -8.602524
v 3.8975601 56.95369 -17.113907
v 23.05162 13.147247 3.06958
v -20.9458 45.00493 28.688599
v -39.694977 48.193764 -9.178497
v -33.24109 59.747055 -11.928345
v -9.344542 64.04018 -21.71576
v -51.406055 -53.493546 -6.279953
v 36.32454 62.08606 8.5842285
v -4.4993668 88.338196 -7.9321594
v 30.78897 -36.779816 22.96344
v 13.576416 6.6844482 24.789375
v 19.7656 38.806633 18.714064
v -55.627197 64.0861 -45.315857
v 3.793396 87.05951 -7.5843506
v 32.964188 -8.163025 2.097412
v -23.36858 -6.269023 0.21205139
v -61.41426 65.88498 -45.46048
v -15.073578 82.42726 -4.665283
v 24.771027 -3.547638 21.86615
v -54.179153 65.73192 -45.351746
v 51.27472 78.69104 -18.89566
v 31.393333 45.750412 -4.4506836
v -11.302734 63.468872 -23.949951
v -21.097351 6.3381042 26.109665
v -33.127563 56.09394 -13.326294
v 26.938751 -4.5152893 20.917908
v -28.476822 -38.945595 22.67836
v 42.49341 55.296814 6.2102966
v 23.51823 17.810356 10.987038
v -44.41548 68.3053 -12.400238
v -35.157825 -30.355583 4.5521183
v 32.185482 1.737733 2.559488
v -35.886185 0.62879944 -1.5736542
v 21.762207 -12.55718 -0.15940827
v -18.540344 47.297485 31.83722
v 57.666626 73.16089 -14.387207
v 15.187256 -46.43216 17.683472
v -20.64508 78.34558 8.107178
v 29.88562 -28.171417 7.6636963
v 16.212296 -17.831697 15.367779
v -9.98148 63.43682 -18.896942
v -26.858047 57.21112 24.906311
v -53.32675 71.048706 -45.359253
v -59.519833 71.01384 -44.99305
v 12.126308 -3.354351 5.9179497
v 35.86999 45.613804 2.7373047
v -59.94406 71.90552 -44.491455
v 47.1055 74.89937 -13.120361
v -21.120968 91.74226 -26.565023
v -32.871475 -38.299927 7.150482
v -21.455761 -27.900158 7.120514
v -39.84143 -48.79663 -4.5874023
v 28.796467 50.4121 14.223934
v 1.5034485 67.86965 37.55928
v -20.426474 5.522339 25.638365
v -44.146343 51.22503 -19.127438
v -52.682785 75.28215 -44.986713
v -26.905182 -37.749893 8.125092
v 31.338196 -30.69031 13.014508
v -40.847694 -23.375626 4.1339417
v -25.49263 19.772964 10.880249
v 24.981873 68.90229 2.1004562
v 19.239563 -52.431007 31.798157
v 17.755043 -28.453396 7.241044
v 27.88324 -47.351837 24.007385
v 16.494335 -18.099651 10.955811
v 22.773506 18.20404 9.906846
v 13.8471985 32.90352 -1.1037598
v 27.812256 62.12802 15.17749
v -27.615448 71.67357 4.5566406
v 22.703777 39.843857 18.281372
v 13.946716 21.31665 24.09198
v 11.050499 84.046875 2.1251526
v -16.69484 71.31036 -14.666748
v -18.301666 -1.3864546 1.8004456
v -55.039948 52.949783 -27.562988
v -26.77951 -17.133095 2.7520142
v -51.84973 81.62366 -45.207275
v -6.1071444 -2.0562706 39.076702
v -50.40857 81.114746 -44.73755
v -16.087097 95.24121 -23.181274
v -16.299007 2.6692657 24.10579
v 9.371648 86.81243 3.2318323
v 26.944092 -0.40283203 22.166748
v 16.593933 40.863388 -8.906555
v 30.240965 -38.37103 21.481709
v -48.4164 83.74176 -44.974865
v 14.597595 67.79233 -14.846436
v 21.17517 48.212036 -6.480957
v -50.618286 84.27296 -44.84326
v -23.266418 15.900452 4.1674805
v -25.944849 50.938797 -8.355881
v -48.810734 84.29393 -45.169563
v 58.52678 57.405052 -16.089783
v 19.630835 57.375015 -8.147083
v 2.2271729 56.940155 -44.74713
v 22.073547 -48.12567 3.3467102
v 30.248116 -36.60817 16.832977
v -43.147583 -48.85663 15.919556
v 41.030457 52.738068 -16.336731
v 20.473251 -50.255844 3.5640259
v 23.502993 -18.064484 23.557907
v -38.33313 -29.81665 20.793274
v 15.757395 80.50866 -19.703934
v 27.249146 11.0729065 3.6289062
v -27.466347 15.5503235 7.1323547
v 5.3303375 6.5043335 23.135986
v -3.6395264 58.86949 38.83838
v -55.264587 58.91896 -11.45903
v -24.215744 21.432922 16.728638
v 23.145508 41.195557 18.875977
v 50.168915 62.73406 -25.206062
v -58.90454 69.55139 -17.343872
v -7.335701 59.92746 -25.664673
v -24.75883 42.024307 21.357174
v 0.649096 6.554924 15.572081
v 4.4344788 86.07526 23.999146
v 24.88855 60.188965 23.476074
v 38.045166 52.543396 9.929993
v -31.44519 10.837402 22.200684
v 53.759277 75.31189 -12.909912
v 47.716026 73.68684 -20.868744
v -26.446636 42.452248 15.53154
v 31.358093 -32.215576 22.638428
v 15.152794 0.19305038 -0.29862595
v -42.05107 -51.04986 -2.4820938
v -56.390106 59.1216 -44.09723
v -39.853638 55.685913 7.6428223
v -38.390694 5.703583 7.978241
v 50.49001 53.146854 -4.811793
v -24.289558 21.706894 10.622406
v -44.07956 61.756775 -26.260681
v -3.5471344 54.51758 -22.613525
v 50.036545 76.12123 -18.12114
v 57.611816 63.07907 -26.116272
v -40.687717 50.063797 -14.837631
v 17.717625 45.530518 29.174072
v 2.9697723 89.36871 5.377075
v 36.32254 -51.09056 -0.3892212
v -19.604088 -8.07665 15.701332
v 20.589294 -20.721237 4.518036
v -39.471184 62.12677 4.6870117
v 22.67675 43.075027 18.235352
v -22.210018 -32.600365 15.900665
v 30.350342 -33.90288 14.175903
v 9.763847 79.721375 -9.239197
v -8.771153 29.971655 -6.691418
v 54.096546 52.64527 -16.266039
v -26.373642 -0.92303467 23.639038
v -11.391434 80.59681 -17.781921
v -11.503174 85.33401 21.32373
v -23.28952 -24.136887 3.5229187
v 26.303566 -52.412666 -2.7114563
v -23.614883 -40.623436 14.383724
v 25.816055 54.112556 -6.5315514
v -38.016685 6.2201405 5.9364624
v 27.62272 -24.321266 26.249657
v 18.650696 -11.092506 18.658371
v 9.954269 84.48477 -2.4077148
v -20.757446 48.077454 29.796143
v -55.156418 62.09037 -45.14325
v 58.70507 56.815983 -14.214569
v -0.753428 24.255154 31.258917
v 21.272125 10.777954 23.156311
v 1.6773167 8.451213 2.0007362
v 17.954163 24.03064 9.919922
v -21.980032 -35.0858 13.9763565
v -7.6118164 34.6642 33.39862
v 17.731903 71.31166 28.55069
v -35.192017 46.388092 2.6434937
v -6.969967 51.668484 -11.758076
v 1.0818787 51.481407 38.24459
v 23.29383 44.320354 19.456879
v 19.665516 48.47339 29.449081
v -41.45465 -45.87439 16.73169
v -23.366684 51.625595 -9.8675995
v -33.47657 -33.023705 5.1971054
v 6.4036255 68.99744 36.143326
v 16.342117 -10.838539 17.390488
v -4.146591 0.302536 44.913635
v -36.816406 50.207108 -13.31781
v -7.0117035 82.06596 -25.25293
v -53.732635 66.929184 -44.533203
v 5.815211 59.51287 -17.434114
v -7.8966618 60.860424 -23.33281
v 15.835388 66.88733 -13.6276245
v -9.96347 73.77938 -26.177856
v -7.113043 18.103989 -2.2525024
v -7.837303 61.854996 -21.818933
v -28.970428 -3.0227356 21.659515
v -39.295227 54.08783 -16.436798
v -24.239197 -4.23365 -0.6930542
v 53.75038 79.0416 -18.24211
v -27.041477 46.26093 17.993483
v -53.093384 69.82739 -43.942993
v 21.817917 12.790176 2.4857635
v 23.634508 47.343933 19.90419
v 21.505371 -30.758545 28.603592
v -33.21902 -34.781532 5.948593
v -60.08435 70.51965 -44.120117
v -37.612694 60.407654 -15.387543
v -25.711792 45.600414 21.674377
v 9.71933 19.252869 -1.1608715
v -5.784008 -4.7106476 47.422325
v 16.55991 -26.749016 7.093544
v -41.474342 -53.037758 0.16885376
v 7.6991005 84.67059 -24.46531
v -52.7751 72.06244 -44.79065
v -10.312885 63.514404 -16.499458
v -29.59589 -2.7786095 -2.420976
v 22.244354 74.04807 12.924393
v -52.435085 74.43843 -45.056244
v -38.884186 4.0180817 3.7729797
v -2.0923462 86.18085 -11.915405
v -59.464165 74.8867 -44.551727
v -11.196545 24.216637 -1.8864536
v 16.819729 -3.870964 -0.2632141
v 17.820297 57.46745 -8.461788
v -8.59049 88.45686 -19.858995
v -21.018433 25.989864 10.144226
v 21.904 17.420319 15.478882
v 28.458118 -19.414423 0.965561
v -57.431213 76.45166 -44.321777
v 8.297134 62.097332 -15.638787
v 38.528194 46.165825 2.0139465
v -12.296982 84.630646 -22.973358
v -53.736084 76.20091 -44.48352
v 28.368958 -3.234571 -2.3843384
v 49.504425 79.27356 -20.278992
v -55.67691 76.721634 -44.185486
v -31.959671 11.135742 3.115326
v -10.600098 11.35144 27.655945
v -6.565796 84.068924 -24.819214
v -23.884943 -11.738967 13.6313
v -28.569946 -37.47226 22.691742
v -31.60965 -49.49968 25.308899
v -20.440487 27.297337 10.080704
v 3.4268188 85.04253 25.39746
v 24.203283 -28.819092 28.111717
v 45.531662 54.850006 -22.034637
v -48.516296 51.16426 -13.451233
v -8.036018 55.388397 -14.194244
v 12.041594 76.12985 -16.19954
v 15.506454 -11.504516 15.175812
v -9.46843 82.924904 -14.935608
v 10.064785 61.081062 -12.2908325
v 32.33133 46.82965 -6.3723145
v -53.82495 81.610596 -43.99829
v 30.58815 44.27891 3.5230293
v -4.505722 89.49049 -6.126892
v -20.678072 28.336834 11.524349
v -42.162712 -52.276115 -1.1344604
v 32.006775 0.5326462 2.0137634
v 62.93921 63.36373 -14.115714
v -18.734476 36.0997 -2.671173
v 44.50064 72.408905 -12.2326355
v -4.588379 79.8125 -26.503479
v -48.658337 83.99542 -44.53207
v -49.300453 84.40923 -44.5572
v -31.954132 13.284271 6.373596
v -8.544312 77.46887 -27.600098
v -21.353943 58.271194 32.47911
v 58.384567 82.649475 -26.982147
v 4.016205 56.58983 -44.262268
v 31.50052 -10.978785 -0.7277374
v 7.43573 24.23415 -1.7920685
v 26.809082 2.887783 22.557068
v -53.18042 -49.125763 3.55896
v -2.3034058 56.994934 -44.619324
v 59.823616 79.829216 -25.839813
v -0.46139526 56.900436 -43.785393
v 1.2600098 56.936615 -43.98578
v -34.94812 49.767548 -12.474121
v 28.958435 12.077766 16.956177
v 16.956253 24.651108 20.416382
v 23.587769 50.49503 20.242798
v 20.965927 -49.018833 3.3536453
v -40.4231 67.84932 -20.508099
v 48.878326 60.55502 -23.664139
v -59.238647 58.311188 -44.07025
v -11.063187 47.213028 36.645645
v -28.846039 -12.05558 1.0524902
v 20.828558 -18.566975 23.246803
v -0.8657532 86.15256 -12.070496
v 52.102356 67.93848 -5.078491
v -61.34124 58.8909 -43.899525
v -34.471725 -13.966358 17.464561
v -5.494511 57.449554 -21.161201
v -40.251907 64.62581 -12.185333
v -21.316175 -10.330279 13.974053
v -28.105522 50.24997 18.852478
v -61.858685 59.387215 -44.44002
v -7.3902802 22.252966 -3.1149492
v 14.265598 40.710136 -11.316483
v -48.69141 50.08162 -15.246872
v -1.8457727 53.164795 39.016617
v 31.274475 -25.978966 7.1892395
v 2.8634644 54.946106 -26.025574
v -19.07013 40.57972 25.710815
v -7.5459337 8.515225 25.525343
v 17.14302 -25.452423 6.640259
v 45.274963 57.66919 4.4606934
v 28.81836 -24.986128 3.8389282
v 34.189137 44.907692 3.6256027
v 24.259182 51.996758 19.46193
v 5.3514175 85.76248 23.040894
v 0.02922821 55.164307 38.85688
v -28.65398 55.89191 18.14716
v -20.314184 30.671982 9.672798
v 31.125702 57.888916 14.722321
v -20.735336 31.494965 12.812012
v -27.360397 -43.908478 22.63353
v -36.236565 -48.895554 -1.3347092
v -24.204712 -45.89839 18.09822
v -43.27057 -53.36728 -7.2302246
v 55.713184 74.13213 -12.608562
v 8.578728 86.67801 16.047852
v 12.671989 74.66815 -16.947632
v 50.738228 50.094498 -12.11145
v -19.771458 33.135876 9.509491
v -62.867252 62.397537 -43.58483
v -38.588104 -37.322754 9.216003
v 17.798033 33.399426 10.517338
v 44.163452 62.995056 -1.4954224
v -13.983887 53.189697 -13.737549
v -20.269833 89.89514 -24.825638
v -14.951447 77.25025 -7.286499
v -61.322655 67.30282 -25.668892
v 24.958614 54.480736 18.989418
v -62.78923 63.385773 -44.2294
v 20.942444 63.54988 -9.697266
v 31.168243 44.813335 -0.4751892
v -61.905735 68.711945 -23.212282
v 32.09247 -25.166943 7.9717407
v 20.932665 -45.7668 5.166946
v -28.874735 52.874725 14.525681
v -34.21631 66.11929 -3.9211426
v -7.774212 41.544533 34.652763
v -62.494995 66.01983 -43.45041
v 46.988987 49.634514 -7.6506805
v 43.858963 55.308693 -21.109955
v 21.957506 18.942036 9.957718
v -62.222168 66.69666 -44.47058
v 17.688742 83.97863 -20.351345
v -0.3266344 -5.454609 49.225014
v 20.521362 43.78675 25.759827
v -42.49076 -51.215256 -8.740311
v -32.81595 -25.72174 22.887775
v -20.29978 34.66809 10.5535965
v -36.946472 -12.75388 -2.0930634
v -22.661255 51.894333 28.488525
v 35.425964 -50.69275 -1.8747559
v -61.72268 69.09657 -43.2619
v -28.446426 55.393627 20.172714
v 10.159424 84.795166 21.621826
v -20.711819 35.67115 10.630833
v -20.072254 33.34469 14.514618
v -19.798706 50.627686 -13.331421
v 4.3520203 18.15015 -2.5616913
v -4.0289383 1.5028992 41.736023
v 33.010765 -25.330704 20.26535
v -41.94219 -11.560631 3.928955
v -2.0509949 39.22928 -10.512329
v 3.3891602 83.51416 28.036133
v -2.6136608 6.7997036 17.713028
v -38.24165 48.014053 4.4864197
v -52.53472 73.30446 -44.179382
v -59.838173 73.97473 -43.79962
v -52.861496 74.563614 -42.97689
v 19.049213 -16.138317 19.270214
v 33.265106 -20.95998 15.267471
v -52.9971 75.151024 -43.55903
v -41.5812 67.86481 -15.984299
v -40.577652 66.11185 -5.4939575
v -28.566818 70.753204 8.627289
v -41.10559 -31.565777 15.828262
v -13.732221 80.08525 -21.910177
v -16.805496 78.712814 -6.389885
v 45.82437 49.17372 -12.842346
v -34.065857 -28.63668 22.941711
v -52.614136 79.64404 -44.28894
v -48.76433 -52.7825 6.727661
v -52.387756 78.82312 -43.875
v 14.049138 -0.480808 0.466774
v -38.951233 -0.9486389 1.2469482
v 40.783913 -53.775963 6.6282196
v -25.372261 74.17613 16.19719
v -37.52452 -30.277512 4.2293854
v -2.2652893 21.287836 -5.9492493
v 17.553833 13.606384 1.5260315
v -62.417088 61.164238 -26.103775
v 11.155197 48.175842 35.098114
v 22.887918 -37.546875 13.006802
v 62.296753 69.154755 -26.055267
v 3.88974 87.89027 -3.7311096
v -4.312584 -7.497909 52.313572
v 17.66504 -40.200096 28.725601
v 31.354828 -6.940895 -0.58499146
v 27.965942 53.643646 16.06012
v 56.949486 73.66901 -16.70404
v -44.515774 71.52554 -22.611557
v 29.368042 -5.308838 18.129883
v 34.118896 -4.611786 11.916504
v 18.368134 86.46924 -20.10054
v -48.520878 83.20024 -44.975147
v -41.52832 -6.9934387 2.2890625
v -5.7078094 -2.6280212 52.523254
v -3.732854 46.24019 35.712433
v 28.93988 -0.32748413 20.664612
v -47.13083 50.200386 -17.634468
v -41.834377 -24.310299 7.2709045
v 59.095 76.14111 -21.209412
v 21.661484 -51.398964 3.0856857
v -13.912174 5.2685947 2.3276367
v -59.900333 56.08287 -15.3420105
v 18.815704 14.958458 2.7764435
v -45.225647 56.591614 0.18649292
v -10.903229 3.8200378 7.8172607
v 12.410156 71.0307 33.920288
v 42.516922 53.399017 6.4503326
v 7.7944336 13.661429 26.726057
v -28.469727 64.11277 21.394897
v 9.526062 80.16121 -12.305618
v 10.864349 21.38813 27.841858
v 0.7529352 56.61914 -43.67337
v 24.87085 -48.39686 26.630737
v 1.9111481 8.979065 31.404602
v 33.25989 44.61693 -0.045822144
v -50.919025 50.23574 -18.896795
v 47.85797 58.74948 -25.200653
v -40.403214 64.9722 -13.3203125
v -26.454453 68.25244 -3.338379
v -19.514465 55.252777 -11.573845
v 5.0281944 56.951706 -44.102562
v 50.403183 68.26538 -4.9313965
v -51.462868 50.41211 -21.548462
v -3.4336548 57.018127 -44.19043
v 45.15596 59.248688 3.8008423
v 5.468796 87.70355 -7.1416016
v -22.94413 38.668026 11.564452
v -2.9078007 82.814575 -22.8443
v -4.7929554 6.4026856 17.08905
v 56.84424 81.378235 -22.954773
v 8.345703 68.72899 35.730347
v -20.836952 90.75628 -25.6954
v -14.2222595 83.33348 -2.8149261
v 8.875784 62.401646 -17.652458
v 10.145101 -0.14378357 4.1862946
v -8.586914 46.04248 36.50183
v -41.55446 -16.474442 12.485504
v -46.196457 52.804077 -1.260437
v -55.853836 -52.54419 3.5274353
v -5.2620926 57.835464 -43.465702
v -24.497313 40.55035 10.158179
v -46.205894 -44.741226 8.40918
v 39.755512 48.35402 -9.297623
v -57.043564 53.603058 -24.98193
v -29.868896 -2.335617 21.35736
v -30.912907 1.1935844 -2.3033571
v -57.424797 58.54455 -44.06456
v -42.064438 48.45143 -5.7822266
v -19.54467 79.55301 14.280899
v 28.19484 -44.18434 9.926956
v 27.286255 -14.045471 18.476929
v 26.057697 60.34265 18.894012
v -35.032562 12.517166 12.162628
v -62.36081 59.738647 -44.000267
v 9.780945 81.40161 28.063965
v -25.312195 13.8341675 23.618225
v 23.158203 41.204292 9.687012
v 14.171137 80.4973 2.3459778
v -20.60569 -24.605736 7.882065
v -11.009644 18.166708 28.391724
v 39.98114 57.41858 -17.36493
v 19.920742 38.585567 2.3747177
v 10.841389 44.313446 34.174118
v -30.51355 -43.370773 9.050293
v 14.322105 -47.134865 29.7547
v 24.082901 -2.3870544 22.739456
v 38.506126 60.767418 -9.0924225
v -23.761932 6.8483086 25.542824
v 9.375908 89.1814 -20.893799
v 23.961018 41.909256 10.863068
v 19.343231 68.365654 -7.9103394
v -18.888008 -6.663479 9.024536
v 28.059937 8.794525 21.092041
v 19.623756 38.982513 20.152527
v 18.50575 37.103622 1.272163
v 5.9454346 60.72464 -43.066162
v -24.27252 -45.292686 17.719883
v 59.591553 71.90776 -17.238342
v 25.083843 60.958008 19.676117
v -62.121117 68.148926 -20.249512
v -27.59584 -18.422722 2.0696106
v -23.42622 -38.974022 17.581635
v -15.859718 75.054596 -10.52655
v -25.341858 -16.526575 5.604065
v -29.598175 61.313477 19.743652
v 48.93103 50.490707 -16.618744
v 17.75607 -44.256157 29.092083
v 21.608246 -15.445946 1.4578247
v -1.8359375 61.700684 -43.70752
v -4.64312 -9.12941 53.49669
v -28.213013 -15.531555 2.1687012
v -54.834522 62.3808 -43.39361
v -6.095071 -2.702877 49.09214
v -0.95617676 62.699066 -43.89734
v 14.766495 57.615616 -10.66629
v 16.847473 76.4183 -4.6388855
v 18.686893 23.366394 18.702454
v 9.14859 86.56346 15.440002
v 57.414307 70.41553 -6.2368164
v -0.33930206 62.791565 -44.391724
v 27.161713 47.895325 -4.4552765
v 28.170898 -52.34326 22.158936
v 12.752182 5.5276203 0.2208538
v 24.429705 43.531593 10.624084
v -29.31422 63.01818 19.373901
v -21.381363 -27.620865 13.6137085
v 15.132492 -4.6532173 1.4362183
v 32.01349 -24.205338 7.0184326
v -54.30124 64.91675 -43.967773
v 7.9649963 45.156982 35.291977
v 44.812347 58.44312 -18.606934
v -8.954607 61.02712 -19.032043
v 26.679878 -17.44105 0.30502033
v 2.713904 3.7010694 14.47434
v 11.868713 18.995544 25.678253
v 39.35843 63.71711 -8.443798
v 35.658203 63.88148 4.30809
v 25.679241 66.24275 18.34841
v -42.63698 -22.734703 6.9236565
v 54.562073 67.607056 -3.783081
v 20.463745 77.001465 11.243164
v -22.761475 55.298645 29.57544
v -54.258667 69.05722 -44.74707
v -29.803175 -19.859858 0.4412651
v 20.934906 55.402023 -7.808014
v 31.491034 -46.347515 17.014746
v 29.360138 -29.988174 7.7643433
v 34.44523 0.15199852 6.115921
v -21.980309 23.053833 18.27069
v -4.539922 86.08769 -14.263979
v -54.266853 52.3784 -16.193169
v -60.710587 71.42501 -43.32553
v -38.48388 5.4661217 13.127167
v 20.082 54.781586 29.900665
v -1.7490311 59.410713 38.914433
v -24.918312 -36.196533 8.820084
v -48.339428 -52.00148 4.236266
v 0.039822698 6.025689 8.7366905
v -47.631287 -52.881462 4.022278
v -9.47995 88.17966 7.1853027
v -8.4609375 75.999084 33.358643
v -1.8755713 54.530403 -17.848755
v 16.29103 -23.309769 7.61026
v -58.543434 76.02374 -44.43994
v -16.27872 1.0380955 1.9792938
v -53.403038 75.755936 -43.682217
v -11.954151 53.85791 37.066666
v 32.049713 -21.86785 6.13855
v 25.604317 45.75503 10.487404
v -28.505798 3.4443665 24.411469
v -54.06578 76.3118 -43.367374
v 55.785805 61.521545 -26.543762
v -23.193014 -39.11418 14.117523
v -54.99533 76.612854 -43.30435
v 6.813602 2.6546369 17.493263
v -5.9820023 -1.7820854 36.320755
v -13.386719 76.21753 30.92334
v 24.381142 58.637177 24.876831
v 15.359436 24.137047 23.97998
v -16.396996 -5.815547 14.100207
v -11.196777 74.65158 33.468506
v 34.25839 -15.710915 2.951416
v -32.964344 -31.878223 4.890793
v -14.338867 43.50586 34.174927
v 18.059082 64.42517 -11.972534
v -11.451218 25.949833 -1.3355789
v -34.630585 47.027313 -8.144531
v -1.3678894 2.8241882 39.77289
v -16.79558 62.5241 -11.874544
v 16.571125 -16.24363 15.349487
v 52.614807 75.73062 -13.348999
v -49.69612 81.33523 -43.40879
v -1.7578125 80.50195 31.988281
v -36.32836 52.446087 9.678314
v -11.262939 71.716675 34.692505
v -44.05831 66.31187 -6.7242975
v -27.210419 -11.137466 15.640747
v -60.27745 57.155533 -14.77858
v -12.3732395 78.728386 -22.267784
v -9.713989 59.774582 -15.561951
v -41.078995 -28.331482 12.930634
v -28.625504 64.05646 18.680481
v -5.991146 18.03795 -3.5384502
v -28.332752 46.811657 10.426804
v -34.780884 -30.974792 22.578583
v 4.0999146 50.715393 -11.984478
v -31.536573 -32.827038 4.467592
v -48.735687 83.06055 -44.2099
v 35.912704 -53.10388 1.9206543
v -19.227295 71.19806 -8.929443
v -4.03006 12.283242 -3.4654264
v -52.285492 83.72966 -43.94626
v -51.426575 84.04727 -43.549744
v 30.493958 47.470642 11.65564
v -22.847656 56.42633 28.929688
v -46.91487 -48.012222 6.308975
v -49.02645 49.954933 -18.97629
v 36.566452 -49.707863 13.823181
v -38.979645 56.145332 -18.655273
v -35.424088 60.153503 -13.340744
v -7.398786 52.526134 -11.709692
v 11.501862 21.074654 0.91293335
v 31.52716 46.9321 10.680603
v -22.941273 -50.810486 21.999191
v -39.98639 -31.648823 8.52533
v 4.0071716 56.26523 -42.981094
v 9.330465 51.27466 36.794983
v 2.1415977 39.809235 -12.661697
v 21.784668 57.592285 28.833496
v 31.976265 51.81334 14.032242
v -3.4795227 56.4608 -42.689774
v -33.490593 65.63235 -5.7383423
v -2.7610054 89.5672 4.9648914
v 56.399887 55.946697 -18.97229
v 29.620182 -11.677078 -0.9745636
v 9.54595 54.875465 -11.374186
v 33.767403 47.217575 10.562897
v -1.2311707 90.39673 12.654785
v 5.9800262 56.755314 -42.652573
v -52.929047 55.193153 -11.19632
v -5.095993 57.171207 -42.759064
v 17.60373 -41.967327 29.009476
v 6.2384872 57.78289 -43.36032
v -11.805969 84.65721 -7.648346
v 28.83265 -13.635838 -1.7096233
v -60.501698 57.820988 -43.58873
v -58.888382 58.37742 -43.011986
v 62.822937 72.87048 -26.981628
v 17.562424 -16.648132 18.394272
v 34.368217 -13.951279 3.9805603
v -61.456062 58.835464 -43.18238
v -20.120483 7.2999344 25.656454
v -21.22731 42.172764 -8.682037
v -57.967495 58.44544 -42.95775
v -41.586426 -22.752594 16.51123
v 55.571228 83.65149 -23.49585
v -24.457691 -45.206223 16.678017
v 32.298157 6.343605 5.607971
v 22.040884 45.440514 -3.4868698
v 22.940033 40.330658 14.386475
v 31.612026 -29.735226 14.510679
v 29.123781 58.884212 -5.78298
v 28.630013 -11.203134 -0.70834875
v -3.0352554 47.125534 35.83403
v -5.8163757 59.913452 -43.201538
v 25.128754 8.215408 23.6902
v 1.1351852 17.784754 -4.2761974
v 7.581497 82.05696 -10.881798
v 40.829853 50.37242 6.122265
v 61.046265 63.764343 -21.553284
v 6.693451 60.044304 -43.008484
v -21.3079 -21.414845 7.1649933
v 5.078804 56.64071 -15.569061
v 32.19034 3.4813328 3.787506
v -14.930908 21.777876 26.660156
v -33.35795 -2.1638503 -2.0997958
v 25.894556 51.882088 -6.0373344
v 25.14685 -52.099167 -1.8996582
v 47.54387 62.30963 -1.9208527
v 14.113617 48.158325 33.53598
v -24.705208 -51.12519 25.03984
v 34.48264 48.320595 11.094124
v -4.8952026 61.037476 -43.474
v -38.559216 -47.387054 -1.0356445
v 20.988995 91.130615 -22.769955
v -2.658661 31.039099 -9.421573
v -9.387852 81.45686 -10.785934
v -54.58319 61.63391 -41.85498
v -44.706444 49.12468 -4.1898193
v 5.3997955 57.038574 -26.177856
v 43.722603 47.70158 0.9675598
v -23.754211 55.12671 27.877136
v 3.1226807 61.517456 -43.743652
v 34.060722 -47.216835 15.087196
v 32.82068 -22.298447 7.5966797
v 52.621166 50.838192 -12.142921
v 14.960389 -43.653526 24.31951
v -8.825012 36.074646 -11.662903
v -28.45813 11.110779 24.02185
v 45.522095 59.43994 0.5703125
v 42.780396 56.84703 6.0740356
v 10.853516 79.37357 -6.7312927
v -28.166138 67.684265 3.5970001
v -61.98932 64.8027 -43.5343
v -55.128387 63.801926 -42.854736
v -27.159088 -6.252056 -1.0939484
v 54.687668 53.560223 -8.954224
v 30.167725 62.410645 -3.2485352
v 33.804657 -9.370624 4.838379
v -43.85017 -53.015602 -8.476997
v 57.871185 72.28662 -12.735474
v 14.647949 80.392975 -18.321045
v 53.309532 51.721344 -14.993813
v -62.468124 67.254265 -43.631546
v 21.395521 -25.037981 4.943241
v 18.764679 -19.478104 6.156708
v 6.4793396 83.39966 -7.777664
v -42.640198 62.687103 -22.927979
v 24.01471 70.67113 19.291185
v -5.9412537 70.66739 36.42946
v -26.033728 -24.03807 1.8175972
v -47.067898 -45.57589 8.198929
v 50.592697 64.4182 -25.459686
v 5.7480316 83.401215 -8.220947
v -60.77732 70.270096 -42.541443
v 8.802795 44.38739 34.33008
v -44.167053 57.860992 1.8966675
v -51.132553 51.22316 -24.551575
v -25.489624 62.84738 27.205353
v -60.457397 73.18088 -43.23694
v -48.379364 60.12912 -3.2009277
v -52.198887 72.65363 -43.375824
v -2.9242554 46.609726 -13.168976
v 19.270111 -47.789692 9.992035
v 24.170069 66.87906 20.643402
v -20.447136 -26.745668 9.394718
v -59.46438 74.877594 -43.259216
v -37.95299 57.566772 -17.90889
v 23.61752 71.93041 18.891632
v -52.884747 75.566315 -42.863667
v 39.992638 53.548046 -12.874893
v -10.612877 86.76129 3.7039795
v 27.924675 1.156299 -1.203228
v 27.07331 -48.83428 -0.044036865
v -14.807617 70.736084 33.290527
v 58.226185 75.69152 -43.369183
v -40.893566 52.230713 -15.849594
v -39.0575 61.04712 -21.870964
v 16.720276 -10.421494 4.6849976
v -30.254372 -36.53575 5.9372177
v -47.742523 73.70472 -25.847076
v 3.1600952 11.62796 29.173523
v 2.690796 28.337463 -7.866333
v -58.566956 65.77545 -12.685059
v 26.876587 66.41455 11.365723
v -8.18811 77.532745 33.23871
v 30.16687 58.221794 -5.8189697
v 51.259796 50.878788 -16.769623
v 53.90143 64.85248 -1.805191
v 17.6503 -21.895103 6.56015
v -28.07019 -52.85428 25.653625
v -41.612488 60.784668 3.3842773
v 11.75029 85.7543 -25.13681
v -53.787354 78.06665 -43.658813
v -15.136309 -5.499629 12.75263
v 44.51883 63.38379 -17.842896
v 16.9458 -52.862236 21.032227
v 22.168991 72.81615 3.2146912
v 19.245941 10.953934 23.305908
v -35.172974 -36.50881 22.412766
v -49.578217 -47.68914 8.864656
v -53.99707 79.96338 -43.869873
v 22.261513 16.836935 6.2155533
v 19.330887 -6.5018234 -0.78150177
v 51.95263 65.68292 -26.992424
v 12.5211525 77.38382 -20.948702
v -42.4348 -20.971664 6.318161
v 33.27823 -3.0872803 14.78363
v 17.246975 26.807266 10.7931595
v 18.601807 51.301147 -10.782776
v 48.81726 77.352295 -23.197388
v -21.879395 58.2666 -12.427109
v 6.7529297 67.42084 37.447266
v -38.424133 62.789185 5.739502
v -20.016937 40.11795 23.601883
v 4.6422577 55.782898 -26.763672
v 7.7786255 79.86084 30.967773
v 52.20775 80.832184 -43.439175
v -11.52124 9.409302 25.407715
v -34.8928 66.298225 -2.998169
v 18.404568 86.052925 -21.094017
v 52.91622 80.9724 -43.750694
v -16.29306 55.949295 -12.005867
v 54.255615 81.06003 -43.180298
v 12.2247925 18.674927 25.526611
v -45.170174 59.25341 -26.700365
v -32.813107 49.352272 9.985168
v 30.709045 -6.4733887 16.897766
v 8.324005 29.013588 31.605408
v -62.412937 68.31785 -22.61583
v 51.277298 83.54715 -21.787516
v 35.469788 61.081604 10.208374
v -54.84961 81.190186 -42.767334
v 52.266632 82.01181 -43.17569
v 52.407063 81.362465 -43.689255
v 53.30774 81.95563 -43.352173
v -30.554932 -13.650883 0.11584473
v -0.79022217 1.7646484 41.91455
v 51.91504 55.641785 -4.1831665
v -53.54419 82.56787 -43.757324
v -49.611084 82.01508 -43.00174
v 1.9813063 12.103394 -2.3413773
v 26.348587 -30.346558 5.966942
v 28.955841 -24.379148 25.53302
v -45.552795 56.263428 -25.310791
v 11.119135 83.85221 3.2830048
v 45.299927 70.77319 -8.565796
v -53.64144 -49.515465 5.494772
v 9.94149 77.64655 -25.792831
v 57.03955 54.49222 -9.390369
v -40.300636 -15.629701 1.898718
v 0.20816612 55.26985 -42.850143
v 1.1062622 22.485535 31.539045
v -30.458344 13.0772705 21.892609
v 20.9488 75.02759 20.173828
v 0.751899 55.7825 -43.05957
v -1.384491 -4.127899 53.71985
v -31.17802 -18.697529 0.5665474
v 3.242557 56.377968 -43.281723
v -21.94289 25.457853 17.337143
v -14.026224 -3.593198 16.02345
v -21.873466 -19.957207 7.671638
v -9.2895355 62.287792 -18.90749
v 48.68689 79.1672 -22.632019
v 25.366074 10.180351 1.6331329
v -0.9350281 56.848724 -43.283203
v -28.436302 -21.971922 1.405042
v -11.811754 79.11746 -13.848
v -9.696899 28.417206 31.130249
v -21.255798 -29.885468 8.929565
v -39.704605 -22.083347 1.7641144
v 8.767712 83.28471 -26.594269
v -29.018402 -16.818188 1.3715668
v 36.54602 50.669983 10.593231
v -1.5319824 56.44307 -42.488846
v -10.345842 87.46382 1.8584137
v 42.69879 56.555237 -18.35559
v 1.7372799 56.57927 -42.84572
v -22.153992 77.14441 18.831787
v 5.203209 56.41234 -43.085114
v -35.18274 -17.559937 20.711304
v 18.616816 -32.174767 9.018837
v 17.794128 25.68991 17.17871
v -61.011936 58.183147 -42.59032
v -60.4606 57.883842 -42.6532
v -61.213295 57.234215 -18.344963
v 27.489876 -51.92429 -6.2205524
v 39.080185 49.327087 -9.755127
v 14.647537 80.47325 -3.4727173
v -15.921509 23.037445 26.351562
v -59.860054 58.23542 -42.06909
v -5.7901764 58.63256 -43.19156
v 51.78614 54.55322 -4.7649803
v 21.894539 40.251225 9.128967
v 18.075947 37.175373 0.41737366
v 57.522064 64.38806 -26.301819
v 33.84973 -53.484863 9.137482
v -62.17255 60.19005 -42.461304
v -10.923584 75.55481 32.48178
v -39.41001 55.38292 -19.634253
v 14.531616 0.6706238 23.187805
v 36.36356 -51.930374 -2.757843
v -45.46169 -46.74647 3.3797932
v -28.66589 -1.4459467 -2.1462374
v 55.352448 54.36037 -18.379004
v -43.275818 -50.379364 -0.11328125
v 20.52063 71.55167 25.940552
v 35.07376 51.912354 12.478424
v 61.616302 60.21283 -9.850586
v -39.364777 -39.648575 12.407166
v -5.5810547 61.22406 -42.14038
v -37.45955 7.965088 13.756866
v -23.952528 48.1274 -7.845436
v 16.547821 -44.905487 15.71875
v -26.506298 14.285812 3.851471
v -9.2018585 83.05603 -8.617157
v -2.152771 62.433838 -41.82837
v 11.836255 75.36209 -21.32955
v 42.90364 64.37366 -15.7777405
v 59.20465 71.45932 -19.99408
v 32.676147 -19.71901 7.6019287
v 9.249918 74.69916 -25.525484
v 9.155116 85.59651 -5.954856
v -17.554619 79.79077 4.278137
v 31.96445 -18.665424 14.812569
v 32.528885 -6.4023895 14.324799
v -18.773117 77.447556 1.8367615
v -45.869858 -53.34921 2.5841675
v -0.36424255 63.25293 -42.661194
v 39.935608 55.22995 -17.259888
v 2.1009827 62.971497 -42.298706
v 20.32627 77.4086 18.948122
v -62.630592 63.32448 -41.997986
v 2.797577 8.37558 30.544128
v 24.96437 7.7767944 0.517395
v 32.3947 -19.988094 6.6308594
v -62.434547 65.832886 -42.256836
v 40.58268 68.68346 -14.899078
v 34.97123 -46.974167 12.333588
v 2.0145721 5.2524414 23.510063
v -34.43299 52.59778 10.279434
v -14.162376 3.8507233 2.6183243
v 62.715042 63.871155 -10.529846
v -1.1307373 -6.8186646 53.591797
v -48.385643 -51.12224 4.4114914
v 27.043823 -47.132477 24.771606
v -46.912975 67.604675 -10.665955
v -8.797672 53.573204 -12.066338
v 29.750946 -39.44664 23.499817
v 13.936668 6.1313267 0.18120003
v 38.550507 -52.996063 6.1736107
v 36.60907 52.76924 11.35791
v -47.71301 49.814156 -18.416044
v -27.509262 71.12111 0.6935425
v -17.563148 35.63112 -1.9475555
v -39.083115 4.31489 8.715828
v -24.929861 -44.411243 17.57778
v 17.486298 31.167542 21.306335
v 42.01366 67.03713 -7.7145324
v 31.766016 -47.204086 6.517004
v 20.257856 -52.37602 4.0854588
v -19.24997 88.02402 -23.669989
v -6.8458023 3.9763532 16.350029
v -37.1373 -17.821804 -0.7284546
v -30.635975 -7.3937683 18.596146
v 22.931242 -38.541718 13.482567
v 18.083527 27.155964 16.490051
v -26.142998 16.616425 7.9454956
v 58.860977 74.48793 -42.79542
v -24.485611 12.851724 24.226633
v -58.897995 75.48313 -42.962555
v -26.059967 -52.144627 14.03067
v -34.126007 54.68982 10.734497
v 9.054859 38.250088 30.991325
v 57.43715 75.41098 -42.628326
v -31.434906 -17.624756 -0.43370056
v 27.570679 -52.251465 3.7742004
v 13.955414 80.036285 -2.6660156
v 49.662254 72.826965 -8.686584
v 18.180176 -30.757038 7.931291
v -38.473755 -3.430893 14.499512
v -45.95807 51.639343 -1.9202881
v -57.658585 76.14484 -42.715637
v -53.3828 76.320076 -43.061222
v 57.64351 75.7225 -43.172348
v -27.229239 5.0867157 -1.7655983
v 58.64502 76.16797 -43.170776
v -56.84184 76.66383 -43.02246
v -8.186279 68.402954 37.145264
v -0.5710716 84.56946 -19.442627
v -22.854076 66.02994 -10.549726
v 57.350933 76.51548 -43.041946
v 6.4972687 35.331116 33.489746
v 58.653107 76.756226 -42.679016
v -61.29519 67.41517 -26.732983
v -55.95826 76.865326 -42.913376
v 59.11624 57.914307 -15.0425415
v -17.931847 23.541681 4.293406
v -54.366257 77.01871 -43.02038
v -53.49121 76.91841 -43.08421
v -33.711853 1.3907776 -1.9351196
v -52.483307 77.00954 -42.728027
v -35.71469 62.81201 6.963867
v 57.63884 76.758896 -43.049026
v 6.9535294 28.56075 31.750446
v -55.408936 77.41739 -42.618744
v -3.498993 51.415787 -12.798813
v -14.397703 74.13805 -17.387955
v 53.73148 53.356712 -7.227768
v -34.493996 -46.474106 0.82647705
v 40.362144 61.817993 3.5488281
v -23.63272 64.378235 -11.485485
v -35.8766 -45.78322 1.3862915
v -51.46808 78.24951 -42.777588
v -35.0271 -53.014984 22.515503
v 31.412186 48.78183 12.568466
v 5.9289904 58.32248 -19.121956
v 38.990356 63.119286 -10.2135315
v -40.897766 -49.63922 -6.6035156
v 52.866196 80.32277 -43.232178
v -37.86841 65.53952 -10.536682
v 16.573656 35.102905 2.2709045
v 22.26231 -10.844108 -0.39761162
v 51.797676 81.17654 -43.01951
v 10.873611 -4.1185303 12.7895355
v 38.939377 45.580357 -3.971222
v -9.54114 37.250427 -12.762506
v 25.305477 66.969826 17.281105
v 58.374573 81.15692 -24.99121
v -6.347168 67.4137 37.872803
v 11.863205 -26.543648 13.364319
v 54.538574 81.95422 -42.660645
v -43.48828 51.84326 -22.272339
v 26.339539 -44.542133 24.910583
v 2.5054917 3.5286243 27.60019
v -34.397762 0.314383 -2.241628
v 48.796776 56.435417 -2.2753754
v 17.102118 81.26934 17.95388
v -21.868805 -20.76399 13.734436
v 11.997574 77.2449 -18.851196
v 39.12049 53.950153 -14.6009445
v -4.5245514 89.44739 -5.36438
v 18.228897 26.269028 14.882996
v -24.947056 4.963654 -1.6970263
v 22.042557 -9.112375 -1.3612595
v -53.424805 82.879944 -42.501465
v 34.562622 -51.800537 -2.443695
v -0.14804077 88.861465 -3.9299164
v 36.197952 46.689148 -7.06781
v 22.914581 -20.347158 3.1296768
v -49.98358 -52.135284 0.18481445
v -19.99538 42.789112 -10.823788
v -38.657837 53.724625 8.600607
v 19.703953 -22.181713 4.42017
v -6.8869896 22.332794 -4.2775135
v -5.815094 -8.171753 57.00647
v -34.053947 -23.567627 1.345248
v 16.20374 32.509815 3.787857
v 2.740792 55.287422 -42.21151
v 3.3569717 55.128235 -42.109833
v 38.218285 49.866074 8.259384
v -2.6498928 56.43919 -43.112526
v -49.528084 50.392677 -20.081451
v -36.24829 58.010895 9.932861
v 45.061157 60.74597 1.7497559
v 14.045532 70.24875 -15.446899
v 3.708767 55.75113 -42.35501
v -40.32718 -27.76767 5.3456726
v 40.515987 51.699135 -15.154076
v -17.017822 24.981323 25.692993
v 27.252258 -41.712517 16.026978
v 24.942905 -29.753891 6.2899017
v 52.8953 55.227547 -21.78366
v -16.92287 79.64084 1.0187759
v -6.567959 88.90497 4.327118
v -12.097031 78.86621 -12.738586
v 31.501225 -9.13703 13.308813
v 61.718548 68.15555 -26.02449
v 18.408096 -30.694572 28.076393
v -23.88916 68.69397 -7.3378906
v -33.127197 -46.204727 4.778778
v 0.33947372 2.597702 27.24916
v -61.883244 57.35706 -20.21939
v -23.228058 -17.49015 7.6138916
v 28.930054 -47.325836 5.1035156
v -58.39591 58.1873 -41.35858
v 8.74176 48.01935 36.296234
v 27.841173 -14.217984 -0.964295
v -16.052612 71.2658 -16.695679
v -24.883745 1.3376465 24.892975
v -22.649532 56.100616 -11.885178
v 13.441895 24.43631 26.6792
v -55.871887 59.62404 -42.491333
v 7.138748 59.63836 -41.95636
v -13.363022 47.815952 -15.281507
v 4.336563 56.728027 -24.523102
v -24.060516 -29.652805 19.650826
v 13.841957 69.065506 -16.412506
v 10.365204 41.13582 33.09906
v -62.467724 61.24446 -42.59429
v -25.446472 44.30002 19.76941
v -28.637175 -33.9493 5.0345974
v 6.6035156 60.769257 -41.62439
v 61.372192 62.35524 -19.581665
v -15.183044 83.19976 18.929932
v 4.1833496 83.16878 -19.359009
v 4.687256 61.33838 -42.707275
v 18.73851 69.19449 29.866104
v -18.452509 -7.794764 14.4997635
v -20.947266 11.728149 25.374023
v 11.626648 85.15257 4.949341
v 21.139378 15.536105 4.376295
v 26.871582 -53.446136 22.93164
v -16.182434 66.70756 -16.838379
v -28.140717 12.668121 3.066513
v -42.880146 -17.326286 6.9179993
v 28.080627 -52.06375 -1.0678711
v -9.413948 85.66501 -7.8313828
v -30.71482 -52.717583 20.7164
v -17.803684 -7.104328 15.325539
v -11.552567 59.15844 36.80284
v 12.356689 89.86279 -27.685059
v -7.363117 74.56549 35.156982
v -9.106033 7.4349403 22.44873
v 20.268066 22.001831 14.858887
v -1.1122894 62.928925 -42.65808
v 13.086914 83.65112 19.668945
v -34.08185 58.45047 10.562683
v -28.351002 -19.655502 1.3784676
v -14.05249 59.86977 -13.073425
v 20.587051 -47.443558 4.463135
v -41.09669 -30.29551 14.55014
v -7.468628 57.504013 -16.7529
v 49.686462 66.793106 -24.597748
v 10.582336 4.5192204 1.4425354
v -45.57965 48.2938 -8.664017
v 16.850342 77.28711 26.014648
v 34.427902 -53.45966 16.902283
v -52.981495 51.02622 -21.568268
v -16.572937 26.058151 26.063965
v -53.62437 64.92459 -41.31836
v -53.287796 66.47308 -41.584167
v -6.2994537 40.45929 33.598602
v -11.071457 54.49109 37.890533
v -2.0745583 80.9848 -24.101074
v -44.9411 -53.03676 1.0910645
v -13.40224 78.33129 -7.697027
v -35.939636 7.7404175 17.291992
v -3.2555504 27.95224 32.076904
v 6.3908615 74.55231 34.37213
v -43.74002 -51.931202 -5.116686
v -53.028915 72.58008 -19.99121
v 32.541992 -19.210997 5.860003
v -20.88151 29.065187 16.55635
v 12.327909 -30.686625 18.566368
v -43.29297 61.609375 0.9295654
v 61.761185 74.63701 -24.7164
v 62.700012 64.30317 -16.033081
v -24.76516 51.721222 26.255127
v -6.816667 11.063711 -0.049118042
v 8.719694 80.42184 -10.168442
v 2.4369187 -2.5090637 36.121544
v -0.7438793 -5.5582886 43.771023
v -23.250488 -49.4359 17.97519
v 29.970062 5.9800415 2.338501
v 1.751236 89.50137 15.063721
v -44.837532 70.544785 -16.951233
v 14.450408 -10.376127 15.402311
v -31.682056 -53.171074 5.8274155
v -8.034928 14.186663 -0.93398476
v -42.707905 -16.035255 7.793079
v 57.74724 74.800385 -42.288452
v -1.7705002 90.13666 6.307007
v 59.594055 74.95067 -42.60913
v -20.83628 -27.146362 11.772675
v 26.438858 7.9945374 1.1000366
v -46.792137 51.288696 -3.0432434
v -39.51477 65.28256 -0.19677734
v 9.565796 65.93964 -26.97583
v -11.909924 0.8364258 20.027702
v 34.740273 -51.749084 3.4503326
v -28.945091 46.37377 8.138672
v 62.268753 68.94492 -27.039452
v 14.019257 84.1051 -17.526733
v 60.142212 75.79756 -41.84607
v -51.74475 76.9976 -42.071274
v 57.29682 76.34811 -42.33777
v 13.729004 25.91188 27.428833
v 11.2447815 83.78409 -16.21347
v 8.571678 88.811325 -22.576538
v -15.160645 84.42093 17.917236
v -26.279694 56.757828 -9.468613
v 10.867835 85.84575 17.99347
v -5.6849365 -5.161133 55.528076
v -55.140785 76.99319 -42.76946
v -35.94435 66.31777 -5.000061
v 34.044098 -48.779007 16.338684
v -43.03543 56.822342 2.7983398
v 57.400097 76.83941 -42.505768
v 0.042491913 -6.1055923 41.991066
v -35.898132 -35.365906 22.36023
v 6.0032816 83.786606 -17.15506
v 61.43985 66.26944 -21.398987
v 33.208267 -2.8015213 1.6290894
v -24.73021 -16.419632 6.973419
v 28.931183 10.937973 5.6273193
v 30.050354 60.88269 13.358398
v 34.803223 61.163208 10.991333
v 57.82103 77.03733 -42.427963
v 19.001251 -22.647518 5.4536743
v -56.067627 77.556274 -42.217712
v -2.727145 -6.498109 41.891052
v 30.396038 -44.808872 14.197643
v -19.17162 -2.4015808 2.6468925
v 32.945984 -23.8696 7.891983
v -51.083294 77.895065 -41.410553
v -42.006958 -22.19934 9.421143
v 16.553833 -43.794067 17.439575
v 25.885323 47.704956 14.470551
v 19.378784 69.84552 28.79358
v -0.94915986 7.4969807 14.297797
v -22.912506 -34.67572 10.942261
v 54.29187 80.01299 -42.879333
v -22.771423 -38.1331 13.803787
v 49.96443 54.088272 -22.627853
v 52.58879 80.38725 -42.811752
v 23.985764 13.592758 4.188324
v 16.674072 -50.257202 14.987793
v 62.566208 71.29942 -25.241882
v -30.442806 -34.332985 23.14716
v -27.095646 43.17305 14.834717
v 14.104973 -30.920372 23.539856
v -31.240479 -12.137091 -0.017333984
v -39.434708 -41.885124 10.978668
v 12.700287 -29.003052 13.40094
v -3.0306396 75.37512 35.677246
v -10.718323 10.4591675 26.971313
v 11.879622 -6.820489 13.821092
v -42.6429 -16.961885 4.196083
v 31.89606 8.998222 8.451813
v -31.479218 45.6727 1.0896606
v 17.300182 -10.69932 2.5916977
v -49.865288 81.73664 -42.388176
v -50.274227 82.114586 -42.43123
v 51.64692 56.763153 -24.815643
v -3.3221397 89.12671 -8.036499
v -18.360641 71.56055 30.166687
v -25.241943 -15.579727 6.5844116
v -10.835922 86.43417 -6.9642944
v -14.851227 19.424469 0.14097595
v 1.2540588 66.35895 38.572296
v 18.593018 78.81433 12.638611
v 28.883263 -5.7970276 -2.2806625
v 62.391037 62.747902 -9.45636
v 42.853027 60.1392 -16.541672
v -50.62656 83.63846 -42.901306
v 1.4836426 58.753017 38.715553
v -21.840378 -4.906894 1.771841
v 24.928497 -47.18254 4.3013
v 34.222992 62.57556 10.203613
v -7.5706177 88.976814 -6.5629272
v -41.927982 -25.06583 12.230148
v 39.50435 66.399475 -13.410004
v -13.376297 51.239502 36.75937
v -24.550892 -11.023215 15.46168
v 0.4305031 54.917637 -42.320435
v 23.480406 -2.5753973 -2.5818214
v 15.395538 -38.38761 27.323929
v -36.32312 -8.415237 14.63562
v 15.478516 69.507225 -14.1935425
v -24.53183 49.7446 26.005463
v -2.7099876 55.009323 -41.58484
v -2.1286736 55.321465 -42.09471
v -18.843994 88.002625 -24.526062
v 18.670288 67.58024 -10.750427
v 15.352623 -12.190737 11.921165
v -40.480835 56.991516 6.1608887
v -30.05088 62.755524 11.343048
v 31.715836 63.272125 10.23358
v -3.7926483 55.918472 -40.8609
v -39.454 48.77603 -12.282593
v 50.650116 51.401917 -6.537491
v 1.5645657 55.7825 -41.815125
v -43.849487 52.766434 -24.271698
v -16.506348 50.995605 -13.933105
v 21.587952 -46.251953 4.5427246
v 4.184952 55.970642 -41.039337
v -33.52295 -47.16484 2.4980469
v -6.7114887 18.154715 -2.8637676
v 18.400665 70.21512 29.604065
v 10.540131 37.19348 28.939178
v 5.996868 56.697403 -41.02263
v -2.3719482 48.00638 37.61772
v 55.79239 74.592514 -16.780266
v -13.257111 76.10687 -19.061913
v 24.989752 70.230286 16.393494
v -25.653534 0.2421875 23.969894
v -5.7410355 57.671852 -42.47998
v 38.568264 63.1766 -11.17841
v 23.88359 64.029724 -4.335022
v 15.023926 72.302704 -12.621826
v 48.783474 75.91029 -19.409061
v -60.495716 58.66726 -41.082764
v 45.39676 63.62451 -19.190186
v -12.993137 61.14543 37.203274
v 45.93112 49.234665 -13.626404
v -29.76001 63.409554 11.788559
v 21.294697 -36.140564 11.768143
v 4.8291397 87.695694 17.605957
v -6.4175262 58.72222 -41.404358
v -61.173367 58.82499 -41.613464
v 27.39801 -45.854713 24.259277
v 16.911053 35.393112 1.152832
v -6.2321777 60.05242 -41.865967
v 12.491764 -50.48751 23.212349
v 52.5322 51.500046 -9.639648
v -42.09062 52.347927 -19.730667
v -40.652588 -29.33545 18.507568
v 30.664307 63.42871 11.108032
v -30.590828 -31.825432 3.8809166
v 30.06302 -5.489252 -1.336637
v -7.7731915 23.883736 -4.9620714
v -55.62805 70.14386 -17.300537
v 28.176079 -24.804333 3.2317562
v -62.801636 60.972404 -41.021866
v -42.902664 55.839172 -22.671127
v 23.266909 8.376037 0.014918
v 5.931259 85.88916 22.646667
v -43.133183 -51.57587 -3.868983
v 12.76466 -3.8506165 3.5456696
v 0.9427643 60.799408 39.30722
v -38.068604 -36.60431 20.707703
v -0.01682663 28.633781 -8.450928
v -32.766846 -52.33986 24.516724
v 28.15335 64.94287 11.529297
v -55.905968 -52.545753 2.7535553
v 21.385689 50.660156 -7.055725
v 33.325974 -23.020042 8.7074585
v 27.525936 45.01233 6.755493
v 35.091675 -5.990982 9.114624
v 31.37381 -30.909004 23.464203
v 28.850534 -38.506256 14.65229
v -48.981 52.959583 -3.4042664
v -9.944794 86.433105 20.580078
v -61.391792 58.33088 -26.013811
v 3.821537 6.3097086 25.724014
v 32.990627 -46.560543 16.07283
v 18.552025 57.25069 31.304459
v 18.388653 0.855437 24.487568
v -27.78344 -22.380795 21.171234
v -1.071677 4.143478 37.498356
v 42.744194 71.59938 -17.207512
v -24.714226 -41.811234 14.729523
v -54.653015 63.56703 -41.36963
v -30.721832 46.008667 -1.095993
v 10.61084 84.5961 -6.0581665
v -42.693848 63.08812 0.107177734
v -4.6638184 67.99939 37.380493
v -52.662216 70.967224 -16.5531
v -31.533401 -52.227943 5.4614105
v -29.452595 60.664154 13.711761
v -31.704117 4.5725403 -1.6470337
v -9.003952 82.89307 -13.921082
v 20.977554 -9.3164215 -0.70315933
v -42.737732 -14.596167 7.228033
v 35.4765 -52.80957 15.156372
v 34.767487 -50.60253 16.762589
v 38.249905 45.985916 3.4103699
v 26.612965 -47.403137 5.5341187
v 27.983887 -9.849182 17.393433
v -62.011932 68.65958 -41.6427
v -40.40045 58.285126 6.1540527
v -53.72885 67.89584 -41.89215
v 41.459152 48.09546 4.0863647
v -17.20935 47.89746 33.766113
v 17.07633 -23.703623 24.520763
v -28.14906 -36.530632 6.312687
v -20.607224 32.27356 17.810059
v 16.284424 27.463287 22.894531
v 32.136185 -47.478516 9.955139
v -52.388336 71.13147 -43.51245
v -32.44082 -33.943653 4.5108814
v 24.127884 -28.045898 5.3379097
v -19.168 55.612953 34.446045
v -30.856567 46.687958 -4.9995117
v -61.19673 72.13739 -40.3183
v -23.293835 -11.65949 10.768457
v -18.36029 72.21091 29.580017
v 32.5963 -25.796553 9.3172
v 17.574518 31.520416 10.183695
v -40.012917 65.78207 -3.8497925
v 10.113781 74.292145 -23.36531
v 53.313004 83.1991 -20.503754
v 25.902344 7.1020927 23.316711
v -53.28705 71.470764 -18.278076
v 52.076607 75.97458 -16.770874
v 47.211914 55.65663 0.12475586
v 58.096428 74.77954 -42.961517
v -17.05159 72.00195 29.902344
v -52.19657 73.85514 -41.908386
v -6.6083174 88.71801 17.631989
v -22.06363 62.9505 -12.713867
v 20.017334 95.66553 -23.548096
v -7.8078003 86.15873 -27.349915
v -4.2010803 55.3273 -16.012268
v -46.822033 68.42016 -11.785182
v -46.846 63.691788 -3.657767
v -29.640808 -53.483063 24.759094
v -28.901749 -13.848828 16.279037
v 40.661133 54.498947 -17.557007
v -17.49466 79.58827 1.7909546
v 10.309767 16.436136 -0.6621126
v 26.379211 -10.61496 18.643219
v -43.378296 66.6839 -25.14038
v -32.408234 64.91153 -7.3707275
v -40.033813 -52.950623 -5.5511475
v 41.816986 46.791107 1.9090576
v 18.55524 79.587234 15.500122
v 26.43372 -24.634354 3.2950287
v 10.459238 76.75697 -25.263382
v -52.157402 -53.371387 -4.3563538
v 11.431793 84.81253 15.94458
v -57.486816 76.580795 -42.172485
v 20.5787 -39.74729 14.43173
v -13.638824 86.60249 14.070984
v -57.15796 77.52893 -42.157227
v -9.104248 90.225586 -21.041626
v 29.187012 59.607834 -5.8868866
v -48.97418 72.05249 -19.574755
v -11.025192 84.10803 -23.79181
v 9.388598 -2.6137834 14.569227
v 16.442942 -14.0858 7.834564
v 22.621315 -22.966187 26.353592
v -56.169617 78.62109 -41.819458
v -4.7365723 87.04297 22.222656
v -14.409302 27.11267 28.820435
v 8.769806 31.885359 31.0867
v 15.957672 72.59972 29.302307
v 9.464142 43.16986 33.799515
v 60.32422 63.875183 -6.611328
v 22.189552 -5.816078 21.290749
v -49.914345 80.70654 -42.317017
v -2.607727 67.96185 37.701187
v -52.96765 68.931885 -13.861084
v 5.6196785 36.584824 31.658646
v 26.16993 58.750202 18.094147
v 54.659668 79.019775 -40.684082
v 23.575943 70.7094 0.7404022
v -6.6897717 -9.2956085 56.024643
v 17.73999 74.47168 27.799683
v 33.733006 4.6071115 10.502617
v -35.404907 -33.666725 22.289673
v 56.02588 80.02368 -41.756104
v 36.574463 45.9774 4.1651154
v -26.507812 6.377548 25.540176
v 38.671604 59.16926 -15.810188
v 55.998047 81.0014 -41.899902
v -39.76494 62.057056 -21.919178
v -11.229126 26.88691 30.799316
v -28.569962 66.24485 2.2235107
v -2.4435997 47.568558 36.28305
v -22.249146 19.915161 21.339478
v 52.515564 81.67544 -41.458252
v 10.844299 9.560669 26.253723
v -5.9038696 55.38623 -14.428673
v -6.1859665 89.61662 3.1080627
v -23.882385 61.306274 -11.705444
v -18.23703 -2.1228027 22.245483
v -15.117509 80.909615 -21.419207
v -3.81958 88.041504 20.618164
v 0.8408737 47.255844 35.24699
v 14.959839 -27.97969 8.951233
v 52.67823 82.38403 -42.53153
v -16.27904 73.44318 28.921143
v -8.621382 16.277725 -1.4088259
v -62.48562 58.105316 -21.66513
v 14.9637375 -21.850494 20.346878
v 43.566208 66.15576 -4.8546143
v -16.479675 68.64269 -16.656612
v 51.260147 73.25354 -9.595459
v 49.06064 74.328766 -23.088928
v -28.47351 70.420166 11.086548
v 11.895626 16.337286 -0.6243715
v -10.526367 50.953186 -14.345459
v -1.9883614 54.629223 -41.17198
v -41.462883 69.01912 -20.797928
v -0.110388 54.806602 -41.548313
v -29.253632 14.654053 20.865662
v 23.97844 72.6111 12.4711075
v 27.770466 60.592163 -4.8530884
v 33.019222 -17.467865 7.9091187
v -57.906116 54.859936 -21.796696
v 33.60724 60.471924 12.142212
v -4.265848 -3.477686 38.28667
v 15.216797 3.6106415 -0.50927734
v 10.065363 80.49155 -14.090208
v -10.525833 39.942665 32.988235
v 13.056152 91.26636 -19.859741
v 57.647896 56.734097 -19.523714
v -29.644888 -21.98038 1.3281221
v 52.75464 65.99522 -27.371162
v -48.714905 55.62844 -4.9116287
v -5.8115797 -12.140483 56.543625
v 0.8967743 6.3856354 4.9035034
v 28.60556 -42.411804 22.558838
v 5.048828 79.54474 -25.273071
v -35.144104 54.348724 -14.303772
v -45.443886 65.36261 -8.621643
v -24.044035 -12.720944 7.884214
v 25.971535 -22.226496 2.5280302
v 15.261169 70.41243 -14.208008
v 2.119669 84.00191 -16.971985
v -8.642189 33.625664 -6.704468
v -24.729088 -53.597374 22.156647
v -5.852089 28.93734 -8.044464
v 48.108456 60.024063 -1.3614197
v 36.44287 -52.014862 12.88623
v 8.451607 88.32037 -23.749878
v 8.709778 70.68278 35.842514
v -39.870674 -35.51021 13.343487
v -42.148773 -8.484955 1.3987274
v 31.344025 -9.144165 14.03125
v -6.649887 54.786987 -14.044968
v 1.5457611 37.741837 -9.740982
v -20.601456 26.989876 8.493137
v 40.190853 68.86012 -14.610127
v -42.16555 -52.26158 0.2616577
v 28.025032 -45.002945 7.779419
v -19.772411 34.086227 17.953423
v 23.221313 -51.718895 0.33917236
v -6.078247 62.00151 -40.609497
v -13.198664 84.53942 -5.340378
v -15.410889 74.30136 29.806946
v -47.957275 72.24313 -20.226868
v 6.313965 61.51294 -40.809326
v -62.87902 63.307407 -41.00934
v 21.686188 46.152878 -4.8312683
v 18.031273 4.823892 25.320417
v 13.411328 7.6899204 0.91507006
v 25.525497 -52.74553 1.550293
v 24.684662 -52.21135 25.867294
v 43.208282 63.721733 -16.694717
v -0.598371 -6.312691 46.483498
v -33.639465 65.09346 -8.345032
v 24.01529 12.115997 2.237259
v -3.9494781 41.46402 34.473564
v 9.877319 51.352783 -13.421143
v 31.149193 -20.78521 4.723526
v 23.206573 -2.4011536 23.099045
v 26.665096 66.03667 13.786652
v -16.444397 26.03247 3.585205
v 10.090765 67.09194 -13.283325
v -1.1902771 48.027176 35.715454
v -24.052277 -6.955208 1.559555
v -46.971954 -46.970154 -0.26287842
v 25.111801 -39.625793 13.493118
v -37.36432 46.415436 -2.3854218
v 15.300659 75.24542 29.544739
v -32.924637 -49.981842 2.6003113
v 23.37033 72.39343 10.308899
v -4.135334 -6.319871 46.26584
v 54.818832 78.77286 -18.259377
v 2.334961 63.740578 -41.12903
v 56.97809 76.866135 -18.76654
v -19.386444 63.833984 32.423798
v 21.336548 16.27919 5.509918
v -62.648838 64.54916 -40.415222
v -5.7040143 4.828209 16.214912
v -39.533684 -13.386719 -1.7106323
v -37.91797 0.3103943 0.12683105
v -25.568644 72.854515 15.829712
v -62.681286 65.55064 -40.92633
v 29.729156 -27.271423 6.6262817
v -62.351475 66.90999 -41.63733
v -24.233932 -11.107178 5.596924
v -27.230698 -24.042011 1.7286243
v 52.660034 72.5058 -9.51001
v -25.746744 72.99137 -1.392434
v 51.856308 53.29739 -6.073887
v -38.555725 4.0796204 12.959045
v 13.153198 27.889357 27.81543
v 33.229332 -21.156145 8.365768
v 40.94191 47.347473 -6.331421
v -40.72236 -6.3078775 3.5002441
v -60.858925 70.165306 -41.44165
v -51.997105 73.14937 -20.415771
v -27.896683 66.58642 -3.5490112
v -38.616875 -8.289047 -2.9553947
v -25.225006 74.26816 10.815735
v -60.968292 71.74841 -41.561523
v -52.36691 73.24032 -42.421463
v 0.920239 41.03454 -11.748829
v -60.860886 73.25209 -40.33197
v -16.404297 -6.2173767 10.569321
v 12.513081 -51.700153 24.375195
v -0.46736097 -6.1557426 40.88208
v -18.109085 46.9162 32.54306
v 13.796295 -38.03956 22.83939
v -20.453165 78.70994 10.166409
v -24.964294 74.82335 11.105713
v 14.563965 43.77456 31.528687
v 20.468903 73.70468 -1.4328766
v 60.64859 73.795044 -21.793152
v -51.270844 74.28621 -41.09738
v -45.921936 48.33955 -7.777725
v 49.265896 60.775932 -24.802246
v -59.825436 56.229095 -23.05688
v 33.384785 45.80835 -3.8894653
v -23.228882 -52.789627 19.727005
v -59.958496 75.31556 -41.712433
v -40.18512 -41.26706 15.739929
v 13.745483 -53.06482 21.672546
v 25.321594 -43.414886 12.559265
v 57.549217 75.55637 -41.69458
v -40.98543 -16.793884 15.081726
v -46.088875 68.78756 -13.292003
v -3.6820679 15.528603 -4.3066177
v 12.247711 63.63246 -10.883087
v 22.198547 74.424545 10.639845
v 8.901001 87.253784 -25.713623
v -34.571198 -45.47348 22.943481
v -34.90425 -40.310776 8.197617
v -60.987503 68.40015 -25.352222
v 30.884186 4.2190933 18.151306
v -10.853638 86.19421 2.8363495
v -3.6394653 -9.426285 57.401123
v -40.72989 -48.981293 -5.3305664
v 33.44809 -23.552729 16.189407
v 59.92163 76.39754 -41.440918
v 0.6236973 -4.729845 44.645687
v 21.767664 72.36227 1.7804585
v -21.53183 45.958496 -10.754395
v -29.722763 61.46796 16.176453
v 19.834778 46.513855 -8.99939
v 12.709256 66.787384 -19.233278
v -49.018555 61.259033 -7.1262207
v 31.168457 58.92073 -6.8712463
v -23.139954 70.36426 -4.3203125
v -57.95198 77.942444 -41.16748
v -27.661377 -53.267273 13.400635
v -16.407715 28.952934 26.49768
v -6.1313477 68.66394 36.602783
v 12.827112 69.535286 -21.229218
v -38.245163 47.57499 -9.418549
v 29.034777 -51.664795 -3.2699947
v -4.4458504 28.77761 31.80075
v -23.554932 15.311188 3.9053345
v 21.33689 -1.9698994 -2.259579
v 33.26917 -12.010956 4.782837
v -10.422821 85.352554 -7.9166565
v -27.649261 -9.9088745 0.703949
v 6.5252 70.83734 35.9328
v -14.716466 56.685287 -12.661345
v -50.56024 79.59204 -41.4563
v 3.8286371 18.80172 -4.1275864
v 27.141907 1.1084609 -1.7487183
v 10.696266 85.2492 4.08165
v -45.158844 58.035522 -26.369385
v 2.4826698 11.631352 -1.5282001
v -54.325424 82.04903 -42.407913
v 14.892647 5.0298834 -0.07016373
v 44.58487 61.116364 -18.637054
v 21.930729 11.064087 0.60961914
v 33.103546 58.881287 13.543274
v 32.12262 -0.3743286 16.662231
v 52.239246 82.05577 -42.170944
v 56.525513 81.86534 -40.921875
v 30.545898 -53.361107 20.37207
v 0.934433 85.5696 -13.83786
v 8.116151 27.432238 31.312616
v -22.042572 -22.900185 15.269104
v 8.404669 59.434444 -13.695129
v 48.678864 65.947044 -23.312988
v 54.86035 82.68344 -41.615845
v -16.21167 66.62805 34.449463
v -5.43869 22.46048 31.560509
v 9.644226 72.972534 -25.996826
v 39.16406 61.943665 -7.2320404
v 16.595123 73.00293 28.689697
v 22.107727 8.229736 24.48413
v 53.736877 82.65257 -42.289124
v 17.786148 -8.58511 1.2299194
v 30.757145 -32.252678 15.176657
v -29.173683 -41.68641 9.279148
v 2.6913872 54.346252 -40.88784
v 60.752525 74.42585 -23.339996
v -37.47828 59.53797 -15.640167
v -50.23291 57.15615 -7.6066895
v -22.06926 24.227276 13.651978
v -1.399448 55.006596 -40.93896
v -34.994263 -52.805115 19.43396
v -42.258972 60.481354 2.184845
v 0.500824 54.652466 -39.60498
v -47.193817 63.077766 -6.5620117
v 13.392738 -28.968231 21.511734
v -0.8411732 55.294266 -41.22464
v 1.165156 55.231487 -41.078594
v -59.164604 71.36111 -25.799198
v 56.26831 82.592285 -25.208496
v -21.979156 73.489655 -4.250458
v 13.923737 -24.533813 9.250092
v -42.51046 -22.793575 6.25473
v -45.098175 66.296844 -10.421082
v 17.53659 76.27653 1.27211
v 3.6881714 80.37872 -24.271729
v -15.043034 74.62998 -12.972702
v 5.3235273 56.301277 -40.906105
v -5.146982 57.0019 -41.4684
v 0.1849823 24.62946 31.304253
v -33.55609 4.419922 -0.70996094
v 6.63992 57.317024 -40.055958
v 16.052704 -12.512886 7.0381775
v 7.039588 57.813705 -41.647774
v -8.442247 40.22404 -14.286362
v 20.808815 -16.211288 20.605316
v -20.523087 5.1240044 -0.90434265
v -17.947136 71.316864 -9.702515
v 36.646667 -53.389595 -0.36791992
v 18.559753 96.2027 -26.662903
v -35.9163 49.741142 8.40218
v 22.161316 66.12335 -6.1833496
v 15.626255 78.97189 0.9927368
v 21.32312 72.30973 0.002293
v 36.61773 58.09173 -8.90099
v 7.718394 60.93132 -16.243242
v -22.36708 -9.615597 7.0950623
v 34.63199 -4.184697 4.6150208
v 21.317902 12.358582 21.644958
v 23.400734 -22.395752 26.099487
v -47.65596 61.11113 -5.1684723
v -40.416065 -46.618073 2.85672
v 6.0846653 54.541847 -13.363483
v -24.750778 72.44663 -2.7976532
v 46.751957 75.51894 -15.786789
v -13.854233 -2.1121826 10.786942
v -55.47916 -51.913727 2.151646
v 9.503113 64.055664 -21.914795
v 23.828003 45.012695 -0.86816406
v -39.94763 -22.850435 3.4381561
v 48.045013 67.88428 -4.644165
v 17.898354 -6.3737793 20.985825
v -19.90757 89.66074 -24.488184
v 23.192505 -42.48387 28.464172
v 26.873573 -43.753765 13.191284
v -26.73336 72.10573 1.34552
v -44.416534 51.196243 -15.8405
v -31.854446 -42.742928 8.615982
v -10.786362 14.38681 27.563774
v -24.952423 -21.00824 2.4971619
v -50.620483 69.72803 -14.031494
v -22.769953 -52.153114 19.37737
v -23.347137 -8.247536 3.1413574
v 34.8057 -0.3865533 9.303085
v 1.9620972 87.311035 22.47998
v -2.1782608 63.52585 -39.565674
v 50.594593 63.680614 -1.4306183
v 12.796455 70.46344 -19.842468
v 18.200031 79.90824 11.7881775
v -3.45887 41.195908 -12.830322
v 7.2533646 2.8183327 7.445236
v -46.884766 -53.063843 -2.0859375
v 10.476074 46.640816 -14.290146
v -48.52237 -48.476074 5.6380615
v -31.143158 -15.8122635 0.41827393
v 4.285614 87.29785 21.474854
v -5.9916887 6.9873285 25.196938
v 11.784832 76.65048 -10.619736
v 46.476715 64.440575 -20.629456
v -34.391968 61.8613 -13.402786
v 47.454407 65.50177 -21.390137
v -0.17023468 64.03432 -41.610382
v -22.335499 -51.86493 20.560635
v -24.986115 54.569584 26.553268
v -13.368431 56.18746 -12.806938
v -52.24475 65.7262 -38.803467
v 39.35592 48.859474 6.860138
v 11.937317 28.829256 -0.32107544
v 18.907852 69.59568 -1.9430542
v 17.636637 80.655235 11.727753
v 13.45797 -47.46318 27.307007
v -23.873993 -21.348885 3.1829834
v 9.588058 86.573715 17.198517
v -39.203804 65.08034 -22.385136
v 32.04547 53.943268 14.434433
v -12.104248 77.91528 30.774414
v -15.743359 6.6992207 1.0231743
v -19.394747 80.85643 10.588348
v 7.343725 59.01763 -26.233139
v 12.008301 19.044617 0.5526428
v 19.575222 37.460773 16.10875
v -35.71612 65.68688 -7.74273
v -15.637555 72.70011 -15.590673
v 20.687157 -4.6568604 22.166992
v -27.177216 60.898396 25.200409
v -19.632233 -1.6948853 23.262054
v 48.649925 80.05895 -24.441734
v -28.17421 16.398193 8.68042
v -7.656275 2.6472273 13.076027
v 13.782227 -8.360613 8.279388
v -35.32524 11.627075 9.614796
v -30.979626 3.131279 -2.059373
v 33.482086 -6.2613525 13.433594
v 26.44513 -41.42582 15.218353
v 30.864746 -50.639282 19.957764
v -40.3015 52.14412 5.359131
v 37.637146 51.021484 9.776245
v 59.961304 73.45288 -41.341797
v -15.746948 -0.34228516 4.7824707
v 0.79925454 48.112663 35.523205
v 22.0318 53.92032 27.47461
v -33.315712 -27.726166 3.3020325
v -22.300606 -51.006775 19.97226
v 14.127258 -52.16787 19.562714
v 13.356403 -35.577538 22.118523
v 61.00403 74.67822 -40.57495
v -29.212282 67.87926 8.883211
v 19.704859 -24.751173 26.186445
v -16.372437 55.540085 -11.895023
v -8.469549 29.062477 -6.530937
v 16.672058 65.49658 -12.473389
v 10.067078 78.8645 30.787476
v 23.694279 50.64659 -6.354759
v -24.166016 42.441345 23.404053
v -50.916626 61.863525 -8.548767
v -18.265274 81.71013 10.941711
v -23.353588 -51.67523 23.69905
v 25.859375 45.934814 -1.2143555
v 57.705154 76.77869 -41.516663
v -23.342606 -3.6251984 -0.6929321
v 34.747345 -52.44992 4.753174
v 12.082031 80.038086 28.103516
v -58.32538 75.92791 -40.784027
v -13.875555 4.4067917 3.3951569
v 8.91127 24.813385 -0.2793579
v -9.763618 87.361176 3.7868805
v -50.874535 77.38594 -40.583893
v -31.841064 16.065353 13.029114
v -34.672127 66.498436 -0.058502197
v -35.969604 -45.468597 21.75708
v 14.803772 -8.917328 6.4699707
v 4.1315994 87.70445 -2.8829956
v -1.7479706 89.81888 -4.735779
v 37.595947 54.722534 -10.330139
v 28.905148 13.4301605 9.870575
v -37.349686 6.1331635 4.0936584
v 20.263233 13.483383 1.8457336
v 34.269073 -48.02208 15.6909485
v -56.746758 78.00696 -41.81897
v -1.7548828 84.60599 -19.156372
v -8.300842 70.542885 36.188446
v -49.30562 68.0401 -11.955688
v 45.502487 70.05286 -7.362549
v -24.145996 44.228195 22.661621
v 13.6633 -49.415215 20.100952
v -26.370487 71.39388 -1.259943
v 33.82837 62.39923 -3.366455
v 42.55609 52.278793 -18.230621
v -56.310925 79.651024 -40.216125
v -15.157301 81.978386 21.91013
v 10.101841 27.299574 -0.37045336
v -25.244862 -17.381165 16.07544
v -30.875149 -20.433334 21.564293
v -37.401764 55.013367 9.4019165
v 31.058428 -31.272175 14.736303
v -10.619403 53.871357 -11.946608
v -59.122932 64.42741 -13.064928
v -59.08754 56.313835 -19.944061
v -27.086182 8.634857 24.993744
v -20.623077 58.036476 -11.882368
v 59.788097 75.2901 -21.061293
v 22.281906 -49.77159 2.427185
v -6.2211637 7.39298 21.643864
v -5.7640123 6.846716 4.1473618
v 10.187414 66.121895 -16.889847
v -30.855164 62.295227 10.697632
v 23.751968 15.783463 5.298767
v 13.14444 -52.513123 28.415771
v -9.6112 12.464225 28.124437
v 33.252167 3.978531 13.342285
v -9.310478 9.321014 26.715073
v 14.399933 88.73218 -28.657356
v -8.889923 11.514709 27.922302
v 30.328156 -22.40118 4.374181
v 47.108753 49.70967 -16.542053
v 21.078262 13.854416 2.6814651
v -53.364014 82.32666 -41.13672
v 33.421707 -47.30887 16.739761
v -40.375706 -41.765205 12.854721
v 53.174156 58.285522 -2.290039
v -25.422195 7.3397446 25.52025
v -2.2813072 54.59575 -40.511047
v -1.2116623 54.72647 -39.592804
v -10.526001 80.32617 29.603516
v -10.3003845 33.60437 -7.9086914
v 3.268592 54.677376 -39.663498
v -4.59021 80.22504 -26.198547
v -41.317047 -24.34114 6.1654663
v 31.340948 44.842274 1.259491
v -0.1783905 54.57428 -39.440308
v 46.13394 74.90422 -15.199815
v 1.7225437 55.02774 -40.61325
v 20.921936 20.39901 8.842651
v -56.286636 53.909767 -18.276337
v 31.333862 -23.247223 5.7262573
v -49.566284 51.63965 -12.918701
v -34.69822 -49.930756 -0.98402405
v 25.300484 15.34436 16.190674
v 17.43985 -18.868057 8.065063
v 18.89827 -2.8266068 -1.4754257
v 24.667652 -22.05368 26.267143
v -23.024132 -48.08586 19.86319
v 13.33139 22.621399 2.3075867
v -11.974397 85.9354 -2.9427795
v -15.685043 85.09182 10.813965
v -40.685608 -7.6557007 8.242432
v 25.159851 61.944824 -4.625244
v -6.5704193 58.126907 -40.224945
v 23.963928 62.460938 24.361816
v -49.72632 -53.081314 -0.6418457
v -57.063282 58.713 -41.660316
v 6.647949 59.56488 -25.023987
v 7.2828813 58.63791 -40.052322
v 32.863953 0.140625 15.828857
v -39.172302 -43.532623 17.897705
v -6.202667 87.59274 -8.6201935
v 29.631134 8.829147 3.9233093
v 44.853058 57.302376 -18.577194
v 41.97724 69.98875 -13.534454
v 8.828552 80.846924 28.429932
v -24.23743 -42.361786 17.559483
v 26.423859 15.497658 8.188293
v -7.383545 60.57998 -39.922913
v -32.80761 0.95103073 -2.2060819
v 9.405361 78.84326 30.558105
v 18.752563 69.46498 -7.119995
v -22.636597 18.745056 4.484741
v -12.540863 46.95099 35.4886
v -3.3880157 89.90261 -6.924011
v -9.260956 80.603516 29.413574
v 31.806429 9.065638 9.789444
v -22.601265 54.122528 -10.920113
v -48.70562 51.993965 -3.9874268
v 58.231293 58.511616 -21.011215
v -33.85919 45.863766 0.14733887
v 25.061434 68.08516 18.774551
v -12.795711 -2.5415692 16.8181
v -25.270508 -13.386759 5.4802246
v 17.171082 52.249817 -11.438171
v -1.3527832 25.70105 31.650024
v -54.05951 62.124603 -40.151123
v -45.270294 51.02179 -21.66211
v -28.927254 -25.025776 22.047935
v -4.4053955 62.214508 -41.67993
v 31.113403 -47.83203 19.128906
v -5.324003 89.805214 2.7305832
v -45.64962 72.47281 -25.904694
v -1.6182251 90.05621 1.4057617
v -25.479012 -14.230713 12.749603
v 11.233627 7.5216713 1.0888138
v 23.294426 -24.241644 26.758352
v -21.211899 -8.2552185 6.977356
v -18.114563 -4.1969376 5.517029
v -52.902893 63.473328 -38.704712
v -8.590912 80.18762 30.949951
v 26.133469 -51.7254 -4.2059326
v -40.34048 66.224915 -8.450394
v -1.2004547 63.860733 -41.473633
v -1.3584644 5.2008142 3.6369839
v -0.76208496 67.748405 37.61966
v 1.0316124 64.10144 -41.040955
v -24.961426 8.31897 25.892609
v -24.740795 21.374084 14.817612
v -39.434914 64.42053 -12.436005
v 15.4296875 49.988464 33.04895
v -40.03601 59.751648 5.8494263
v -62.573624 66.47861 -40.067867
v 18.169586 38.80036 22.841736
v -7.4661255 85.79492 23.571228
v 28.303059 -39.658474 15.939754
v 8.7404785 87.98712 9.875
v 19.430511 -12.305405 19.067886
v -52.29297 69.044556 -40.648438
v 14.464172 56.81639 -10.501556
v -25.497475 -39.160904 9.92218
v 22.480164 50.41561 25.328728
v -3.9901428 88.94679 18.058838
v 18.002335 57.769592 32.772736
v -4.4131775 55.16242 -15.071426
v 12.981678 82.6078 -4.028534
v 28.358093 48.53308 -5.155014
v -62.09166 68.8947 -21.565063
v 6.54364 58.18985 -15.622681
v -22.719711 67.020966 -9.413391
v 3.7638245 33.282173 32.44452
v 5.324753 87.544914 15.914413
v -2.2667236 62.986877 39.281784
v -5.6107497 -3.721746 43.447514
v -10.25375 7.980606 2.5666199
v -50.03656 -49.032486 -3.244995
v -29.033745 65.79016 6.7917633
v -14.8228 95.71576 -23.802124
v -13.998657 82.942474 -19.158447
v 13.644897 54.610596 -11.88562
v 15.616867 79.28873 3.7691345
v -26.217285 -27.41497 21.194252
v -38.424805 -46.518982 20.04663
v 49.477345 84.569 -24.418804
v 31.260265 9.735558 13.262146
v -24.05852 -45.801342 19.315994
v -40.660965 -6.0529747 7.228241
v 28.894043 5.797653 1.6948853
v -34.513367 -35.422676 6.140457
v 15.355383 -10.479163 16.321701
v -27.533195 71.15009 5.8974266
v -29.444828 -52.664154 9.994742
v 57.62008 75.17328 -40.48297
v 31.985176 -48.093285 7.3490915
v -58.922516 75.491974 -39.457916
v -7.9320717 7.7590313 22.532022
v 55.244698 58.646736 -25.151054
v -4.5745106 5.7606173 15.22747
v 15.51062 26.541885 24.593262
v 31.468441 -17.946766 16.100098
v 5.567627 88.165405 -6.3148804
v -58.25541 72.678696 -21.341309
v 58.04808 76.801 -40.557762
v -12.459473 36.917175 29.695068
v 5.513674 27.6432 -5.2608185
v 58.92279 76.9834 -40.9682
v -17.125275 69.53638 32.409363
v 55.208008 66.84888 -3.039795
v -15.039763 81.70853 0.41645813
v -50.96901 78.73329 -40.51258
v 16.682678 70.20773 -10.960083
v 40.64358 -52.17168 5.821807
v 6.427536 89.0925 10.642151
v 23.44809 -30.295319 28.73777
v 13.613113 63.613808 -9.699844
v 59.60675 63.716675 -24.598572
v -2.0953622 60.50807 39.311325
v 17.14141 43.378708 27.972054
v 38.121983 60.63086 -8.393677
v 53.59485 79.81183 -40.878174
v -43.3498 50.26581 -0.83114624
v 48.960815 70.49902 -6.751587
v 38.05594 60.35615 -9.412297
v -38.712486 63.931488 3.6721191
v -31.228786 -32.220886 23.088757
v -18.557861 28.113953 23.875
v 46.54413 68.487976 -5.505005
v -8.0911255 82.46631 28.839355
v -38.844986 -45.508095 2.6746712
v 20.548641 -21.759567 25.527649
v 57.591797 80.489136 -40.03955
v 16.860071 -28.268513 26.144835
v 22.795395 -44.964706 5.582672
v 53.02871 81.40373 -40.12854
v -22.294647 -7.238327 3.8096313
v -26.122147 68.98967 -1.6689453
v -33.611023 -9.4010315 16.112396
v -51.450073 80.975586 -40.6792
v 15.64483 78.57588 -1.675028
v -1.945816 40.445465 -11.0482025
v 0.09275293 6.129022 4.0427017
v -55.736954 79.88655 -39.10785
v 58.6398 75.12886 -19.979492
v -51.98059 81.51221 -40.610107
v -9.767728 80.9402 -24.224598
v 55.773224 82.74729 -39.28418
v -39.85446 66.34627 -9.345566
v -28.023022 48.39171 14.89061
v -44.185593 69.739944 -15.657984
v 29.142456 65.043274 2.848877
v 18.601624 -4.087158 22.573685
v -16.499512 30.054688 26.372559
v 32.279774 -19.374096 15.46634
v -24.96936 59.258453 -10.091522
v -32.54895 -52.24798 2.850708
v 25.175095 -20.651703 25.27147
v 5.1407166 43.761536 35.584534
v -46.996895 51.997223 -2.4638977
v -39.345 -38.82137 10.458084
v -41.75848 -6.9628773 -0.42315674
v -24.9701 -45.13514 20.382507
v -26.330338 72.18285 -1.020802
v 24.500832 -4.592293 20.791569
v -6.256962 90.14795 9.858063
v -51.340977 -50.545807 -4.218231
v -3.6257782 28.478745 -8.143082
v -4.721052 55.510864 -40.060417
v 50.215286 60.324917 -27.578026
v -49.917145 74.04794 -24.538025
v -33.01538 60.58397 -11.672363
v 3.779419 68.05403 37.371094
v 53.305027 81.396805 -19.72285
v 17.748642 -52.582 31.902054
v -5.586921 57.174416 -40.36536
v 5.8172703 56.294556 -40.15692
v -26.5719 63.612915 25.156433
v -14.117338 82.38184 2.596695
v -39.230083 54.739956 -18.731262
v 32.981113 -20.957943 6.9093475
v -32.134155 2.017456 22.363953
v -7.0128884 58.695526 -40.06765
v -57.61263 58.662315 -39.782093
v 5.6065063 3.9439697 5.892334
v -8.782276 87.57124 -4.3612595
v -39.76416 -1.3773193 3.2461548
v -37.570816 -27.923624 3.8040085
v 7.33757 59.99622 -40.736694
v -11.954673 78.25405 -22.276028
v -10.931641 85.01178 -16.775513
v 17.19458 54.09253 32.910645
v 7.650818 60.623367 -39.99225
v -62.41893 59.834507 -40.283176
v -7.050537 61.15137 -40.285645
v 30.588074 2.6429749 18.739136
v 36.921604 47.24469 -8.392913
v -32.092453 64.135895 -8.161744
v 30.75711 10.383942 15.647827
v 10.327042 20.103355 -0.7448349
v 29.636152 -44.418907 19.492355
v 7.368866 61.3432 -39.175537
v 4.743695 15.405946 -1.4073162
v -26.129211 -45.339417 11.95459
v 12.003857 -24.937073 14.319004
v -25.563427 -50.193405 14.552771
v -24.62996 -53.59043 19.485504
v -24.091951 -12.642209 12.937414
v -1.4583435 90.58128 8.752014
v -21.040836 8.752474 -0.49724102
v -2.5354614 82.84717 29.840576
v 35.287693 -5.6284432 8.156723
v -62.848007 63.10424 -39.893616
v -39.80197 -4.0937576 2.2279663
v 17.734478 37.68272 -2.6895447
v -33.35772 13.631237 9.586365
v -29.834412 -50.506744 25.741364
v -41.846096 -13.493385 7.0035286
v -43.069763 53.884277 2.6899872
v 32.633408 -53.954765 10.683807
v 2.3464165 63.98532 -39.2276
v -34.77003 -26.718315 2.7560577
v -23.230843 74.13135 5.6154785
v -24.837723 74.209885 14.330856
v -0.48592377 53.887634 38.651215
v -24.113398 43.509567 22.696074
v 28.60878 -44.36241 20.297344
v -22.607147 65.41266 -11.473022
v 42.723637 61.81401 2.371099
v -38.67987 -3.4793854 0.5814209
v -35.049805 -10.252289 -2.0372772
v -37.070007 -43.72203 20.047821
v -38.070923 -17.300629 0.33499146
v -62.412605 68.83865 -40.532166
v -61.43502 69.96846 -39.957123
v -5.388611 89.185455 4.47789
v -29.928133 66.75587 10.036133
v 15.202911 -44.70404 18.792603
v -51.820602 69.74814 -39.367737
v 13.488098 -53.0007 27.962769
v -7.149414 41.1951 33.755615
v -12.956589 32.843544 -3.743225
v -19.3667 68.36304 31.131104
v -22.70459 -23.058685 4.4072266
v 28.60301 -43.505756 19.271568
v -49.42753 -53.226402 11.799454
v -19.024643 75.84062 -5.693184
v -1.4539499 42.055283 -11.671831
v -48.86957 -53.705 11.291813
v -4.7842865 23.846386 31.769428
v 12.92152 -31.415497 21.394651
v 33.55574 -11.145475 2.6054
v 44.880745 50.590652 -17.64746
v 18.288269 6.1219635 24.942055
v -23.648355 -53.10513 22.577515
v 15.646271 -43.48 19.503662
v 13.066345 31.120544 27.467896
v 26.524017 10.236168 2.810852
v 30.806923 8.956787 5.803589
v -60.263218 74.55969 -40.392273
v -34.914986 -41.110935 8.488276
v -6.0283737 -4.3029785 54.597717
v -35.205933 64.40643 5.298462
v 32.36644 -45.271786 13.538399
v 20.875607 -20.329067 24.814745
v 20.856441 71.91143 -0.9129486
v 9.979431 76.7713 32.02765
v -8.446411 88.77406 3.0634155
v 36.904743 -53.95435 -2.163908
v -58.526794 77.04913 -39.957092
v -1.6804047 53.67691 -22.884521
v 57.824394 80.29651 -22.3208
v -47.029434 71.98213 -18.934448
v -43.4386 60.137146 1.3597412
v 31.381104 -1.1510925 0.5908203
v -25.463608 -38.95786 20.852219
v -16.450705 32.522095 0.30274963
v -47.560577 -47.48884 1.6139832
v 45.649208 55.998013 2.1262665
v 30.323364 -29.201614 24.525452
v 2.1815414 53.711807 -14.65184
v -32.569946 63.86902 -9.949463
v -50.63449 50.87674 -15.291077
v 9.163948 63.96259 -18.469238
v -48.910347 58.843002 -2.2425842
v 15.790575 -40.829823 18.995327
v 21.869995 -48.939438 29.527466
v -43.102417 -53.577168 3.9140015
v -11.545471 66.17758 -17.433838
v -37.817505 -40.909912 19.398773
v -23.460266 -27.46051 5.276062
v 30.230835 -31.036774 24.694824
v -22.703888 75.2345 -0.24743652
v 14.705612 89.83955 -27.756775
v 39.349304 63.69111 -9.410637
v 38.591103 47.316376 -8.697754
v -55.300503 -52.991463 3.1877441
v 20.346863 -53.539215 6.734192
v -1.2832642 8.722647 -1.4327812
v -35.797913 -39.307415 20.934448
v -29.41542 -10.428833 16.458435
v -27.428833 58.189575 -9.047546
v -16.416943 79.998886 -3.2747192
v -32.02124 -14.451015 18.098145
v -17.38327 25.64032 4.7943115
v 29.932167 -44.812443 9.295578
v -53.90576 80.35889 -38.86328
v -35.752075 -5.5620804 16.451416
v -27.685059 8.439545 -0.940567
v -36.31067 -1.2369995 17.920166
v -25.390629 -40.95185 20.04903
v 23.11836 16.702055 6.832918
v -40.683426 -4.480644 9.672333
v 0.5225105 89.47583 5.269661
v 56.251865 82.5034 -40.059696
v -28.11881 70.154724 14.936371
v 32.80536 0.47419357 3.548645
v -16.386099 15.518244 0.35244083
v 29.106785 -41.268593 20.246109
v -40.22969 -43.366188 8.441071
v -24.440071 41.28748 1.7905884
v -3.0550842 54.963074 -39.507202
v 1.2066193 54.67749 -38.775757
v -40.494537 52.890793 -16.173218
v 24.389416 55.07537 21.181812
v 25.168036 55.565193 18.051418
v 23.028809 15.916992 16.905884
v 14.733856 -29.784042 10.163757
v 5.095032 54.703323 -39.490696
v -24.294645 45.95954 -4.8990326
v -18.494383 9.122944 0.60186195
v -2.6494446 27.488422 -7.0065117
v -38.12597 -32.054375 6.1660614
v 24.27208 7.1939087 -0.55630493
v -27.225899 -52.427765 12.852985
v -35.279266 -21.285278 22.737389
v -0.48303986 59.67798 38.53472
v -26.984009 15.7369995 20.666504
v -5.5649147 57.29679 -39.506653
v -35.2704 7.049217 1.6511841
v -20.152857 31.553764 9.065254
v -16.478912 -4.604004 9.975357
v -49.779583 66.76874 -10.1651
v 13.008892 -32.31007 20.663391
v 7.2248535 88.42664 6.117798
v -42.22364 52.149406 -21.186707
v -33.50058 -22.569946 22.613594
v 27.974762 -36.314026 27.182373
v -5.3703995 85.74164 -18.261276
v 5.260742 46.013824 37.296417
v 16.73294 -9.439804 18.721786
v -60.14186 58.534863 -39.98282
v 21.137217 6.1462193 -1.4904585
v -15.436417 76.805244 -6.8724365
v -8.160834 79.6922 -25.935383
v -11.602892 79.98163 -9.60157
v 50.296635 55.70073 -3.0574894
v -20.902344 42.440353 28.416504
v -38.838013 -24.523092 20.529297
v -41.674934 -49.579807 -4.134345
v 11.209793 62.983765 36.86966
v -41.023453 -3.8091166 7.810835
v 23.102861 63.123474 24.788544
v -19.881607 32.341805 10.149612
v -42.12997 69.69864 -20.107353
v -10.151398 68.00412 36.581482
v -43.995564 48.823097 -5.215446
v 3.0661182 14.705578 -2.8760834
v 37.214355 62.99121 0.18981934
v -28.81778 16.968903 16.375427
v -26.020306 -22.315659 1.6800423
v 19.847013 5.723099 -1.330105
v -14.328934 46.1857 35.07962
v -26.800453 -13.322977 14.976791
v -3.3163576 3.6929016 26.192871
v 50.03064 72.324265 -23.98413
v 28.088146 -42.940033 17.153519
v 7.1189423 13.134377 -0.38995552
v 45.71972 50.341106 -1.3261719
v 49.86727 62.691372 -27.543612
v -27.334686 68.29892 19.85608
v -19.268066 24.39151 6.79187
v 3.8242798 62.61862 -40.027954
v -41.29605 -18.131577 14.759766
v 49.12834 52.31801 -5.871071
v 14.124643 -39.452198 20.116829
v -0.59851074 80.46533 -24.02362
v -32.08072 8.035812 0.7608795
v 20.386993 41.183678 -3.9876404
v -26.698738 -22.046663 20.635567
v 19.898117 49.89215 29.528473
v -17.124634 22.44928 3.0074463
v -41.691162 64.625854 -1.1812744
v -57.198715 63.80736 -11.35619
v 17.821636 32.127327 10.522682
v 30.34269 -34.9709 16.881012
v 18.051277 -44.109406 14.715515
v -32.42443 -37.186203 6.109665
v -23.41402 22.729528 13.62632
v 25.013947 -32.235146 28.487717
v -0.035217285 64.45183 -39.208466
v -24.4973 -38.63405 19.890831
v 42.1036 55.65995 -18.971497
v 22.669373 -53.079525 10.213867
v -42.23072 70.23732 -22.246857
v -62.703712 68.094894 -40.0483
v 54.149994 85.58229 -23.888214
v -29.831787 53.99231 -10.944092
v 19.10318 -24.387444 5.52124
v 39.94449 45.573387 0.099487305
v 34.779133 -4.5093784 6.8755646
v -7.1292114 85.12378 -8.830536
v 24.78625 -18.807724 23.803207
v 41.51544 68.18692 -15.356995
v -18.187916 79.7327 5.932049
v -20.653625 71.67676 26.351562
v 43.305542 57.72711 -17.307922
v 29.655693 46.865784 -5.1433105
v -40.72096 -5.5466614 1.0679321
v -32.1808 14.397978 10.043152
v -40.418095 -2.2646751 7.260441
v 59.50197 72.55762 -40.622803
v 14.793701 73.5686 30.26654
v 19.067781 -19.857891 23.865528
v -19.679794 34.82141 0.22351074
v -39.54059 -41.609375 17.233582
v 22.02481 42.05632 20.933838
v 33.067688 -1.4183807 14.990845
v -41.89406 -45.155243 3.470177
v 30.620056 4.761368 2.4666595
v -2.029686 -6.346512 40.785965
v -14.679443 31.509293 27.78003
v -47.847504 73.648544 -27.031494
v -4.0582 89.229744 4.204895
v 30.299168 -38.580765 20.113487
v -8.663736 8.572357 23.791027
v 57.49564 74.506195 -39.044617
v 27.006104 -53.154896 8.439697
v 36.17299 -52.909317 0.4038086
v -35.89563 5.7251587 18.277588
v 1.664052 89.89656 13.060913
v -41.72933 -24.37762 9.834709
v -15.957031 60.187256 36.22632
v 17.546753 -53.507225 30.062744
v 20.134949 60.151367 -10.164673
v 32.11424 -29.407639 13.404564
v -45.57612 -46.529705 0.993432
v 3.3287354 40.24727 -13.412247
v -42.568863 58.474052 -22.192219
v 35.085934 -2.816118 7.128155
v -5.9969406 57.536926 -17.97538
v 44.43839 51.474884 5.1673965
v -32.189774 -51.012436 3.993988
v 47.420532 68.90083 -21.513855
v 58.088882 75.973946 -39.09857
v 33.193283 -19.382761 10.12771
v 13.520351 -36.228 17.810326
v 3.4137573 89.05029 -4.40802
v -26.049412 12.840195 2.5393982
v -4.822815 84.52496 -21.42981
v 21.27768 -42.1828 29.26271
v 32.11557 56.849747 14.369049
v 14.621407 79.65206 -20.292946
v -50.0932 -49.271667 4.383667
v -19.342834 71.649345 -6.9873047
v 30.866379 -4.044464 -0.6100006
v 56.289627 62.90203 -26.944466
v -43.464172 -47.401672 15.178223
v -29.363037 -44.227478 9.590454
v 6.398941 35.965805 33.084686
v 56.518555 78.94739 -40.3739
v 59.125664 56.12873 -10.6532
v 30.661493 -37.494118 19.3926
v 44.435913 61.985718 0.91430664
v -20.256836 65.23682 -13.97876
v 32.132416 4.8814545 16.368652
v -0.5229149 42.173763 -11.954872
v 25.04169 -47.626102 2.078875
v -15.065918 25.443146 1.6784668
v 16.425781 33.93965 23.236694
v -30.334 -32.92399 23.236307
v -30.23468 46.396652 3.552124
v 6.743614 85.7948 23.099487
v -24.881157 -36.88351 19.905746
v 11.167236 -3.248413 7.4432373
v 2.5494385 19.543228 30.893162
v -22.40369 23.480904 14.3576355
v 17.078094 -40.378193 28.316528
v 6.452179 80.93291 -23.740479
v 60.318546 61.928547 -21.974539
v -42.917328 70.87715 -21.490433
v -2.0006409 25.320679 31.277107
v 8.546326 57.29538 -13.419983
v 35.19936 -2.9287682 5.768402
v -6.112329 52.368786 -12.842842
v -41.47813 -8.619644 4.3326416
v 18.07521 56.751884 -8.251884
v 18.577572 -27.648785 6.846862
v -28.299133 -9.20903 -0.022384644
v -46.12256 -53.410614 13.918945
v -19.3204 69.51221 -10.866821
v 0.326128 53.961315 38.7317
v -59.200275 55.34796 -16.515104
v 48.794334 86.99135 -39.75396
v 25.076569 15.425369 6.0180054
v 49.333313 87.42943 -40.26056
v 54.523376 77.59943 -17.50456
v -28.157108 -52.314407 11.203192
v 1.416336 57.02501 39.399315
v 48.809776 87.69787 -40.088863
v 18.62125 -46.30887 30.398926
v 56.930244 54.845356 -16.354643
v 53.343304 77.96307 -17.600128
v 9.523008 8.177604 25.749397
v 18.003414 -52.892776 12.013748
v 38.399902 -52.997154 10.8585205
v -26.51941 -49.381058 13.235107
v 49.3715 88.10654 -40.133667
v 5.1955566 82.07208 -21.503235
v 48.76696 88.20388 -39.8184
v -53.64827 62.967262 -10.555569
v 42.542664 54.186646 -19.382385
v -13.972351 86.20679 -23.379028
v -51.89351 52.045288 -13.647034
v 47.764275 58.403217 -22.253197
v -61.775635 60.000885 -18.230835
v 31.488392 -32.270157 13.825867
v -20.879898 75.532455 5.8460083
v 46.69098 69.88989 -7.006958
v -22.303253 14.088593 1.9615631
v 0.04310608 46.739227 -11.833878
v 11.939823 -27.416393 15.510811
v -11.26302 0.47290277 17.0278
v 24.670532 -44.8399 26.73767
v 4.4959164 54.68788 -39.538345
v 0.5525036 47.8219 -12.0851
v 45.491974 49.371185 -11.029785
v 19.914062 -53.477875 29.827393
v 20.388428 -53.090607 30.555786
v -17.08574 64.952515 -14.851929
v -7.535351 53.924133 -13.284531
v 16.118134 -53.466343 28.749603
v 38.275757 -52.227997 10.769653
v -29.97165 -51.76883 8.294556
v 32.873413 -17.663727 0.770874
v 5.2080727 54.681244 -39.078632
v 6.8835096 27.20142 -2.6354055
v 9.841934 75.30995 32.36342
v -30.18869 -44.938133 7.9692383
v -4.9325333 56.35699 -39.275208
v 16.012299 -19.21582 10.153992
v -38.182045 46.860714 -1.4477005
v -49.85292 -52.248352 11.260941
v 6.210121 57.06222 -38.715767
v 4.4239426 88.08028 -6.520447
v 4.8836975 83.624245 -17.249878
v -12.296356 45.649864 35.09578
v 61.39678 67.24253 -20.83078
v 13.590529 -8.539009 12.167519
v -24.52356 14.635376 23.315918
v 21.767372 95.94142 -27.105988
v 35.04854 -5.657729 6.577896
v 32.53351 -53.279663 8.531128
v -14.695428 -4.871687 14.166779
v -37.508156 57.89701 -16.028214
v -59.438065 58.63473 -38.91388
v 22.821815 65.97919 23.592133
v -46.160828 51.886673 -25.275574
v 25.447662 0.59012413 -2.4728813
v -55.672005 59.30475 -39.38379
v -25.265064 -6.8532743 -0.480505
v 18.18509 -51.528046 10.993286
v 43.235046 71.342285 -17.89856
v -17.837646 91.91846 -26.994873
v 30.987003 -36.324112 19.414978
v -50.119198 -49.471428 11.011459
v -18.2836 45.093567 30.645172
v 11.23764 61.741333 -11.614929
v -3.1638813 46.452362 35.143597
v -54.4386 60.608437 -39.71753
v 28.411568 14.0056305 12.803677
v -47.91263 63.934814 -7.909149
v 16.88916 78.88956 6.376953
v 55.292496 52.99438 -12.407845
v -26.271729 72.710724 9.076324
v 35.031597 -1.6369166 7.4548187
v -62.761974 61.870907 -39.212288
v 8.871607 62.687195 -27.691353
v 21.674225 -52.783752 29.769775
v 23.289217 13.0269165 20.66504
v 26.944153 3.9480896 -0.40670776
v 59.06211 58.89456 -19.894608
v -3.6233368 49.4692 -11.759438
v 11.055542 76.570816 31.799469
v -60.070976 70.16746 -25.084839
v 38.324596 62.220604 -12.74295
v 13.171465 -35.197567 19.53722
v -4.6585236 -5.5109386 41.973724
v -2.7280884 62.63855 -40.515137
v 27.466698 12.88826 17.394958
v 37.627155 45.45714 -1.3480377
v 13.197357 17.191145 -0.1847992
v -2.65242 63.44214 -38.62085
v -36.40635 -41.789986 8.89006
v 60.622772 61.442932 -20.42633
v 12.558889 -50.48217 28.182663
v -39.181946 -34.44084 19.468628
v 19.28098 -49.264626 6.2705383
v -32.878376 3.61166 21.75949
v 13.370022 80.83845 -2.9212952
v 8.495605 38.34253 -12.564331
v -1.2507763 64.14505 -39.463776
v -5.6367188 82.49548 -23.699219
v 13.571152 8.543304 25.741165
v -62.33264 66.97662 -38.87909
v -34.79773 -45.51581 3.5493164
v -39.531948 -45.485626 3.4477234
v -58.2108 71.98576 -22.642685
v -40.442802 -34.019806 17.565826
v -56.18494 53.17135 -23.529434
v -10.183067 86.10645 -4.0470047
v 16.31482 -41.439484 18.182861
v 8.792969 80.67944 -26.18396
v -22.087051 -11.375956 13.414493
v 15.2312355 88.572815 -23.295532
v -32.40213 47.924683 -8.633545
v 18.969849 63.977295 30.47284
v -29.3209 12.018875 2.4884949
v -61.045574 72.62162 -39.080498
v -8.177603 5.996327 21.11487
v 2.0661697 89.481636 5.1298523
v -17.286106 7.426178 26.120255
v -4.8658447 43.460144 -14.242165
v -19.50409 80.91991 15.810028
v -39.798065 -33.156433 8.360657
v 10.356934 64.51465 -13.706543
v 58.383125 71.75098 -38.94043
v 14.021057 68.3558 -15.792297
v -41.74416 -19.939684 13.507736
v 3.9116821 32.299164 33.224815
v 57.803833 73.43396 -39.952637
v 17.901484 68.82122 30.225586
v -22.54631 -1.1471405 -1.2953491
v 61.63623 73.51758 -38.865234
v 4.420891 88.335175 -4.502472
v 18.559494 -49.16501 9.772278
v 23.915096 -12.0236435 -0.9407768
v -60.890083 74.62001 -39.181854
v -43.312515 -53.74586 -8.490463
v -35.583954 2.3603058 -0.38552856
v -25.256348 12.100037 24.24121
v -61.873875 59.520218 -26.972107
v 43.084747 47.4386 2.9951782
v -23.420593 -22.805017 17.977943
v -14.551699 -4.752981 15.286091
v -43.899567 -46.906982 1.706665
v 53.34624 85.16485 -29.64186
v 60.461018 76.35672 -39.405518
v 24.052612 71.52368 5.3271484
v -35.18181 -24.50357 1.5689697
v -24.584595 -51.71057 16.01892
v 29.951408 -0.58691406 -0.7652893
v 26.366516 -46.090725 26.06018
v -50.35952 76.64127 -39.883682
v -28.383728 0.7897949 23.423828
v 59.081875 76.46544 -39.022793
v -27.24524 -49.823822 11.925781
v 17.618698 -25.910347 25.7294
v -25.062523 55.339417 -9.681412
v -36.947876 -34.50264 21.59082
v -0.8365936 86.08983 -14.481186
v -23.859528 44.11912 -2.8551054
v -13.778168 83.22977 2.5615234
v 25.979355 -33.46869 9.110214
v -24.286499 -32.948463 19.700409
v 38.430565 45.6043 0.3822937
v 13.28916 -49.202507 29.69431
v 1.512084 48.72398 -12.230871
v 5.8955564 2.4621758 15.25444
v 56.354248 78.01416 -39.017334
v -38.182003 -17.985971 0.453779
v -6.7742586 7.654434 3.151123
v 54.473022 78.85095 -39.469727
v -17.788872 46.075775 32.617584
v 35.93831 -48.000954 11.056568
v 0.9100647 -1.486145 44.97583
v -27.108978 51.489502 -8.527344
v 12.50705 67.41846 -22.835571
v 11.637943 64.42862 -24.830284
v -39.785416 48.3051 -11.506897
v 28.094696 -47.26587 5.6588135
v -6.569046 11.470551 28.331604
v 2.3960342 -2.7434826 39.383
v -22.175787 38.77799 -1.221611
v 18.701233 73.438324 -3.3174744
v -42.042816 -25.531984 14.923592
v 48.727924 51.414 -6.141083
v 25.404434 63.001984 18.653137
v -25.753296 58.01947 25.5486
v -8.468262 47.963623 37.40222
v 14.061119 -53.255543 22.807648
v 30.84665 -46.502846 4.6730957
v 41.960617 65.60571 -7.0037155
v 6.4279785 56.706047 38.738617
v 21.857578 -13.866405 0.82325363
v 36.731964 51.635773 -9.526337
v -27.777588 -53.530716 24.559875
v -41.56972 61.832397 -21.876398
v -24.197006 -18.655571 4.521759
v -32.7602 -30.150742 23.025194
v 23.91465 16.561882 6.6530457
v -22.660667 -31.771194 17.46228
v 53.265564 81.92646 -40.21306
v 24.48564 -37.462547 12.500969
v 2.3111267 29.989609 33.046448
v 50.218872 86.43207 -39.530884
v 12.700148 -31.645128 18.867073
v 9.951019 19.142532 27.919922
v 50.651794 87.011215 -39.625183
v 31.97522 -48.003662 1.7810059
v -27.917847 -47.018723 10.194458
v -38.479446 56.405 -16.922379
v 34.44987 0.0551548 7.584444
v -18.41748 24.199707 23.269775
v 15.192671 -37.170555 27.146397
v 48.47952 87.72905 -39.544064
v 18.266068 -47.95005 12.171539
v -1.2209396 86.303085 -9.435242
v 34.464355 0.35876465 11.839966
v 18.307835 35.42211 6.554138
v 49.291534 88.62569 -39.639923
v -9.796959 87.673904 -3.08844
v -40.64453 66.14711 -14.375481
v 22.72304 70.52176 -0.23446655
v -28.040466 -9.812927 17.727814
v 1.5038452 10.503334 -1.6301575
v 27.887756 -41.93824 16.960815
v 4.475441 54.140194 -38.947945
v -34.831745 46.359695 -4.169922
v -2.0624847 54.57637 -38.60608
v -28.523956 70.90558 6.850464
v 14.466492 19.375 24.976013
v 8.758179 75.409424 32.519104
v 2.21953 54.378586 -39.71275
v 3.738818 54.46162 -39.036823
v 22.264198 9.8754425 23.688934
v 47.944946 52.411804 -20.823792
v 17.055984 -17.182343 8.499786
v -58.8509 71.42147 -24.74277
v 9.575348 42.89969 -14.196415
v -27.061401 -47.76056 11.610352
v -38.01996 64.00476 4.678955
v 16.610352 94.521484 -22.323242
v -4.384056 18.114695 -4.2026925
v -22.398563 -21.386765 15.676483
v 16.72276 77.49077 -3.1045532
v 18.708044 -48.165554 10.623526
v 5.7972097 56.201263 -39.126083
v 12.69685 81.817085 3.5921907
v 25.786068 -27.58371 4.167389
v 13.961376 -39.81421 21.17688
v -5.3656926 56.70545 -38.90827
v 20.682709 39.480495 17.12332
v -32.596313 -52.987152 21.743286
v -24.997887 56.765068 25.834671
v -60.797012 56.795673 -15.854935
v -40.299896 -43.06775 16.03003
v -1.2797928 2.4020004 27.519035
v -43.529175 -52.240467 -4.7765503
v -34.257935 -44.134216 6.5620117
v -6.126891 1.4758301 34.244797
v 7.641006 58.009 -38.30709
v 32.99095 -12.499542 7.5653687
v 11.902832 82.92151 21.468018
v -57.4847 58.36312 -38.28637
v 11.423622 58.803833 37.00412
v -45.134094 58.331932 0.32510376
v -26.477547 14.966327 22.103308
v 19.481808 -40.323456 29.430767
v 47.436783 55.242493 -23.381409
v 23.639748 -47.6485 2.9969482
v 7.968872 78.492676 31.926758
v 6.30249 82.573975 -21.401367
v -15.388887 0.798748 22.381805
v -28.67659 68.58095 4.5604467
v 12.346229 21.530352 26.189764
v -20.805092 36.922417 16.211227
v -35.732517 46.432896 -6.352844
v 8.108026 59.45428 -38.54713
v -25.226105 68.357025 22.62323
v 45.055115 52.66253 5.190036
v -4.4949646 86.14937 -11.999084
v 21.090088 -47.10672 29.784912
v 60.108917 74.35974 -20.873474
v 39.44664 63.5318 -13.998947
v -30.93958 -17.713373 0.362905
v 2.3438644 24.064018 -6.4104404
v 54.676487 65.08229 -27.484512
v -11.624527 80.08263 -11.862427
v -26.225296 7.643032 -1.4369802
v -5.6268616 27.610569 -6.457512
v 33.003094 -47.06871 10.993944
v 17.621216 7.7004776 -0.69816256
v 12.408344 -29.17042 17.795113
v -9.377453 1.2894402 13.4991
v 60.53473 68.098145 -10.818359
v 6.209717 61.99991 -38.3208
v 32.42581 -3.1075134 15.656006
v 34.17935 -46.782867 11.620789
v 22.946613 45.667114 22.456848
v 47.778275 69.82324 -6.109314
v -47.603867 -49.32081 4.2690964
v -19.133507 87.69766 -24.016907
v 29.394775 59.97876 14.2178955
v -38.3754 63.187347 -15.083824
v 22.300293 95.39526 -26.149567
v 10.457886 17.675293 26.341217
v -11.973389 2.729391 6.908325
v 9.787218 8.751442 0.28848267
v 32.691013 -29.944199 19.444458
v -5.326356 -9.896423 54.14279
v -38.539375 60.15073 -21.600288
v -39.52112 -28.995117 19.813477
v -58.563683 72.34382 -25.799
v 60.161377 72.43924 -21.514526
v 8.999615 46.336243 35.627182
v -18.287903 72.91092 27.965393
v -1.4835815 64.44745 -38.94629
v -32.913696 62.038277 -12.087341
v 3.4397278 27.940376 31.675934
v -24.319763 -37.641647 10.495392
v -30.204193 -0.5369311 -2.5118556
v -39.82437 -12.863088 11.4869995
v 1.477478 54.61167 -19.173279
v -26.895683 -32.260166 21.917828
v 44.21393 61.75061 1.8942871
v -22.88897 -5.046383 -0.061454773
v -12.244934 81.09128 -22.273209
v -38.790726 0.20220947 14.474731
v 23.923851 -33.207695 9.688866
v -28.974415 17.251783 13.337952
v -62.009926 68.768845 -38.738464
v -4.3394165 -8.941528 57.615456
v 37.564194 49.257988 9.307205
v 32.38713 -46.092964 11.600739
v -0.6077423 49.196472 -12.556313
v -44.12175 65.51512 -4.4136963
v -47.262093 -46.00775 11.686806
v 29.623116 -10.3666725 -0.51195145
v -61.523727 70.02385 -38.413696
v -24.05458 5.101799 25.982477
v 25.301804 -28.30774 28.01297
v -39.82055 2.3078747 6.7209473
v -42.152237 -19.639654 4.929413
v -52.20314 71.91968 -39.80005
v -29.422977 -40.249535 22.749256
v -10.7493515 30.829231 -4.5212173
v -6.35231 -9.067825 56.796722
v 59.4227 70.630005 -37.699768
v 29.169678 53.882305 15.428078
v -38.81357 49.115112 -13.033081
v 58.560364 79.774414 -23.287598
v 28.950754 -52.09897 -5.413442
v 19.563637 -13.620332 2.6722565
v 30.658638 -45.21452 11.638306
v 5.9607363 58.312824 -21.711403
v -51.055176 72.88696 -38.782227
v -26.341179 9.809784 -0.6267166
v -18.566504 81.2767 11.8342285
v -29.125008 62.608795 16.916473
v 60.900635 73.3219 -40.143066
v -25.898285 69.12779 -3.8700562
v 33.041557 -27.441437 19.994629
v 20.435455 -26.530338 5.956421
v -33.27878 -40.814316 8.279957
v -61.222057 74.19647 -38.463387
v -50.58255 75.313934 -39.89792
v 48.428837 61.780575 -1.4589329
v 15.023956 -23.427933 8.394318
v 26.973877 50.81289 15.961609
v -30.140625 55.67276 13.212463
v 46.49115 55.664215 -23.243774
v -13.821503 56.629547 37.295517
v 9.397194 78.9057 -26.115295
v 16.45398 -9.335001 3.3577728
v 21.660881 7.8606644 -0.628952
v 49.04303 83.1425 -26.32125
v 28.826813 -52.633625 -5.493561
v 26.141846 62.38849 17.978271
v 2.0227966 46.473557 -13.481735
v -5.865631 75.79347 34.071564
v -58.676125 76.82649 -38.837738
v 35.05841 53.556244 12.848694
v -48.4942 68.640076 -12.268799
v -4.455475 78.357544 -27.04535
v 43.909027 59.84439 -17.430908
v -22.809395 74.79062 -1.3198547
v -41.461082 -13.684653 3.6903954
v 26.958084 -53.110672 12.04895
v 7.835415 61.900494 -24.124481
v 31.212923 56.53883 14.961608
v 52.08702 50.835815 -10.330933
v 18.581055 3.3265686 25.216316
v -33.86737 -49.038002 0.6678467
v -1.6173401 -6.213928 55.018555
v -29.023071 59.502808 21.808838
v 51.766327 52.713856 -6.735889
v 9.060844 3.1017141 3.0299149
v 10.534058 36.38863 28.89795
v -51.26761 -50.77115 -3.0862427
v -42.8843 70.10838 -18.511078
v -44.066494 -44.453487 11.308868
v 4.511299 7.1690826 25.290878
v 54.99277 52.768387 -15.516357
v 23.950851 7.7888412 23.943192
v -13.439209 81.17627 -19.85083
v -34.92291 -1.7534475 -2.131421
v -35.88687 46.90924 4.1757812
v -21.058674 -29.274887 12.402679
v 16.444214 3.179062 24.885498
v -46.25975 51.0454 -14.505493
v -37.738274 46.790756 0.79309845
v -10.41502 81.463715 -26.389175
v -15.088776 81.105644 -2.714798
v 22.481335 95.81741 -25.973457
v -41.11911 -14.795715 3.2316284
v 48.28272 50.57161 -17.531616
v 19.708733 -44.70233 11.689331
v -40.37274 64.8508 -0.835022
v -23.092987 62.424866 -12.3454895
v 13.519623 28.293516 2.62677
v 18.531876 -51.60195 8.623962
v 22.249435 18.359863 8.655685
v -37.579407 61.3833 7.253784
v 18.42279 -17.898853 20.697937
v 29.098694 -50.650208 2.4765625
v 12.086174 77.43809 -12.919464
v -26.663132 15.929642 6.435486
v 48.602905 70.41702 -22.529724
v 17.30708 -45.43376 30.172829
v 57.791138 81.890884 -37.924316
v -31.787626 45.584965 -0.71536255
v -29.658398 68.08542 10.233765
v 21.048075 -44.873287 10.736285
v 18.33132 54.086277 31.129126
v 34.11766 -12.664108 3.4780884
v 1.8531494 54.262512 -15.571167
v -20.035156 -0.076293945 24.296875
v 49.383057 71.139984 -23.042969
v -12.539097 1.9228973 21.147781
v -55.965466 73.669556 -26.082321
v -38.515076 1.5016632 15.039734
v -39.724182 -36.929993 11.26709
v -6.97198 7.6327124 22.545288
v 48.719536 87.21359 -38.923492
v 7.5488834 82.17615 28.610352
v 17.529465 66.60474 31.8833
v 51.38798 64.90777 -26.836872
v 16.892467 30.513288 9.420067
v -7.856578 51.899918 -12.04933
v -31.636673 -17.011147 -0.68935394
v 26.277828 -44.379356 8.564588
v 6.757763 2.5169308 16.35719
v 56.363976 57.99549 -23.051384
v 14.3567505 -0.90849304 22.637604
v -36.047974 65.18225 3.6677246
v 13.70776 -22.110842 18.359156
v -44.168518 56.93222 -23.403687
v 34.958313 55.130653 12.771179
v 4.5735626 54.164288 -38.440567
v 6.292881 83.33319 -13.233154
v -1.010663 54.539234 -38.149048
v 20.852804 40.418495 1.9083691
v -39.490112 -53.69194 -0.77441406
v 3.0846672 54.36068 -38.236954
v 19.48622 87.879295 -20.771273
v -35.285294 -33.273163 5.247284
v 17.201385 -41.517174 16.9003
v -27.496704 -0.035888672 23.767456
v -24.252426 41.61156 15.947266
v 19.289421 76.58017 7.9700317
v -30.487907 -14.692404 17.747124
v -54.854572 -49.960827 3.742012
v -39.934753 -25.62384 19.514221
v 5.596131 32.929733 33.46468
v -17.893631 87.75758 -22.681335
v 39.280903 62.407356 -8.984512
v 20.044495 66.678 -10.04837
v -34.36976 -13.43372 16.356323
v 6.758766 3.3170547 7.2765503
v 49.536194 68.70569 -5.493408
v -29.150795 55.136475 16.908257
v -6.2782593 57.680122 -38.75513
v 29.012054 -39.286884 25.204987
v 9.518238 71.64337 -26.795074
v -56.578827 53.303093 -26.496635
v 33.129066 -26.532417 15.442749
v 5.110283 29.696716 31.875984
v 7.319519 82.73273 -23.292969
v -24.985748 -14.574341 6.3449097
v -41.69783 -22.680195 15.632202
v -5.3705997 -4.5682163 41.335304
v -38.778694 1.7571335 1.9070435
v 18.59832 11.164125 0.6863122
v 30.493011 11.115845 9.226807
v 32.57306 -53.210922 18.383484
v -22.708939 -18.621994 14.092468
v 18.399519 38.972332 -4.8567657
v -2.4831486 -5.963386 44.27242
v -43.553665 -52.447815 1.0700073
v -11.874634 9.027832 1.9139023
v 28.377037 -20.54895 24.58075
v -39.443512 4.033613 10.274313
v 28.676933 -36.945705 14.458412
v -18.731812 70.64697 -10.107117
v -61.693726 63.474 -17.414062
v 12.881287 -26.44728 19.14325
v -42.645264 55.47521 4.1486816
v -38.931076 62.956886 -21.413818
v 20.171265 57.422363 30.609344
v -1.8248444 83.84009 -20.388184
v 28.326153 -44.163216 11.91449
v 22.028969 -39.30076 30.008684
v 10.393341 3.6679 21.832138
v -36.10058 -52.161736 -0.84716034
v -62.123943 60.572426 -38.434357
v -28.488953 -51.3431 10.260864
v -42.84747 -43.600224 11.31657
v 28.19312 -25.518778 3.713741
v -24.402939 -26.267029 19.481377
v -3.3098145 47.765625 -12.970215
v -42.62396 -18.705149 8.479401
v 19.319702 -38.85295 30.234573
v 51.1037 72.448364 -8.525269
v -5.8860016 -11.536386 57.368156
v -34.07796 46.045773 -3.731785
v -36.831726 47.509766 -9.487122
v 16.881187 -19.339645 20.963867
v 17.569153 -46.351166 14.231812
v 28.395706 -51.413635 -0.9384155
v 6.3466635 60.164207 -20.551905
v -25.234863 -23.913395 19.899796
v -63.021736 62.534157 -38.01039
v 45.63912 58.796127 2.987793
v 22.045784 -43.177734 11.840576
v -1.6310425 88.48218 -8.556702
v -30.786911 -26.221153 2.2365608
v -9.408478 68.694336 36.52307
v 48.528862 75.69047 -20.913181
v -16.484985 92.02942 -21.558838
v -3.9190674 64.32611 -34.67334
v -35.115143 5.236023 0.7217407
v 25.165728 -43.798527 11.050985
v 13.182244 -7.8927193 10.358079
v 60.644073 64.49714 -23.29242
v 54.925705 63.043613 -27.01622
v -41.11665 -32.04077 14.977234
v 2.906929 63.7863 -38.874252
v 17.578247 48.457367 -11.575623
v 2.000103 64.52376 -38.741272
v -24.313187 -32.132996 6.254284
v 22.062653 40.215485 11.500183
v -22.541706 5.1700745 25.852983
v -30.235352 62.590622 15.567139
v -1.2138519 38.74536 -10.636169
v -0.15596008 88.5791 -7.9777527
v 2.214798 65.40605 -38.335785
v -6.6696234 86.76412 -21.995743
v 30.320679 -15.430664 16.055786
v 19.45636 56.433777 -8.245621
v -0.938324 65.302246 -38.629578
v -51.758545 66.64429 -37.97412
v 22.54683 66.380295 25.385025
v 11.983849 0.21059322 1.453392
v -52.15381 67.66626 -39.046875
v 5.407994 57.82943 -25.19901
v -27.313944 2.727871 -2.369986
v 2.451107 -0.42085266 31.91433
v -5.07596 -11.94899 57.675453
v -12.573486 83.469604 -17.770996
v -61.55891 71.017845 -38.709145
v -42.045563 -27.947098 14.47418
v 23.217377 -39.01352 30.15503
v -18.272095 59.1391 34.94861
v 7.845707 22.701187 -1.4766464
v 14.22406 77.511116 -5.814476
v 28.600098 -30.491493 26.273193
v -50.9093 70.47119 -37.005615
v 28.45932 46.734253 -4.543701
v 60.858414 71.11867 -37.736176
v 41.03958 -53.414772 6.0595093
v 21.229317 39.680897 14.938269
v -40.738823 -42.2338 12.419434
v 32.687683 -24.62674 20.701843
v -37.715454 -2.1537933 -0.33996582
v 50.1132 67.07672 -4.266126
v 24.218208 -40.282387 13.620655
v -43.110336 48.15335 -6.5716553
v 20.504852 72.433655 -2.1207504
v 12.013306 66.12793 -24.22229
v 25.19188 69.91939 9.326141
v -6.310547 77.72528 33.848816
v -53.848648 -52.261417 2.80542
v -19.046267 86.95341 -23.530228
v 13.859253 84.51657 11.886658
v 42.15881 70.11919 -11.619156
v 35.80653 -54.05059 -3.0025787
v 21.611055 -52.48083 3.561076
v 26.42157 67.71089 6.2247314
v -19.741577 89.27234 -25.243347
v -30.74491 -29.137186 2.8608017
v -36.629883 62.75113 -14.247864
v 11.326782 67.55739 -12.2691345
v 25.192352 66.18335 19.930481
v 32.88269 -22.462997 19.856384
v 22.978615 73.33348 13.950462
v -28.209404 -23.753578 21.74525
v 4.027916 55.427937 -14.052811
v 48.83398 55.346054 -2.7612605
v 23.828522 66.75873 -0.92163086
v -59.73608 75.3808 -38.019066
v -31.658203 -46.724 24.596832
v -49.846436 73.10622 -21.332947
v 9.988995 64.73443 -16.347565
v -41.355835 -16.660332 3.0013428
v 19.001953 76.99902 23.007812
v -15.0457535 77.847946 -6.933609
v -29.823463 7.1779327 -0.98550415
v 18.455742 -1.9108391 -1.6096649
v 33.85 3.8375359 7.1815186
v 29.744324 -24.394135 4.87735
v 9.875015 74.28874 -24.212646
v 26.264666 -19.24546 24.505928
v 24.041962 -42.389572 12.701416
v 18.79306 -32.500305 28.387619
v -39.258514 4.8110485 7.181755
v -50.983063 78.2826 -39.725197
v 20.5737 56.28531 -7.9223633
v -15.644348 66.24683 -17.055603
v 20.01033 53.0152 30.510468
v 1.897362 -3.57367 39.66671
v -39.055115 -41.343864 11.211895
v -26.267727 -22.987808 20.48035
v -1.7463684 89.63135 -2.517517
v -49.052002 64.37103 -8.469971
v 19.755493 -35.64453 29.522675
v -27.007736 -41.911484 11.170326
v -57.359577 79.380424 -38.691517
v 20.483097 -46.848732 6.180786
v -38.80754 -40.246853 11.292709
v 10.056297 65.319565 -14.138947
v 14.600025 79.01526 2.9416046
v -40.492958 67.76977 -22.082977
v 15.517735 83.23029 14.986206
v 14.210533 -21.639557 19.296738
v -17.445175 40.11923 27.025208
v -54.987 79.82306 -38.401733
v 27.424286 14.474535 8.812012
v -28.675426 46.21649 2.301056
v -53.627563 79.46915 -37.829407
v -25.65741 67.064026 24.495697
v 12.366325 1.3129921 22.504425
v -18.781326 77.047516 -5.700157
v -47.77592 62.47767 -3.3732986
v 9.83757 60.203167 37.09955
v -26.786806 -40.48275 10.01223
v 58.52539 81.0072 -37.833374
v 19.16095 -53.12905 8.399658
v 55.38974 81.97058 -36.868713
v -16.200012 71.83745 -12.9327545
v 54.46019 55.580963 -22.052338
v 58.222168 64.179565 -4.569336
v -1.9415196 42.944317 -11.931368
v -32.833515 -18.227478 21.120413
v -25.708557 -44.091537 13.927368
v -13.568799 66.11438 -16.123138
v -6.1414337 84.42452 -12.36586
v -26.64508 -53.737072 15.689514
v 20.929565 7.5722656 24.943176
v 50.376556 85.55946 -37.295685
v 18.572102 96.46543 -25.11866
v -14.471436 65.15289 -13.438049
v 28.845154 -23.499191 3.7408295
v 51.621338 87.71834 -38.961548
v 48.911804 87.92496 -38.433105
v -24.819107 -39.469955 11.17868
v 3.0920715 55.061314 -21.556915
v -27.049805 -48.993546 25.586876
v -29.839666 61.03011 15.430727
v 48.85566 88.55634 -39.186214
v 30.325623 8.660076 5.0480957
v 32.33557 -28.414032 15.809937
v 18.058167 -20.614555 6.198242
v 50.061523 88.7462 -38.816956
v -40.90332 -13.003754 9.514832
v 16.109238 6.447773 25.108044
v -63.162956 61.853447 -25.357178
v 28.664795 51.322754 -6.2454224
v -5.937378 14.06189 29.125427
v 18.75222 -36.33374 29.496933
v -26.252838 -4.7225533 -1.6452103
v -28.838074 -43.738647 23.068333
v 28.928719 -1.4482117 -1.4825134
v -55.20938 55.813004 -12.675163
v 9.26062 20.422647 -1.1309738
v 0.4427185 2.2721672 28.16745
v -25.597343 -21.086945 19.348381
v -3.1828613 54.736298 -38.456543
v -20.876049 31.814007 15.331955
v -63.092243 60.784363 -23.402283
v 4.8389244 54.76204 -38.511456
v -6.775696 87.31348 20.935547
v -36.272705 -0.107177734 18.254395
v -22.673828 74.645996 21.79834
v 19.176199 30.361664 13.119728
v 24.284931 16.574215 7.8870544
v -1.9919224 14.300353 -3.5793629
v -10.167023 69.17822 35.096436
v 4.9923325 56.40658 -37.769363
v -22.095947 24.189148 18.946106
v 32.62551 -19.548561 3.8380432
v -27.007051 -35.295723 21.805738
v 2.9978027 79.70999 -25.837158
v -46.779587 -53.350574 3.2061386
v 28.322632 -40.520523 16.613281
v 27.372978 -51.579636 3.1867676
v -46.51953 -49.02722 -2.4134521
v -39.79357 -38.380222 11.917664
v -4.583557 86.58417 -8.489227
v -24.102427 -38.21228 11.447927
v -39.58719 -37.946907 10.574127
v 11.358803 79.45869 -6.255855
v 7.192047 80.22833 -24.56047
v 18.196365 61.155273 32.338898
v 9.755503 -3.0625334 14.110329
v 18.947815 -43.652206 14.77533
v -8.00885 32.99656 -6.892517
v -15.236816 50.961792 35.999634
v 16.355453 -16.681168 10.790405
v 15.554382 78.59633 -5.241104
v 20.292786 68.172104 -5.607361
v 22.42439 53.778236 26.463516
v 21.345383 -32.593384 29.12297
v 7.1030045 53.41838 -11.823135
v -61.39778 59.830627 -38.514427
v 20.890419 94.989174 -27.433544
v -1.1370239 -2.3892822 51.333374
v 8.127422 60.73831 -37.2417
v -6.6393814 -9.336273 55.114197
v -16.223267 71.13257 32.13214
v -7.6868286 60.61272 -38.16931
v 14.418091 34.80764 25.974915
v -9.025803 52.93924 -11.868904
v -7.4367676 61.682617 -38.354004
v 32.23611 -19.230846 19.188354
v 7.603119 61.53679 -37.347046
v -22.99875 41.914997 -4.8535404
v -21.280008 26.631605 14.390481
v -39.20569 -37.29421 9.999268
v 12.598546 -52.465702 25.968061
v 16.402802 23.391388 5.732361
v -11.548462 83.87686 -7.915844
v -1.7391205 51.82959 -13.4383545
v -29.638783 2.34869 -2.0724115
v -28.113283 -19.499887 20.218468
v -21.676949 -9.312927 16.132172
v -23.266426 -36.7705 11.141678
v 3.9375763 62.733543 -38.512268
v -49.059387 -52.159637 2.8605957
v -9.101074 37.231037 31.76538
v -31.586159 -50.02584 5.583557
v 15.568344 71.91041 -11.0633545
v 12.132927 77.056595 -6.6563263
v 3.3082085 38.03958 -12.259872
v -28.197517 61.730774 -8.333191
v 60.998108 76.461914 -25.92517
v 34.5775 -52.067524 16.55597
v -5.164551 63.345825 -37.907715
v -23.067682 -40.49838 16.451952
v 2.3971558 29.367744 -8.607704
v -48.411842 70.77774 -15.125977
v -22.209602 23.669209 12.663361
v 45.43339 65.67313 -3.5537415
v 15.751994 -19.31871 19.823334
v 6.1562424 42.462906 -14.432236
v 3.234314 65.00094 -37.959717
v -8.93219 6.002075 5.7420654
v 61.795723 68.66567 -23.466537
v 25.34077 -36.39987 10.976074
v -35.75879 0.9391022 18.669067
v 54.921875 75.66865 -17.072418
v 22.175568 67.36102 24.207733
v 11.424685 75.4769 -22.9105
v -17.449211 77.786446 -5.6074753
v 25.960999 2.0760345 23.35205
v -50.99695 -50.46141 3.567627
v 20.593918 75.83057 21.32666
v 11.916687 24.997696 1.658783
v -0.58361435 79.70679 -26.25476
v 20.646744 -36.09781 29.996445
v -39.26236 -23.834045 3.6271057
v 33.143723 63.77466 8.699707
v -0.3685913 65.93024 -37.9834
v -7.6134605 11.702881 27.749237
v 2.7850094 4.5648193 33.887756
v -62.473473 65.897224 -38.036804
v 24.17374 -41.357365 14.154703
v 50.351418 77.73492 -18.567749
v -33.80262 9.20961 2.4213715
v -29.12464 -4.8931255 -2.0758882
v -6.6993713 31.377403 32.100586
v 21.256775 96.02698 -27.43451
v 11.1970215 12.8207855 26.608337
v -17.869389 77.80166 0.8198166
v -5.2065344 51.275143 -11.354055
v -5.938492 19.289705 -4.4950523
v 26.434875 -33.523926 28.326996
v 20.945858 72.59051 0.6017151
v 19.178864 2.2954865 24.68518
v -3.2611008 3.0612774 26.747002
v -61.196415 71.43953 -37.60041
v 58.023544 71.05737 -37.55243
v 45.94274 75.11 -16.456089
v -48.058083 51.845917 -2.6765442
v -2.7645264 79.433044 -26.849304
v 49.776463 50.806282 -7.2691116
v 34.250183 -2.9563446 13.109192
v 0.8022156 53.44342 -24.056519
v -42.75482 -51.145325 -4.8583345
v 57.3474 72.34677 -37.84729
v 61.668762 71.756775 -37.420532
v -60.843063 72.52869 -37.396774
v -54.810387 73.65348 -23.337952
v -25.158 70.25607 -1.6952934
v -25.145203 -1.3979492 23.381897
v -42.03517 -20.324482 3.6782227
v -34.5354 -52.943665 0.78759766
v 35.874943 -48.488873 9.425236
v -5.2016335 6.5260506 23.767593
v 32.838074 -49.523617 6.8078003
v 31.396461 -30.265564 10.209412
v 9.001953 85.31326 -6.5398865
v 55.244007 53.68341 -16.314478
v -19.74884 34.609184 17.572357
v 57.462242 74.68671 -38.092266
v 39.95273 47.94159 4.323822
v -37.87533 47.457565 -5.76326
v 25.750511 -25.816757 3.8655472
v 16.445312 23.509033 21.440186
v 22.432793 -40.3406 14.350761
v 13.450222 81.60964 2.565957
v -50.313465 76.15378 -38.33766
v -0.9864807 36.8703 32.735397
v 62.58265 62.377045 -15.550964
v 58.48988 75.85562 -38.03775
v 15.064209 26.414429 5.5375977
v -50.47651 -50.819454 3.8843422
v 10.696602 80.12179 -6.8403244
v -1.87176 85.46947 -16.630716
v -10.499963 80.96282 -10.339054
v -50.261345 77.48413 -38.9539
v -21.486143 -4.6972246 0.5991745
v -17.303223 79.54201 0.044067383
v 26.361923 -35.31732 10.816528
v 12.636633 38.03907 27.452875
v -27.72351 -11.593288 15.59951
v -40.278877 -35.45511 11.055145
v -22.322075 66.89264 -9.781158
v 57.44408 77.254 -37.534515
v -3.5121565 5.343211 4.8433647
v 21.970116 59.322113 -9.287567
v -50.803505 77.87274 -38.120506
v 57.799133 78.862976 -39.070923
v -57.236637 78.64331 -37.4591
v 0.42192364 5.689354 7.16399
v 4.1194057 17.221798 -1.8926518
v -1.3886313 -7.3314915 53.10932
v 9.942841 49.880737 35.78305
v -6.7564087 6.69928 5.3675537
v 25.650513 -2.9194946 22.13269
v -22.106527 38.114292 13.613276
v 16.767769 -18.19188 19.094482
v -52.0367 78.9071 -38.380814
v 4.146553 9.102112 27.210083
v -22.214241 -27.878296 15.567596
v 53.008606 56.463135 -3.4958496
v 26.164276 -48.27588 -0.5515137
v 14.288803 89.47809 -25.909271
v 20.977264 17.885727 5.8106384
v -56.446228 79.65642 -37.97174
v 20.070526 -27.918375 6.787325
v 51.572144 54.111237 -22.142994
v 54.038666 79.75795 -38.64966
v -60.688477 67.83472 -17.332031
v -37.832916 59.090286 -17.035217
v -28.578293 -4.594208 21.2471
v 7.7632318 60.343445 -24.997192
v 38.091026 60.15634 -13.30365
v 28.607681 -41.27517 18.01773
v 32.354126 -53.039932 6.6326904
v 41.34192 62.610474 1.5935059
v 20.395462 -34.64447 29.664581
v 36.218277 46.161697 6.5640106
v 14.098999 81.52378 5.4559937
v 5.575984 29.335249 31.62247
v -35.836502 -37.806038 6.752466
v -44.51294 58.248077 -25.302734
v 23.0736 44.325413 17.707094
v 18.551311 -35.17917 11.013786
v 38.106445 56.32617 10.035645
v 2.9767861 0.17882538 34.239708
v 30.16365 10.200569 6.841034
v -42.58205 54.55267 -22.954546
v 15.648747 -30.120808 9.0394335
v 21.883244 -35.12242 11.276217
v 52.522614 86.18271 -38.224823
v 7.980896 85.54468 -17.49878
v -6.8616867 85.33917 -15.006958
v -26.364536 -1.3070192 -2.2008295
v 19.62622 36.599976 3.1085205
v 49.724293 86.78031 -37.361656
v -26.73816 11.19696 24.534454
v 20.62946 -46.10205 6.025156
v -39.410313 66.97456 -21.117542
v 41.544273 70.463745 -16.003998
v -37.658813 -18.3667 20.475586
v 31.327042 -22.042511 4.9190063
v -42.72946 53.763885 -23.048706
v 18.242004 51.16928 30.80339
v 6.140625 64.00586 38.35254
v -35.372734 66.08882 -1.9205227
v -8.978695 13.572959 -0.6581688
v -59.007217 71.251465 -19.051147
v 50.020462 58.767944 -26.257874
v -3.9075317 36.89012 32.732468
v -40.0352 67.313835 -19.226112
v -11.826497 -2.3759332 14.20042
v 15.448486 83.08215 10.986328
v 4.9989204 57.58545 -16.64087
v 17.284058 80.0716 14.027626
v -54.621597 60.841064 -10.863739
v 44.354652 73.63216 -16.148819
v 4.6933956 22.593887 -4.3994865
v 18.125748 94.10534 -28.895607
v 32.145508 -12.89637 10.516113
v 25.348587 -52.863342 13.987793
v -21.603172 -31.874725 14.908524
v -51.311615 55.430786 -9.838066
v -5.201763 55.265694 -37.051453
v -25.33628 -46.2688 23.834778
v 24.337471 -34.739796 10.629924
v 50.257034 50.614002 -16.035904
v -34.072754 -10.098405 15.759918
v -9.741931 81.63162 -23.912083
v 58.522682 65.59359 -26.847893
v -6.208668 56.44921 -38.002853
v -0.31513762 5.780802 6.610714
v 56.15193 64.356636 -27.00507
v -21.414427 78.73209 15.545467
v -26.436848 -40.94009 21.381813
v 6.439945 56.90654 -37.332184
v -9.033052 82.728035 -12.465293
v -14.784382 75.66677 -9.6935425
v 54.227783 65.78974 -27.915527
v -35.578075 -34.87742 6.507202
v 6.9732294 57.52188 -37.326187
v -6.6348076 58.03069 -37.86924
v -4.0874557 7.4820404 -0.5858879
v -31.202454 61.433353 -10.831909
v 23.165405 4.4020844 24.619614
v 31.785536 -29.717255 12.156511
v -6.959748 8.192485 25.462965
v -40.193787 66.4891 -23.07965
v -43.423706 48.45365 -9.781738
v -3.046463 50.031857 -11.680546
v -34.183434 13.337135 15.403748
v -7.8492165 59.157845 -36.562958
v 43.81804 69.82248 -8.542969
v 24.62201 53.75257 -6.5473175
v 9.126709 75.844574 -26.606934
v -26.35849 45.272568 16.943298
v 30.622284 -17.814919 19.355545
v 33.381714 55.300404 13.875061
v -10.833443 65.735596 36.42401
v -29.276665 -31.45594 3.779831
v 26.679932 -2.9230957 21.544922
v 17.36826 -34.863335 11.162437
v 49.664005 75.88048 -17.454142
v 3.307495 15.872116 29.919373
v -62.13916 60.300938 -37.369556
v -32.952713 45.626976 1.4047241
v 22.042603 -34.9635 29.79068
v 32.202698 55.646973 -7.632202
v 18.94497 4.9433985 25.206564
v -0.50988436 5.6367817 3.0174236
v 36.918488 63.05375 3.7865944
v -27.204636 15.080078 5.6185303
v 9.978912 61.63211 -13.601685
v 17.587017 -17.778564 19.628998
v 33.236084 2.3138123 14.049988
v -28.502106 46.864014 -2.9960938
v -28.965816 0.16119611 -2.6153655
v 60.73857 66.65088 -26.249088
v 27.474396 61.572144 -4.161865
v -63.07555 63.398685 -38.061127
v -32.417202 15.496977 15.169464
v -6.8408813 62.354187 -38.48413
v 18.424028 34.66343 15.175784
v -35.95175 -42.255672 20.725924
v -28.871414 57.16974 21.71936
v -31.487915 5.7075195 22.790283
v 15.848114 14.49955 0.5971947
v 19.808193 37.310284 2.3057613
v 16.645355 -33.524254 10.92436
v -37.385025 -16.54773 19.12085
v 21.59668 44.39839 23.099663
v -20.433952 35.656372 -0.45236206
v -1.8065033 65.42078 -38.05609
v 11.017456 78.31088 -11.6091
v -36.38748 5.8540344 3.068283
v 11.725586 36.844143 28.126495
v 12.300537 16.497559 26.354126
v 1.6271973 45.103043 -13.537956
v 23.628448 43.956833 16.231476
v 12.556831 38.163387 28.267563
v 2.876448 65.51497 -37.537582
v 21.197021 -45.053543 28.766724
v -37.50061 -1.0384064 -0.18701172
v -13.880127 89.19165 -26.913086
v -32.840157 14.369446 15.105774
v -30.401342 -15.996628 19.171368
v 28.834553 44.908756 2.176422
v 9.683481 64.73635 -18.117828
v -30.387726 47.8268 9.769745
v -33.265076 64.39928 -8.838623
v 19.140697 -16.860413 20.313156
v -27.277405 14.181183 22.20581
v -7.098549 55.898148 -14.50626
v 25.417793 -47.74548 3.6167145
v -62.055214 68.40668 -37.247986
v -25.455128 -13.470546 13.894688
v 22.511353 72.26599 4.9416504
v 1.2765026 53.65219 39.062202
v -27.513428 4.803833 25.098083
v 10.392414 -1.6732649 17.832434
v 39.342392 65.39067 -13.282275
v 32.039795 -4.0594025 0.69885254
v 16.153019 -38.337425 15.153696
v -42.48751 67.87608 -15.068024
v -8.520874 84.27579 -14.75592
v 14.097254 -9.005396 14.9278965
v 26.403992 15.981572 13.477112
v -37.653843 7.2352905 5.973938
v 54.647324 53.04942 -10.014584
v -18.732178 32.600708 23.476807
v 62.05591 72.81262 -37.230713
v -3.3504438 81.673584 -23.065308
v 1.276123 89.59624 -4.452881
v -30.511513 -18.01886 20.509193
v 57.100395 73.182236 -37.5847
v 61.98935 73.87116 -37.12683
v 61.46399 75.193756 -39.08313
v -4.32605 -11.701839 57.49083
v -60.380463 74.21554 -37.00702
v -11.87736 78.3712 -20.557724
v 14.672865 -36.828743 25.691343
v -50.25131 74.89862 -37.65735
v 35.17313 -1.4449148 8.448021
v -10.899353 75.789 -26.019287
v 16.938599 4.1851654 25.186409
v 1.8896294 54.865147 -20.504417
v -39.021877 64.96516 -18.201845
v 42.26242 58.827576 -15.976715
v -26.098389 15.747559 5.3988037
v -50.388367 76.73544 -37.382774
v 24.187046 68.559326 21.29953
v -46.53186 71.017944 -17.526672
v -7.5659485 88.69385 4.7753296
v 10.204544 79.79151 -7.3782196
v 14.716349 -32.32704 11.568352
v 18.112795 -3.327945 -0.811939
v -1.0098267 30.24826 31.965622
v 55.806637 77.4411 -37.46936
v -26.91173 46.741783 16.897465
v 33.32371 -24.184265 17.470444
v 49.429443 50.156357 -8.926025
v -3.3187866 89.7607 -4.9087524
v 3.064186 50.35814 -12.127672
v -44.026512 70.153625 -17.894043
v -39.033356 -20.549202 1.7705383
v -24.29358 69.07977 23.414429
v 30.264252 -46.154133 19.244385
v -5.7402344 78.70111 -26.061218
v -11.117107 79.26335 -16.122711
v 54.808594 78.07336 -36.25061
v 15.147522 -31.285486 10.767349
v 46.69687 59.381435 -20.788803
v 50.057804 63.193474 -27.353737
v 20.786263 75.78235 18.804901
v 58.924805 79.71631 -37.793457
v -12.862544 16.558361 -0.4974951
v -55.352234 79.58963 -37.41794
v 27.227587 -20.971468 2.4968045
v -59.936264 70.34743 -27.111084
v 54.229004 80.55304 -37.357666
v -26.538803 -7.9129252 -0.7213173
v 53.521477 81.796906 -38.768936
v 54.407852 81.70232 -37.15799
v -59.19107 71.192505 -23.620667
v 29.275848 56.624634 15.371628
v 50.808105 85.20801 -37.566406
v 51.506775 85.22583 -37.835205
v -20.259644 24.805275 7.9516907
v -9.894524 80.680664 -22.923584
v -33.885803 -17.001831 20.267212
v 12.492508 37.550232 27.25447
v 19.486359 -48.536 4.8272247
v -33.463844 -15.734608 19.330378
v -3.0794258 -7.7280145 51.62252
v -21.342438 -25.882133 13.907349
v -28.973122 67.43204 13.851484
v 32.74759 -14.79187 9.751099
v 31.292725 -52.512115 0.7893677
v -41.64018 55.893856 5.496857
v -27.077213 -50.369205 26.17643
v 12.217932 65.76719 -10.654123
v 45.62097 64.08472 -2.0740967
v 0.0011749268 77.22449 -27.223694
v -12.230919 86.1759 4.2678223
v 20.004211 88.96423 -21.971985
v 23.938477 -47.08638 3.983551
v -3.631836 0.061767578 30.197998
v -23.060898 46.156433 -8.517578
v -36.694336 9.364656 7.4346313
v -27.32486 -39.310165 22.373306
v -0.58732605 54.267624 -36.896515
v 6.4592514 56.513714 -13.756113
v -8.028133 29.808079 -7.4239902
v 16.020597 -40.331493 16.618008
v -43.856567 59.05426 1.7869873
v 8.197937 84.91772 -7.1166687
v 13.047527 -32.07686 14.477509
v -34.53763 -22.897797 22.789097
v -18.495636 78.372925 2.1159363
v 16.19629 54.13733 -10.789429
v -5.7943 55.686485 -37.508667
v -0.65060425 22.246475 31.615376
v 16.547089 34.464355 3.6262817
v -5.7836 55.56058 -36.84161
v -17.219719 79.2665 -5.76593
v -28.619377 59.13423 -9.035248
v 8.756453 86.6227 -4.9005604
v 29.368443 -16.907192 19.406807
v 16.138214 37.82271 -6.7940674
v -11.368225 43.317017 -14.945953
v -34.27501 50.051163 9.20654
v -15.353342 69.54764 -19.930832
v -13.101692 61.807205 -13.715904
v -24.808464 12.850464 1.4571228
v -17.1566 4.646927 0.44535828
v -23.868626 68.45416 25.046234
v 31.74582 -30.034533 10.896019
v 28.916275 -16.096848 17.673172
v -41.99914 -23.800947 8.183777
v -59.53828 58.823902 -36.89821
v -20.93525 -26.910591 8.476776
v -11.351273 79.28206 -13.029648
v -11.38044 -1.5097427 15.366563
v -27.506414 10.348403 24.42502
v 8.12831 59.69404 -36.687088
v -61.660896 59.89151 -36.939926
v -60.44874 59.494118 -37.023987
v -35.534515 10.545818 7.899353
v 48.628006 65.79144 -3.4047852
v -48.232643 -53.664574 10.377563
v -6.5514526 20.92049 -4.7338943
v -9.567894 83.40019 -8.181665
v -29.085083 10.234863 23.578735
v 19.071587 -37.779266 12.574402
v -15.662201 43.521027 -14.095398
v 17.044983 77.3793 0.6795349
v -8.092545 61.74756 -36.746887
v -20.553951 -3.732006 0.90486526
v 31.771952 -53.35906 14.556709
v 59.20412 58.533127 -18.457428
v -4.855835 -1.9808044 34.98413
v -7.743683 62.554413 -36.663696
v 6.703888 62.4693 -36.891846
v -40.521313 -28.892387 10.858765
v 29.574318 -39.701324 17.32608
v 16.003601 81.5686 19.141602
v 23.789597 -15.557594 20.075352
v -31.738558 -36.124218 22.835142
v 28.05194 -44.56991 22.065674
v 10.620178 55.01358 -11.3563
v 23.349136 -53.09327 7.4691772
v 32.02263 -28.575325 10.904663
v 4.2441406 64.11029 -35.143433
v -10.107056 32.412033 30.926666
v -35.314274 -37.619118 6.6378107
v 4.6141357 54.745605 -27.724121
v 9.47406 84.605804 -15.914825
v 27.506035 -33.457123 9.763184
v 43.50064 48.335445 -1.574646
v -4.2758484 -2.1222992 53.22278
v 3.5622253 63.615356 -38.123962
v -18.542156 55.985367 -11.419579
v -20.790283 66.2251 -13.236267
v -29.166819 -23.192225 1.0756874
v -38.831367 -30.286522 6.4731064
v 14.93492 -41.153797 21.827389
v -22.981445 -39.981834 16.883286
v 19.82106 -15.312944 19.549759
v -32.206573 -32.29586 4.5852203
v -62.059834 66.92552 -37.048737
v 48.089905 73.96478 -10.998291
v -18.152588 20.216309 25.350342
v 7.5062866 85.40927 23.193604
v 23.307648 52.83766 23.80008
v 2.104126 65.8492 -37.46692
v -27.715977 48.70099 17.663269
v 0.220122 8.463175 -0.623268
v 21.597626 -8.282349 20.598648
v 25.518524 -44.76407 8.410355
v 11.954895 72.29675 -21.706543
v -32.84305 -12.99596 16.305668
v -36.97747 66.11239 -2.8191943
v -61.415573 69.8565 -36.648285
v 15.211357 -39.8273 17.688599
v -26.643875 71.58586 0.2668457
v 24.550293 -44.14032 26.850586
v 59.280685 69.78818 -36.959976
v -21.819458 65.03714 -12.932434
v -40.563934 -48.66906 -3.83609
v 28.915627 -52.118572 -3.384735
v 60.595398 70.16768 -36.999046
v 36.430534 -53.09642 -3.1741982
v -24.696747 20.735088 9.498718
v 27.687561 -35.7511 12.117859
v 61.966354 70.447296 -24.470978
v -14.33046 82.22023 3.3582153
v 2.260559 2.9037151 29.444946
v 57.135284 71.02518 -36.822693
v 0.102703094 37.002224 -9.963122
v -25.863174 70.5354 20.580078
v 13.369919 -23.848923 19.12967
v -62.59607 62.208008 -19.35205
v -57.93329 55.174713 -15.374573
v 24.438168 -22.174822 2.236436
v 15.522125 38.45968 -8.427429
v 33.747025 -17.617905 3.7766113
v 7.4345236 85.41331 -18.990936
v 57.205498 74.72832 -37.272415
v -41.339046 -26.352968 5.8410645
v 25.791916 -41.862743 14.654854
v 4.0562973 7.267887 26.467255
v -2.841259 5.4499207 22.878067
v 25.540073 -13.992034 19.405735
v 26.09454 -15.9230385 -0.013336182
v 20.42022 -13.575287 19.783936
v 61.59877 74.9297 -36.37451
v 17.308563 -44.90444 14.97876
v -50.242744 74.92551 -36.75615
v 49.198105 63.117706 -2.0905762
v 57.932663 75.232925 -37.280334
v -39.40606 47.226562 -0.42577744
v -50.612076 75.900696 -37.044556
v 60.975025 58.698143 -10.4313545
v 58.40953 75.739555 -37.291603
v -20.751007 55.282566 -11.327152
v -28.35008 68.01287 4.6618347
v 26.07682 -27.081665 27.365074
v 15.506709 4.704114 24.651203
v -3.5884705 84.613495 27.12854
v -0.3089943 2.750206 26.203903
v -21.116928 36.21156 9.441708
v -20.532295 36.618042 -1.9872131
v -59.33696 76.65187 -37.69548
v -10.827255 -1.0085754 12.97422
v -0.57398987 47.415764 35.199345
v 56.44841 77.06537 -37.355408
v 18.693104 25.371872 14.637543
v -34.63037 -41.556656 21.845642
v 17.504494 83.60618 -19.838959
v 55.26422 77.6687 -36.8808
v 23.739864 -19.304565 24.3304
v 27.51863 47.23727 -4.297947
v 13.9609375 81.55963 21.871338
v 9.55277 30.84889 -3.5265427
v -23.957638 42.074615 -1.696518
v 25.186401 -12.28508 19.606705
v 7.2346287 58.76822 -25.863953
v -6.4193115 81.38306 -25.069763
v 10.803028 84.7526 -4.318634
v -25.459133 -31.985088 20.862432
v 15.554699 33.211945 1.6009293
v 35.240086 -47.353867 14.506687
v 29.311821 11.598297 6.742737
v -31.687477 -1.5419378 -2.7537575
v -41.386017 -25.70755 17.213379
v 4.556671 78.10086 -26.11322
v -42.47006 -53.27645 -9.44432
v -18.57401 -1.794918 1.319933
v 55.39212 75.05945 -15.0503845
v -54.223785 74.230606 -25.411621
v 54.479996 79.352905 -36.186108
v -34.001064 13.627933 12.225897
v -28.656433 69.95926 4.9146175
v 54.90078 57.902405 -24.108429
v -27.187038 48.52691 16.266876
v 23.503141 51.79129 20.496727
v 27.485962 -40.426636 25.127563
v -26.108295 -34.70939 21.235596
v 57.425262 82.120056 -35.732544
v 0.876215 85.645256 -10.460716
v -43.343437 48.601997 -11.880432
v 43.85422 72.71851 -15.148834
v 10.178026 79.77134 -10.651062
v 28.716187 -29.30864 26.132324
v -36.533813 -36.415436 21.549194
v 50.95346 81.117325 -20.222137
v 22.18164 50.51828 -6.4589243
v -38.519043 -15.605648 0.44213867
v -23.023853 -51.02008 22.82476
v -22.43454 -51.294632 21.337524
v 21.498951 -12.739315 19.925453
v 35.744934 49.149597 -8.358246
v -22.780945 -24.288712 17.329742
v -8.518311 30.879227 -7.0889893
v 7.9322205 28.358057 -4.4575806
v -51.421265 -48.081726 5.278839
v 53.64624 87.058105 -36.704346
v 57.463757 55.296234 -12.245192
v 50.46376 57.171387 -24.909058
v -48.603394 52.54149 -7.384552
v -41.091698 54.178238 -22.649841
v -37.96109 2.9713745 15.28894
v -1.452095 54.30156 -37.223694
v -31.237457 12.620499 4.992676
v 28.267483 13.528015 7.9468384
v 13.653076 41.139496 31.533264
v 9.140472 85.88333 -5.008362
v -19.233753 -2.756963 1.1848068
v 2.9073792 33.286163 32.120586
v 1.7038517 54.342278 -36.701508
v 32.14019 8.855251 12.96966
v 15.656494 -5.1393433 20.592957
v -23.921713 8.129906 -0.9705429
v -34.203796 62.56909 -12.912476
v 16.232502 27.669144 8.089416
v -40.942886 -7.9313965 -1.8795471
v 19.717804 96.57005 -26.305786
v 8.5870285 2.9976616 3.7911758
v 3.2408257 4.475807 29.908493
v -51.61505 50.86544 -22.451721
v 20.729568 -11.261162 19.583996
v -15.350815 30.25426 0.24758911
v -22.706623 -39.319496 16.181046
v 36.537506 46.254333 -5.6743164
v 56.31926 82.54797 -22.562347
v 27.164219 -43.99507 9.023322
v -46.05768 64.54736 -3.5700684
v 33.466522 51.50302 13.505142
v 28.252518 -48.171677 4.6737976
v -6.191231 58.14794 -36.577393
v -39.131294 -47.88148 -1.5061035
v -41.814125 -26.00135 11.778534
v -7.008147 58.499073 -36.764614
v 17.770538 52.19507 31.921936
v -11.800293 28.605984 -1.7389221
v -58.541405 58.87509 -36.296417
v -56.379005 58.81862 -37.250954
v 12.859238 -25.385956 11.215271
v -29.119305 56.6213 19.911476
v -0.8218155 50.608826 38.85295
v 11.926949 76.428955 -21.678375
v 2.7595825 6.687767 31.421171
v 21.16421 42.990067 22.60941
v 17.893326 69.15132 -8.87561
v -27.203522 -5.1654053 20.935333
v -5.4663315 6.9795227 30.65657
v -53.603317 60.058014 -36.48645
v -42.158966 67.040405 -25.28357
v 14.316578 79.3441 2.2301178
v -62.033028 60.50453 -36.605988
v -49.586548 -48.71463 -1.3051147
v 16.164394 -11.406451 16.069063
v 33.322155 -24.343128 11.920746
v -8.344158 60.72384 -36.08757
v 47.234436 51.52658 -19.619873
v -43.22409 -46.202637 2.5705261
v -18.746704 23.302246 5.4349365
v -23.466026 69.32113 24.244232
v -24.815115 0.7910229 -2.1827102
v -11.27026 37.650574 -12.791931
v -15.8984375 76.13458 28.807495
v -38.692017 -52.606323 19.236938
v 4.718956 88.36595 4.9528885
v 7.68869 68.61108 36.021408
v 60.682487 60.46663 -16.271545
v -33.773865 -36.195618 6.426956
v -1.5683708 77.927246 -27.210983
v -1.4770906 18.170078 -4.656783
v -26.63481 -33.49301 5.6258283
v 56.763596 64.9721 -27.29694
v 26.193237 14.138535 6.7002563
v 22.628313 5.094016 25.010944
v -35.97345 -32.639267 5.154541
v 56.987915 60.034424 -3.9765625
v 32.078247 -26.762115 22.347046
v 28.346985 47.50078 -5.1416626
v -5.273712 8.774881 30.036499
v -42.066376 60.107323 -22.348732
v 7.878467 82.13868 -7.641467
v -62.497513 64.61221 -36.881714
v -39.14135 -22.085566 1.3778229
v 16.599167 38.76309 27.301743
v 26.361237 -52.223484 -4.1082306
v 16.493067 38.452747 24.187248
v 3.2122803 65.43179 -35.993347
v 18.18116 42.268456 -8.830795
v 31.352356 -51.654053 -0.04724121
v -26.105467 72.30218 -1.727578
v -30.744339 13.984871 6.8233337
v 0.610285 66.085655 -36.454594
v -35.013824 65.16867 -8.888672
v -34.83731 65.87085 -5.532305
v -4.8969603 56.14695 -18.947405
v 4.032005 84.2992 -12.10152
v 12.221344 72.71869 -20.098267
v 44.350807 65.49988 -4.24469
v 58.301823 70.073074 -36.96254
v -56.064186 73.499756 -23.425964
v 30.39573 -37.951054 22.40094
v -1.509901 16.443205 -4.8573904
v 15.7526245 70.51824 -11.802551
v -13.0390625 71.174805 33.32202
v 43.070126 71.83105 -14.2482605
v -20.39756 26.01614 7.7713547
v 33.453796 -6.8596916 1.855072
v 38.477917 63.740505 -11.868572
v 44.09326 54.58789 -21.28183
v 43.827126 49.2222 -0.14419556
v 28.076569 -8.694077 17.878479
v -20.75541 -9.3537445 9.74353
v 38.620987 53.322594 9.174576
v -16.960938 27.910034 5.0061035
v -38.93712 48.84796 5.3207817
v -25.692535 72.20298 -2.2585754
v 3.7537384 56.528435 -20.455505
v -43.722603 -53.474957 -9.004898
v -60.491722 73.27769 -36.13324
v 3.0534267 17.33981 -3.2885823
v -25.749708 72.31929 0.65479565
v -23.966549 74.42839 -2.327362
v 56.17127 74.37184 -36.66438
v 32.341698 -25.444006 13.393782
v 14.136604 15.173815 0.20565796
v 39.097122 62.20083 -6.6674805
v -41.76435 68.309525 -25.217342
v 15.589471 -19.140625 18.539673
v -30.261017 14.952026 7.2441406
v 19.494106 -36.55197 11.927689
v 11.09021 66.1261 -19.625488
v 27.930038 48.272522 12.846344
v 4.5711966 88.388176 -5.2745667
v 57.103333 75.01521 -36.974556
v 33.44199 -21.72881 11.224924
v 8.227974 83.2135 25.484009
v 56.271156 76.58775 -36.90973
v 18.31308 34.2063 4.7060547
v 20.680794 -44.7963 9.118164
v -25.72596 61.30423 27.00402
v -37.39288 -45.217087 1.4692535
v -6.0583315 1.6489868 35.248383
v 23.231812 -21.75634 2.87323
v -50.69603 76.22775 -36.46985
v 10.687134 63.3889 -25.231018
v -29.996628 47.78705 -6.708618
v 57.669823 76.53916 -36.702633
v -14.428589 44.869904 34.1297
v 33.251022 -53.877125 15.913423
v 33.779488 45.221207 -2.99469
v -7.7002563 33.750263 -7.105419
v -40.483093 -28.05188 18.82663
v -24.137344 -2.0593262 23.440369
v -34.04741 -4.5481796 -2.5196953
v 20.23993 11.378479 22.49759
v -29.31121 64.203156 15.8078
v -44.564148 50.876945 -20.516144
v 28.36792 -4.730449 -2.146286
v -33.056793 45.851265 -1.5389404
v -39.56714 -19.302155 19.128174
v 27.501831 65.51712 1.8466797
v -5.9981403 12.3027935 -2.6132889
v -43.639435 53.930542 -23.97174
v 58.260345 77.087425 -36.74742
v 57.59961 82.0647 -24.909302
v -11.38451 18.294788 -1.0395408
v 19.588303 -32.79239 9.2388
v 17.788528 -10.405487 18.790298
v -39.506493 -23.014236 2.1418762
v -57.84664 78.32423 -36.120102
v 59.362312 61.54181 -23.373047
v 0.02072239 12.577388 -3.5755403
v 25.643646 15.515297 7.3008423
v 2.778143 10.590363 0.5898285
v -54.681225 78.60333 -36.44409
v -30.31181 63.76509 14.532974
v 59.70404 77.59191 -35.392944
v -56.366486 78.653854 -36.842957
v 4.72781 57.155983 -23.23819
v -38.251007 60.311745 -18.407593
v 62.715164 63.27301 -16.213562
v 16.263418 77.26555 -1.7868347
v -39.81291 57.581146 -22.000305
v 15.094259 -19.889679 11.332275
v 7.1301427 1.6493328 15.419546
v -36.9693 62.648438 6.7994385
v 11.847763 78.40431 -16.924591
v 58.531174 81.37338 -36.166992
v -21.0531 71.82799 -4.6030273
v -53.868896 -52.511993 5.3408203
v -58.203888 64.394485 -11.939575
v 21.39171 2.316846 -1.862714
v -56.806217 55.29321 -14.076998
v -6.8321075 52.953896 -13.205978
v -46.134644 -52.211266 14.280823
v -10.157227 60.891747 -16.089844
v 18.46994 24.746307 17.421692
v 42.841522 61.24222 -16.022034
v 50.866894 52.510696 -5.800214
v 30.221882 -8.425944 -0.462954
v -7.5309143 81.21896 -25.635452
v 23.029585 2.7305355 -2.0761213
v 24.571442 -10.610523 19.356125
v -42.699997 -18.784233 11.384766
v -32.17856 -52.76322 3.6216736
v -42.830765 -19.896069 8.840607
v 25.724487 -52.97358 25.075806
v 6.928108 59.965157 -18.53243
v 27.505402 -23.620129 3.1181946
v -29.176271 8.655351 24.01705
v 49.754288 87.80386 -37.162598
v 56.317566 74.437256 -13.710205
v 50.60858 88.361145 -36.93701
v -14.939087 83.492645 5.1464844
v 33.027172 -10.663574 6.7127075
v -51.249496 -53.018204 -2.4892578
v 54.75392 64.5108 -27.202246
v -5.1074524 5.234455 11.029423
v 28.03575 -16.520597 18.895283
v -1.7647104 54.291218 -36.35556
v -27.775578 51.005585 17.218433
v 17.562128 33.243744 6.718384
v 27.694916 -32.61708 8.343262
v 3.1763916 55.341904 -36.299316
v 19.931095 -9.469879 20.233414
v 30.223648 9.941692 16.776276
v -5.1932373 55.368572 -36.23004
v -12.545395 -2.365303 11.915337
v -34.01004 -51.135994 0.21575928
v -59.34378 55.826344 -23.829256
v -4.106064 55.927166 -37.636475
v -3.0094948 55.593967 -36.50569
v 29.551575 -31.4198 25.653015
v 10.86142 79.94493 -21.608208
v 6.012924 56.237846 -36.45012
v -41.401 65.651505 -12.039749
v -45.468483 64.798676 -7.099777
v -23.961445 40.331917 12.386358
v 55.109344 84.31865 -26.424568
v -34.99748 -19.925537 22.369781
v 13.444729 69.31854 -17.307648
v -38.826233 -6.0200195 12.461548
v 35.07853 45.580048 -4.636322
v -16.430271 -2.7013931 20.841934
v -21.081547 8.496414 25.727062
v 7.63379 58.233624 -36.151047
v -8.303564 26.710846 -5.124199
v -37.75137 47.117096 3.6151733
v -20.194763 2.1681213 25.054184
v -57.591972 58.7368 -36.544403
v 19.557251 93.576416 -25.35254
v -23.001991 -9.961594 15.657791
v 18.31105 35.606636 17.440994
v -40.652542 -24.493698 4.820801
v -59.524017 59.591957 -35.630554
v -55.650322 58.807594 -35.894745
v -37.711327 61.695488 -18.592575
v -11.627975 6.917389 23.980194
v -19.868023 34.30304 6.879902
v 26.336014 47.123123 -3.6819153
v 43.590576 61.037415 -16.756989
v 35.797905 -47.884243 13.413677
v 32.29737 -17.504501 12.003998
v -27.256649 43.409172 10.167564
v -9.101757 62.092968 -26.272476
v -52.754486 60.747314 -35.810486
v -33.12708 -28.011204 23.341883
v -26.301025 -38.977905 21.871813
v 44.84764 52.855637 -20.402344
v 61.822254 67.430046 -17.93155
v -52.054955 63.205933 -36.164062
v 2.339508 14.521599 29.19899
v -24.709072 75.335495 15.455585
v -21.09436 56.646656 31.91867
v -29.599113 67.55979 12.608582
v 11.901145 10.596142 0.045333743
v -8.690987 83.024414 26.754395
v 4.539551 63.35724 -36.04712
v -6.11137 -9.021057 53.681458
v -20.8955 -2.429657 22.817337
v -1.9523182 -6.6817093 47.524376
v 1.2631836 12.483887 30.296143
v 18.156076 -34.091843 10.56963
v -50.86567 73.28267 -20.838562
v 47.31746 66.49173 -3.3861084
v 14.548956 -22.696482 9.495467
v -1.4858513 36.830853 -9.964436
v -15.923298 73.33216 -14.186905
v -31.169111 -34.00804 4.75984
v 49.054913 59.131004 -1.7926025
v 1.6985321 88.77513 -3.0552063
v 61.446945 63.877586 -20.862549
v -38.671875 -48.92749 -3.965332
v -51.293545 65.794556 -36.097366
v -0.16513634 66.214905 -36.3965
v 23.110346 16.495016 7.310225
v 33.162617 -20.450226 15.624992
v -63.500473 60.2876 -21.75496
v 19.046253 -8.434302 20.149895
v 12.150024 23.337395 1.7198792
v -3.6220703 38.984283 -11.659668
v 29.99646 -8.372192 16.015259
v -41.061295 68.68169 -23.586906
v 14.341183 79.42734 -1.7502441
v 24.808472 -39.151245 29.177612
v 60.459793 74.86026 -21.74414
v 8.525757 55.661804 37.98709
v 59.348404 69.48767 -36.147156
v 57.981445 69.71146 -36.102966
v -47.90048 50.862873 -3.927744
v -24.147583 70.64861 -3.006256
v -48.512196 57.991684 -4.8558083
v 37.23584 58.009277 10.450195
v 51.527527 85.037766 -22.38475
v -39.965286 -18.841015 2.166504
v 44.45854 73.21333 -18.587555
v 35.42694 -52.089447 2.0733643
v 61.6839 70.70595 -36.80391
v 18.90662 90.926544 -21.037767
v 17.794586 -8.100861 19.540298
v 16.449696 -2.5556145 -0.6935997
v 24.902435 58.38269 -5.982727
v 19.342712 49.026306 -10.16571
v -25.035492 16.753181 6.731964
v 56.34147 72.377045 -36.492416
v -2.6876116 5.4602127 1.7295151
v 13.615288 4.0633883 0.13557816
v -20.8294 79.26196 12.352364
v -27.435999 -29.48354 3.455553
v -41.076904 -14.131057 11.361145
v -24.345713 -13.815475 11.148514
v -4.3497925 14.647491 29.730865
v 62.480385 73.48024 -35.870483
v -60.259647 74.51057 -35.95191
v -7.2764893 25.392338 31.53685
v 20.906036 68.851135 25.232452
v -28.973633 -49.66562 25.76947
v -32.087296 2.076622 -2.337121
v -27.280075 -7.954376 19.387787
v -14.628906 77.10095 -9.204834
v 55.84047 75.73109 -36.662056
v 10.706139 0.6534157 20.473686
v -10.011421 27.215614 -2.6406937
v -24.795166 -7.3462524 19.584671
v -22.812054 -52.028286 23.192923
v 14.00592 43.623146 -12.90567
v -39.70352 -37.92279 17.321167
v 23.574375 16.628038 8.151897
v -39.296326 56.929993 -21.236115
v 57.788513 75.68312 -36.75595
v 40.95607 61.47357 -14.364319
v 61.039677 75.57206 -36.14795
v 57.343445 59.61615 -24.501892
v 58.823273 75.91858 -36.66919
v 57.93448 76.01314 -36.56723
v 60.073074 75.95358 -36.72232
v -21.016388 37.76891 -1.2279892
v -30.965912 -3.298462 20.63211
v 39.50302 54.01999 -12.255951
v -1.2720642 89.931335 14.915894
v -24.087723 -26.008087 3.7197418
v -41.943115 -14.227055 9.942139
v 26.265245 -53.381874 6.021822
v -39.947582 -33.938225 12.648308
v -15.117509 81.25694 -21.93875
v 54.17244 80.39757 -18.480553
v -59.632782 75.79172 -36.524902
v 23.65283 16.619947 7.522793
v -2.684204 -10.08252 56.2146
v 3.8506012 8.049301 2.3996735
v -23.060318 -10.363623 6.542328
v -38.023376 58.180237 8.758118
v -24.067596 -30.621298 5.987686
v 3.151348 15.747013 -3.2156963
v -25.736584 4.239229 -2.0811539
v -51.642174 77.468735 -36.44897
v 20.381847 10.260529 24.141052
v -53.901276 74.2404 -24.008728
v 32.31595 -9.509819 2.0444946
v -22.489407 -35.31572 16.119751
v 13.169731 77.0504 -6.044388
v 7.8291817 0.77172744 15.305898
v 15.728783 1.971483 -0.6664963
v -24.250427 17.598877 6.5979004
v -40.72632 -16.687656 2.1866455
v 21.728996 -39.597137 14.045288
v -33.59958 47.980774 -9.645874
v -38.53463 57.520515 -19.226498
v 13.57552 -32.27368 22.5616
v 9.051453 9.378906 26.38211
v -50.974953 -51.292267 -5.8694916
v 22.624813 17.046095 7.220544
v -21.42947 -1.971602 -0.344088
v 54.935078 81.389145 -36.41475
v 4.034729 88.06836 -2.0966187
v -32.605988 65.97609 -3.5777588
v -4.9000244 70.41092 37.13571
v -29.765518 67.990135 7.241873
v -1.8187408 2.6763725 26.364227
v 22.241499 -51.100864 2.426042
v -36.1134 10.582676 14.667938
v -39.460876 49.837036 -14.657776
v -44.713737 -46.888916 14.078608
v -23.306358 -37.695072 17.953835
v 54.35871 82.53006 -34.83333
v 22.680542 -43.558167 10.522339
v -23.9631 45.957367 23.965508
v 33.954224 49.170654 -7.4572144
v 31.483948 -1.9189415 17.348877
v 11.572601 85.41226 -26.763214
v -23.0383 -6.96698 19.794922
v 27.28294 -52.826008 -5.588608
v 5.6990547 7.8178253 1.8043213
v -35.057434 64.19014 -11.435913
v 28.296959 -51.13279 2.9453812
v 52.66977 87.96405 -36.797485
v -13.238804 59.56813 37.11874
v 16.792961 80.419334 16.149857
v 52.112793 88.19391 -36.256714
v -10.600067 64.91492 -20.816162
v 45.30945 48.798676 -5.093689
v -37.975815 64.75916 -12.800735
v -22.169815 -18.497543 8.112915
v 21.604187 64.68042 -8.613647
v 0.35700226 54.332 -35.54779
v 1.6044312 54.05625 -35.837982
v -4.414917 88.85681 -4.441162
v 2.266821 54.31455 -36.31243
v -12.428402 66.40275 -17.007965
v -23.916443 73.90039 -0.2626953
v 48.664246 49.559784 -10.763794
v -13.367233 67.423035 -24.92511
v 15.014883 -11.236216 11.314201
v -23.951294 20.630219 7.812744
v 13.741619 81.096275 -4.6078186
v 23.763123 -29.279457 6.0166473
v 18.014893 39.605232 27.211548
v -6.8897095 8.455971 2.0948486
v -41.956635 -28.914291 14.61438
v 26.417086 -38.276756 12.860558
v 55.258434 55.401703 -20.22263
v -2.6878662 55.276733 -35.15956
v -37.052765 -48.674725 -1.7024231
v 29.494354 45.072205 7.480774
v -6.865761 24.203384 -5.647064
v 5.664187 56.37259 -35.69122
v -5.5973816 57.428787 -36.06163
v 6.734314 57.621494 -36.16278
v 20.517376 -36.833157 12.619663
v -22.774075 -17.21765 9.39222
v 49.712677 80.635605 -21.164001
v 24.563858 68.64175 17.418999
v -16.452393 80.78096 0.16555786
v -6.9894557 58.397285 -35.788086
v 32.389286 -19.424858 6.4433594
v 3.9322367 14.201756 -1.2515907
v -57.68593 58.590065 -35.31006
v -43.1507 67.046814 -12.007751
v 7.2276306 88.19316 3.8120422
v 14.349136 6.0144653 24.580795
v 5.6937256 41.525208 32.99762
v -20.75291 28.874884 13.595444
v 27.385757 -39.527863 14.907166
v -26.79216 -4.0787964 21.512024
v -28.083933 -31.277195 4.0196114
v -21.168213 76.32617 20.967773
v 8.953735 52.47412 -12.682129
v 14.374535 -10.412392 10.755444
v 26.95073 -0.19240189 -1.9611282
v 24.96991 -48.240814 -0.49536133
v -2.348236 -1.8300781 51.802124
v -1.039978 14.971825 29.830103
v 4.919388 31.418106 -8.338928
v -61.699524 61.65457 -35.786377
v 24.382591 16.970554 9.522934
v -19.372683 -9.544501 10.927952
v 22.726303 -48.228928 2.8251038
v -1.5465024 -7.2766533 51.073227
v 13.366959 34.186752 -6.794525
v -62.292206 62.76474 -36.215637
v -30.090149 46.555153 5.3189087
v 7.498354 62.321815 -35.51692
v -29.390272 66.45259 15.205589
v -21.356348 2.3131866 25.313541
v -21.011162 -6.2009125 19.832962
v 14.0362625 -37.61803 18.166061
v -31.26593 47.56839 -7.8898926
v -18.558044 40.63922 27.220657
v 32.000732 -53.77838 18.201172
v -20.013397 60.000214 32.935432
v 31.300812 -33.96689 17.718475
v -10.32491 86.99571 2.973302
v 26.579918 -6.577434 19.841806
v -38.29779 -24.005249 2.5588837
v -19.0321 -9.42497 11.372434
v 17.619598 -40.0998 15.119461
v -29.3663 56.676105 15.274971
v -62.02487 64.19183 -35.39807
v 22.41455 49.72223 26.297333
v -62.50601 65.72198 -35.80432
v 24.442627 71.59552 8.350586
v 21.325027 93.31891 -24.333832
v 34.797974 59.47821 -8.014099
v -2.0656662 65.68323 -36.06015
v 21.080399 71.777954 24.773987
v -22.594452 44.036304 25.326172
v -29.577976 -38.27127 23.375557
v 10.996826 34.49933 -8.973846
v 18.209522 79.32281 12.323135
v -30.120895 46.2747 -0.94729614
v 22.22613 -44.06494 9.776322
v -13.556292 -4.3990216 12.977505
v -58.266357 67.798035 -14.518188
v 1.7806854 66.15727 -35.97377
v 14.854095 80.902084 4.4104004
v 7.940584 18.464027 -1.464622
v 32.405285 -48.31157 8.950378
v 29.443115 53.035904 -7.0040283
v 57.96942 72.24237 -10.470215
v -17.760368 -8.469508 11.719621
v -61.634132 66.914795 -34.974396
v -61.538364 68.50395 -35.67872
v -24.756226 56.014034 26.033813
v -4.8762665 32.32434 33.50583
v 50.132233 69.24359 -23.827301
v -41.42171 66.16509 -13.590046
v 1.6621593 6.7279053 33.361206
v 56.901905 74.46602 -15.359505
v -36.573883 64.37952 5.2210693
v 44.943108 56.70523 5.2214813
v -47.443604 -51.710815 -4.05542
v 26.757324 -5.6902122 19.915405
v 61.29516 70.11035 -36.059113
v -53.970703 -50.37616 5.76709
v -2.5726624 78.283875 34.207855
v -37.740295 -39.03473 9.038025
v 13.481323 25.014984 3.3618164
v -32.098145 62.039917 9.732422
v 34.42418 -7.4648285 9.365112
v 31.194576 64.98386 2.9644165
v 27.906174 12.589386 17.036072
v 62.428757 71.84397 -36.339508
v 5.009655 9.104858 26.060822
v -21.447422 -28.469307 14.593262
v 56.235336 71.88908 -35.51178
v 0.36105347 15.616531 29.930824
v 5.567542 73.39526 35.932373
v -31.165298 51.379654 11.573013
v 21.155685 58.62915 -9.515778
v -11.828627 -0.8150892 16.344193
v -12.308502 65.0408 -26.669922
v -38.01697 6.6962214 9.5984955
v -33.15956 -3.6405869 -2.6477222
v -25.328972 14.842941 3.6748352
v -9.750122 75.83293 32.658173
v -1.4439087 29.545624 32.948532
v -48.981827 50.03223 -22.180027
v -45.44861 -47.048706 -0.068481445
v -21.938385 71.08205 24.72705
v -23.85992 -35.03585 8.691444
v -58.97766 76.01218 -34.788696
v -50.842827 75.5761 -36.3929
v -4.2450333 37.74465 -11.05249
v -16.363071 83.83143 14.394242
v -14.514069 28.512726 1.184906
v -27.023376 -46.278122 10.81134
v -40.191177 -32.374786 13.574921
v -51.252472 76.1676 -35.970703
v -39.670593 64.12369 2.8954468
v -18.779419 18.9552 24.51831
v 54.99048 76.022766 -35.922607
v -10.781616 92.506165 -26.986084
v -2.6996975 53.496094 -14.731354
v 23.140871 -5.2493973 -2.444899
v 60.129196 75.98264 -35.937843
v -40.13672 -15.648987 15.295471
v 61.96579 72.83548 -24.993286
v 58.994995 76.18788 -36.2666
v -31.49121 -5.9575043 19.438782
v 33.375595 58.875053 -7.972069
v 55.17221 77.085915 -36.225708
v 58.73358 76.994354 -36.16055
v -11.2282715 87.32495 -17.770142
v 29.318604 -48.103455 21.635864
v -53.060455 77.66046 -36.16577
v 13.868323 -45.029026 25.678658
v 58.488586 72.199524 -18.775269
v 41.36883 51.47613 -13.558302
v 45.398926 57.241184 -19.646912
v -19.79917 89.03087 -24.788906
v -37.5391 46.674995 1.9995117
v 24.787073 -20.440722 2.4557242
v -54.960022 74.21856 -26.308472
v -5.729351 85.991516 -8.930405
v 19.058105 40.576904 26.527344
v 8.126961 20.999016 -1.6567936
v -24.269648 -41.296455 17.97114
v -57.174774 78.37949 -35.911213
v 26.580307 -24.088593 26.556671
v -36.043427 -39.72003 8.315979
v -16.433228 73.28516 -12.098022
v 28.9346 -34.423256 12.423584
v 51.779694 60.714355 -1.4916992
v 54.737923 80.42034 -35.918682
v 27.84748 14.908321 12.912655
v 15.557477 81.7592 17.258713
v 38.220764 61.06598 6.9819946
v -0.7909546 85.01935 26.35083
v -18.17436 78.35339 -3.0108602
v 55.629498 81.67057 -35.601757
v 18.826792 23.375484 16.695957
v -29.482365 60.768642 17.526669
v -21.401966 -30.999641 9.592766
v -31.89015 -18.01206 -0.5525359
v 3.0016813 -0.8968353 36.14025
v 25.318464 45.03537 0.7381592
v 25.408459 61.2723 21.319004
v -24.702291 3.270624 -1.863241
v 9.869629 83.87274 -7.005829
v -44.921143 65.11957 -27.834656
v 32.956394 -25.740383 11.490326
v 8.467485 37.517494 30.600328
v 54.41797 85.80493 -36.343018
v 30.025024 -30.23285 9.13092
v 10.582733 60.42377 -11.994324
v 50.32077 86.51199 -35.184082
v 37.212646 60.79196 9.042236
v -25.606384 -37.684578 9.183365
v 31.717712 4.468748 17.225647
v -5.84505 58.156845 -21.22668
v -18.10321 85.605095 -22.639778
v -41.413696 -10.291157 -1.4818726
v -53.955734 52.391457 -26.48587
v 53.124023 87.336914 -33.893555
v -41.776634 -53.3841 -8.52121
v 12.265806 -6.038088 12.429211
v 0.8529358 54.102936 -35.33136
v -25.76778 -24.962141 20.78358
v -3.7603645 55.62757 -20.665531
v 2.3063126 54.539013 -35.77916
v -38.357315 47.22471 -4.4190674
v 60.175346 60.046143 -18.226593
v -2.1440454 55.11837 -35.18003
v 26.348816 -15.621353 19.235779
v 2.2660637 55.45562 -35.282913
v -4.695353 55.527847 -35.5702
v -4.340169 55.29829 -35.55752
v 7.736023 25.766308 31.414047
v -40.988464 -21.839546 4.165161
v 19.940022 39.357285 24.797615
v 5.4017334 83.90608 -13.005646
v -25.855103 71.78247 17.685669
v 15.273069 10.671743 0.5147464
v 16.605026 75.65503 27.405884
v -41.54908 -50.36542 -0.9661751
v 20.045265 74.6693 7.9203644
v -3.833191 54.296738 -27.032227
v 5.2724 56.69214 -35.26111
v -5.1503906 56.86831 -34.88636
v 27.849838 -52.73789 -6.1562805
v -26.779541 9.781616 25.105225
v 18.915344 22.761993 7.6658936
v -6.5485344 57.61769 -35.408997
v 13.603128 -45.28896 23.132622
v -11.001709 35.891693 31.713013
v 27.169441 -52.438393 -5.951523
v -37.40927 64.72385 3.94812
v 7.4828186 58.002 -34.978394
v 21.782166 74.74634 9.48938
v -29.990652 -37.46701 6.3058014
v -21.123383 23.019714 7.3622437
v -27.647919 -25.151024 21.48536
v -21.152344 20.89087 21.650635
v 12.385956 74.54401 -19.796875
v 48.91919 62.43811 -23.789856
v 10.181152 73.21588 -23.856201
v -34.596638 -51.29777 -0.6948185
v -19.178291 -5.2394943 20.299202
v -4.97937 39.54886 -12.954071
v -41.09958 -53.40532 -2.6003418
v 13.448021 -7.939129 16.091557
v -29.785461 -11.379412 16.184864
v -7.71611 85.80835 -15.942871
v -53.03531 59.575436 -35.27397
v 20.189335 -38.08017 13.111259
v -39.24878 -4.2438965 11.883057
v -49.10022 -52.769165 -5.0794907
v 14.087672 -38.683403 18.622047
v -4.837002 56.33105 -17.746033
v 2.813045 54.933292 -24.185547
v 8.777603 60.261574 -34.83029
v -0.7194225 6.1722364 9.778338
v -5.082733 15.461105 29.650665
v -21.03418 68.64606 -10.628662
v -36.348442 46.353786 0.19953918
v -43.865593 -53.40342 -8.466572
v 54.172646 52.706295 -11.199604
v -3.027294 84.80228 26.246416
v -51.712433 61.529053 -34.90393
v -2.7074127 40.170837 34.190186
v -24.613075 -15.285669 10.812866
v -50.249577 -50.041443 9.870789
v -0.90115356 35.943726 32.698112
v 30.913216 63.294006 -1.8032227
v -9.14093 89.04741 8.640137
v -51.239548 63.298256 -34.994995
v 31.563477 -25.017075 22.808105
v 6.100035 63.060337 -35.556145
v -41.208076 -14.204529 2.3744354
v -62.09433 62.913322 -35.30133
v -6.842102 63.590332 -35.600952
v 43.7612 53.35755 5.6434593
v -19.82853 -9.843136 14.628292
v -15.293951 1.9925861 2.2041473
v -13.782497 -3.2843993 14.94471
v 10.542419 75.47016 -24.500977
v -20.254822 24.001991 7.6054688
v -38.10385 -34.13894 21.070435
v -6.6945496 63.744843 -34.264526
v -3.4594727 85.90173 25.107544
v 27.618393 8.028168 2.087555
v 33.361572 61.766357 -4.5776367
v -38.0511 7.118576 8.498116
v 17.45819 91.15979 -19.997467
v -30.625 -0.47998047 22.275269
v 21.750992 -44.790504 7.825152
v 3.19635 65.988495 -35.47644
v 3.9430428 24.157639 31.597616
v 44.766144 71.1039 -10.139313
v -50.608 66.4805 -35.360657
v 19.841797 -21.60184 4.2872925
v -17.505127 79.702515 -0.63061523
v 7.8425903 76.429504 -27.328308
v 24.395813 8.599899 0.8738098
v 32.14333 -28.378761 12.7627945
v 32.879547 44.39003 1.5793457
v 23.024654 71.849205 1.521413
v -0.2467575 66.66748 -35.948135
v 16.808594 25.395096 21.546143
v 17.242676 42.64605 27.745972
v -21.760544 -29.102478 7.8013916
v 53.255867 61.91253 -27.550056
v -37.327717 -44.8426 2.117584
v -3.6870117 -6.994232 49.97766
v 20.0382 88.92482 -21.46514
v 18.309036 55.40654 30.880005
v -6.03246 7.5349464 2.4931526
v 15.080648 -26.8793 23.94948
v -1.2184086 67.397095 -35.585327
v 25.242035 57.69909 22.675354
v -40.478607 67.31649 -23.619629
v 17.685425 -13.201538 4.8103027
v 19.109512 -51.54065 6.6502075
v -21.544159 23.625488 20.829224
v 21.502289 -7.4163055 -1.3423615
v -16.494743 -3.6058197 19.173187
v 0.5629387 27.1367 -6.901246
v 58.15162 67.766266 -34.612946
v 17.096558 23.902924 7.364868
v 60.191895 68.48187 -34.62381
v 38.516052 -50.527836 10.324829
v 2.6395264 77.1214 -26.970337
v 0.5153351 16.61293 30.536064
v 57.196625 70.29196 -35.88968
v -37.40985 -5.160553 14.704224
v -30.527327 -28.023018 23.146452
v 14.266331 -36.85211 17.03186
v -34.345963 -42.318863 8.206436
v -1.2648468 -3.66687 33.88965
v 33.464005 -25.279184 18.112244
v -21.639397 -22.85667 14.222839
v -22.337658 9.400574 25.425896
v -50.358032 72.3739 -36.585205
v -19.659344 25.145765 7.3456306
v 62.194977 71.0403 -35.24875
v -8.906052 2.0390127 17.093029
v 9.207857 -1.477848 12.818173
v -6.0823975 16.266907 29.682617
v 20.788698 -32.351887 8.658962
v -33.007233 66.12535 1.0626221
v -8.976746 78.561035 -26.408905
v 24.557808 2.021988 -2.3358154
v 21.1167 40.607635 23.876953
v -15.391785 20.304031 0.972229
v -25.785568 -14.904247 13.684937
v -49.131348 -51.36322 -5.2547607
v -15.32106 -1.4657936 20.99701
v -10.255051 0.59830666 13.147354
v 7.7234955 61.332794 -19.135864
v -15.167128 74.76899 -14.192492
v -50.394352 74.33045 -34.77651
v -23.385117 41.806114 24.527496
v 30.047043 8.167313 18.016754
v -52.140884 73.93446 -28.35321
v 6.880493 77.26111 -26.288818
v 2.866745 88.38736 -2.9151764
v 60.76451 75.95885 -35.163223
v -51.331055 71.99429 -18.845764
v -13.29187 20.362427 27.996033
v 30.628296 -32.793945 23.62793
v 40.77896 51.70096 6.4728394
v -40.921173 -1.2604742 8.696474
v -20.992645 92.66975 -26.261124
v -13.199738 -1.4144135 11.202515
v -52.30789 76.724884 -35.2271
v 23.345165 71.575294 0.7709961
v 13.014122 77.81979 -20.33841
v 60.546444 76.376495 -34.98053
v 19.669434 -42.488403 29.376152
v 27.922302 -39.144363 26.159973
v -58.382126 76.84729 -35.359863
v -15.096146 82.24495 -5.9931946
v -4.1625977 16.751175 30.350555
v -13.397095 9.859497 25.988434
v -13.34446 84.10582 -6.5289917
v 54.339203 78.31624 -35.375
v -20.631561 32.931126 17.5327
v -57.35073 54.005848 -26.297958
v -42.88771 -51.605423 -2.872589
v -56.38502 77.93118 -35.54405
v -54.892216 77.95227 -35.242737
v -12.861023 54.388275 -12.341736
v 11.3133545 67.19818 -16.921143
v 6.3197594 87.762375 17.501122
v 55.148 81.26094 -35.57139
v -15.926697 20.602783 25.665527
v -6.979431 32.220417 32.073196
v -46.871017 69.82901 -14.237305
v 43.301445 71.98644 -13.195602
v -15.175192 81.16081 -3.638796
v 10.199219 62.619606 -13.874283
v 34.246826 -52.757416 -2.298584
v 34.480865 -0.95162964 11.131897
v 34.30776 45.763046 -5.603302
v 28.722351 -2.722412 19.670105
v -22.657745 70.424255 24.632782
v -21.979637 -11.251291 12.241491
v -10.418003 87.16121 15.880272
v 50.02394 79.07733 -19.698853
v 54.683838 84.20557 -35.66748
v -56.971947 54.56195 -16.590096
v 1.187809 54.66352 -17.472107
v -21.752338 7.979353 -0.6784954
v 40.086407 68.40046 -13.64355
v -41.553894 -28.042755 15.902283
v 38.547066 64.78302 -12.722746
v -18.522873 26.461575 7.1694107
v 3.598816 17.616821 29.338043
v 20.41454 -27.155334 27.475098
v -38.964954 -4.976383 -1.5627861
v -24.531464 9.1082115 -0.91397303
v 17.319305 7.3088226 24.8713
v 28.839043 -51.676685 -3.837662
v -23.760548 74.216415 1.3350525
v -53.697235 53.026367 -14.102539
v 12.57308 -32.06954 16.560596
v 6.6934547 57.870895 -26.588593
v 0.9767895 -5.043125 42.30574
v -1.395333 53.38376 -35.518673
v 0.6061554 -1.3088989 30.747162
v -0.99049187 53.368423 -35.238037
v 11.232648 -1.961136 19.053728
v -1.6906357 53.3721 -35.033203
v -50.494995 73.32617 -22.96637
v -40.77359 -12.2174225 -1.7044067
v -21.139648 13.709717 24.686768
v 33.136345 6.215851 7.730423
v 2.1205988 53.74826 -35.26776
v -42.40439 51.87114 -15.952103
v -12.065468 79.0736 -9.478882
v 61.655502 66.56511 -9.900818
v -3.9508638 55.020905 -35.099823
v -11.165018 86.65977 -5.7621446
v 28.181046 -52.555344 3.7961426
v -19.28086 68.318115 -11.679443
v -42.488068 -17.570267 9.782965
v -47.227886 50.369064 -23.316772
v -45.29596 48.19655 -7.3916626
v 32.24051 -4.7211 14.947205
v -39.164917 64.066635 -22.275803
v -4.803379 56.142883 -35.20838
v 3.0712357 55.875793 -35.462242
v 3.7722805 55.846043 -34.475296
v 16.951797 -30.045368 8.461525
v -31.053528 7.814209 -0.1138916
v 5.050171 56.013016 -35.604675
v 30.826904 3.5907593 1.923706
v -39.654663 0.29406738 11.622314
v -23.02214 -52.46863 23.0018
v -1.8344421 44.848766 -12.184448
v 18.375614 63.700928 30.976044
v -6.3459425 57.20324 -34.78634
v 33.036545 3.783615 4.8638306
v 29.150162 -43.74771 16.845545
v 11.375534 79.80884 -15.722443
v -30.148315 7.4582825 23.721802
v 6.1639557 57.786125 -35.49443
v 33.41953 -21.78963 18.500496
v 45.414368 55.91504 4.972534
v -34.25757 -1.8086243 19.492065
v 60.009285 70.204834 -20.39244
v -56.21202 58.918858 -34.35434
v -19.58487 39.865803 -8.263123
v -5.822193 11.188539 -2.3035717
v -0.06266403 -2.1993008 32.61488
v 8.629056 59.260986 -34.466084
v 48.041687 71.992676 -21.575134
v -53.842632 59.157516 -35.102345
v 5.721634 33.643394 -7.5274277
v -41.999023 49.650146 -13.6710205
v -1.2932141 8.180176 33.659424
v -18.841835 -8.855124 12.930271
v -45.21289 61.763092 -0.73516846
v -24.407349 17.957214 21.695435
v -7.7525024 69.26201 36.302307
v 0.14648914 6.385788 1.8395767
v 55.51465 68.245605 -3.9682617
v 54.90149 54.391968 -6.380371
v -11.8161545 77.344345 -22.081833
v -6.131277 86.183365 -19.907272
v -60.905254 60.410553 -35.618168
v -61.369907 61.98509 -34.80948
v -33.332153 -0.72817993 20.18982
v 36.54193 63.123688 5.7783203
v 53.519073 53.101448 -18.201416
v 45.259384 52.224007 3.4968567
v -45.006744 71.31322 -20.224106
v 7.7954865 4.0907593 22.466507
v -18.537762 27.954533 7.366086
v -21.260681 24.341217 9.697876
v 9.369751 21.030426 28.798584
v 3.2333088 84.56079 -15.673889
v 33.16057 -52.164368 7.1929474
v -24.41282 -0.44194 23.740688
v -29.87275 56.749294 16.684578
v 28.281525 10.929123 4.4615784
v 27.80494 44.87365 0.8363342
v 12.32184 -49.830807 25.14367
v 1.9067688 17.762707 29.998138
v -49.87549 64.87677 -34.21216
v -2.9282227 64.587326 -35.565186
v 3.8472137 64.93447 -35.408203
v -39.411606 2.940155 12.284302
v -2.71031 86.82738 -8.943069
v -9.798523 7.4421387 23.238953
v 32.63025 -51.415894 18.244019
v 41.363403 53.264038 -17.881714
v -27.871532 66.46972 3.2149658
v 8.731541 -0.6240845 14.069931
v -20.135544 35.70439 -1.4057465
v 28.210533 13.545898 15.283386
v -33.921913 -52.095352 0.718132
v -21.888123 -4.272354 -0.037887573
v -19.12677 34.760258 20.180176
v -7.432893 23.036144 -4.25893
v -21.118286 -3.3545494 0.2038269
v 34.48986 50.41748 12.246796
v 0.85585785 51.143402 -13.333572
v 12.069523 83.719406 2.3538513
v 10.831421 69.00354 34.717957
v 21.012085 19.363705 6.85083
v -7.764676 26.535656 -5.624496
v -19.693047 27.60212 7.226283
v -13.785675 68.33682 -23.356628
v 61.4498 67.550766 -13.060791
v 24.91969 43.913708 8.93148
v 22.242466 -24.348608 3.315134
v 2.7608643 67.224915 -35.256348
v -40.887604 47.70171 -4.680908
v -17.282196 82.10406 14.924561
v 0.7098694 67.77582 -35.510864
v 2.8458252 18.23724 30.028248
v 47.397766 75.122696 -14.497253
v 19.529419 43.785095 26.85028
v -23.418701 44.028183 23.434814
v 8.800018 78.78938 -25.756897
v -6.757284 3.8439941 11.985779
v -0.47644043 70.44238 37.70764
v -20.366688 30.637993 16.436707
v -40.230007 -36.112595 16.782776
v -25.330994 -4.766968 21.663574
v 11.837982 81.08511 -6.6696777
v 33.327034 -22.776262 17.527649
v 61.001442 68.96186 -35.010216
v -18.52236 28.587917 7.16064
v -61.045116 70.11976 -35.002472
v -0.041327477 21.231339 -6.1788425
v -14.996277 96.16051 -24.687439
v -61.47223 57.871033 -17.21643
v -32.65052 -22.420113 1.2452047
v 38.008507 60.03013 -9.004303
v 31.831026 -7.828125 13.937866
v -61.434235 71.468 -35.948677
v -39.48758 -37.078247 18.785889
v -27.70787 45.49459 2.8840332
v 16.114746 19.863464 2.229187
v -18.171722 0.27867126 23.75969
v -2.9395018 54.81962 -19.115932
v 11.398933 -1.8900946 4.0746346
v 19.850153 87.90691 -21.199259
v -60.380188 72.491516 -34.60388
v 16.462538 82.12427 -20.189602
v -44.85498 51.409576 -23.934723
v 53.849976 72.07202 -9.044922
v 30.554077 0.8507614 19.32312
v 50.07256 61.553177 -27.806095
v -31.034065 -38.18442 23.282906
v -36.588966 -5.6311035 -1.9462738
v -4.459363 -12.210656 57.068016
v 5.114338 35.03131 -8.134972
v 54.914185 75.49069 -35.17151
v 0.81800175 7.896784 0.27149963
v 61.94966 74.85925 -35.397415
v -18.11245 29.064869 7.016918
v 18.81726 30.610046 15.7229
v -20.863607 28.061352 15.535339
v -36.80095 -46.121185 0.9333801
v -15.06279 72.53592 -18.659943
v -24.359705 43.741478 -1.7020874
v 32.665386 -18.574009 12.362446
v 17.235931 64.37134 -11.688843
v -35.336426 -50.05902 23.012695
v -32.099518 -39.78633 22.499634
v 11.6254425 31.976665 -2.6990051
v -4.269554 -0.81982994 31.877975
v -5.0329895 37.213852 33.10067
v 43.688324 53.085052 -19.416565
v -39.13781 65.93431 -7.65419
v 17.092651 22.403687 21.914307
v -24.778355 -48.992775 25.355124
v 54.174057 77.38388 -35.160217
v -63.160583 63.211487 -25.605835
v -57.164005 77.38437 -34.9917
v -55.84539 76.80542 -33.86328
v -46.570732 50.222702 -8.368774
v 59.406464 78.5849 -23.734985
v 61.262806 67.97494 -24.350983
v -31.39253 65.99574 -1.1142273
v -26.438133 71.37299 -0.446725
v 1.7899871 4.015318 11.901855
v -2.9397278 -5.994362 40.13803
v -33.8269 -46.436436 2.862449
v 54.302242 79.60749 -34.982742
v 55.62849 80.88724 -34.305542
v 23.023188 11.417328 1.6026306
v 10.5325775 2.1595612 20.651184
v -11.859391 13.980952 0.3075385
v -24.044094 49.1148 -8.355972
v 40.670074 67.51402 -11.662777
v 28.541931 1.7063751 20.98944
v 5.7923737 35.724213 33.09381
v -14.623039 96.11991 -26.266449
v 10.574173 78.85358 -21.767921
v -23.758987 -35.902527 18.311478
v -5.1673584 -3.4754639 54.51184
v 52.44751 82.9245 -34.690918
v 30.585861 -9.985138 14.147095
v 8.759212 85.71076 -3.0988197
v -36.65838 -53.753708 1.9465256
v -63.341858 62.192474 -23.151123
v -11.272491 79.71422 -17.339386
v -41.78222 65.892204 -10.670349
v -19.856323 73.03485 -5.157837
v 51.372208 86.64018 -33.756012
v 13.286667 71.16191 -17.331177
v 26.577637 9.98291 21.945312
v 1.582016 52.861664 -34.596985
v -44.411118 -44.33696 9.023773
v -26.609436 62.40619 -8.35437
v -0.24972725 53.63279 -33.966248
v -10.917923 3.131668 20.327087
v -6.255766 -0.715168 36.23145
v -18.16127 85.50632 -23.180115
v -18.254992 30.195818 6.819601
v 42.832 51.43045 -16.39618
v -43.4731 51.46377 -16.593643
v 41.71556 68.01514 -9.451111
v -24.627068 -17.623863 4.3143005
v -41.389618 49.165466 0.1015625
v 32.453907 44.508987 2.7196045
v 47.195816 63.244404 -21.316284
v -41.95659 -52.998596 1.053833
v -3.9926834 54.177002 -34.210052
v 2.0285444 54.923916 -35.03127
v -4.601509 55.2809 -34.81321
v -19.159328 30.568619 6.958209
v -30.889526 3.9049377 22.876923
v 19.548717 8.45229 -0.7556058
v -9.075783 28.747875 -4.633919
v -27.85559 64.55798 -5.354492
v -24.78469 14.150452 3.015625
v -4.798794 56.42563 -34.343506
v -16.897217 40.90129 31.181244
v 3.9586792 22.501457 31.545235
v -2.7260437 34.84909 -9.483498
v 38.705414 61.165985 -10.195938
v -60.289337 56.986755 -22.058895
v -52.66851 57.47283 -34.873863
v -13.638794 23.601242 28.709839
v -29.855196 -16.452663 0.785196
v 1.5040855 4.4745026 9.171555
v -3.6657658 55.83429 -17.482271
v -23.223763 10.288483 25.44796
v 25.718384 67.65056 2.4864197
v 21.870018 96.2221 -26.194397
v -35.85196 56.340767 -14.982819
v -19.825226 31.47138 7.8623047
v -8.277774 28.097292 -5.2026405
v 46.191772 57.603195 -20.272644
v 6.024685 57.668583 -34.731026
v -9.090942 89.9308 -26.833496
v 24.190414 50.75647 19.27356
v -29.121216 -26.284424 22.271584
v 20.834583 72.52795 -0.32104492
v -49.053123 -51.366028 5.107025
v -52.13565 58.091694 -34.94798
v 17.918877 -35.895782 28.61126
v 9.602631 0.27848053 18.055527
v 7.434204 75.725006 33.060516
v 4.8480024 57.656303 -20.169426
v -15.984833 69.8024 -16.894714
v -55.750904 53.4187 -16.997593
v 21.137627 -3.1461182 23.069305
v -6.767761 33.435013 33.295074
v -49.13564 72.04875 -17.910004
v -25.03244 -45.15851 21.482056
v -44.14846 51.59195 -22.427307
v -19.962688 34.537907 2.8026428
v -4.4532623 6.5323877 21.217295
v -57.687027 59.34819 -33.766224
v 35.075176 -5.799278 5.1618805
v 55.974304 70.75482 -6.3424683
v -52.419624 59.677284 -34.88039
v -19.747532 33.556103 5.118973
v -37.096985 56.636932 9.242676
v -60.237556 59.989025 -34.604782
v 29.523193 44.8683 -1.0458374
v -5.2231827 5.449341 32.68457
v 9.169214 64.792206 -19.566223
v 58.14112 72.55594 -18.084686
v -35.081543 7.0081787 18.761719
v -37.314224 8.566071 11.461403
v 8.454117 61.56726 -34.732178
v -60.914474 61.100197 -34.281128
v 48.346466 57.901123 -25.362
v 11.892727 75.78177 -18.311768
v 55.873108 75.38742 -17.696045
v -14.085169 1.6608963 22.488083
v -8.407654 62.507324 -33.973145
v 15.793469 75.81476 -5.1273265
v -12.48871 -2.2084513 15.554846
v 11.916621 77.23016 -7.5860615
v -36.366055 -23.645134 1.264096
v 34.02295 -50.939865 6.4431763
v 47.705536 53.81653 -21.643188
v 15.527245 -34.82029 12.638052
v -7.686069 63.216003 -34.270226
v -31.997059 -19.11049 0.44765472
v -61.546265 63.583252 -34.337097
v 14.877403 89.56085 -24.7146
v -29.458654 58.598587 17.894176
v 19.832905 -7.3132935 21.15863
v 28.32994 -50.53197 2.9990463
v 5.4123535 63.698486 -34.549805
v -36.34901 9.735445 11.420593
v -7.2171555 5.603409 20.11853
v -19.230988 -2.7494507 21.88086
v -27.486725 57.11716 24.303406
v 28.414185 -21.328827 25.1073
v -22.072483 -19.686666 12.712982
v -47.07144 63.085754 -2.5023804
v 32.126236 -17.114143 13.154709
v 17.17669 -33.631012 28.107613
v 27.387451 57.03296 16.709839
v 4.5910645 64.503006 -34.350525
v 31.13826 10.048988 12.037369
v -40.990723 -26.893433 17.7583
v -12.785706 64.680115 -22.6073
v 4.2570343 65.80237 -34.641052
v -4.177826 -5.6582184 40.747948
v 31.733154 -4.970154 15.908447
v -56.293457 60.480347 -11.560089
v -17.567062 78.45267 0.34378052
v 15.096985 30.638977 24.434204
v 11.490082 1.6312103 1.3946381
v -2.8406372 66.15727 -34.81903
v 48.390396 58.786835 -25.770477
v 21.642319 76.31796 16.105988
v 6.641922 27.464436 31.630959
v 5.9327936 23.319273 -2.7712438
v 11.372803 33.191116 30.559692
v -13.138306 77.198975 -17.487793
v 14.919922 -52.381775 31.035034
v 30.099852 -44.788704 10.141525
v 3.5703735 66.64334 -35.067993
v -25.719482 16.097412 21.25
v -17.971802 70.10236 -13.091797
v 62.106842 65.944984 -16.032959
v -61.833546 67.96866 -34.031494
v -52.36443 50.42697 -20.000282
v 2.7025146 68.07913 -34.335632
v -45.13115 53.504112 -24.85599
v 10.409165 -0.31662035 18.442871
v 34.219566 -53.749958 15.983337
v 33.472748 0.28723145 14.536804
v -8.8966675 4.4735107 8.042114
v -1.343689 68.337524 -34.705444
v -8.555481 19.792297 30.343704
v -24.406088 73.01326 2.47369
v 0.61686707 68.457886 -34.64612
v -14.063217 75.62652 -16.234192
v 1.5681152 49.072205 38.52939
v -37.723083 -31.079788 21.31012
v -15.375629 10.880585 26.269695
v -50.05719 68.459045 -34.8313
v -42.12506 -50.065826 0.5967407
v 42.97346 50.407063 -12.9534
v -37.927536 -21.44947 1.173378
v -56.850098 69.55316 -16.893555
v 16.73114 32.77575 6.7776184
v 2.9285278 58.64305 38.733955
v -39.5663 61.132446 5.10376
v -25.708069 72.15549 6.909729
v -42.05628 -21.404457 12.802605
v 56.4971 69.39407 -34.8349
v -42.990044 49.440525 -1.4800568
v -15.21241 -5.15809 16.248953
v -59.43711 71.337524 -19.658997
v -36.306534 -42.271355 8.493408
v -19.131165 78.055984 3.8649902
v -23.337646 13.510132 24.15216
v 23.541992 -48.039154 1.8735352
v -0.9802246 10.163086 32.05127
v 55.520233 71.32771 -34.35266
v 55.801544 53.289326 -14.144894
v -19.610107 95.98303 -25.958496
v 13.889453 -36.54421 24.526745
v -50.044525 73.416176 -35.637085
v -24.58728 -8.971649 18.191864
v 19.86734 -12.502262 1.2967224
v -21.131397 74.90674 23.996338
v 0.2814628 14.094717 -3.302987
v -28.017548 54.060112 22.41333
v 10.176193 -2.52944 12.646797
v 17.304108 49.223816 31.896912
v -1.6286621 48.59568 37.621643
v 28.636982 -36.73666 26.07487
v 26.717497 -12.192329 -0.72244835
v 50.364212 51.040222 -17.408447
v -14.322876 54.275024 36.979004
v 30.872223 10.1014385 9.047749
v -24.093597 73.345566 4.303894
v 26.88324 -44.016827 10.93222
v -40.098267 -35.06073 17.605164
v 56.15545 73.976425 -35.29654
v 62.218346 73.96166 -34.51567
v -8.568437 82.90851 -11.496193
v -59.927704 74.34955 -34.89868
v -0.2512741 27.184914 32.732002
v -24.66045 73.08093 7.4937744
v 49.619965 58.38803 -2.3616085
v 30.545876 44.535614 2.0420227
v -46.064636 53.37301 -26.361816
v 46.69586 71.30014 -19.687103
v -12.009216 4.3985596 5.275635
v 27.497581 14.980602 11.7092285
v -38.830627 1.9347229 13.636414
v 15.319153 -51.815178 31.30719
v -4.134094 35.212906 -8.91687
v -31.640247 15.326977 11.583694
v -32.126877 65.8134 -4.8275146
v -14.552185 33.52679 -4.9275513
v 32.052666 -18.581165 17.23236
v -18.712952 71.62967 -8.424072
v -20.83424 91.58508 -25.713858
v 23.514313 -10.643626 -0.94247246
v -25.480639 43.12893 4.4764023
v 54.23999 76.45648 -34.643555
v -5.397049 -7.06481 51.573013
v -31.53563 45.922478 -1.6987305
v -21.063324 62.928406 -13.963303
v -39.89101 -27.002142 4.662813
v -22.997784 6.790169 -1.5581617
v 13.022927 65.319176 -10.312858
v 29.630524 65.25748 4.3535156
v -10.570028 83.079414 -25.343735
v 15.789482 78.921265 -0.80667114
v -11.384964 -1.3734589 12.25856
v 25.765781 16.691582 10.97493
v -10.741486 80.40999 -16.330177
v -53.576508 77.00604 -34.5719
v -13.744072 82.43315 -6.635559
v 24.272644 61.757446 -5.0768433
v -21.23552 92.9422 -27.601997
v -7.6507416 88.283905 -20.833221
v 53.87818 80.046 -33.989746
v -42.720184 -18.161621 6.565979
v -43.585228 -53.042053 1.9786377
v -22.310638 -19.545593 6.881775
v -40.788147 -17.989079 2.6736603
v -57.610546 54.54805 -18.95633
v 59.667343 79.94371 -33.723145
v 54.69815 80.757576 -34.691586
v 20.887745 91.291504 -22.396074
v -30.273758 -17.865936 0.90909576
v 21.992506 3.9801817 -2.0613098
v 56.510742 81.625 -34.80072
v -40.641014 -37.273476 13.655304
v -36.701645 -19.321705 0.047538757
v 32.72699 -9.033997 11.862305
v 17.753044 9.442993 0.0049540997
v -35.681362 7.370185 3.089823
v -42.297485 67.6676 -26.218262
v 20.447815 -19.719086 4.797241
v 1.3899994 85.543625 -8.986252
v 33.335632 46.696533 -7.039734
v 51.737015 83.61015 -33.92279
v 25.207092 5.6321983 23.315125
v 22.180786 -21.785564 3.2078094
v -27.348541 17.723488 12.42865
v -19.353943 52.79744 33.122696
v 51.09543 84.8656 -34.66028
v -38.632446 -29.685415 4.5316772
v -29.138838 -26.075087 1.9883337
v -0.35843134 -2.0731544 31.32255
v -19.879536 -7.175188 17.44823
v 24.49387 17.021143 10.968582
v -25.581055 -18.690084 3.0609741
v 20.939373 39.30265 7.986206
v 38.384644 51.68228 -10.545532
v -21.613647 93.60214 -27.062775
v 45.481934 53.638176 4.9302063
v -1.3931239 52.762146 -34.526978
v 22.113647 61.719955 -8.474365
v 10.624111 -3.4832678 9.175964
v 8.905252 60.291542 -13.314346
v 38.91163 64.38012 -11.322178
v 23.701782 6.2191772 24.672821
v -41.953743 -18.49192 4.0064087
v -10.830978 32.54747 -5.0614777
v -2.3322616 53.290314 -33.236206
v 13.86792 10.982391 25.727722
v -16.82489 46.11022 33.591003
v 34.27521 64.16022 1.6514893
v -24.387352 40.311813 6.2255554
v 29.633606 -6.4902344 17.62976
v 2.346259 54.705906 -33.945206
v -3.543129 -1.0157318 31.109497
v 2.4567003 55.467606 -34.56897
v -12.673767 87.12341 -25.021973
v 43.430084 59.418823 4.296692
v 29.22168 -49.772095 21.438477
v -13.764837 83.18538 -5.3286514
v 35.36882 63.356873 0.5031738
v -45.538673 71.56628 -21.845886
v -26.712864 17.25119 9.299622
v -7.2333984 89.31801 14.769165
v 13.125702 82.47543 2.3045044
v -52.78837 56.79512 -34.440475
v -30.829102 11.693787 21.96936
v -58.85788 56.340317 -14.191208
v -51.733337 56.904137 -34.473824
v 15.676926 85.4823 -21.36731
v 7.330612 55.2053 -13.477688
v 29.846287 -36.782543 24.336157
v -34.30774 7.756546 20.462952
v -50.168056 50.315804 -21.709572
v -11.055969 24.029007 30.491821
v -52.28778 68.159424 -12.294922
v -7.9898376 35.01062 -9.766052
v -5.254691 56.93572 -34.283752
v 4.7073326 56.620224 -34.153076
v 28.576172 7.2366333 20.317139
v -25.785706 10.274078 25.453156
v -4.7516785 -4.2407227 55.413208
v -51.19098 57.3397 -34.33469
v -24.67585 40.559807 7.398733
v -38.67992 64.89661 -11.864563
v 22.450623 18.008965 12.684998
v 13.11734 -50.98787 21.855835
v -53.932556 57.163834 -34.27295
v -52.945496 58.79886 -34.980118
v 38.13736 45.70356 -4.987081
v -40.615562 0.79610443 6.392174
v 29.290503 7.76757 18.979872
v -17.74353 44.332886 31.121521
v 54.088577 59.149734 -25.801926
v 1.410287 88.74921 -3.403439
v 9.762398 1.6152573 3.458992
v -7.0342865 58.69172 -34.297348
v 8.10931 58.45441 -34.517563
v -19.581085 66.991425 -13.22998
v -57.9137 55.105156 -18.110046
v -55.43425 58.572884 -34.22232
v 21.04924 -26.278992 27.078888
v 8.775978 63.071304 -23.301147
v 12.610657 5.6657104 24.289001
v 26.627563 6.194397 22.412842
v 27.712524 -1.93573 21.192505
v 48.799397 78.05663 -22.53241
v -11.1059265 81.21767 -7.7693024
v 26.064423 -8.456207 -2.216301
v -18.873535 52.54895 -13.157227
v 27.994629 -32.116455 26.554016
v -8.278595 59.616722 -33.453217
v -25.955444 60.634277 -9.238281
v 22.093172 18.630936 11.857437
v 1.063179 84.57247 -17.163681
v -16.192265 80.39662 1.308136
v 15.214355 88.24811 -18.450043
v 0.17880249 -2.4390564 48.655396
v -8.319977 88.66333 -2.970398
v 2.1862965 8.520309 2.5138092
v -40.632114 -5.2967596 5.526642
v 28.584694 -43.006187 18.859772
v -45.75152 62.806644 -1.916055
v 26.433903 -43.995346 9.087967
v 5.139229 56.04722 -13.719181
v -25.188782 41.9697 7.618019
v -45.252197 -52.358162 -1.2989807
v 22.11398 41.100403 6.9110107
v -20.39154 67.8764 -11.610535
v -20.977936 72.61243 -4.5567627
v 1.996418 10.152706 -0.6191902
v 10.222086 55.570354 -11.546821
v -26.865387 -53.756725 16.49414
v 12.610291 47.268494 33.746887
v 5.7722473 34.28569 33.703743
v 21.247818 21.221321 11.136719
v -61.614456 65.653625 -34.49106
v -3.8997192 65.02295 -33.482178
v 15.472275 74.05702 -4.6443176
v -7.720909 88.92473 -23.976562
v 30.968552 7.1078186 17.67508
v -18.708252 23.623047 23.137207
v 17.004807 -52.773 25.568085
v -36.77961 -17.14326 -0.78393555
v -6.8316116 5.2125826 18.628258
v -4.6145477 -4.612274 43.660202
v -12.233421 80.37514 -7.180008
v 31.06134 55.42373 14.913544
v -28.548306 65.769295 4.810066
v 30.352936 -34.12256 24.282349
v -35.848835 -43.867867 5.913327
v 42.097748 47.37584 -3.112114
v -48.865875 67.164276 -33.540833
v -3.4217453 66.75681 -34.22634
v 3.928955 55.070465 39.03679
v 3.5914917 67.49268 -34.120483
v -25.396393 -12.152527 14.87384
v -2.4248657 67.44523 -34.576447
v 16.934113 71.103455 29.20221
v 23.345968 42.195854 7.4620323
v -2.8323364 68.2077 -34.295105
v 42.516777 63.942795 -2.8907166
v -42.2888 -19.671894 9.994469
v 26.744812 11.537476 19.43982
v 9.1779785 34.885254 -9.815918
v 24.53833 11.420532 22.197021
v -48.394867 -46.15512 8.496536
v -6.3632355 85.42758 -23.831543
v 46.62677 60.518005 -21.130005
v 27.612137 -28.961205 6.1675797
v -3.642517 68.45782 -34.252274
v -26.33522 42.718918 7.5134583
v 27.027039 67.36954 9.508911
v -57.31861 72.23177 -22.004826
v 15.571899 21.914917 3.7180176
v -28.987171 66.81315 6.315712
v -61.620007 69.070625 -34.30475
v -42.372208 -42.937477 12.602272
v -3.6144857 -9.549805 53.69632
v 36.822647 45.57283 -4.2283325
v 3.8380737 69.799545 37.48932
v -5.254691 -12.381384 57.054516
v -56.207947 71.84332 -20.395752
v 56.16515 54.00908 -13.123451
v -49.753204 69.75285 -34.241604
v -32.050213 65.898254 0.100129
v 33.790527 2.9468384 13.003784
v -47.41269 55.507824 -1.1980896
v -4.7124634 69.92813 -34.564774
v 14.306473 -45.382843 20.401367
v -1.1263428 69.728516 -33.9032
v 22.39728 -46.534607 3.990006
v -49.30658 65.19214 -9.119568
v 62.6127 69.66156 -33.887238
v -40.976685 -27.626892 6.1228333
v 6.357895 77.99625 -24.91977
v -9.919555 0.5312195 14.239929
v -17.972778 3.8225098 25.088562
v 28.925903 -7.8409424 17.659912
v -26.977306 44.129482 6.9105473
v 33.03897 -27.209785 16.529114
v -53.394554 51.06006 -19.397812
v 18.007664 76.09055 -0.0014953613
v 7.5821953 5.9344635 2.358635
v -38.737835 61.86371 -21.20121
v 46.706024 52.899994 -20.788757
v 24.155462 -25.225128 27.36737
v 24.25968 -39.357735 13.375525
v 60.542038 76.08472 -24.389526
v -32.35219 -16.555012 -0.66674614
v 28.692421 -52.105503 -5.981751
v -5.6900787 70.5889 -34.58149
v -5.064331 70.99548 -34.40738
v 5.314392 25.770838 31.840229
v 11.133057 25.922485 29.77063
v 39.46826 62.268677 3.8605957
v -60.463806 70.550995 -33.60724
v -20.958984 10.566772 25.63829
v -13.51236 76.98889 -16.58899
v 25.936338 44.618225 7.793434
v 62.60388 72.38345 -34.89218
v -32.44841 -31.407196 23.151442
v -4.8010254 56.070084 -22.484009
v 21.85521 -37.26358 12.778313
v -20.45166 71.448 28.056152
v 14.353548 -19.999077 12.336899
v 52.5713 51.171726 -15.772184
v -29.047897 65.68096 14.005966
v -13.089523 83.26162 -7.254135
v 45.466507 58.53242 -19.74681
v -27.797152 45.105602 6.808975
v 20.406006 47.63513 28.065674
v 27.284119 -10.26181 -1.2649307
v -21.862762 25.678757 12.67572
v -8.310852 87.84558 -7.8516846
v -47.825096 50.06329 -5.6099854
v -59.912674 73.90213 -33.801086
v 26.628777 44.897625 7.05307
v 52.252533 66.377075 -2.9118042
v -0.9627991 32.41858 32.08853
v 43.543488 62.789856 0.5548096
v 0.71380615 9.713135 31.730652
v -51.528877 75.51144 -34.549652
v 23.031982 8.653275 23.793716
v -3.107921 -5.877163 43.723164
v -58.966187 75.2301 -34.065918
v -34.645477 3.3385315 -1.1951447
v 5.5457993 82.877625 -20.512085
v -27.035116 -27.95475 2.9224591
v -13.414223 80.76465 -22.241373
v -52.77356 76.82913 -34.575623
v 46.97957 59.01223 -0.7196655
v 34.910217 -51.60277 4.7741394
v -40.932655 -45.88417 2.961114
v 29.135925 -27.376465 25.917114
v 23.686783 41.25206 15.320984
v -36.799133 -32.105896 5.689514
v -13.437103 58.180656 36.661247
v 53.853836 77.3895 -33.929443
v -57.102234 76.80072 -33.833435
v -27.213284 6.791876 -1.2713146
v -6.346574 7.047159 20.9809
v 58.230595 56.299305 -6.7351055
v -11.330688 60.463776 -14.645996
v -9.633339 30.201468 -4.969738
v -33.118896 -53.497242 3.2563477
v 60.196106 78.635315 -34.389282
v -31.72528 14.0674515 19.349365
v 18.34124 -50.73353 9.695526
v -61.974365 66.92865 -18.628906
v 16.443722 29.155737 8.603546
v -40.175903 51.35852 5.1800537
v 54.260048 80.70152 -34.295166
v 32.959885 45.544037 8.065796
v 34.05261 44.483177 1.0968628
v 37.064163 46.822617 5.7161865
v 55.286884 80.85312 -34.17983
v -30.613548 14.630711 20.069773
v 14.16095 8.4019575 0.66586685
v 54.78178 81.086685 -34.215534
v -8.059816 12.631466 -0.4544649
v 56.23793 81.018845 -33.781662
v 18.347946 28.23349 11.336334
v 59.000164 80.68047 -33.265823
v -12.73827 78.72898 -12.976044
v -41.0094 59.92102 4.9316406
v 14.990356 -9.243189 16.250572
v 57.844482 81.228035 -33.312943
v 41.992966 46.201874 0.5141907
v -40.121384 53.58304 -16.864243
v 26.413984 -32.53357 7.8910446
v 46.986557 73.401245 -10.456726
v 6.0326767 88.3074 -4.680481
v 8.182415 61.551804 -17.519447
v 5.869022 77.783775 -25.28625
v -21.928654 74.41316 5.253063
v 21.38855 -44.00493 11.139175
v 20.47995 14.879517 20.4104
v 26.743164 62.390533 16.718506
v -16.91895 80.29889 -4.628937
v 26.767654 -43.59086 11.554314
v 27.02309 -19.746277 1.670105
v 55.750366 84.296875 -34.350586
v 55.413574 85.54651 -34.60962
v -8.73785 26.955154 -3.5267887
v 41.44184 56.79117 6.534134
v 55.30107 86.13234 -33.233383
v 51.10199 86.08422 -33.96405
v -19.881006 29.451538 10.217741
v -17.631695 30.055115 6.3004208
v 15.86731 -53.036156 17.509033
v -29.108805 66.57662 7.457903
v -43.269012 55.318256 2.894928
v -18.980637 46.405273 30.875366
v -4.112793 90.24097 6.0477905
v -40.580246 -1.7950974 4.6314087
v 45.355103 68.243164 -6.090454
v 33.047134 7.065918 12.456909
v -28.806572 68.974884 9.394024
v 32.681465 -18.524452 9.741703
v -0.9624853 52.57212 -33.866196
v 42.770844 70.670845 -12.366577
v -11.82406 78.62363 -18.383926
v -18.946686 2.3234024 -0.36540222
v 45.49991 56.614834 -20.05469
v -40.714977 -2.7999992 8.3293
v 0.27301407 53.690018 -33.925232
v -3.2406006 72.94629 36.753174
v 15.467651 45.148346 31.425049
v 6.6026382 60.26912 -23.479546
v 2.157158 54.291668 -34.646473
v -4.210655 53.99694 -33.222733
v -40.214767 -44.48156 3.949829
v 19.73005 67.86415 -8.692383
v -45.32237 -46.686466 6.2118626
v 33.978165 45.814453 7.284851
v 16.353724 -49.22516 31.990074
v 17.873558 -49.66485 10.774536
v 33.16613 -10.472902 4.940216
v -51.485405 55.827606 -34.03727
v 34.21408 44.535255 2.3506775
v -55.525864 52.428825 -22.39362
v -35.969788 9.935532 15.8828125
v 25.24237 -34.611053 28.90445
v 11.60379 92.05899 -23.961395
v -43.776363 71.530014 -24.537645
v 13.547535 -47.72213 28.885284
v -26.324524 -3.2607422 22.220459
v -23.175476 -19.921997 4.5450745
v -3.8681488 52.946716 -13.782166
v -14.5383 55.010742 -12.173492
v 35.543533 46.10051 7.1967163
v -13.631096 42.771492 -14.579716
v -26.666725 -25.804028 21.24283
v -34.472908 -0.96871567 -2.4551125
v -54.788975 51.67954 -18.999235
v 30.134201 11.575256 15.869507
v 15.40889 70.88054 -12.982361
v -4.6951475 57.04649 -33.493942
v -29.197659 46.28345 6.5524445
v -40.258247 -14.596588 -0.14135742
v -4.04438 16.493868 -4.4896393
v -6.4789033 57.844536 -33.991356
v -20.170288 72.3111 -5.6137695
v 5.746887 35.014526 33.57917
v 6.8702493 57.85732 -33.88376
v -5.127098 56.25482 -25.112885
v 9.019669 70.44606 -25.816437
v -53.05056 51.98961 -14.448822
v 5.0525208 16.07611 28.624725
v -38.24387 -52.94725 7.1364746
v -32.587833 -1.0130355 -2.4621794
v 18.345154 -33.205894 9.520309
v 21.33203 95.40793 -27.52991
v -7.764393 20.195179 -2.493536
v 0.850397 16.688017 -4.368943
v -2.4253845 48.68225 -11.778183
v 55.406616 65.18335 -2.3399658
v 24.665436 6.5717316 23.782684
v -19.829298 90.73302 -24.612978
v 13.786046 -6.6857185 17.394459
v -17.774292 76.92285 26.276367
v 9.759674 54.78135 37.039276
v -50.32467 49.9822 -16.599945
v 3.6833496 53.326904 38.737915
v -16.070251 65.7135 -16.006104
v -59.435146 60.163944 -32.978546
v -41.081238 49.118286 -13.3828125
v -37.665375 -15.319962 -0.13941956
v 33.042786 -16.612381 6.382019
v 6.621277 22.402588 31.000458
v 32.928318 53.103115 -8.358149
v -49.57231 60.96985 -33.073425
v 48.529095 74.234146 -22.1445
v -22.715303 4.9482636 -1.3880477
v -42.05993 -19.516758 3.5944672
v -37.753967 -0.26098633 15.993164
v -5.607044 4.1840076 29.603989
v -50.164734 62.02408 -34.10074
v 19.897106 37.193848 6.952896
v -31.735443 14.855736 17.713867
v 13.504517 88.37516 -26.805695
v -50.062195 63.65502 -33.97583
v 36.555 46.952744 7.3980713
v 49.660324 82.936264 -22.44577
v 11.980782 13.133991 -0.009210587
v -12.662052 82.509155 -7.448902
v 18.948158 20.10022 20.584473
v -4.114853 4.851074 35.438232
v -44.168457 -51.3208 15.658264
v 15.903908 -30.930826 26.066154
v -16.017181 84.31058 -21.166107
v 51.582275 87.13379 -25.732422
v 9.6328125 27.345459 30.65747
v 19.839619 -31.69469 8.579836
v -32.953156 5.562317 -0.7186279
v -3.1536584 47.24292 37.13562
v 18.873291 45.547806 -9.918274
v -22.546383 -35.57984 12.883759
v -30.495758 47.20056 7.2407227
v 0.16171265 -4.7554474 49.561478
v 61.823166 66.623764 -17.095108
v -36.903458 -18.594513 -0.50131226
v 11.823205 57.27335 -12.411429
v -3.7133522 66.21604 -33.802986
v 4.329315 66.39688 -33.89093
v -20.981323 24.11914 21.40332
v 40.98339 63.548 -4.910553
v 1.9746704 22.135754 -5.4172516
v -40.77559 -26.6137 5.037979
v -6.3639526 -3.6918259 52.668015
v -29.565613 1.2617798 23.372803
v 19.641754 -30.089539 28.333054
v 26.21463 64.233154 -2.6973877
v 18.480957 -41.93411 29.076202
v -35.266624 -20.430794 0.0064029694
v -32.437134 47.45862 6.1846924
v 25.2771 -24.544018 2.8964767
v 11.7339325 67.67415 -16.371826
v 39.044983 59.842896 -15.623413
v -48.209534 -53.56883 -1.4295044
v -6.315379 10.224058 0.5512848
v -33.282166 -10.588882 -1.3234863
v -31.617126 47.66455 7.062378
v -44.151917 66.75171 -11.111572
v 1.3627319 85.177765 -15.624268
v -36.38684 64.12411 -12.398071
v 37.839043 48.437912 7.4067993
v -2.4765139 90.060524 3.7597046
v 3.1334636 12.107621 -0.39625168
v -10.42524 39.17319 31.485033
v -28.999182 63.022377 17.77814
v 38.341324 -48.898636 8.648165
v 62.754566 62.044067 -12.855522
v -61.43168 69.31183 -33.6799
v -5.8761225 14.133404 -2.4972248
v -19.425644 37.49167 -3.773468
v 30.033646 -31.14679 10.02002
v 16.426239 5.2128906 24.951683
v 2.8338623 69.20502 -33.661865
v -18.603088 26.843048 23.282959
v 19.904861 2.9113464 24.597237
v -32.67457 48.3519 8.15036
v 18.950165 35.554955 2.222145
v -12.656097 83.88212 21.637604
v -21.581863 -26.364166 6.471283
v 56.319614 58.5121 -24.22898
v -41.6593 -17.103855 11.955864
v -31.894775 -51.034756 24.946533
v 11.411621 33.93094 30.612305
v 3.7711258 55.96858 -14.625946
v 49.090836 83.93195 -25.047058
v -21.733032 22.628601 19.355957
v -30.308273 -8.907288 17.937317
v -37.14679 -35.28775 6.5159492
v -4.5425377 68.37781 -34.356495
v -8.622253 69.50894 35.97966
v 28.830437 -52.632507 -4.248474
v 2.087616 80.268616 -23.701904
v -17.61731 66.4111 -15.51123
v 24.590393 63.983032 -3.6905518
v -49.663036 70.56196 -33.62967
v 52.72587 53.50818 -6.787262
v -46.749645 48.98961 -6.198242
v -49.856506 71.44328 -33.668762
v -28.934418 65.5751 18.098389
v -30.40194 63.469357 13.999298
v -59.659454 71.465256 -21.833511
v -6.870056 70.97931 -34.03308
v -6.371155 71.650024 -34.09796
v -12.566223 33.80166 30.951813
v 24.999657 53.774532 18.43277
v -41.046864 -49.10398 0.95734024
v 14.281342 82.363 19.309326
v -40.34682 47.98121 1.0766373
v 37.700195 61.963043 -2.4996338
v -38.585327 65.73898 -3.4352112
v -37.21112 -14.839935 17.480469
v -16.208008 54.593414 35.914795
v -38.590843 -4.983016 12.821852
v -5.220581 72.037964 -33.705627
v -36.17395 48.345856 6.9472046
v -22.8303 69.583496 -6.010742
v 47.041454 75.53853 -16.744564
v -49.530823 73.5004 -34.052353
v 5.9956665 78.441124 -24.714447
v 21.8479 46.946106 25.422241
v -39.621956 -38.848957 15.184113
v 15.194601 -23.158194 21.987274
v 58.069946 67.76166 -4.5127563
v -35.165062 -32.36766 4.7025223
v 12.970231 -33.11982 16.767952
v -51.019386 74.26818 -33.317993
v -25.636108 62.416992 -9.292847
v -2.0225053 6.1282806 0.4082718
v -31.887001 -21.30384 1.286099
v -51.711777 74.38504 -32.611206
v 58.13704 57.52658 -20.159485
v -25.93959 -19.812004 1.459465
v 60.80173 75.45944 -34.154083
v 8.962112 71.137794 -26.184828
v -20.205872 76.920166 0.12841797
v 53.916992 75.27634 -33.872253
v -57.740795 75.742714 -33.297623
v -52.01496 75.89263 -33.394424
v 30.452118 -21.502869 23.733398
v 13.27182 -48.179764 22.09082
v -18.4045 33.130276 4.0037994
v -38.925846 65.54374 -21.086952
v -20.393616 25.694458 20.197876
v -39.13133 -44.386776 5.267365
v 14.9032135 80.39807 -4.3393555
v 0.24567413 11.623938 -3.180809
v -23.744072 -51.62718 24.920162
v 34.694447 -5.252006 4.184296
v 60.907166 77.35126 -34.32614
v -36.9678 0.036647 -0.639962
v -5.9275208 74.43298 35.058594
v -25.563858 69.69188 -2.3006287
v 17.191406 26.749573 19.901733
v -27.801119 46.24388 13.740341
v -24.298798 11.400116 25.090973
v 47.554077 70.62445 -21.352783
v 53.98828 68.617676 -5.3237305
v 15.492739 78.29528 2.568222
v 24.193623 43.856384 12.267849
v 26.024353 66.72107 16.196716
v 54.254105 81.437294 -34.141914
v 55.214325 81.24607 -33.872112
v -40.15596 -36.447613 12.273872
v 55.636242 80.96824 -33.855682
v 61.13904 68.7339 -19.453028
v -5.0259285 -5.634199 46.722694
v 31.824036 -33.767174 21.632645
v -8.745911 90.516815 -24.358276
v 25.698195 45.945717 12.044853
v 54.81984 81.68906 -34.212166
v 56.125793 82.252594 -33.27539
v -12.757202 32.379517 29.437134
v -29.589005 -19.090874 0.6368408
v 15.5633545 22.458496 22.701782
v -29.298344 64.46109 17.1846
v -19.189087 77.27632 -0.72457886
v 60.90815 69.17894 -15.460388
v 29.790771 -7.1265335 -1.4875183
v -6.8146205 7.7787504 23.788029
v -31.42041 54.889954 12.221924
v -24.12223 71.306046 -2.7499466
v -37.939026 -1.658844 15.139404
v -41.709755 48.08975 -8.96521
v -8.387909 89.94116 -21.884064
v -16.550385 81.6942 5.199707
v 10.723797 79.86099 -26.78955
v -14.167603 85.66907 8.464844
v -29.367165 15.343597 7.078491
v -30.451035 16.88184 14.886261
v -39.628174 56.882328 7.3720703
v -29.105194 -51.106342 8.953186
v 0.2917061 6.383214 12.868225
v -24.874374 -45.026413 14.547241
v -38.019485 -45.100838 1.9067688
v -1.5476589 51.924576 -32.385727
v -0.16280365 52.64554 -32.941284
v -1.8675051 -2.269865 32.545998
v 1.7033405 52.507187 -33.737732
v 31.334625 -28.570831 9.491119
v 31.46457 -33.14308 16.860779
v 14.17189 -9.850586 9.345673
v 39.736404 50.137905 7.4020233
v 2.1201248 53.012764 -34.213287
v 59.2778 70.98076 -19.083176
v -18.9216 37.961197 22.813232
v 2.102324 53.333595 -32.266533
v 52.735367 53.02481 -19.031342
v -13.74556 80.74277 -20.861755
v 7.2711945 79.0049 -24.70488
v -30.550842 -23.372612 1.4378777
v 58.35279 71.250824 -7.5787964
v -24.733864 -6.3896484 20.781586
v -26.871674 58.94165 25.35553
v 3.760066 54.70548 -33.470657
v -40.483093 -32.48813 17.516602
v -31.047821 -53.37233 7.4069214
v -3.874878 88.78201 -1.9196777
v 13.471589 -35.08388 17.127518
v -24.27501 -46.385704 16.59726
v -39.01032 64.754295 1.623194
v 51.09715 59.17285 -2.3661804
v 25.097412 -50.04236 -2.609375
v 4.217217 55.66102 -33.27683
v -18.53006 56.59845 -12.034851
v -40.900818 66.49292 -7.5521393
v -28.301214 -23.84224 1.230933
v 14.314186 -26.724617 22.687164
v -7.337536 7.137577 21.328793
v 18.949444 24.266418 12.527557
v -53.99438 55.387222 -32.786224
v -50.221733 56.61775 -33.67078
v -3.2630577 89.094055 16.417633
v -5.815774 -2.0807724 50.102997
v 32.428253 47.56903 11.488525
v -55.349777 56.72939 -33.69332
v -3.3592072 -6.3373337 42.84687
v 4.703583 56.403164 -33.10034
v -45.182617 -50.85237 14.967621
v -27.850952 12.42334 23.716309
v -21.139648 65.90088 30.106445
v 5.93375 56.991623 -33.61681
v -39.515167 51.820305 6.7731476
v 61.466476 76.098755 -27.0531
v -2.7104187 28.462036 32.838867
v -37.521446 60.4789 -16.65622
v -40.509842 48.233334 -1.396141
v 10.996384 49.356262 35.632355
v -38.48902 -27.355183 4.4189835
v -28.936157 -49.007576 9.324219
v 24.002777 65.63245 21.18631
v 16.143082 79.784 23.96051
v -23.896 -29.073952 4.8173523
v 6.607397 25.456503 -2.6934223
v -7.0776563 58.75423 -33.16324
v 39.85318 51.590363 7.6054077
v -18.711294 77.388405 0.286841
v 8.700713 59.805916 -31.650726
v 12.215546 32.95462 -5.828125
v 30.965645 60.787354 -5.842285
v 49.29167 60.529633 -27.204071
v -17.36615 82.49987 18.155243
v -16.668211 82.670456 17.059246
v 41.425476 53.539192 6.6579056
v 53.994614 84.39395 -22.571106
v -6.144075 85.19125 -14.014958
v 25.601395 64.20621 17.465652
v -51.510857 -53.812126 -5.705368
v 17.135696 18.466888 2.113205
v 18.634827 34.200912 5.376129
v 30.853115 11.592536 11.940445
v -36.895473 9.201115 8.886566
v -9.142006 31.829231 -5.9460144
v 22.763657 -15.069 0.64056396
v -3.359375 69.88577 37.681458
v 60.250282 66.536964 -26.923103
v -33.11548 0.5465698 21.23291
v 15.483765 36.569458 24.567017
v -19.21598 34.433243 0.8923645
v -35.989838 9.538361 16.84961
v -47.44996 50.142204 -4.01857
v -8.784878 62.49057 -31.887268
v 5.879486 84.30612 26.032532
v -40.117096 53.036488 7.0063477
v -30.540588 12.589127 3.9410706
v -11.928345 74.78467 -24.177063
v -61.318817 64.62169 -33.067078
v 17.7518 32.47052 19.497559
v -29.596287 68.69533 5.5602913
v 47.847733 76.07719 -17.407745
v 17.377716 33.61371 21.652962
v 8.164551 63.050415 -33.19934
v -21.376945 -31.4353 13.047913
v 16.454834 13.337891 24.60144
v -46.714615 72.112946 -20.998642
v 3.228192 88.39271 -7.451467
v 5.5804443 64.00856 -33.41211
v -42.711708 -44.952927 4.076126
v 38.125057 60.67111 -14.501539
v -5.9052124 64.42218 -32.902832
v -25.164062 -17.650728 3.5465546
v 35.19729 48.97371 10.674093
v 5.3911743 64.419556 -32.650513
v 9.324585 36.177032 30.161621
v -49.06006 65.8111 -33.315918
v 14.636673 4.4729767 24.086937
v 4.896071 64.91631 -33.057774
v -49.374878 59.894653 -6.8077393
v 14.850176 37.525997 25.182945
v -13.572651 85.568985 15.340881
v -51.12472 68.595215 -12.454102
v -37.686035 -8.325432 13.049561
v 37.630005 -48.731735 8.4021
v 2.224471 84.535515 -12.473616
v 30.497192 -28.855507 8.893906
v 4.465584 68.41864 -33.46597
v 21.91333 51.940308 28.128906
v 4.475754 67.125465 -33.45166
v -38.8243 -4.145302 -0.092926025
v -34.32202 -39.41475 21.712097
v 35.409813 50.467896 11.103531
v -44.229343 48.194855 -7.400879
v -61.492264 68.22165 -33.259827
v 32.52191 -23.984283 13.393997
v -49.009167 69.9215 -32.926514
v -46.31781 49.89911 -4.00058
v -24.980415 73.00067 6.169281
v -10.155777 78.27621 -25.7258
v -0.33793068 23.032904 -5.776508
v -32.471558 6.688202 22.388062
v -55.262177 52.267124 -19.896105
v 9.0418215 -1.8560791 14.230774
v 54.42434 53.482002 -16.995659
v -27.960262 -40.476128 8.651913
v 5.274765 67.945206 -33.370106
v -42.779263 70.224785 -26.08117
v 33.299274 -20.706724 10.188949
v -29.144424 51.878975 13.109772
v 61.369904 68.66507 -16.791656
v -10.981934 65.93518 -18.430725
v 3.9980164 69.31537 -33.10846
v 41.593872 62.969696 -14.0811
v -25.592041 67.99365 -6.0961914
v -21.202847 35.969162 6.877983
v 6.490507 68.65375 -33.60207
v -49.991516 -49.31604 -3.97229
v -23.820328 -12.2443695 10.685898
v 11.827148 83.714226 -1.8234863
v -40.920654 -29.853394 13.520142
v 13.187714 68.279396 -16.370865
v -46.953194 72.85614 -22.162537
v 35.67383 52.024216 11.631577
v -1.5784912 54.058502 -22.08789
v 3.31323 13.041735 -0.48198128
v 5.9443665 69.80658 -33.59091
v 33.296722 -49.849 17.285553
v 19.220963 59.387077 -9.573427
v -28.451063 68.88796 13.785351
v 12.369507 3.5242615 0.72647095
v -60.390144 57.382477 -25.97911
v -23.287254 41.227654 18.052979
v -33.409775 51.982544 10.817688
v -20.106388 35.448837 3.9001465
v 7.2364597 61.648468 -23.41298
v 51.719826 50.350563 -11.506348
v 12.294434 69.93854 33.814697
v 22.45581 63.20748 -7.824707
v -2.8194885 69.51221 -33.660645
v 18.39389 66.52765 30.203339
v -8.683716 38.16394 31.980743
v 1.440397 47.48526 35.75981
v -29.0755 -32.81983 22.951855
v -10.901154 35.153076 -10.61853
v 0.505352 -5.005476 46.409164
v -41.448513 53.14241 -21.47171
v 13.238281 29.37082 27.843872
v -29.882446 -46.31775 8.234741
v 62.62268 69.273605 -33.43259
v -36.334167 8.258362 15.645142
v 9.010208 37.17386 30.322311
v 4.764221 37.22281 31.625015
v -19.925343 77.26145 1.2035828
v 7.7629013 59.840652 -26.887665
v -43.35724 65.94384 -10.2526245
v 30.277834 -18.888634 -0.14701843
v -38.97958 65.73297 -17.313824
v 30.849773 51.615345 14.592225
v 54.956787 70.57617 -31.928467
v -49.681976 71.816734 -32.72733
v 41.4556 68.99251 -10.865219
v -3.7938232 70.977325 -33.75
v 20.629333 -23.346008 25.901077
v -7.250305 72.033264 -33.360718
v -14.579041 81.89307 23.762451
v -60.160583 71.53778 -32.96216
v -49.61509 72.65787 -33.031803
v 20.90823 -11.064912 -0.09046745
v -42.319557 -11.462463 0.0234375
v 13.53936 81.020325 3.4210815
v 33.07093 -47.459892 3.9796066
v -59.69696 72.2287 -32.684082
v -17.722656 54.14795 -12.174316
v -27.9458 66.9989 19.55487
v 55.2666 73.19379 -33.829346
v -12.762939 37.45764 29.535645
v -31.323494 -24.400558 1.9828644
v -38.104767 62.487103 -20.264664
v 34.854095 -4.212242 5.658066
v -9.504023 62.4673 -17.61956
v -22.623657 76.06738 7.8691406
v 4.3230305 88.63687 3.2379913
v -40.553055 63.965927 1.7789307
v -15.594025 73.47517 30.94104
v 27.191235 -42.264893 15.647034
v -27.971313 70.14317 9.821884
v -23.481064 11.96051 25.16809
v 42.51422 62.617126 1.06604
v -6.060608 69.43876 36.35868
v -29.410645 63.183655 -7.7872925
v 20.208923 68.61432 -4.3103027
v 44.87908 61.405518 0.03149414
v -13.845817 78.80204 -7.304381
v 8.012024 33.458557 32.7807
v 28.051239 -50.740753 23.0979
v 20.906189 -53.28531 4.353119
v -0.6407089 -6.180069 43.138626
v 15.074001 -43.725258 25.498703
v 26.18811 4.193878 23.032227
v 14.368164 54.85489 35.224365
v 20.16833 76.07483 9.569946
v 12.000631 40.40255 -12.624443
v 14.059547 74.5856 -9.565399
v -11.3362465 85.73247 -25.948715
v 61.1763 77.79113 -32.38211
v -9.884766 77.97778 -26.276672
v 16.31226 -17.289698 14.215557
v 2.5873108 34.597687 -9.371017
v 61.03112 78.371826 -33.22583
v -5.713665 85.57964 -14.859985
v 53.873 78.84027 -33.495544
v 28.609493 -43.475903 17.950306
v -1.6350098 58.801514 38.882492
v -28.886719 -47.168213 9.003662
v 46.222496 51.397156 -18.677368
v 22.690847 71.29934 2.7836523
v 40.381897 56.803734 7.980774
v 22.592285 45.91967 -3.330472
v -29.875977 62.112175 -9.55954
v -29.304565 -45.113335 8.840088
v 53.421204 80.678734 -33.694763
v -17.992386 63.56787 -13.791382
v 60.938477 66.98706 -8.5373535
v 15.572998 -48.023407 17.098877
v 55.919373 81.329834 -33.43576
v -39.568787 58.23445 7.435974
v -32.065918 -8.306122 17.910614
v 34.94774 -1.9043655 10.613464
v 8.819855 67.26611 36.837738
v -41.23056 -8.124023 5.8725586
v 8.468903 57.874817 37.633606
v -26.928535 -14.551342 15.349281
v 58.237347 74.613716 -19.117498
v 52.70703 81.98671 -33.67572
v 9.7401085 -2.0060644 16.622421
v 52.08438 82.495735 -33.24353
v -21.352974 -4.836853 21.212585
v 10.36853 38.3405 30.505966
v -3.4867096 88.182556 -8.613815
v -42.454376 -20.908798 9.661255
v -31.59404 -41.213467 8.440945
v 51.391037 84.696915 -33.273254
v -30.07016 65.532486 11.78874
v 49.07636 81.858765 -22.573914
v 28.295532 -9.405792 -1.5641937
v -14.315613 13.76355 26.752014
v 50.656555 76.07776 -26.35144
v -29.43782 -12.414679 16.325533
v 2.1333466 83.26711 -19.932556
v 31.582947 -31.761368 16.954102
v -23.970036 -9.810165 17.094116
v 36.7834 56.111526 11.370616
v 15.224731 83.18848 -20.825134
v 55.70574 72.94263 -10.283081
v 22.88213 43.62136 20.992502
v 0.40315247 52.419205 -32.73178
v 1.075676 52.510483 -33.414673
v 1.9508228 52.523678 -32.00773
v -16.764313 -5.2767525 17.965302
v 9.550207 71.75256 -25.355474
v -40.802406 -49.09118 0.18411255
v 22.626781 71.94935 3.750955
v 39.597534 58.48004 -16.337524
v 52.673813 83.99371 -21.825806
v -38.21353 -24.520416 21.344208
v 29.870728 -38.289215 23.639038
v 3.818518 54.184105 -32.94913
v 3.0096893 54.578827 -33.313995
v 5.2062836 28.764832 -7.212036
v 4.3004436 54.75617 -33.159424
v 31.404358 2.9107666 17.158936
v -0.43225098 84.411255 27.944702
v -30.383835 16.877586 13.291962
v 17.252567 -31.695185 9.5724945
v -38.654907 64.53375 -13.125488
v -52.981926 55.606186 -33.1644
v -14.047531 78.12572 -7.183258
v 39.75175 67.99071 -14.255547
v -50.563354 54.42163 -31.540405
v -36.97061 6.362015 16.697083
v -39.00932 64.90186 -19.680946
v -50.68923 56.20729 -34.08786
v -14.735901 81.75388 1.7438812
v -33.028015 -51.219543 24.577698
v -54.878048 55.483696 -32.563225
v -14.441193 76.83197 -12.250671
v 34.19373 -8.244511 4.891632
v 0.09396362 53.07361 -25.46997
v 20.274916 -46.734768 5.7210007
v 15.785156 32.269043 25.038574
v -3.7028503 9.217529 31.846008
v -3.3558292 3.2416077 37.928894
v 50.328476 54.520447 -3.9945984
v -28.675564 -30.272358 3.1910353
v 21.327759 -40.653564 29.2417
v 9.501465 6.171295 2.0565796
v 40.902832 51.4989 -12.780029
v -6.5601425 57.364136 -32.94153
v 18.337841 -27.660889 27.044006
v 1.060791 -2.999298 45.685547
v 35.92743 57.915955 11.533081
v -35.683025 62.41478 -13.73446
v -6.5358315 -5.605255 54.360275
v -49.376205 50.823654 -23.84053
v -21.664795 74.397705 22.798584
v -12.514648 19.089813 28.071472
v 7.832896 58.552418 -32.782097
v -11.031525 57.10373 37.94223
v 9.540009 60.991947 -13.142944
v 11.026962 17.723766 -0.48701096
v -57.678345 59.06402 -33.107727
v -39.388107 4.189731 5.4210205
v 19.582226 -52.71209 5.69104
v 34.974117 47.727318 9.798553
v -40.205246 54.113014 -19.799194
v 22.200893 42.716812 20.95951
v 39.88739 -50.589294 6.533783
v 12.197212 40.37753 31.793274
v 14.499944 -44.447243 25.21831
v -50.601074 60.612488 -33.544556
v -37.359085 52.487175 8.765884
v 6.410431 56.91983 -27.576874
v -18.125977 67.7334 31.672302
v -27.475899 -34.73028 22.32257
v -29.764893 50.282654 -8.777954
v 44.32324 67.27763 -5.297247
v 20.388199 -35.821075 10.642273
v 35.673138 57.51736 -8.301321
v -40.86406 67.25426 -24.506424
v 3.025351 4.204445 28.377989
v -48.879883 61.352722 -32.04309
v -23.790096 -10.955391 15.081238
v -59.99995 61.5846 -32.540382
v -42.65529 64.5932 -2.4032593
v 14.021393 73.40131 -11.69809
v -35.48992 -38.590355 6.760459
v -39.14151 47.3933 -2.0494385
v -14.089877 -2.6740417 18.7295
v 8.2252655 87.969086 6.841736
v -60.53264 69.69577 -23.917725
v 13.750977 77.593506 29.217285
v -18.889713 -6.2087097 17.797806
v -58.61061 54.49856 -24.796913
v -34.163574 58.675224 -13.285767
v -1.4235382 5.1123047 36.42871
v 7.092102 63.31888 -34.376465
v 15.331799 -11.85062 8.859283
v 53.69637 76.55034 -17.041367
v -42.740128 66.40898 -8.428833
v 21.915207 75.49762 12.392883
v 15.35379 79.61621 24.126099
v -9.033066 57.967255 -14.870483
v -14.643066 73.58652 31.948608
v -35.12274 -9.017311 15.423279
v 31.57782 57.467262 -6.484497
v 8.46571 59.999428 -14.83699
v -4.1314087 65.61987 -32.73822
v 35.095596 59.80898 11.404533
v -41.012268 -9.638184 7.763794
v 4.7454224 66.43011 -33.010513
v -61.27082 66.48668 -33.523407
v 3.46167 88.48726 15.924103
v -52.622517 51.08142 -15.587891
v -60.539734 67.037964 -32.408936
v 45.979786 56.931484 -22.606195
v 29.005772 -18.655544 -0.0847435
v -23.071106 53.19751 28.003784
v 9.505859 63.452423 -27.031036
v -5.0460377 67.304474 -33.084045
v -16.5625 56.454315 36.101135
v -22.712654 -19.115402 15.030945
v 28.6958 -51.19799 21.98706
v -22.663239 -33.49939 9.903137
v -19.744598 58.26056 33.008827
v 5.193405 67.24275 -33.065514
v -27.953247 1.5802612 23.659668
v -6.765768 11.548127 -0.75249624
v 58.16294 67.16053 -33.111084
v 58.733505 67.301735 -33.623627
v 25.213623 4.926346 -1.4020462
v 13.180908 81.497925 4.390686
v -21.294983 -24.47538 6.718567
v -18.818481 72.638 -6.9362793
v 15.972412 20.962402 23.544922
v -52.012665 -52.120544 -5.330242
v -10.643677 29.878494 30.964417
v -7.92778 83.98285 -13.571655
v -5.727257 68.981346 -33.40917
v 6.413383 68.064316 -32.957123
v 31.497711 63.63214 -0.4925537
v -6.014389 51.20272 -11.5698395
v 25.831223 9.014206 1.6481018
v -7.001831 68.95502 -32.791626
v 34.496765 -49.596436 3.5003662
v -47.64673 51.10414 -12.486191
v 61.593426 68.55376 -32.167755
v -6.7367344 69.94256 -32.973824
v 21.288116 18.267395 15.089722
v -41.008904 -47.014954 1.8493805
v 55.89319 69.3515 -33.25293
v -12.497726 77.21562 -18.218918
v -26.878586 55.576668 23.847855
v 33.4635 -51.078156 17.304626
v -16.648438 80.578125 23.082031
v -19.492752 13.474983 0.9491997
v -4.76331 6.767658 18.513395
v -8.055176 16.234497 28.857483
v 4.927246 70.073 -33.21698
v 7.2105865 69.946106 -33.35788
v 7.612137 69.54945 -32.911278
v -52.35495 -48.557934 6.0403748
v -22.03128 -29.254898 15.660553
v 21.291454 57.01017 -8.181787
v 21.351019 71.59402 -0.516362
v -2.0827637 70.60742 -32.75952
v 57.05307 55.26252 -17.313904
v -14.634216 28.525732 28.289503
v -6.870903 13.1526375 -1.3691101
v 0.4173584 38.717407 33.187622
v -16.864372 76.50531 -5.9715805
v -28.779112 68.706215 15.30661
v -23.008087 -25.035095 4.218445
v 42.126373 70.186066 -16.861847
v 29.845955 -12.728409 -1.5393066
v -18.305298 35.294865 22.065918
v 6.162874 59.294395 -18.438614
v 7.250885 70.86182 -32.937744
v -30.054955 46.0859 -2.3226929
v 25.803238 47.82187 -4.191223
v 10.035383 81.29761 -23.084335
v 60.576073 60.74519 -19.195404
v -41.173607 -43.961067 6.147217
v -13.933594 6.6782227 24.976013
v -19.965942 13.392212 25.1875
v 22.163094 41.396927 4.8184967
v 31.135803 -22.3609 23.152954
v 44.060707 48.50725 3.2169828
v 63.523464 71.907455 -32.960022
v -3.4347801 81.03522 -23.617676
v 38.83 63.279083 -13.801749
v -3.91156 71.99951 -32.892334
v 24.944641 -6.648117 21.067627
v -28.047852 62.598816 23.372314
v -32.117996 -25.118042 2.1437664
v -31.66661 46.775925 5.100525
v -47.852444 50.133907 -4.485519
v -7.7802734 45.145508 36.924072
v 16.139374 81.51941 11.70813
v -6.64917 72.43384 -33.21985
v -6.0924683 72.8725 -32.380615
v 54.700806 71.92859 -31.533447
v 25.577423 56.541267 19.98397
v -59.2937 73.19376 -32.586304
v 25.971695 58.52484 19.547424
v -38.74524 -0.95908356 14.14856
v 33.063934 61.757324 11.678406
v 42.49408 62.84964 -15.336182
v -27.679523 -3.633868 21.739616
v -39.034546 -0.26367188 12.915588
v 47.827423 49.050064 -11.609711
v 32.667435 50.033546 13.010463
v 20.606117 91.192055 -23.008125
v -0.42802897 48.269512 35.19006
v -46.31378 -50.80536 14.502106
v 28.07633 59.066307 -5.6015396
v 60.49243 68.913574 -12.788086
v -9.946106 87.77013 -0.48291016
v -34.02549 -21.26966 22.721107
v -32.594727 -43.106216 8.234741
v 34.967316 -48.112213 10.130859
v -28.55249 63.06189 -7.3588867
v -56.74713 75.82251 -32.852295
v 26.200745 -30.91009 27.742403
v 20.961685 74.0656 7.271942
v -42.21528 64.509 -22.600449
v 17.302673 55.57972 32.32495
v -54.6242 76.26953 -33.047485
v 53.352676 76.29178 -32.851685
v -38.16145 63.557438 -19.371872
v 20.768183 39.1207 15.924669
v -41.309326 -50.945587 -8.217957
v 53.2892 78.02368 -32.26355
v 17.943756 -44.81732 13.782227
v -41.857864 66.31671 -5.683838
v 25.150028 60.1463 20.202148
v -4.093445 84.94449 25.889404
v 16.104723 4.057814 -0.963065
v 33.73018 -1.0261688 13.21051
v -34.134155 1.275959 20.438843
v 43.059464 47.907455 -1.0736694
v 0.9378052 84.290375 -19.447632
v 56.043396 54.254265 -17.3516
v 13.525079 -37.267723 20.444447
v -20.326767 90.041504 -25.612122
v 25.769775 -50.695786 25.202148
v 57.64511 81.272446 -32.43399
v 19.059431 28.465004 13.379723
v -40.862854 63.77585 0.25012207
v -42.31236 -15.054648 6.203064
v 55.659943 81.666534 -33.504944
v -33.00972 -50.76145 1.3895874
v 14.577454 58.005714 -11.352081
v -35.382465 -18.794437 -0.48176384
v -6.078125 49.11084 -13.622559
v 51.73083 83.18345 -32.89482
v 22.109497 -53.085884 28.861694
v 51.59891 84.696846 -32.636242
v 22.68288 52.11225 26.92041
v 33.34433 56.722183 14.0321045
v 23.847351 -48.688995 0.2524414
v 30.573631 -14.141508 -1.7784128
v 46.281815 74.50562 -13.891113
v 51.57721 85.9367 -32.35924
v 52.113403 85.91849 -31.995209
v -61.848026 66.46313 -26.822838
v -2.6405334 10.097534 31.997803
v -22.614098 -37.450302 14.730881
v -8.467346 89.33023 12.713135
v 49.47915 73.663025 -10.591064
v 35.42929 63.675934 6.468506
v -45.361717 55.072666 0.22257996
v 18.78978 53.94699 30.667496
v 49.39696 89.074394 -33.334938
v -50.11013 51.12175 -14.000956
v 49.98709 89.77365 -32.953705
v 49.089336 89.9438 -33.031185
v -8.698063 17.939728 -1.4082007
v 24.852894 62.497364 19.834568
v 23.734348 69.61355 17.733734
v -0.945369 51.97347 -32.626617
v -41.56317 -12.746124 -0.4071045
v 2.3318114 13.421246 -2.1203504
v -27.8584 -22.49451 1.4023774
v 1.59485 52.199505 -32.215965
v 12.739441 81.83099 -6.054245
v 18.596764 40.375393 -5.6531067
v 17.06488 76.09093 2.4953766
v 32.706306 -22.794167 12.727753
v -31.741379 -34.008415 4.563751
v -30.028305 16.431091 10.238556
v 2.5429535 54.032593 -32.20526
v -33.33795 62.539062 8.245117
v 32.66548 -19.416729 12.60791
v -34.049133 64.41168 5.9401855
v -4.1374226 54.85564 -31.467306
v 15.326935 9.187698 24.88263
v 3.1421509 5.5687103 5.408264
v 21.455948 -22.014893 25.647766
v 8.518219 12.379181 26.935946
v 34.235172 -21.64647 9.733782
v 17.114319 85.18555 -19.446564
v -18.960205 43.890137 29.943115
v -36.451843 -23.449799 22.390472
v 33.404083 -48.95334 9.184296
v 27.605103 -22.307373 25.69159
v -44.416386 70.36024 -18.711792
v 25.530926 64.66725 19.639725
v -11.856888 86.06209 0.7669678
v -4.2588396 56.091965 -32.95272
v -12.692566 66.10035 -17.488464
v -32.48645 63.173096 7.9384766
v 20.203903 -53.555088 9.477173
v -41.131332 -26.62645 10.308723
v 12.795471 56.815125 35.80728
v -56.55774 57.24543 -33.068573
v 22.55002 74.83741 14.127043
v 1.2278748 82.163315 -23.184631
v -5.8264236 89.5215 -5.356598
v 40.54586 48.971222 5.237854
v 10.97229 14.725037 26.838196
v 12.246463 -30.089773 17.212341
v 42.70639 46.639286 1.950155
v 1.2509155 42.340088 34.379395
v 34.448273 63.65686 7.2333984
v -27.69492 -0.5677552 -2.2352967
v -0.8380394 5.8531914 20.13948
v -18.246342 86.11324 -23.5556
v -42.42557 -44.23723 4.7520676
v 50.894104 53.021057 -20.93573
v 20.832863 -24.599075 26.666405
v 50.89393 55.395996 -23.319946
v -40.040936 66.69536 -17.557644
v -29.032974 -40.408676 8.113266
v -50.146736 50.99124 -25.03247
v 14.059334 -2.331316 20.831575
v -41.370617 -20.786469 3.1901855
v 26.421509 65.54883 -0.15185547
v -6.7635202 58.864708 -31.918415
v -61.80581 69.36052 -22.766113
v 47.329315 57.097992 -24.101013
v 16.195251 77.66986 3.0491028
v -61.279297 64.26613 -15.874329
v -51.220886 59.39789 -32.945435
v -27.360435 49.70575 -7.4908447
v 41.07316 63.290695 -1.6249084
v 29.413403 -45.262688 20.401886
v -22.92983 22.106903 7.7751465
v -42.594044 66.34674 -11.648102
v 20.139328 -8.24884 20.593994
v -50.6105 59.389328 -32.4195
v -16.915497 70.49084 -15.01889
v -47.59204 -47.180107 0.423069
v 49.33481 49.748795 -10.391205
v -50.019928 60.221497 -33.051117
v -8.774616 60.687866 -32.377136
v 23.92512 -24.40421 3.3891897
v 39.524796 62.873787 -7.180397
v 1.1146545 63.72827 39.28576
v 4.8068933 43.342243 34.21615
v 41.696716 62.199036 2.749878
v 16.291553 77.024826 2.3249338
v -43.91326 50.300507 -12.725113
v -34.40088 -25.38507 23.011703
v -0.97476196 86.62584 -8.778976
v 17.47152 46.292847 30.268524
v 44.883522 56.761368 -19.176025
v -16.247437 83.6402 7.6140137
v -20.73883 67.166626 -12.412842
v -19.816425 45.410442 30.003824
v 51.097534 69.01594 -25.565247
v -60.300186 64.61789 -31.375679
v 34.6131 -2.6453705 4.058441
v -34.107117 -4.9962344 18.408142
v 32.96237 64.44644 7.7753906
v -7.834364 63.559982 -33.00186
v 53.451275 56.42743 -23.465302
v 49.014687 77.474 -24.131409
v -6.683319 64.24745 -32.39023
v -19.56604 30.927576 19.387573
v -26.613047 42.62508 11.408325
v -32.229874 15.331413 16.63263
v 2.910492 55.014862 -15.28595
v -41.220154 -29.323608 16.91211
v 25.155605 -33.80426 9.419464
v -17.705666 17.291916 0.9380951
v 29.419662 -32.181396 9.914856
v 6.7043 53.906036 -12.678864
v -14.297522 75.68035 -14.788101
v 38.789207 62.406265 -4.4664154
v -53.976486 65.67139 -11.087311
v -14.56576 84.47709 -22.547913
v 15.579407 -44.07666 27.296692
v -29.188824 65.34703 6.8595886
v 43.299866 68.18611 -7.4356995
v 34.27732 -22.315086 9.6192665
v -51.910862 -52.589146 -6.152672
v 11.936035 77.42327 -9.449783
v -19.840073 34.930626 5.76062
v -1.8948898 48.928883 -11.688092
v -27.191982 70.45947 17.844482
v 20.644096 -42.8682 13.781036
v -21.329712 95.52524 -27.302368
v -4.2229013 66.32973 -32.659412
v -6.860185 67.29472 -32.54258
v -43.69998 48.121582 -8.367033
v -16.737732 -7.1359406 11.909589
v -27.606483 18.068476 13.716492
v -47.743732 -48.403946 13.490791
v 28.115753 -49.825287 4.041107
v 57.350204 67.467834 -32.17981
v -19.790222 33.39299 20.734375
v -0.6591406 19.526432 -5.7921886
v 12.28009 43.777542 33.288452
v 45.00116 49.86942 -12.301132
v 22.34259 -53.14041 3.7113647
v 48.560486 75.6137 -18.683311
v -38.11718 58.76568 -19.016113
v 29.683416 -39.948112 18.317963
v 58.85245 67.105034 -31.817657
v -18.156225 86.37758 -22.676584
v 22.455292 73.60063 11.633987
v 12.5972595 84.67878 17.535599
v -26.515274 73.10205 11.3897705
v 21.990768 -4.735962 22.221375
v -60.167835 70.40078 -26.088486
v 61.052032 67.93161 -20.003784
v -36.52365 -40.374996 9.053986
v 9.931519 14.128357 26.953102
v 60.93152 70.627075 -22.44336
v -48.405426 69.13907 -32.380432
v 8.979767 56.63426 37.79207
v -18.659409 52.13878 34.184494
v 15.888111 -52.110188 31.836485
v 14.551978 -19.840675 13.518906
v -60.370926 69.283325 -32.4711
v 20.108326 -24.827976 5.0610847
v -41.90802 -53.18347 5.2994385
v 37.677105 59.75985 -9.458221
v -25.348679 17.526878 7.9417496
v 20.159733 -18.349915 22.538315
v 11.15213 63.45549 -12.267761
v -2.837542 -7.208615 50.247982
v -25.337769 55.954727 25.117401
v 0.5127735 29.952682 -9.125195
v 13.099371 82.32284 -4.836999
v -35.527344 9.295368 18.110596
v 29.745773 65.749435 7.5940247
v -20.196442 50.402588 32.013214
v -22.473145 49.772766 28.095215
v 20.535793 71.066246 -1.0282116
v -26.189148 69.11841 20.368835
v 13.694443 31.406916 0.518219
v -20.595703 1.5401382 -0.6767502
v 8.233246 59.43484 38.26042
v -13.964706 66.24984 -19.452621
v 11.142105 2.7935162 1.6200867
v 23.94983 57.32849 -6.4765625
v -25.813349 60.054047 26.173773
v 29.946426 49.00016 -5.5843964
v 16.494661 82.00043 -19.64602
v -22.381165 77.62915 10.747803
v 35.07068 57.019043 12.91095
v -5.666816 -2.5762005 38.474846
v 35.18106 56.348694 -8.508118
v 35.685524 46.91071 8.138388
v 20.962532 -24.23664 4.7400017
v -24.132292 -12.371499 12.165953
v 19.155247 10.164513 -0.12259674
v -7.538475 71.366806 -33.28711
v 18.285732 48.965843 30.00605
v -2.8045988 70.79822 -32.79187
v -40.19696 47.468506 -5.833557
v -17.131836 90.05859 -25.391602
v 15.525281 9.164487 0.43542814
v 32.707703 -30.073383 17.638535
v 49.265064 84.1089 -26.415527
v -36.774414 -10.481079 14.247803
v -23.208984 42.363953 25.136719
v 12.422354 65.28232 -20.689087
v 20.778896 0.029054642 -2.3964868
v 12.831352 57.88269 -11.6626835
v 20.573402 73.96906 1.7316284
v -39.69397 -45.170746 18.52124
v 0.44084167 28.201805 32.609962
v -20.171963 79.485146 15.768509
v 59.093872 72.15393 -14.488159
v -42.28697 65.17401 -3.182434
v -38.56836 -31.728224 20.877838
v -7.5962524 72.66626 -32.161133
v -4.918152 72.73419 -32.298096
v 34.993214 -0.8774204 6.1973495
v 12.366483 -7.955194 13.293884
v 13.071999 -5.6378117 18.229057
v -14.536087 3.9299011 1.9109726
v -28.240555 -7.9730625 -1.1432991
v 26.609146 -52.93918 4.446167
v 28.510767 66.39096 8.3977585
v -8.496941 83.718475 25.727905
v 30.812622 -16.76825 15.444092
v -8.01709 13.795654 28.891174
v -49.760902 73.80018 -33.566517
v 15.808702 29.693983 5.561415
v -20.645721 -25.864817 8.933052
v -25.943512 -19.342726 19.106415
v -62.839264 65.32376 -19.58496
v 18.898178 -8.265488 0.08563995
v -29.831432 58.99842 19.2513
v -35.94648 -22.796722 0.9205322
v 20.91768 -46.303745 4.67494
v 18.759956 8.003441 25.220371
v 47.1849 57.943596 -23.728954
v -41.502888 -26.583477 8.707397
v 2.3596191 79.04535 -26.675018
v -19.649113 79.7211 11.913475
v 15.61087 57.057983 -10.099548
v 61.219513 75.15076 -32.62549
v 62.456062 74.15701 -31.957504
v -15.802734 79.186035 24.801758
v -58.15399 74.9541 -32.642334
v 21.314056 6.1164856 25.42846
v 35.781555 -53.58789 1.0179443
v -35.925087 10.18218 9.022751
v 48.03009 57.275543 -1.3864136
v 1.3895416 47.582523 -12.369675
v -26.841778 -21.232077 1.0126235
v 60.827057 75.89789 -33.009277
v 26.751305 67.83789 8.434494
v -54.709778 75.25781 -31.865295
v -53.28784 76.213585 -32.41484
v 49.959236 76.469696 -15.851852
v 16.220749 -8.558212 18.645935
v 57.624817 75.74368 -18.650238
v 15.289824 -8.680791 17.500013
v -53.817245 59.483444 -10.114365
v -17.341934 2.6875572 0.9187927
v 27.231422 -27.50061 5.1428223
v 53.51373 79.42175 -32.968815
v 16.483007 -17.022726 15.974447
v 60.105984 79.93348 -32.44684
v -0.066085815 20.758484 31.094559
v 14.113591 -32.66368 24.416145
v 11.463939 -3.9251738 16.90683
v 21.910583 74.53674 19.823486
v 8.032326 53.798645 -11.756316
v -4.4645386 89.200134 -7.055786
v -20.81997 6.746414 -0.23230362
v 52.212067 80.80527 -32.981537
v 52.45005 58.061966 -25.543175
v 26.814896 13.305542 5.3063965
v -17.55843 75.41834 -6.020595
v -40.43396 -5.239607 -0.48992157
v 13.137924 56.7814 -10.62569
v 56.658497 81.22484 -32.91024
v -34.274483 6.822342 0.681427
v 9.734512 56.428406 36.906754
v 49.65393 76.59778 -24.87793
v 46.86789 69.52066 -20.461182
v -24.399467 -45.38754 15.645981
v -10.636688 81.14966 -11.37204
v 38.31308 58.31653 -10.761475
v -6.736969 37.210693 -12.11084
v -62.27237 62.993286 -26.705078
v -12.681878 66.4519 -15.748268
v -49.621704 -52.187675 1.3916016
v -37.726818 66.010956 -7.076421
v 14.041046 79.65036 -20.786964
v 51.032932 74.71481 -10.9505005
v 54.610718 86.47815 -32.45337
v -27.001778 -33.61322 22.142187
v 60.53195 68.38995 -21.079834
v -22.353958 22.463684 18.080322
v -1.6837177 5.101715 22.919312
v 50.259743 87.77868 -32.471405
v 30.935213 -10.264385 -0.22824478
v 45.421722 73.61211 -19.095932
v -10.656083 1.2558005 18.229212
v 60.051186 59.085274 -15.3207855
v 51.15454 88.36218 -31.894287
v 50.395172 88.50707 -32.85736
v 48.616444 89.32156 -32.62274
v -44.806274 48.019318 -9.012108
v -29.687065 61.83451 18.627167
v 18.839867 29.680687 14.886383
v -9.968023 79.20335 -25.924698
v 26.833496 -51.05786 -5.136963
v -22.248734 -29.548565 16.665466
v -23.680197 -11.995573 8.710266
v -39.486908 -17.528616 0.8660736
v -51.424095 -51.04335 -5.212467
v -52.52662 51.06215 -23.617004
v -23.249588 40.225685 -1.3258381
v -1.4331207 89.55071 5.1980705
v -3.5525322 52.920242 -32.1624
v -17.773254 81.53815 7.517456
v -28.587963 54.65917 17.900757
v -11.708275 78.532425 -22.714638
v -4.017562 53.59994 -31.793226
v 12.1197815 -27.929771 16.950592
v 14.873703 -11.090152 13.775689
v 3.6525078 53.65985 -31.678864
v 13.557129 0.4081726 22.505661
v 4.2611623 54.081795 -32.321075
v 20.613419 77.42749 16.013
v 60.756058 69.87007 -18.802673
v -8.862701 87.87244 -7.1329346
v 10.764371 61.82273 -11.987368
v 55.22711 73.812744 -11.29248
v -13.447632 78.27615 -10.104065
v -49.517944 54.913025 -31.714478
v -39.41873 2.8158722 4.9190674
v -17.860596 96.71948 -26.089355
v -23.227203 -51.860096 18.272217
v -12.144202 -1.4759028 17.521107
v 3.9827156 55.768997 -31.546455
v -4.4296465 56.31521 -32.460747
v 33.041622 55.35762 -8.220062
v 0.56921387 81.99072 30.790527
v -16.507782 64.62921 -14.332642
v -25.290865 42.26992 6.0047073
v -6.4374084 56.604095 -32.191925
v -44.225018 61.451538 -0.2815857
v 19.775915 39.46685 1.3462143
v 14.400566 -3.6272202 1.1833878
v -31.502104 -30.59451 2.951006
v -57.28451 56.335804 -31.714539
v -36.481316 -18.000147 -0.9316938
v 57.299637 82.931885 -25.65918
v -58.214714 57.372597 -32.272675
v -6.147949 84.809814 -11.295654
v 12.078666 76.55175 -20.842644
v -44.551537 71.29156 -27.023254
v 5.454376 57.31534 -32.256516
v -26.849113 -19.885658 1.1543274
v -37.10437 48.10498 -10.705322
v -38.908142 61.356323 6.0844727
v 2.7053452 27.44245 -6.699497
v -16.575546 88.66197 -20.974846
v -58.953583 58.549416 -31.811005
v 16.24585 -51.847656 15.597656
v -36.877357 -21.103806 0.23117065
v 6.9400153 58.186615 -32.308693
v 9.62907 63.018288 -24.174585
v 10.1319275 86.307526 12.213501
v -20.613739 77.68628 21.407959
v 5.372696 53.151722 -13.162239
v -40.057575 -36.36135 14.65213
v 29.674072 -4.344326 -1.1450348
v -8.212402 23.22578 31.341766
v -59.33053 59.846638 -32.347717
v -15.489883 38.33963 -11.11615
v 22.583008 73.44507 7.82312
v -6.884796 43.371353 -14.740768
v -40.836075 64.75723 -12.844745
v -41.390633 -28.137644 16.813334
v 25.890991 66.774536 1.5974121
v -49.288177 69.53223 -13.104248
v 19.699142 51.14508 30.197784
v -59.84221 60.738403 -32.071106
v 33.014084 -47.95758 9.850281
v -12.049637 87.666695 10.467316
v -13.364025 83.14508 -4.0553513
v -11.744652 63.839363 -27.17134
v -54.98999 -52.139893 4.5268555
v -41.376465 62.464355 2.7385254
v 13.03064 -3.2395782 2.8262024
v -26.565659 0.89559174 -1.9867404
v -18.603203 -0.83259964 0.8926544
v 59.95276 57.70221 -8.460815
v 19.586987 -25.715458 5.809347
v 40.170593 -51.59961 7.661865
v 48.252655 49.65281 -15.450531
v -33.736835 -18.897354 21.459259
v -42.436424 -50.806984 -0.21717215
v -10.846893 88.83545 -18.84961
v -47.441956 55.49579 -26.67804
v 3.7276611 43.49707 34.233215
v 46.458084 54.355713 -22.082947
v 8.970886 54.769012 -11.715614
v -12.066017 56.338074 37.109627
v 59.05359 65.148254 -25.271301
v 16.739372 31.684547 8.614048
v -40.21702 -28.749542 6.58506
v 23.785858 53.18937 21.147974
v -2.2604976 5.943138 9.776665
v 7.1625366 64.49072 -30.951416
v -47.509155 64.64368 -31.623413
v -6.109009 65.29956 -32.03784
v 22.218655 73.842545 17.23795
v 10.437176 78.98489 -12.861359
v -38.29095 5.473053 9.440929
v -5.2141733 9.953902 -0.69024134
v -37.065784 -14.698334 -0.6411896
v -40.556004 -0.90457773 7.501251
v -28.88869 64.99208 8.065788
v -47.916 66.70549 -32.61731
v -6.3893127 65.98151 -31.675247
v 21.335958 -38.61753 13.07312
v -38.12698 -28.966204 3.911793
v 16.405792 -52.65988 31.630188
v -31.057312 65.93346 1.6038208
v -21.542236 52.617493 30.31549
v -31.770447 -1.6446838 20.865662
v 59.87491 75.9491 -22.555176
v -33.51094 65.52637 3.2236328
v -24.263607 73.8918 7.062134
v -8.314819 84.90848 -15.085754
v 15.330261 78.64697 25.420898
v 5.662323 84.65518 23.908813
v -24.213623 74.81445 8.708008
v 55.99639 54.125366 -15.410973
v 5.3796844 66.34076 -31.683365
v -18.902431 -9.015218 14.091433
v -25.185535 -28.17535 20.855003
v 33.375687 4.7885075 8.868698
v -7.801178 68.41398 -31.942215
v 9.475342 60.179596 -12.78389
v 56.38684 67.96186 -32.17334
v 49.80876 74.76294 -11.738647
v 43.10524 46.63174 1.3131332
v -25.58313 42.898407 20.236816
v -33.63446 6.0574036 0.1898346
v 40.962086 64.248856 -13.705759
v -38.153038 60.063206 -20.538193
v -22.67797 -34.416565 11.8914795
v -17.763138 34.13945 1.6580353
v 53.197758 70.68469 -7.413574
v -38.46746 47.321327 -8.215332
v 3.3206005 89.44254 3.677353
v 34.23172 -47.25625 10.809299
v 8.649551 81.51857 -12.62204
v 20.504128 -46.253098 5.137933
v 46.20348 62.388954 -1.435851
v 63.093964 70.26258 -31.567352
v -5.1692295 -1.1863708 47.909164
v -5.493019 85.38394 -20.953918
v -47.70769 70.10768 -32.3636
v 28.641296 -32.185516 9.243774
v 26.737535 67.20958 3.1949158
v 20.782227 53.376953 29.730957
v 22.372742 -40.37628 29.070679
v 14.558554 -44.6037 24.208536
v 23.224373 10.391403 23.467941
v 6.5672607 37.558548 31.09552
v -48.981735 70.72418 -32.497253
v -47.30394 70.52629 -32.100136
v 50.300446 52.17737 -5.914459
v -7.6058044 70.46348 -32.028107
v 18.569458 14.520508 23.049805
v -0.31747437 71.35254 -31.372559
v 1.1957502 39.575348 -11.233215
v 62.178223 65.63193 -11.878052
v 15.171686 63.89322 -9.761925
v 39.09381 -49.996155 6.7599487
v 14.638855 -24.651989 8.453674
v -2.1952038 -5.1015134 38.141834
v -47.81579 67.94653 -10.963745
v -9.353119 88.80322 -19.220581
v 30.328045 -21.242424 4.295728
v 8.155701 70.831055 -32.22046
v 22.346743 72.37591 0.74050903
v -26.812439 -19.121994 1.5572052
v 30.613342 -2.816864 -1.0551147
v -15.874603 82.730316 20.576782
v 6.160301 57.18127 -14.094517
v 4.7579346 71.11316 -32.4292
v 19.634323 -48.241074 6.343666
v 5.998596 71.401306 -32.6391
v -15.370213 68.888855 -18.656357
v -35.932373 60.021545 9.216492
v 4.921521 57.751953 -17.30925
v -49.463417 71.62874 -32.08377
v 30.623505 0.44352722 0.87768555
v -48.559757 53.789562 -4.999836
v 7.418686 72.27142 -31.271362
v -51.886646 -53.753067 -4.88974
v -49.922882 71.96049 -32.08023
v -8.42161 11.636265 0.49871063
v 11.98191 -6.670999 13.260981
v -22.736942 -38.171116 15.7246685
v -19.25531 58.954277 34.135345
v -13.124054 54.238647 37.25145
v -46.317734 56.368214 -0.375083
v 26.75639 46.855194 11.59259
v -21.531832 76.11113 7.311612
v -54.690567 51.8438 -23.555283
v -13.669434 83.37439 20.408936
v 33.04535 -46.41863 14.899979
v -43.541706 71.01691 -23.078653
v -6.458228 58.39409 -19.74794
v 14.160553 58.544044 -11.691074
v -21.570713 4.26441 -1.4132023
v 6.527298 82.95877 -8.457947
v 33.11989 -23.789429 18.999817
v -51.53293 73.33473 -31.795467
v -37.63122 61.891304 -15.071175
v -29.80354 -32.596344 3.9649124
v 15.048065 14.259354 25.60151
v -0.008720398 -4.815639 38.178967
v -20.729065 78.76099 11.0859375
v -52.255997 75.53567 -32.55255
v -43.509262 51.24475 -21.10234
v 14.920306 -41.45215 24.050877
v 0.019320011 48.695053 36.00638
v 61.533066 75.16954 -31.80011
v -34.75844 -15.7824955 -0.23382223
v -39.800247 56.28282 -22.192749
v 15.567444 23.19696 22.639496
v -61.040447 68.67981 -26.235779
v 19.640001 1.7070746 -1.8375006
v 22.36354 14.017189 3.1207123
v -7.9453106 52.976486 -11.485953
v 53.25194 51.76084 -10.057087
v -14.755981 59.705093 36.759094
v 0.7449951 39.757812 33.691406
v -33.325268 45.97369 -4.1977234
v -43.795605 -46.103607 2.8242798
v 12.983276 52.00461 34.908966
v 2.7198162 88.66632 -3.4515991
v 29.698448 4.0631104 1.560669
v 41.114944 59.79248 5.324463
v 46.246788 74.91528 -18.990082
v 22.734375 -50.334595 28.76355
v 52.171814 79.885254 -32.212524
v 15.796795 79.50003 -3.2254028
v 23.100555 -53.544903 4.880066
v 32.61789 -49.49017 7.8358774
v -24.371437 -14.757776 8.751404
v 59.37384 80.61482 -32.12256
v -9.027419 22.596235 -1.9818873
v 32.744186 -28.782158 16.795563
v -14.751526 69.89215 -21.234375
v 56.77173 81.79297 -32.48169
v 2.3349304 83.930374 -18.322998
v 51.478256 81.52359 -32.378616
v -3.9843445 25.11303 31.642181
v 12.645468 37.612244 -10.603638
v 56.78515 73.27986 -12.191528
v 38.135498 -53.430008 10.6171875
v 58.3743 60.207794 -23.370972
v -42.53382 47.924213 -7.839081
v 9.650955 57.641212 36.637234
v -30.901176 -53.57609 9.9088745
v 22.431091 55.69333 27.937256
v -8.988926 32.872437 -6.155014
v 18.502579 68.48189 -9.788879
v -31.776306 -52.255226 4.1951294
v 51.84448 84.96211 -31.111336
v 51.397655 84.46379 -31.584263
v -27.07705 68.49344 -0.7288208
v 47.545055 59.165092 -21.321205
v -40.627647 65.34679 -11.663605
v 26.29578 -52.477303 2.1118317
v -5.1641836 7.5491033 0.23898411
v 50.95256 86.867645 -31.680939
v 8.736511 85.9436 21.22998
v -32.311707 11.164246 21.452759
v -35.76718 5.632614 1.4881592
v 7.6937866 70.37897 36.024635
v -17.221924 94.99011 -23.434937
v -10.657288 34.268677 -9.485535
v 45.571445 74.51083 -14.532375
v 32.348473 -28.217072 22.034515
v -27.179733 71.75815 15.38237
v 49.729702 90.33542 -32.363102
v 16.711456 86.43729 -18.957748
v 49.349743 90.376656 -32.062836
v 24.195534 -20.876495 25.63385
v -0.8029995 51.224655 -31.861557
v 51.73892 64.643585 -27.521347
v -30.42379 -13.387623 16.433527
v -13.024261 27.742813 -0.38391113
v 4.916321 46.44397 -14.241241
v -12.271312 78.94211 -10.678864
v -19.381084 33.63328 3.924574
v -28.69397 14.0477295 22.080078
v 1.256424 51.83542 -31.955566
v -3.2633514 52.503105 -31.70259
v 56.394356 83.52161 -26.560059
v 12.006729 77.04848 -21.664276
v 12.217541 -26.491209 17.919426
v 48.854126 68.793015 -22.832458
v 14.099487 80.97058 24.605835
v -53.29344 51.357513 -17.208954
v -40.856415 -1.2237396 5.996765
v 3.0858593 3.696434 30.034363
v 4.153536 53.90364 -31.04329
v -53.448105 54.042526 -31.163208
v -36.416138 -43.76538 6.308655
v -51.92814 54.7146 -31.92279
v -6.455574 3.6280563 14.5103035
v 24.120829 -16.657082 21.974447
v 53.35029 86.10106 -25.252258
v 18.456924 74.85315 0.73239136
v 15.63562 68.669495 -14.58667
v 14.364258 92.822876 -27.46582
v -58.12386 72.65653 -26.970978
v -14.499943 72.83383 -17.097721
v -23.178345 58.102463 30.242432
v -41.711212 51.25055 -15.143707
v 52.36383 86.30011 -24.628174
v 4.767441 56.960342 -21.792984
v 2.744812 51.42566 -13.266022
v 14.248901 72.56491 -14.479919
v -55.983982 55.65854 -31.598186
v -9.807956 81.65946 -12.452354
v -47.07782 -48.845654 4.0948296
v -4.612625 55.2872 -31.377014
v -30.09146 -30.283863 3.231325
v -52.844498 -52.603477 5.552475
v -49.239395 55.833145 -31.882843
v 18.407558 -16.805746 19.086847
v -22.861862 -27.61258 17.923111
v -3.341469 80.378235 -25.593699
v -39.114315 -46.2244 2.394691
v -49.664246 70.38251 -14.304565
v 15.516724 52.637527 33.434204
v 50.31483 62.941948 -26.07977
v 31.343552 -32.51832 13.141434
v 43.809177 64.92161 -16.975887
v 4.31983 56.844345 -31.941544
v 3.5229416 10.0030365 1.2909698
v 51.509747 59.948723 -27.025356
v 8.763199 86.97355 6.7785645
v 6.377533 57.444687 -31.45105
v -11.8726425 63.425617 -25.32463
v 28.486267 -22.38507 3.1032715
v -43.674553 -52.69697 -9.09399
v 3.5131226 75.59326 35.378418
v 0.35516357 52.288696 -27.480713
v 60.526 66.252075 -23.006836
v 30.251923 -10.551155 14.349976
v 17.104004 62.720215 33.15869
v 52.988026 76.18964 -14.959625
v 30.186493 46.016724 -4.005493
v -49.46527 59.471436 -31.738403
v -7.3141003 59.471157 -31.907589
v -48.915337 58.545498 -3.2422485
v -34.310104 9.322182 3.7133026
v -55.310646 52.406326 -17.561775
v -34.188904 4.8295135 0.09164429
v -0.18518066 78.95337 33.733643
v 10.398804 74.2601 33.521484
v 34.09552 -48.305298 1.9371948
v 18.722504 69.6186 -3.3587646
v 16.230469 80.93618 8.014648
v 23.815735 -44.026398 9.893616
v -29.588799 46.10574 1.458313
v -23.963814 75.61127 14.145157
v 16.438412 81.27659 -19.684189
v 11.640686 35.996506 28.34845
v -23.855743 -40.55664 18.10109
v -31.745398 -51.23574 5.422103
v 21.461872 -33.895782 10.321411
v -13.031017 79.651474 -7.299637
v 15.814209 57.841095 34.63611
v 27.244781 12.262573 18.59259
v 34.197403 -46.030834 12.712864
v 8.417801 14.7359085 26.949104
v -32.624023 -32.751648 22.963627
v 4.7324677 35.59189 -8.87558
v -12.138672 34.94568 31.445862
v -15.752172 2.952295 1.321341
v 27.579727 5.8358154 0.44152832
v 30.04696 -17.728596 -0.656006
v -6.556885 64.698105 -31.945679
v 27.504837 44.91095 5.473633
v 10.573863 -1.2962661 18.63593
v -48.533905 -47.73404 6.5115967
v -39.851288 66.06402 -18.49208
v 26.286015 47.76435 13.723267
v -5.497822 -2.69981 37.13484
v -31.640259 -49.02716 5.9279785
v 31.154451 -45.631294 9.328682
v 29.412659 47.51332 -5.61203
v -54.968605 -51.372284 2.190506
v 13.42511 -27.332718 21.675201
v -48.778587 71.03647 -16.257263
v -30.102219 15.972626 18.036194
v 6.621479 67.76169 -32.005997
v 34.185776 -15.774231 4.187042
v -22.48587 -2.9598389 23.013977
v 6.352478 23.995789 31.159637
v 8.8420105 61.427063 -14.611542
v -37.98373 -52.69313 11.590294
v -56.911777 53.254227 -20.995005
v 41.69274 60.49884 -14.806549
v 12.185844 66.16962 -19.813477
v 5.3742485 58.048622 -23.814323
v -46.058964 70.66202 -15.988037
v 40.34093 64.39734 -6.480316
v 48.60887 82.14963 -26.12622
v 10.984541 67.86044 -14.127373
v 53.635296 53.678303 -20.224453
v -22.914154 71.81789 -3.1113129
v 24.907852 -9.130886 -2.0349312
v -5.0141373 20.863518 -5.386402
v -34.17343 -32.653416 23.022514
v 35.93686 -52.763134 13.30368
v -47.197754 68.23358 -30.772583
v 31.759735 -46.65249 4.8046417
v 6.125414 25.824766 -4.685423
v 29.5271 -25.394575 25.205505
v -24.1969 -41.51279 16.79648
v 8.702002 -1.1262609 14.916233
v -15.773865 82.18474 6.2805176
v 4.377192 35.61091 32.037865
v -47.82042 69.497086 -32.061615
v -47.073036 69.692024 -31.836594
v -2.674407 86.135544 -13.029232
v 3.390747 12.887283 28.704834
v 8.49408 86.88693 18.546875
v 41.27899 55.040283 -18.54657
v -59.930298 69.80119 -31.31958
v -43.398163 -47.812622 1.1887207
v -45.699566 69.69421 -31.768597
v -11.321281 10.21582 26.070312
v -38.488495 2.6208344 3.239685
v -24.228374 -11.670641 14.467243
v 6.7521973 42.08716 34.38275
v -37.276733 66.09465 -8.022934
v 8.611885 70.81656 -31.408813
v -25.80827 69.725746 -1.521778
v 26.960495 -3.7953148 -2.7374792
v -47.32715 71.168945 -31.17871
v -8.390289 70.82836 -30.255188
v -23.333237 2.377449 -1.8796043
v 14.563133 82.18353 7.296913
v -37.55457 -9.307381 -3.1998959
v 3.317688 70.38843 -31.823242
v -29.577177 -15.681613 18.898434
v -32.29299 -11.357178 16.543827
v 14.636774 7.383977 24.587927
v 2.7968369 89.39108 4.623749
v -26.72241 -8.675388 0.2543106
v -38.253506 51.426838 7.69247
v 33.200317 4.967985 7.055084
v -36.012245 -50.0716 -1.4333038
v -6.483651 -10.464365 56.198013
v 12.101318 81.35547 26.151367
v 8.358154 71.83362 -31.121338
v 63.33075 71.486496 -31.521555
v 56.62195 67.94385 -3.8084717
v 33.743492 -51.415684 7.1377945
v 49.36902 58.746033 -26.1109
v -27.195452 -35.41102 6.3887386
v -2.933731 72.07373 -31.397095
v 51.065437 53.046204 -5.0418625
v 40.265205 69.039276 -14.086509
v -34.774635 -47.918514 0.042751
v -7.8100586 43.844543 36.45291
v -59.118744 72.905945 -31.039917
v -11.9062195 64.68872 -21.731201
v -36.411087 -4.252243 -1.2980957
v -48.804848 73.329865 -21.818298
v -4.550779 -0.909344 33.988747
v 6.400818 72.41699 -31.130371
v 63.026268 72.69749 -30.996964
v -10.3012085 64.73399 -21.551575
v 12.80957 82.51259 22.828278
v 62.857872 62.750725 -11.543579
v -5.4609375 -9.713074 57.579376
v 8.672834 29.500643 -4.977309
v -22.821753 9.268417 -0.2251625
v -26.962234 -53.825684 22.148373
v 22.14018 -25.34962 4.5600214
v -50.86014 73.01268 -31.897781
v 34.16256 -12.821492 2.2965698
v -26.382538 -44.54402 21.96814
v 12.170654 92.53546 -22.779358
v 53.531128 72.92708 -30.304932
v 61.96568 74.25574 -26.33551
v 21.443922 -1.0470428 23.55294
v -40.525146 -53.775764 2.352295
v 12.175772 -29.418457 14.922153
v -58.47798 73.9588 -32.059265
v -12.773075 84.8553 2.4680786
v -39.05079 52.493874 7.9125366
v 28.158966 -12.753555 -0.9243469
v -18.623531 -7.42054 16.217686
v -28.406006 7.98822 24.737854
v 32.788807 -20.36267 18.538406
v -3.1354828 86.34452 -9.378357
v 17.757095 -50.129086 12.27623
v -56.16211 74.83856 -31.04126
v 60.412918 62.606583 -22.736938
v -16.260822 83.10419 -21.347889
v -16.376633 -0.4163704 22.538177
v -40.878246 -29.146841 8.368702
v 40.713867 50.52771 -11.915527
v -53.74849 74.12263 -30.93692
v 36.634903 -49.376568 11.987961
v -35.971558 61.368896 7.819092
v 24.028427 9.7877655 1.0378723
v 45.25775 72.27974 -10.612946
v 19.691956 -49.65921 4.734421
v 30.542755 59.522186 -6.7000885
v -10.489227 81.28198 -9.525635
v -3.7697878 -5.4483075 43.99975
v -6.4592896 26.287537 -6.1137695
v -32.58174 -47.09918 5.0714417
v 53.04942 51.160744 -10.94014
v 2.0659752 -3.2499027 37.239132
v 24.551018 -13.144983 -0.31849897
v 60.380486 79.25516 -31.760805
v -26.016998 18.053345 9.688599
v 36.502655 -48.275127 10.075424
v -53.21057 67.40579 -11.657166
v 18.771202 69.819176 -4.9058914
v 22.723602 -0.41212463 23.288673
v -14.66098 80.652145 -21.28621
v -6.963765 11.109987 27.679996
v 58.2276 81.20291 -31.708885
v -3.299883 54.049942 -15.177635
v 18.661743 19.798462 4.5775146
v -26.799316 46.15927 16.28714
v 57.973335 81.80585 -31.5784
v -0.11905694 49.43504 38.41443
v 56.872894 83.05139 -31.838745
v 51.12068 50.044415 -13.986982
v 13.734547 -21.521456 13.439865
v 51.35079 85.32347 -32.185387
v -36.45332 -9.419619 -3.0775928
v 18.06189 47.086563 -11.080963
v 6.6251526 34.393013 33.592102
v -54.346184 51.884995 -20.846024
v -20.5896 63.082367 32.19348
v -30.394049 -2.175099 -2.6883898
v 18.940964 74.079346 0.024932861
v 51.68729 50.460842 -12.812305
v 49.727783 86.79346 -31.117188
v 16.033508 37.944847 24.308502
v 40.077515 59.74231 6.7768555
v -27.315554 44.397224 8.755051
v -24.536774 -52.93878 16.97226
v -49.07202 -47.772507 11.7677
v -1.4019775 53.261536 -25.1792
v 7.159546 83.75278 -7.442108
v 48.722847 89.963905 -32.482502
v -35.4208 -2.7888489 -2.255001
v 3.1087952 77.618866 -26.350098
v 51.024536 89.601776 -31.660034
v -40.1994 -14.83218 13.879211
v -34.712524 -27.94865 2.99712
v -40.42987 -3.3769226 10.123169
v 4.00527 55.79323 -21.820152
v 35.850647 54.766754 11.781616
v 0.72862434 51.163776 -31.232258
v -38.68631 -45.04077 4.4008484
v 17.781708 -53.296917 14.871216
v -12.2907715 81.795166 26.603027
v 29.709381 -9.767395 15.28064
v 25.387299 -44.174263 9.648682
v 2.2583008 52.15023 -31.360542
v -3.0968914 86.382286 -14.44278
v -41.995506 -23.265131 14.37355
v -17.471558 73.16923 28.34491
v 13.44397 -2.1223683 1.264061
v -4.1383476 53.06201 -31.247032
v -43.7278 -53.443275 3.102107
v -30.101624 -25.33278 22.817776
v 46.809692 63.723633 -1.9661865
v 21.229282 75.39128 17.237968
v 16.503845 -47.486923 15.303528
v 59.948257 78.12111 -24.946533
v 4.320627 54.25688 -30.629105
v -38.184692 55.731903 -16.222473
v -11.637238 87.56807 6.8881836
v 24.340088 43.89966 3.0997314
v 22.587341 -53.497246 6.1904907
v -54.606293 54.301445 -30.652008
v 15.778423 68.044304 -14.502712
v 30.81908 -29.917027 24.191502
v -24.987122 -23.6875 2.1447906
v 35.464455 -47.378143 11.625153
v -24.527145 -15.878332 9.282181
v 13.090576 15.340088 25.849121
v -48.378986 -46.357964 11.1054
v -38.58009 64.639854 -18.750507
v -25.930054 66.77905 -6.1430664
v -5.6719666 55.277466 -31.198517
v -22.38599 -33.699562 16.807785
v 18.696335 34.903694 2.8081055
v 24.053123 51.224937 22.602348
v 1.9996243 4.5765014 17.697773
v 12.167931 83.13488 3.3842163
v -6.3249345 57.83252 -31.008747
v -16.490479 44.42917 32.535522
v -58.675262 57.501755 -30.85608
v 15.615089 -21.075684 21.402878
v -51.481018 66.642456 -10.7821045
v 5.3815002 56.50441 -30.427551
v -6.8069305 84.69647 25.995972
v 18.375824 32.58993 12.483093
v 6.750969 58.128002 -31.309502
v 9.434498 86.82167 8.326401
v -62.257423 65.02902 -27.178345
v 48.597088 81.65015 -24.824677
v -22.309875 68.72714 -9.189575
v -10.114383 88.67092 12.469284
v -39.54504 2.0467463 8.380672
v 5.996826 82.85158 -11.422653
v -60.87818 57.93509 -24.430046
v -43.881584 -45.029778 13.259987
v 32.73838 46.052277 -4.9484863
v 29.694485 -16.398956 -1.3920021
v -17.109009 16.669281 25.810928
v 24.824646 -52.70691 1.1237793
v 7.2369385 77.412346 33.040955
v 8.069214 61.339123 -26.651913
v -29.536743 53.756027 12.92244
v 34.903843 45.01947 4.533676
v 33.904686 -46.10435 12.07634
v -13.421421 20.541748 -1.0209761
v -24.64116 73.54567 9.636597
v -17.34253 37.16815 24.868042
v -59.98339 56.26712 -26.767176
v -39.29242 0.13453484 1.7981567
v 17.295483 5.8021545 25.024685
v -37.77011 1.7102509 0.42190552
v 25.04837 -31.011078 28.433731
v -48.169983 60.351593 -31.07448
v -7.5628433 60.00229 -31.198196
v -12.752175 -3.1595016 13.371254
v 33.213936 -26.465448 17.95892
v 53.825226 73.74542 -10.838684
v 8.882996 61.960102 -30.619946
v 16.890787 83.378975 -20.453033
v -0.0058948994 89.675934 -5.764904
v 18.03318 28.752426 16.002502
v -4.9820385 8.324841 -0.52044296
v -8.1305065 61.26758 -30.514526
v -8.331876 23.34614 -2.8266015
v -48.585068 58.708374 -1.5094299
v 57.84877 65.32397 -27.640228
v -4.338394 36.60006 -8.733391
v 7.9274063 37.87205 30.483168
v 18.70166 65.075134 -12.005798
v -5.819763 82.54468 29.691406
v -5.8155937 3.7604065 30.54821
v -0.66700745 90.11126 4.0072327
v -12.950195 29.600311 -1.993042
v 7.881546 86.57178 -24.260742
v 3.6506333 56.239925 -24.170872
v -55.31682 -50.8246 3.6914062
v 18.823334 -45.724182 11.889526
v 4.3329163 10.695129 27.472778
v -7.1625977 63.982147 -31.397705
v 12.881348 59.508728 36.538696
v 14.183704 -46.36634 27.7713
v -23.540043 -25.458073 18.84312
v 43.88118 48.66487 4.1147842
v -23.971073 4.178276 -1.4665632
v 5.6609497 65.395645 -31.585205
v -9.876099 72.56653 -27.089722
v 21.762047 42.41787 1.5981827
v -2.6838531 89.53662 -2.307129
v 50.274384 65.44647 -25.199951
v -44.743774 -46.637146 1.4499512
v 10.131348 74.89575 -24.211365
v -25.921555 61.422607 26.0475
v 18.177948 70.97687 -2.6142883
v 57.739365 62.06959 -4.203471
v 32.253242 -8.3479 12.920898
v -15.442993 53.34259 -13.730347
v 20.092224 76.8474 17.234291
v 7.6236973 67.293564 -31.218935
v -29.859451 63.363026 12.893318
v -11.0043335 88.04236 7.6411743
v 33.925323 3.5951614 8.612549
v -43.820976 50.021606 -2.46167
v 2.429367 -0.06628418 39.200684
v 25.368439 47.019073 -3.5671387
v -27.847794 -16.88601 1.8216858
v -34.177277 -19.22762 -0.7437935
v 26.855774 -32.279182 27.503723
v -52.21624 -53.389877 -5.6452026
v -5.999745 -2.9859788 42.988304
v 10.8702545 30.508095 -2.1660156
v 13.979729 -28.31765 22.829636
v -24.70098 40.83416 4.5688057
v 26.940664 -32.960278 8.274646
v -45.707535 -45.862198 12.329308
v 3.7043304 41.006195 33.73625
v 7.8019333 69.3359 -31.637169
v -19.770203 62.05298 -13.593018
v 61.299217 67.92324 -31.248398
v 11.028651 80.97354 -27.504168
v 2.026465 -3.24364 38.78981
v -25.622772 59.864937 27.305847
v -37.067688 0.34693146 17.396729
v -12.268612 66.409805 -15.03241
v 21.241074 -21.642212 3.9781609
v -31.92118 -10.157976 16.222076
v 34.779114 -49.177795 -0.2043457
v -8.250743 69.50953 -31.074087
v -10.557861 91.311035 -21.025146
v 28.417236 -26.339966 5.130432
v -5.8413086 59.379578 38.43048
v -6.402214 16.100159 -3.5143337
v -3.5471115 89.93152 -5.7639008
v -44.135376 52.222656 -24.249084
v -23.504902 39.026592 8.108871
v 31.124435 -10.041107 12.541138
v 10.083862 65.78629 -19.10875
v -59.623413 71.029236 -31.71167
v -45.666046 70.569336 -31.497559
v 6.272087 3.0527267 8.984924
v -44.347755 70.127495 -30.6025
v 15.440207 79.0466 -2.3306274
v 5.379505 58.37948 -20.454168
v -27.097168 -44.072617 11.941895
v -20.935455 -0.09713745 -0.73513794
v -36.30078 65.44243 -9.810791
v 59.509277 67.832275 -6.301758
v 20.397211 74.997696 6.3411407
v 26.037857 -52.772964 3.7862854
v 7.9470215 88.353195 7.6987305
v -36.865425 -26.9216 2.6455536
v -36.114586 -47.277466 -0.95632935
v -46.848816 53.1391 -27.75232
v 9.447838 83.660965 24.460144
v 13.885529 82.081604 5.734741
v 19.395203 -1.7057495 23.145248
v 6.2310143 43.533978 35.68399
v -1.4749451 53.13289 -14.485535
v -24.26695 -13.727498 8.863495
v 16.44345 0.8012066 -0.64395905
v 45.003525 51.587334 4.5401917
v 17.287907 69.70032 30.226166
v -59.157055 55.680424 -26.11064
v -9.299393 77.32257 32.2464
v 14.369423 -23.172234 21.101486
v -34.76622 46.850616 5.223816
v 3.5141487 89.259315 -5.3442917
v -7.9630127 72.10797 -32.448242
v 22.398804 55.526608 -7.3357677
v -8.218674 89.034195 5.771057
v -16.475449 41.397224 32.011032
v 17.48758 1.0612946 -1.2139282
v 12.996239 57.253723 -10.884163
v 6.6746216 72.4375 35.35486
v -32.959953 14.527441 12.727196
v -41.547905 -19.645535 2.7856522
v 20.263855 -30.65979 8.232826
v 42.39128 59.523132 5.043091
v -25.881302 45.690918 -1.9731445
v 29.081337 -38.85568 16.282715
v 8.644562 62.782047 -24.671082
v -15.503812 80.725975 1.7383003
v 12.932453 67.8764 -18.288574
v -51.622623 73.28369 -31.240944
v -30.509155 48.430664 -8.6241455
v -58.42273 73.377075 -30.681519
v 30.10879 -45.00676 12.112984
v -57.33496 73.78223 -30.763428
v -52.412483 73.76098 -31.206055
v -0.4957943 47.46319 -11.561174
v 22.221924 -53.56887 28.159424
v 29.94336 -47.525276 20.321686
v 49.363953 85.33789 -25.891052
v 24.352692 -53.522808 24.095337
v -52.75938 74.27498 -31.481985
v 18.038208 36.708282 20.221481
v -22.847286 -49.779926 21.224861
v 54.748596 61.65863 -26.758484
v 20.415306 -43.363647 11.862976
v -40.043064 -48.512177 -2.1052113
v -14.035522 68.07435 -22.044815
v 12.408456 -24.295708 14.926818
v -34.8956 -29.425196 22.83748
v -4.164398 -7.922333 52.7782
v -0.5705261 9.886429 -1.4640961
v 62.06354 76.81566 -31.245773
v -42.001617 53.59192 -22.460052
v -18.981995 67.469696 -13.951111
v -60.65758 57.7233 -15.245831
v -37.69287 -48.141125 20.555176
v 16.065674 70.53099 30.80658
v 51.77069 78.50537 -31.098145
v 4.1122565 15.661987 -1.8681965
v -38.039246 -35.214607 20.730408
v 28.659313 2.7338562 -0.42445374
v 51.241943 79.60544 -31.028748
v -14.116852 31.840885 -1.9378967
v 59.68368 79.947556 -31.236712
v 51.66594 80.50101 -31.798615
v -18.772736 46.57141 -13.381348
v -0.13962841 89.65559 7.892395
v -11.792183 -0.048379123 18.085346
v 2.3248901 87.865295 -8.201508
v 23.501343 4.4536667 -1.9281273
v -39.19278 -1.9262085 13.81073
v 57.33354 56.363205 -17.867126
v 10.559441 81.44595 -22.381454
v -33.243847 -29.286942 3.8975258
v 51.119026 82.74669 -31.483912
v 0.65704346 80.88966 -23.545044
v -40.25731 -9.839733 -2.5815544
v -41.218643 -30.95545 17.15689
v -23.433062 -47.5735 20.884064
v 10.0082245 85.91539 15.995789
v 16.96283 2.5825286 -1.3800812
v 27.506378 -44.587463 8.4530945
v -19.851196 19.985107 23.42334
v 48.45935 72.63312 -9.150574
v 30.854431 -53.797184 9.365631
v -40.60912 -34.309162 14.431091
v -42.39491 65.88152 -9.837875
v -12.647919 14.273865 27.97776
v -27.68989 54.808105 -9.726916
v 10.9007 80.73389 -26.624155
v -7.7221394 9.031929 1.6094589
v -50.289562 74.343506 -25.6689
v 19.876862 78.55303 15.89415
v -42.74691 65.71457 -4.643045
v -48.076416 -52.98047 12.947754
v 39.652466 60.86682 6.068115
v 43.713074 66.72742 -16.55487
v 60.02108 77.27133 -23.462646
v -30.72763 15.7229 9.35791
v -9.537402 87.08508 -5.980652
v -25.771454 20.420473 13.991394
v -22.007534 93.66817 -27.45037
v -41.824795 -20.39539 15.319763
v 20.09645 90.29373 -22.614708
v -30.010391 64.80649 6.56604
v -14.5624695 64.45056 -13.1098175
v -39.90778 -4.711296 1.6594238
v -38.102066 63.45507 -18.087997
v -21.418243 95.69129 -31.302265
v -20.22765 95.47046 -31.435978
v 2.6512604 -1.6160126 38.977173
v -2.951166 49.56359 -11.551497
v -40.941116 54.850437 -22.957779
v -10.207321 48.188248 -15.17437
v 47.774216 71.02582 -8.032043
v -17.75563 -5.9606857 9.866806
v -4.0931854 54.107056 -14.473103
v -36.90918 52.939575 -14.588623
v 9.345947 63.314453 -23.349121
v -1.3165169 51.040367 -31.168243
v 58.050606 59.07923 -22.415092
v 5.1375036 7.378441 24.897453
v 17.037903 77.654144 4.1431885
v -29.904366 51.683838 12.35272
v -2.898014 51.393864 -31.008945
v -26.126526 42.867416 18.557495
v -24.762543 -3.423462 22.69751
v -0.26651764 89.42006 6.1049194
v -9.337142 79.33377 -26.117249
v -41.645096 -14.144478 4.540344
v 1.2623987 90.13499 8.027817
v 17.88039 6.3791256 -0.83289266
v -31.037998 -5.4639864 -2.3481698
v 27.957275 -26.208252 26.613953
v 2.4390583 53.363567 -31.584515
v 23.60582 65.976166 22.55252
v 45.813255 56.20601 -22.888702
v 2.7320213 90.0589 8.178833
v -22.232666 61.70751 -12.872009
v 3.874593 53.38376 -30.853205
v -17.251728 29.995289 5.294702
v 60.146378 58.02925 -13.360764
v -25.805542 -36.909527 8.268061
v -20.414795 23.149414 22.52539
v 1.128039 -4.182811 36.237602
v 19.062622 79.15936 14.214111
v 25.13623 -48.83374 -1.6503906
v -5.985779 26.795803 32.002277
v 50.383545 84.761 -22.822235
v 20.272411 96.71835 -25.050415
v 44.96751 67.26643 -5.154297
v -39.54844 50.388794 -15.147888
v 28.066132 9.6064 3.5689392
v -13.315521 4.748657 3.931427
v -33.03372 -35.367966 23.139795
v 20.648876 -33.677437 9.816044
v 27.751734 -50.880535 -5.873742
v 18.468292 -34.60244 28.750763
v 5.759369 56.329712 -27.470947
v -37.88551 -44.758198 20.175913
v 9.7670765 79.7173 -22.838308
v 6.632324 31.66626 -7.0445557
v 31.216385 53.813324 15.034332
v -29.18417 54.473816 13.689804
v -6.0496306 55.556236 -30.973747
v 58.225098 57.9292 -5.6341553
v -23.014765 -37.043915 16.708462
v 25.29525 16.716385 8.979553
v -48.26438 60.30481 -2.2240906
v -55.500374 52.687572 -24.246487
v 20.85608 46.367493 -7.107788
v 28.97882 -10.271988 16.227112
v 4.1401634 55.761436 -30.562138
v -57.43271 55.704254 -30.493988
v 22.209602 46.69876 -4.3924637
v -21.039337 -3.3523254 22.38272
v 51.338257 69.8728 -6.5994873
v 34.088226 -5.3812404 3.2601624
v -39.499817 -35.87567 10.178711
v 15.719822 -12.918526 9.399597
v 14.946945 6.815156 -0.26579857
v -48.41953 50.117855 -20.641197
v -22.110718 -5.954193 20.210297
v -10.391844 78.19347 -25.043365
v -22.111908 1.0253906 -1.443512
v -49.78889 49.853474 -18.506907
v -49.99066 58.200317 -31.226685
v 49.421204 61.749886 -25.786903
v -59.86702 58.956627 -31.4805
v -49.055725 58.59848 -30.856812
v 10.373257 78.27589 -22.395752
v 13.129328 -52.55038 22.39632
v -33.35941 66.43692 -1.9943008
v 16.797974 91.2749 -24.669922
v -16.35985 72.64014 29.76456
v -24.423218 -52.34549 25.244125
v -42.06888 -53.302376 -5.257324
v 16.87157 -11.379465 16.928062
v 7.1716156 58.597847 -31.441833
v 8.322517 59.329803 -30.991333
v 57.567204 55.78574 -15.644463
v -60.550613 59.799522 -31.071198
v -25.301956 -44.360344 20.125122
v -11.624878 84.007095 23.84851
v 39.79181 -53.874687 7.424558
v -13.347527 75.54295 -17.420593
v 26.871521 -9.293823 18.978577
v -23.176392 -31.957886 18.118286
v 8.120819 10.496033 26.70047
v 22.497696 -44.56067 8.293091
v -24.646639 -40.721188 12.0826025
v 19.187943 73.87447 0.87934
v 58.32837 68.94531 -5.436035
v 34.86245 0.7108309 9.388668
v -28.924992 52.825897 16.359665
v -60.74858 61.205795 -30.551086
v -36.545654 -53.21292 4.451172
v -46.486145 62.296387 -29.73767
v 22.184174 -30.379074 8.036301
v -12.386383 79.793564 -7.729065
v -1.023735 54.210777 -17.569458
v -33.090942 -53.879684 6.6453857
v 10.467773 58.964302 -12.918823
v -60.178253 62.602173 -31.397491
v 51.865463 63.362854 -1.3180351
v -8.703121 62.909687 -30.595375
v 16.416332 -42.620228 28.350306
v 16.085281 -33.02089 26.692863
v 9.683805 3.899654 21.925983
v 37.248573 47.814705 8.20307
v 60.816925 68.02365 -22.076736
v -60.38787 64.118805 -30.805237
v -35.438194 -48.725105 -1.2666435
v 61.903503 65.26195 -19.743744
v 31.794922 8.444359 14.986145
v -22.033096 -8.758514 5.8096924
v 9.717495 48.41223 35.27704
v 11.518735 53.049316 36.312042
v -40.011894 -37.901 16.28621
v 11.413267 83.60452 -2.8210878
v 13.047926 67.8933 -15.085297
v 6.895935 52.607544 37.62091
v -48.898598 -50.463696 4.4872265
v 36.61398 53.10914 -9.704828
v 20.822754 -17.86084 3.638916
v -31.773712 -27.31102 2.6786041
v 26.847065 52.305374 -5.98707
v -39.710976 3.6553917 7.401123
v -32.977036 -46.975502 3.5465088
v 6.4371643 79.99054 -24.599785
v -49.90149 61.447662 -7.963745
v 35.077637 -53.911865 0.40722656
v -60.03231 66.93866 -31.097519
v -20.970001 24.963516 9.403687
v 51.9224 55.22632 -22.771755
v 47.823353 58.696457 -23.026094
v -46.950684 66.26588 -30.922607
v 32.85254 -13.930126 -0.35595703
v -25.172028 -43.444637 19.139954
v -13.3654175 73.04636 -22.202026
v 33.962296 64.35965 5.56427
v -39.57148 47.72711 -7.0964203
v 56.072723 66.91058 -30.556396
v -17.596924 33.46112 25.879639
v 59.716137 66.7854 -30.554886
v -0.6858139 7.622223 -0.6360321
v -7.614395 66.96137 -30.916702
v 8.277714 67.583046 -30.682941
v 26.835327 -51.733337 23.654663
v 56.84429 81.083954 -20.834106
v -40.69403 -8.884766 -2.1130676
v -17.666073 -6.2644653 16.665226
v 31.048092 -45.35608 15.223114
v -29.124481 -28.028664 22.540462
v 33.645996 -5.026848 2.0197449
v 27.068768 -32.308746 7.7281036
v -0.043266296 62.54068 38.877907
v -39.088318 -16.231537 17.443726
v 22.88871 -44.688335 6.4412384
v -46.788788 68.891266 -30.781128
v -33.032715 -53.38362 23.679443
v -12.482994 64.319565 -25.932129
v 8.44873 23.914803 30.345093
v 15.307066 -41.643402 20.422682
v -2.2676322 48.691578 38.36848
v 31.220644 60.345814 13.234243
v 8.54686 70.109535 -30.370865
v 5.5497074 31.69394 32.881638
v 62.648247 69.441574 -31.377213
v -59.36046 69.603546 -30.013317
v 24.699598 -36.147663 10.886896
v -32.21721 13.4149475 19.053207
v 39.2993 64.37128 -11.054367
v -36.992317 -38.568512 8.344299
v 45.64418 57.2934 3.257421
v 0.9899597 29.847717 31.594536
v -44.677002 70.824524 -30.36792
v -42.221504 -51.368156 -0.82925415
v 29.381027 -53.677734 6.6082764
v -25.257782 66.49121 -8.040283
v -44.574722 -46.34038 2.8391418
v 1.9272766 -3.0472412 41.96521
v 1.312554 27.746548 -7.241077
v 31.107258 -53.5106 7.55719
v 1.6467209 -3.8965073 42.16211
v 25.861677 -37.39087 12.427116
v 8.343048 78.13245 -25.793304
v -9.88916 83.98987 25.224854
v -39.441444 -3.335022 13.228485
v 8.773682 71.53146 -30.351562
v 31.987442 -20.109295 5.7167053
v -50.869625 49.986546 -17.934883
v -22.763773 -35.801044 11.760276
v 9.437988 35.230896 31.703247
v 9.874332 72.56311 -25.612656
v 29.977259 -39.960503 20.325928
v 2.2563782 89.46521 -4.246887
v -7.992752 59.820164 -17.864475
v 17.933502 76.27318 -3.7214355
v -31.552002 9.368652 22.722656
v -20.715372 -1.129064 23.853582
v 18.25885 30.577904 18.777832
v 20.76892 95.65192 -27.943634
v 30.036896 -38.10881 18.265625
v -23.303177 -1.9821625 -1.1480408
v -38.27369 -45.104496 2.59461
v -2.0827637 29.106445 33.18158
v 22.671654 -13.740944 0.35565186
v -27.229836 -47.753613 25.36082
v 15.778076 25.389923 6.4989014
v 25.037773 -25.317596 27.136536
v -17.170029 65.96133 -15.733475
v 13.370361 66.99707 -12.507324
v -44.367138 48.538033 -10.0861435
v -37.97632 -43.3118 7.151367
v 38.76377 -53.80258 7.727089
v 19.092693 78.41435 16.89769
v -3.5251465 72.90344 -30.698242
v 4.7807617 72.22681 -30.84961
v 12.996155 72.655 -17.927246
v 31.315948 -17.453201 14.770386
v 10.300919 22.480743 0.56217957
v -50.92041 73.03229 -31.078583
v 35.333656 59.04635 -8.503204
v 50.595627 50.50168 -10.645096
v 32.71027 -22.43591 14.360458
v 59.401855 60.469543 -22.644775
v -36.76233 66.351 -3.8380127
v -23.694672 -51.17179 23.836945
v 31.743164 3.420044 2.7542725
v 31.281494 1.3416977 18.339111
v 14.044542 -39.754723 23.184082
v -4.5016785 72.99773 -30.93451
v -23.425694 11.154129 0.096321106
v -48.069458 -49.09098 13.540375
v 15.145788 -40.747314 20.054832
v 18.92714 -36.211273 11.705025
v -5.595886 85.921265 23.389648
v 13.449142 75.39493 -11.515228
v 15.518387 -49.638966 31.850037
v 21.908752 67.555695 -4.4257812
v -25.540543 43.09855 2.891161
v -41.466286 59.836456 -22.049086
v -1.2940617 51.593674 38.420097
v -16.372862 82.49427 -21.865906
v 22.266281 -36.4993 11.907806
v 32.265312 -26.45935 12.858429
v -24.973694 65.12912 -9.16394
v 28.237305 -13.371277 17.744995
v 62.17424 74.1144 -30.907032
v -50.999573 -52.886505 7.54187
v -37.803017 -44.484512 4.748413
v 23.808113 16.929234 8.675552
v -5.9056244 89.88063 5.7785645
v 24.082825 -45.803955 27.796997
v -17.319626 -0.4607544 22.830872
v 0.88437366 -1.8319883 32.928154
v 29.60392 -44.310043 16.069191
v -32.52336 -47.964798 4.816284
v -24.698551 -39.713524 19.833748
v 13.790283 65.51221 -10.356445
v 31.471924 1.5723724 1.6704712
v -40.99568 -42.42753 13.478054
v 50.97017 80.19147 -30.369629
v 58.916824 80.33194 -30.981934
v 58.35406 80.792366 -30.518173
v 51.323776 81.96431 -30.875864
v 12.10611 66.564606 -11.102478
v -6.0590324 -0.07935715 37.589203
v 58.116516 82.150955 -30.05304
v 33.581936 -9.240149 8.185236
v 57.816254 83.198715 -30.535736
v 39.86558 -53.77966 5.8636627
v -2.4700613 -6.7099514 46.077637
v 31.08606 47.469093 -6.611511
v 37.0562 61.850327 -3.6704712
v -27.441507 -2.2534218 -2.0439067
v -18.516771 55.45216 -11.341553
v 44.40503 69.32446 -17.336426
v 28.220337 61.68164 -4.0339355
v 51.57546 84.082245 -30.409637
v 56.797295 84.117004 -30.793793
v -28.347778 57.879967 23.194336
v -46.68946 -53.305763 7.5126038
v -26.2883 2.0672607 24.851868
v 11.0414505 79.23702 -15.279282
v 51.270138 85.51349 -30.375076
v 47.02485 61.584 -21.855438
v 15.348728 31.41126 3.273631
v 29.912598 -3.745514 18.865784
v 6.7571106 58.260498 -26.019775
v 0.68278885 -3.9654083 34.94806
v -21.855988 74.87336 -4.506851
v 30.804443 -5.0737915 17.158325
v 23.302841 -35.473503 11.5574875
v -5.588806 10.43779 29.390686
v 7.949585 36.21991 -11.3302
v 16.026997 -47.782127 31.35521
v -45.01042 68.90474 -13.769318
v -21.136717 92.21723 -26.535664
v 30.465332 -27.470657 24.173096
v -5.731801 5.3974953 28.818623
v 48.948315 89.96997 -31.582924
v -22.584778 -20.96965 5.1193237
v -4.949356 51.981735 -12.9326935
v -41.912537 -28.791073 13.929428
v -15.903809 91.539734 -30.966568
v -12.657196 78.68272 -8.28006
v 50.377678 62.682194 -1.2716322
v -51.957764 74.15909 -23.673706
v -23.646637 -34.661358 18.691841
v -25.284048 49.232285 -7.762001
v 35.24434 62.1427 9.2421875
v -57.16388 67.18933 -12.386597
v 52.900543 85.694855 -23.064331
v 35.08441 -53.314735 8.511505
v -40.727036 68.81456 -19.445633
v 23.733015 -52.781628 1.956813
v -35.01892 62.75586 7.546753
v -23.461418 -38.730564 12.737228
v -17.637894 93.09472 -30.92487
v 27.96582 -0.38476562 21.124512
v -18.596954 94.78638 -31.23418
v -16.037476 76.48697 -6.6241455
v 57.363647 60.726196 -24.932129
v -10.809616 65.768265 -17.385254
v -37.738907 -6.4193115 -2.4583282
v -46.52913 48.977875 -7.03154
v 33.782017 -50.176025 5.4984283
v -4.8208313 19.877548 30.97918
v 12.748219 68.0856 -17.253456
v 31.82547 -3.3567352 16.84436
v 20.07457 74.37567 -0.97720337
v -13.432556 84.47174 1.7695312
v 31.185497 -36.446396 21.83841
v -19.572815 94.497086 -30.91951
v -16.871552 95.61304 -30.339844
v -44.04568 -45.478245 5.0215683
v 42.08811 50.899895 -15.449219
v 27.598656 -49.034866 23.625406
v 16.235764 81.56189 15.919312
v 23.502182 50.99475 24.305634
v -21.73108 95.3849 -30.894165
v -41.908432 61.97345 1.798645
v 55.80133 60.161133 -25.836487
v -17.791016 96.34122 -30.140503
v 7.2079773 27.764458 -2.6699219
v -21.9786 96.02951 -30.853205
v 32.34597 -19.893368 13.840811
v -21.181335 96.09036 -31.240509
v 22.585957 44.086235 -0.41462708
v -41.04738 -3.339285 5.6772966
v -29.886217 -33.721786 4.6448307
v -47.897675 61.957245 -2.6136475
v -22.127075 55.354538 31.048828
v 32.429993 4.884186 15.17981
v 52.42555 53.795593 -20.703339
v -22.187275 74.5482 -2.9177246
v -38.253326 -14.798309 16.397339
v 31.5802 -0.6256714 17.742065
v -9.8974495 80.94035 -14.011648
v 2.699913 51.668148 -30.664818
v 36.35271 44.801865 0.12111664
v -4.0317 51.903214 -30.378334
v 9.4077835 87.20856 14.213623
v -4.607518 52.487476 -30.595867
v -32.98542 -5.6245804 -2.5093155
v 3.4283686 52.247833 -30.572094
v 27.461243 -30.541199 27.350922
v 4.1291914 52.711212 -30.013214
v -23.618412 -47.05944 22.487137
v -26.448196 -25.66084 2.455265
v 20.796173 4.3799744 25.288391
v -41.992477 -25.346828 8.279724
v 4.844513 53.79515 -29.6278
v 24.504272 4.8359985 24.11679
v -46.116993 64.490845 -7.3875732
v 19.794098 -43.521317 12.693726
v 26.5307 -28.751923 27.26532
v 33.12671 -15.623138 0.11645508
v 4.9120216 29.987648 -8.035908
v 48.742294 59.64418 -26.095612
v 32.59768 -21.002766 13.593527
v -17.300522 72.73152 -10.95755
v -37.417183 -46.473724 -0.26574707
v -56.213894 54.319695 -29.867226
v 13.2468815 -34.954796 20.767288
v -21.773415 -32.991066 13.6918335
v 35.58688 44.78637 -2.5591125
v -48.548096 54.5123 -30.672852
v 22.775772 -20.448944 25.083878
v -5.579187 54.306633 -30.400616
v -48.265503 55.128708 -30.458435
v -44.855713 -49.012756 15.026489
v 15.200514 -33.502556 12.23996
v 56.08577 54.20586 -7.7146606
v -4.867218 21.2211 31.175102
v -24.367273 -35.271553 19.894985
v 1.2267647 7.488888 3.0932121
v 31.67059 -34.974316 18.921684
v 32.876175 -16.963295 9.937012
v -21.432049 -31.472486 11.305935
v -26.750153 1.2003784 24.115967
v 45.676346 57.98178 1.5214539
v 46.696777 53.236576 -0.18432617
v -30.08886 -8.725998 -1.1518326
v -6.726673 56.57888 -29.569023
v -36.55857 46.51452 -4.772156
v -27.320593 -52.08004 26.041197
v -36.06491 -46.675842 0.10592651
v -8.965576 74.86682 34.46826
v 44.982277 55.840134 -21.36966
v -49.776917 57.382385 -30.72876
v -49.5028 -53.252914 9.140106
v -23.737106 -47.133698 17.432312
v -60.003082 58.291016 -30.373047
v -41.726856 67.25269 -14.307098
v 24.95758 70.95441 12.727356
v -26.33319 -15.666562 4.201355
v 24.017933 68.81763 19.294937
v -27.330307 45.092804 15.168152
v -29.945831 -4.0203094 21.07135
v -38.487 -28.10005 4.362091
v -48.48291 59.016754 -30.394653
v -29.752007 57.81215 13.940277
v -19.27948 80.89746 17.90625
v 27.761822 46.674072 10.477783
v -40.775513 -13.982067 12.402588
v -17.208761 78.93146 -3.550293
v -11.69524 79.64783 -19.057678
v -21.84209 -33.48735 14.6547165
v -17.559256 72.599434 28.878258
v -47.414062 60.47821 -30.152466
v -7.3366003 60.939163 -30.123032
v -6.459156 56.282806 -16.323792
v -24.129166 9.311813 25.986088
v 57.566025 58.97489 -23.469742
v -11.638481 77.30765 -23.270325
v 14.345467 -7.9644957 17.672165
v 3.261237 4.243461 31.833817
v 16.16301 78.83635 -4.091278
v 45.76686 59.83792 -19.396866
v -33.91693 -34.43654 22.820267
v 28.484352 -17.209206 20.290558
v -36.72522 1.2843018 -0.4393921
v 8.718857 79.27417 30.300781
v -14.531738 61.866943 36.592773
v 32.237473 -52.94281 7.5413055
v 0.7631836 76.706696 34.480072
v -29.872894 8.6454315 0.24368286
v 18.532936 88.75779 -20.406372
v -21.597168 76.04999 -0.56173706
v 8.669909 63.03199 -31.112
v 26.570862 56.34366 -6.4494553
v 1.9646149 20.706133 -5.654686
v 6.5073853 64.4252 38.246826
v 13.357405 82.553024 -1.2661438
v 16.893433 36.42194 22.643066
v 41.098877 68.793 -15.212402
v 50.68711 76.225525 -17.03064
v -39.17868 1.380722 3.09198
v -27.805576 57.308212 -9.292915
v -7.8686523 64.46225 -30.454224
v 15.188049 80.7705 -18.914032
v -9.040703 38.599808 -13.672882
v -27.593414 65.783936 22.033691
v -27.049316 64.36621 -6.399414
v -34.48433 -14.829758 -0.58239746
v 21.769535 -45.030098 7.096573
v -46.061493 66.14691 -29.776093
v -38.89114 -46.571342 0.12486267
v -26.294891 70.53494 -0.64453125
v 18.771332 -17.284317 5.855957
v -8.63147 66.50781 -30.04309
v 13.910179 -31.059063 12.1577
v -0.8707733 12.053406 30.874664
v -47.805695 52.37207 -27.618225
v -8.313034 67.88855 -30.211227
v 7.23687 66.013756 -30.404724
v -23.867691 -7.9030457 18.745758
v -8.286724 3.5537224 18.080627
v -22.690414 -26.147964 4.7589417
v 58.836143 66.62451 -30.697021
v -34.83172 47.61496 6.1591187
v 39.49243 -52.990356 9.071777
v 29.809036 -44.700428 13.458588
v -27.618065 -40.541367 22.178253
v 57.44992 80.14155 -20.739685
v 32.45981 -30.983948 20.04155
v 9.044662 84.515144 -27.371338
v -49.31446 -46.83822 9.704868
v -22.62761 -0.09375 24.469177
v -32.077408 -33.865166 23.183636
v 55.0036 68.07489 -30.58899
v -14.837494 32.251755 27.838379
v 17.298065 88.565735 -22.186218
v 12.16721 76.17375 -6.73024
v 31.126877 -30.916718 12.144882
v 22.816505 17.07022 7.9957275
v 61.65519 68.134384 -29.840298
v 29.99976 47.727417 12.382843
v -25.641102 -29.86207 21.000786
v 0.98070526 27.798225 32.814392
v -38.96943 -14.964447 -0.4116516
v 17.05105 10.547752 0.7642007
v -25.782349 -45.845528 12.463623
v -59.842896 58.795837 -14.234436
v 8.513815 40.05873 32.48575
v 8.664551 68.78903 -30.526306
v -46.24872 68.8436 -30.162964
v -6.0302124 47.58185 -14.409271
v -19.954384 76.36229 3.9420013
v -23.430725 56.164368 -11.391022
v -16.477692 1.5741062 1.3966599
v -44.030647 69.57803 -30.197195
v -8.586548 69.63849 -29.797638
v -13.281673 65.96021 -19.179932
v -25.568096 -13.802555 13.196247
v 53.663086 69.756836 -29.138672
v -29.14853 46.421284 -1.8276215
v 33.86992 -8.415283 8.922485
v 15.01963 -43.93237 22.053253
v 9.495758 68.50752 35.118225
v 2.3360176 84.86694 -11.201935
v 28.709606 -51.44945 -5.8474636
v 18.696274 59.424927 31.2612
v 8.144466 61.971283 -27.111057
v 50.110077 65.06622 -2.8562317
v -5.1537323 85.57088 -12.83197
v 63.350113 72.41225 -29.18043
v 8.82849 14.160015 26.796566
v -46.488464 71.41986 -30.627441
v -31.15168 -43.902756 22.909332
v -38.997925 -30.813873 20.283447
v 0.26171875 71.92859 -30.547302
v -2.5265417 -1.8137856 31.43086
v 13.244774 -27.684242 10.9735565
v 1.4968262 78.435104 -26.865204
v -25.936398 58.874065 -9.563373
v 14.8833885 72.81093 -9.854172
v -47.327698 72.29666 -30.484253
v -35.76587 -16.189697 19.45514
v -5.55274 0.6206589 39.119736
v -1.3474731 72.19263 -30.607056
v -59.977604 56.540295 -18.80777
v -42.8024 -20.82805 8.575844
v 29.996696 -35.853962 15.885376
v 32.61255 -48.35039 17.519958
v 32.541885 -30.221443 20.712097
v 17.241589 80.41554 14.877176
v 11.062637 83.22062 -27.2677
v -26.002436 -28.3809 3.5244703
v -48.319183 72.94101 -29.392456
v -32.166016 48.8443 -10.108887
v -2.1055908 72.40518 -30.765594
v -0.95996094 72.5497 -30.385025
v 32.54637 64.958015 5.993927
v 45.702286 70.586845 -18.999832
v -24.86438 -47.555786 15.520264
v 19.106445 91.333374 -23.303467
v -42.01123 -53.406822 15.855469
v -49.346252 72.58417 -30.734253
v 33.657776 0.44245148 4.522583
v -7.168068 84.39917 -11.426758
v -32.002594 46.845337 -6.3793945
v -43.270775 69.21457 -16.118042
v 27.649189 -25.26722 3.332077
v -2.523159 73.06386 -30.620058
v 16.064758 -3.6035614 21.960724
v 45.681824 65.657036 -19.15332
v 22.109589 -52.212166 28.789124
v 17.57037 35.86311 0.53896713
v -55.380127 68.69176 -15.528137
v -34.05094 -30.505806 4.699665
v 32.96024 -27.234882 11.472488
v 34.702988 -6.7546654 4.2854004
v 29.993776 -39.616417 22.2305
v -50.011444 73.70807 -29.945312
v -43.167946 -53.21051 -9.536758
v -30.11792 64.874084 -5.5856934
v 8.960251 5.8945007 24.605164
v 32.549225 -24.448929 14.516754
v -45.51346 50.11545 -20.176247
v 14.828857 60.66992 35.333252
v 2.8536987 73.86116 -30.30133
v 53.886154 55.156616 -21.334976
v 7.1903687 84.16275 -15.725281
v 13.558044 59.51213 -11.747528
v -55.242294 -52.567234 2.0642223
v -28.787676 69.4214 4.4324045
v -40.633316 -33.267876 14.941086
v -53.990578 73.78953 -29.854279
v -51.955193 73.64788 -30.404129
v 14.120239 -34.110806 24.060211
v -40.7206 -49.18254 -1.5486221
v 15.835613 -43.127125 27.358295
v -2.632764 74.151405 -30.703922
v -24.973175 -30.07705 4.8025055
v 10.942627 72.06323 34.473877
v -27.129509 67.82321 -3.2346191
v -14.032448 75.67785 -13.629395
v -6.9329834 79.82031 -25.76886
v -22.2567 7.3094482 26.293938
v -54.075905 51.364357 -18.165909
v -3.9885864 74.3153 -30.54853
v -16.872684 56.92146 -12.827898
v -0.13476562 74.15344 -30.484528
v 49.0081 76.05728 -16.579147
v 20.719193 -12.538453 0.2837181
v -39.094337 -25.962784 4.075775
v -28.522476 14.441696 4.838135
v 13.985413 47.035095 33.102417
v 33.130188 -13.848831 6.2283325
v 3.6088867 82.46875 29.44043
v 32.45523 -29.234253 20.849365
v -43.22357 49.09662 -4.0827026
v -53.24804 74.46113 -26.676422
v 17.409878 -1.907795 -0.9909153
v 52.816376 75.15576 -29.45691
v -38.25757 65.66249 0.70910645
v 34.722183 -52.36817 8.102791
v 10.508652 84.28725 1.2915039
v -17.213379 53.644897 35.41211
v -52.4516 65.40686 -10.568665
v 24.001305 -19.13159 1.6394682
v -37.026764 7.2183785 15.20105
v -48.491425 49.916485 -18.376968
v 60.937683 78.78716 -30.910248
v -5.2990265 51.832832 -12.021133
v -29.556763 -52.796967 25.600021
v 51.22151 77.87256 -29.36084
v 51.649902 75.94272 -14.917969
v -19.49971 76.912415 -0.5725403
v 4.5512657 80.49089 -22.517517
v -40.785385 65.07399 -12.21344
v -19.803223 55.244423 33.045624
v -15.642838 84.243256 14.900238
v -0.13771057 58.395325 38.350975
v 23.011795 74.30398 16.098785
v 18.832413 -52.4338 8.188507
v 33.24359 -52.199158 7.8489075
v -27.300667 -16.80568 18.496597
v -6.8003845 80.78052 -25.581406
v -29.797668 56.359665 13.825623
v 38.31726 63.938232 -12.923878
v 13.687744 65.55536 35.15576
v -39.376343 60.112732 6.7407227
v 26.38255 68.19704 9.561447
v 3.7135925 44.957214 35.075806
v -36.44458 -26.545593 22.404053
v 32.983616 -19.163742 2.9584656
v -0.766655 84.83154 -18.456919
v -38.52954 55.343307 8.861328
v 12.48348 76.50842 -12.174589
v 22.987011 -27.105873 5.2368164
v -9.371674 86.7831 -4.748423
v -55.14292 -52.977608 2.6485443
v 41.83478 64.1106 -3.5805588
v 34.32868 45.003246 -0.484763
v -47.984917 51.751274 -26.009258
v 25.687006 12.922802 4.153136
v -47.33388 73.06891 -24.843851
v -12.216553 57.114372 -13.213745
v 21.760849 -51.85353 29.610155
v -15.841064 64.34021 -12.976868
v 23.656181 17.329384 13.94516
v 12.732904 -29.427948 19.970505
v 35.715927 47.376038 -7.983795
v -61.5764 58.59415 -23.70514
v -11.669159 87.51402 -30.62497
v 43.995747 62.71057 -0.71240234
v 48.86322 49.53657 -12.896698
v -16.884079 68.06294 -15.694183
v 25.948605 68.07877 3.2552185
v 41.92661 50.75995 -14.640327
v 48.3161 83.171104 -24.675175
v 37.080963 -53.28413 -2.6025848
v -50.41304 -48.62959 8.737061
v -46.238037 50.257812 -15.755005
v 13.626343 46.013958 -13.291016
v -36.263702 -0.9170189 -1.5223694
v 16.337326 8.356445 24.539848
v 52.29358 87.68335 -30.207031
v -13.045551 88.16992 -30.755295
v 48.672707 55.028015 -23.011475
v -16.597687 3.5258904 1.0214996
v -11.38623 88.38643 -30.270477
v -40.53456 68.214325 -18.323126
v -7.4449615 71.12666 36.400417
v 9.119385 32.558807 -5.329468
v -12.968361 87.58952 -30.236416
v 55.778625 77.47644 -18.17688
v -17.39235 1.5376892 23.566452
v -10.62085 22.760437 30.312805
v 12.904662 -8.942083 13.723186
v 44.537148 74.06844 -17.95839
v -15.298218 36.536118 -9.517517
v -48.94108 51.732742 -11.988815
v -30.017784 0.73308945 -2.5846033
v 14.123382 81.22319 0.2684784
v 35.336678 59.703125 -7.9346313
v -11.984009 90.82678 -30.135345
v -16.966955 92.31726 -30.44513
v 19.291992 -17.930113 21.497166
v 54.978706 84.964676 -25.199383
v 31.045792 9.372879 15.137512
v -14.96088 80.828125 -21.848026
v -23.286758 -5.487854 21.119629
v -10.944261 22.028118 -1.8257189
v -41.60409 -23.154762 12.673187
v 9.944214 70.31177 35.304016
v 14.577713 83.42767 17.74907
v 12.768281 -33.9703 19.878792
v 54.8424 80.23545 -18.410118
v -7.3154907 84.86603 -14.3758545
v 23.12826 -6.772743 21.437675
v -41.481003 -22.918045 11.468155
v -25.751709 -52.042053 25.942955
v -52.80133 61.15664 -9.90683
v 6.7264557 17.567322 28.891144
v -14.523071 29.85321 28.36853
v -19.612305 94.26514 -29.92627
v 7.684723 83.681915 24.415771
v -5.1485653 41.164265 -13.789379
v -39.362305 -27.171814 20.016602
v 36.161987 -53.79431 9.062378
v 28.66729 -28.009705 5.705017
v 18.620836 5.0588074 -1.5512791
v 10.205448 84.58093 -1.4557495
v -52.553223 -50.4397 7.703369
v 2.2671967 83.24611 -20.9711
v -2.246037 86.13144 -9.979134
v 1.3675284 75.74652 35.555237
v 28.85041 -35.949783 13.065277
v -34.59883 -34.02845 5.990776
v -6.760657 45.8438 -14.808639
v 19.77988 37.766834 3.4191723
v 32.626587 3.723236 14.736572
v 20.643066 67.508545 28.195557
v -23.145744 -49.6193 23.268963
v -1.5774612 -6.618046 42.725925
v 19.874725 -3.18396 22.74945
v -2.982544 -3.8776245 34.67627
v 17.478596 69.61545 -10.063938
v 30.233559 -35.082047 14.864731
v -42.554253 -46.911755 2.044516
v 23.57257 14.617538 18.098755
v 14.7346115 -39.181114 25.646355
v -2.4644165 51.555817 -30.258484
v 52.032578 76.68051 -17.70633
v -0.5019531 84.809326 -17.557526
v -7.5262527 27.907188 -5.752548
v 22.169815 -22.689585 3.426834
v -16.70459 21.971924 24.867676
v 28.74981 45.976044 -3.5195923
v 16.71809 12.504971 0.85265255
v 52.714355 74.47015 -10.846863
v -22.750107 -50.68799 18.816711
v -51.4505 54.00641 -30.52832
v -38.657234 -25.781322 20.393898
v -32.973526 -52.141277 1.607254
v 9.1897335 63.92156 -16.962051
v 11.675743 37.556847 28.53598
v -24.814552 -26.9416 20.287582
v -49.997192 68.91016 -12.816772
v -41.67166 -19.494064 14.557159
v -21.568352 -20.431656 11.669891
v 17.473534 -13.13821 17.435585
v -11.369232 64.91849 -15.092377
v 9.321449 1.3946266 17.889616
v 18.940369 96.16095 -23.809448
v -19.038635 69.49602 -11.728149
v -48.456085 56.450363 -28.805542
v 10.831238 55.57637 -11.262825
v -45.943283 -47.31595 13.320068
v 4.9101257 83.76015 -11.742096
v -4.2788086 81.7001 -23.333008
v -24.56604 56.72711 -10.145996
v -24.929604 52.714493 -9.201809
v 48.416653 50.822845 -7.1756477
v -28.44482 66.168396 -3.228302
v -44.529953 50.11283 -11.568939
v 7.661957 30.694727 -6.331848
v 27.93512 45.748077 -1.4316406
v 39.73111 46.813416 2.8261108
v 5.874274 56.61666 -29.681282
v 13.589943 71.53711 -15.448456
v 31.849308 -33.575066 19.100983
v -41.7745 -19.904114 11.646942
v -7.001967 6.642585 21.033789
v -26.83583 69.43413 -0.09628296
v -40.224827 0.5268326 7.785988
v -60.16484 57.852097 -29.87735
v -2.4537048 35.19159 32.641113
v 9.99678 -3.9558444 14.064134
v 26.813507 -37.003128 12.872314
v -10.529785 41.46405 34.31189
v -4.847229 76.36154 34.32849
v 33.152184 -50.73585 7.8186913
v 36.436523 -53.903984 10.481079
v -23.651924 -11.790073 12.273651
v 23.525925 -23.105743 3.1410065
v 23.317139 9.515015 0.36175537
v 5.9294558 58.679688 -30.07898
v -54.840683 -50.02118 3.146286
v 24.992065 -44.59754 8.659607
v 57.47995 58.409836 -21.683365
v -25.844563 49.484314 24.03598
v 6.766567 59.499634 -30.022644
v 54.75656 53.957977 -19.19693
v -60.66269 59.356583 -29.993164
v -37.605293 66.23571 -4.9884853
v -0.43626404 -5.2027283 52.045532
v 7.3387146 59.829163 -29.754608
v 33.174343 -19.83766 11.772667
v 16.912056 -21.621216 23.409485
v 18.246342 -37.709564 12.626022
v 15.906906 5.123269 -0.541275
v -5.975582 22.701141 -4.8444605
v 31.657104 -48.686874 18.612549
v -10.507454 80.92106 -15.379608
v -35.80075 -6.868042 16.29065
v -35.399902 51.192963 -12.79126
v -61.418884 62.00318 -30.139282
v -36.892845 46.54044 -0.96328735
v 1.3570518 -1.4625502 31.67493
v -40.216156 -49.757263 -6.449707
v -8.767329 62.022354 -30.084305
v 22.402252 2.6471558 24.641602
v -41.0752 -15.779675 2.940878
v 25.674355 3.5334702 -1.4602661
v 9.013367 85.15442 -16.211609
v -9.954575 80.260124 -26.22181
v 58.322334 73.27801 -16.070068
v 42.88816 49.90547 -15.022324
v 38.283974 46.21393 -6.175537
v 33.20848 -3.9107895 1.8394165
v -9.107112 61.40363 -17.629038
v 34.17488 -0.7184067 4.1874084
v 29.942017 -26.316223 24.52649
v -8.157898 84.07625 24.652618
v 11.5979 91.54492 -25.108643
v -39.91626 -32.73764 19.06958
v -8.9021 63.7305 -29.968689
v -48.86992 53.219482 -4.310791
v 52.193237 87.62744 -26.773926
v 7.827286 64.05177 -30.453064
v -42.601948 -18.228867 11.59979
v 17.088104 70.49866 -9.645142
v 16.205393 -18.714142 11.468689
v 7.8085938 64.72217 -30.04358
v -18.582489 70.71124 -10.992676
v -9.432544 24.1792 -2.4033766
v -27.126312 46.472565 -1.8112793
v 18.881367 -49.756485 7.2184906
v -3.7856464 6.689934 0.0710907
v -24.59787 -17.279892 5.2110596
v 11.357117 67.96222 35.63324
v -41.893467 -18.695713 13.619591
v 10.713696 79.06622 -13.965607
v -47.36316 51.48648 -24.769287
v 58.7042 65.6767 -29.501892
v -13.921875 93.21582 -21.590576
v 13.581055 3.8373413 23.732239
v -40.682552 57.923237 -22.15978
v 18.04285 34.20572 8.73114
v -5.3780365 89.352356 -0.74609375
v -25.55714 -35.585022 20.909683
v 41.60971 65.51868 -14.242554
v -41.1532 67.16594 -14.6543045
v 57.02063 66.401245 -30.018066
v -21.19394 21.920258 5.4552
v -60.16314 66.66626 -30.237976
v 13.476109 -22.895203 17.76001
v 37.078003 -50.17566 7.109009
v -27.626083 11.053406 0.7084198
v -27.844364 -12.769018 15.737543
v 3.1303253 80.65799 -23.12326
v -40.956177 49.52993 2.750702
v 8.923234 68.48556 -29.600304
v 45.34265 69.795715 -18.32898
v -14.198303 62.68344 -13.235809
v 30.558655 -35.409607 23.407104
v -1.9181137 1.6581116 42.433838
v -7.604004 79.095764 -26.116333
v -46.20459 68.48117 -29.457275
v 30.29303 -23.92566 24.447937
v -13.352539 81.89349 -6.949341
v 18.97287 -48.629807 8.651367
v 62.789356 69.404655 -28.782532
v -44.607544 68.82727 -29.631836
v -44.36859 69.16983 -30.15271
v 63.47772 70.088905 -30.43013
v 14.480438 2.1557312 24.019127
v -18.711945 68.81612 -12.819031
v -41.559616 -15.777023 11.335144
v -58.883545 70.91867 -30.111511
v 19.997498 14.899292 3.4890137
v 14.149216 -22.832771 19.812622
v 25.115982 13.902161 4.9505615
v 14.956787 78.97583 26.405273
v 9.183698 62.861954 -26.625324
v 8.897522 77.92407 31.23413
v -21.897202 -27.256424 14.93927
v 27.867462 64.3739 -0.4086914
v -30.157532 -50.115402 7.532715
v -43.935093 70.73216 -29.346237
v -10.192185 82.25345 -23.05218
v 32.2202 -15.92416 12.779449
v -44.81514 71.45362 -28.890076
v -23.965332 65.296875 27.780762
v -40.157757 -31.251877 12.258873
v 36.16246 -48.055416 12.939519
v -58.188858 72.230865 -29.594147
v 57.55149 64.96284 -26.860985
v -20.851011 38.657017 -2.3487606
v -7.1205654 84.57578 24.607132
v -27.846216 63.04004 -7.194824
v -42.13465 61.90718 -22.219858
v 61.313286 67.65518 -27.505323
v -7.4511642 87.32759 -19.340088
v -11.702057 78.72338 -15.045288
v -23.146072 8.215164 25.902548
v -39.312683 -22.12616 20.109314
v -47.43599 72.734604 -29.818542
v -40.011673 -39.078606 13.75975
v 29.416077 -36.35182 25.337524
v -30.822021 -51.421104 6.654907
v 13.5563965 -52.02842 29.744202
v -4.6414948 75.23169 35.4989
v -17.019684 71.794716 -12.161743
v -36.743256 -30.514893 22.175644
v 63.28653 73.02863 -29.6993
v -6.212949 9.002024 1.0312605
v -57.601883 72.73721 -29.546143
v 0.50976753 6.2521496 16.808064
v 33.214615 5.0988083 13.743591
v 39.920044 -53.546036 8.127197
v 11.612854 84.03839 -4.876587
v 18.246696 38.173836 21.374199
v 14.62207 -47.074738 19.094116
v -2.531578 40.360077 -11.314545
v -42.00875 69.11448 -17.017212
v 14.089598 63.94241 -9.612749
v -9.603264 86.768814 -6.8996887
v -12.5068 94.846 -25.634033
v -43.28795 70.33173 -19.382874
v 6.6608276 58.125267 38.275284
v 59.097168 61.137207 -6.0771484
v -4.656006 73.43063 -30.323029
v -14.346613 76.59365 -10.604279
v -4.981674 1.9094162 38.59137
v 34.197956 -21.906103 10.28466
v 1.129845 89.93081 6.266286
v -55.914467 73.65939 -29.911774
v 8.326035 86.8318 -2.0546265
v -24.460367 -13.079132 12.206726
v 14.589844 71.27671 -14.321228
v 14.167358 79.55148 -6.015915
v 45.7735 52.451218 -19.79596
v 8.23494 4.6880226 3.4765778
v -36.549927 -37.592957 21.4917
v -2.6248722 8.222073 -1.4415836
v 13.818848 23.13443 25.547974
v -14.4496155 85.366554 16.986694
v -32.705566 -50.154907 24.529053
v 2.9232178 74.93796 -30.039154
v 32.453064 -20.903503 20.139526
v 27.055176 4.734497 22.477661
v 0.2531128 75.333374 -29.746399
v 25.614395 69.37383 3.661621
v 7.022278 88.22618 14.193665
v -13.160645 74.830444 -22.218994
v -5.205353 -3.800537 39.744446
v -40.62561 62.18976 3.9681396
v -4.850586 75.39551 -30.1109
v 39.153038 45.38223 -1.1541023
v -30.185486 60.100586 12.406982
v -3.0648804 75.08569 -30.38385
v 23.234573 58.008698 25.701637
v -14.205135 37.710907 -11.65094
v 6.732437 84.25887 24.233185
v -15.978334 -4.046768 18.409569
v -22.397781 40.988808 20.519012
v -38.587036 -20.844048 20.457642
v 6.250702 75.683044 33.387512
v -32.21707 -35.476433 5.717124
v -6.5471954 44.212555 36.55977
v -25.116333 -9.750229 2.580536
v 62.13192 76.02298 -29.999329
v 5.495178 83.19498 -19.470154
v 52.20215 75.79224 -29.058105
v 11.006592 90.48828 -20.29004
v -32.82129 -53.82413 5.530884
v -62.60372 66.528366 -23.175415
v 59.33405 80.19716 -26.852566
v 52.504776 68.92203 -6.3863525
v -32.886513 -26.528671 2.808197
v 61.255234 77.69202 -28.490479
v -47.33667 58.378014 -0.90335083
v 19.648132 13.397705 22.18158
v 30.281494 -53.21422 16.901978
v 59.072166 80.41635 -29.109734
v -3.8604789 86.12066 -13.142162
v 11.116868 80.94797 -27.03141
v 19.88286 -47.38014 5.105129
v 51.452057 83.8927 -29.662415
v -2.1579132 -8.536041 56.03224
v -2.2171931 11.331762 -3.3746223
v -54.443665 70.71979 -17.975586
v 14.304108 -24.42305 21.51152
v -43.20044 64.01829 -24.738647
v 51.717243 84.7476 -30.302006
v 16.763062 80.707794 12.83429
v -0.31987953 54.18388 -19.08194
v 15.759722 80.65792 -20.181461
v -23.436356 66.33362 -9.791443
v 59.88527 59.920486 -20.980194
v -20.13676 41.009308 -7.9590044
v 50.595917 84.41571 -29.120605
v 9.555313 86.3312 4.5235825
v -26.807343 70.73555 -0.16082764
v 14.853601 82.0061 20.92273
v 53.095978 85.305176 -30.402832
v -34.484825 46.188145 1.3312683
v -11.68367 86.313354 -30.176178
v -51.793945 -49.101 7.7975464
v 26.654846 58.320435 -6.0481873
v -5.639282 89.291824 -2.7515259
v -9.942115 8.448111 24.625784
v 46.05111 67.414185 -4.319977
v 41.23493 69.7131 -14.95433
v -13.3403015 95.330734 -24.75232
v -10.449325 87.285034 -29.889763
v 15.282731 -18.66713 15.683235
v 11.621933 1.3201599 21.617401
v -20.553574 -10.708272 11.596422
v -11.537197 31.664951 -4.039957
v 0.7573395 5.2578125 22.430328
v -5.568447 6.458061 5.9101486
v 14.867787 79.374405 -0.419339
v -10.434784 88.91343 -29.94606
v 29.212227 -18.69701 22.7687
v 8.112644 60.98012 -25.759716
v 28.83953 44.651257 4.278473
v 31.240524 -24.937424 6.0934296
v -46.43506 52.341003 -26.484009
v 27.91626 2.69458 21.812378
v -1.9287415 84.757355 -17.574707
v 24.118309 -8.267883 20.368027
v -41.016205 65.535065 -2.6609497
v 20.166866 -20.329102 24.476189
v -42.291492 50.521626 1.3511057
v -21.21576 54.956573 32.474228
v -46.335938 61.700256 -1.4440918
v 31.769989 -30.099457 22.27832
v -9.084671 88.469376 -0.5378418
v -18.31252 82.405914 13.14946
v 31.931936 -48.99434 7.6408634
v -5.907164 2.0040436 31.339317
v -10.949104 8.523331 2.1095276
v 13.351196 58.09221 36.133118
v 13.325937 -22.45859 14.550133
v -32.013096 -29.675816 3.02735
v 31.945572 45.384354 -3.02417
v -50.621475 50.956924 -22.965637
v -51.51024 50.59735 -16.443726
v -7.78714 59.44722 -19.405495
v 32.05737 -32.941566 20.303757
v -44.530853 60.0119 -0.048095703
v -42.51114 51.33773 -18.258148
v 11.037689 4.137844 23.036316
v -22.225021 -28.328983 6.406357
v -17.300262 92.87271 -29.298462
v 8.638279 63.14367 -16.02953
v -20.002842 -9.941187 11.6991
v -3.6563263 7.5772095 32.97876
v 15.603104 71.55242 -7.543297
v 28.075272 -50.84413 1.5518799
v 25.34441 -34.752502 10.244324
v 34.342445 3.1994877 10.048096
v 13.295468 74.96313 -8.197411
v -34.2053 -6.008415 -1.9696541
v 23.476997 47.981964 18.946228
v 34.39463 -13.971313 2.962494
v -26.857437 17.97686 11.211288
v 13.313862 -50.817608 29.958656
v -41.385952 -29.70062 15.460297
v 16.058836 -12.792774 14.831619
v 12.596967 75.57014 -7.3014755
v -22.4913 95.38863 -30.258575
v 35.2417 -49.56604 8.442688
v 33.774017 -14.241608 1.0057373
v -38.34955 -35.98889 8.496307
v -22.502617 95.93995 -30.244186
v -11.046417 82.084 -16.89679
v -12.593933 78.67189 -13.92865
v -21.311127 -26.075287 7.5792236
v -11.551754 79.10028 -16.927183
v -21.957352 96.43761 -30.280762
v -9.945572 64.525566 -20.48508
v 20.639893 -51.153305 30.820068
v -19.845459 96.78174 -30.06897
v 20.60354 -29.220255 6.692359
v -53.997093 51.349384 -22.26927
v -42.312073 -53.43695 2.2661133
v 45.35504 59.46479 -19.132843
v 19.839113 -46.959106 7.8795166
v 23.727814 -35.473785 29.857925
v 0.123535156 51.61145 -28.84607
v -47.623302 60.345367 -1.523786
v -0.70336914 51.635254 -28.80127
v -35.574463 -53.306335 20.896454
v 42.976532 47.94568 -7.3846436
v 2.9381027 51.810226 -29.9234
v -22.219666 -22.806496 16.289612
v -4.935364 52.8833 -29.800323
v -31.026487 62.22008 -10.303012
v -40.23529 -42.51494 9.965515
v 17.123272 -52.129333 32.054054
v 19.661903 69.02833 -3.1864853
v -51.779373 52.719162 -28.716614
v -23.192398 -29.270645 6.2092896
v 15.75589 -40.089825 26.78778
v -43.34305 65.432465 -24.264282
v -49.562164 53.55121 -30.161499
v -7.4360657 87.02992 -26.382874
v 41.479336 69.41991 -12.681503
v -46.727894 49.183975 -5.166748
v 23.303818 67.98851 1.5924301
v -54.012527 53.782684 -29.295471
v -48.205063 53.375397 -28.807892
v -12.313332 -2.6866455 12.570412
v -5.8097696 54.25234 -29.719639
v 30.333008 64.9535 3.9226685
v 19.49955 40.078182 -2.5282898
v -31.961868 -38.033627 23.386688
v -54.010033 57.89157 -10.6539
v 6.8806944 87.96814 5.0430126
v 26.66239 -46.975952 6.202881
v -14.419662 17.977722 -0.12228012
v -46.345123 64.62016 -5.0439453
v -17.752258 82.964325 10.854248
v 14.2439575 -49.363873 30.87526
v 48.217056 50.52022 -8.875175
v 32.623226 48.48163 12.263717
v 4.9320526 54.67028 -29.688507
v -35.01645 -45.910248 1.2089233
v 10.351545 40.86294 -13.374065
v 27.652813 -8.090446 -2.405857
v 5.286052 55.673622 -29.620956
v -58.264313 55.717575 -29.217194
v -49.033417 -47.335228 8.1491585
v 15.16803 25.422928 24.70752
v 1.9569092 84.68024 27.064209
v -32.386032 11.5742035 4.443939
v -59.54509 56.87854 -29.170593
v -21.427246 69.58545 28.355469
v 46.766293 50.345436 -17.554832
v -6.639065 88.65227 16.214783
v 43.71768 56.435272 5.4228363
v 29.48227 0.24266434 -0.50172424
v 6.1392407 57.689888 -29.723644
v -7.6503296 88.91298 -5.1673584
v 17.416492 35.96295 -1.7960167
v -49.90197 -47.864277 10.372192
v -49.091522 57.636627 -29.686157
v 30.323742 -45.110523 12.890829
v 20.767956 42.270267 23.306793
v -31.59549 -28.462643 3.0743866
v 20.192322 -49.612427 31.051422
v 13.176437 82.235275 20.39508
v -29.60019 46.613617 -4.3085938
v 2.5939941 81.323364 -22.719604
v -51.38446 58.08596 -9.076599
v -60.859837 58.743427 -29.199852
v 49.21872 78.91406 -25.519653
v -47.307426 53.1257 -1.9482079
v -7.1289005 58.72553 -30.355186
v -38.313232 -7.796631 12.155029
v 18.611519 86.05618 -20.57774
v 39.753872 -52.95886 5.260528
v -42.55947 65.80657 -10.489909
v 52.356575 51.426895 -13.887518
v 31.323711 -46.59811 7.6165485
v 9.29071 73.96289 -25.416504
v 23.881866 70.02985 21.10376
v -22.844856 67.98407 -8.615845
v -0.5658307 6.6249084 0.41215515
v 14.677764 -40.50553 23.396133
v -20.686136 91.07268 -26.175642
v 8.518478 60.471313 -29.878174
v -40.548634 0.31054974 8.956921
v -46.381866 60.737106 -29.38147
v -37.726624 4.0131836 15.90802
v -22.27359 -26.999855 5.93264
v -46.21988 -49.123672 14.179962
v 55.591064 56.494225 -22.514496
v 57.87114 56.938095 -16.867172
v 17.514542 21.7491 4.376129
v -18.763489 29.619522 22.746338
v -8.9371605 62.44509 -29.725718
v 53.81015 52.151047 -9.32148
v -15.9071045 22.934021 2.0427246
v -27.789139 47.88002 -5.2283325
v -61.433075 63.22548 -29.475586
v 16.707458 67.85896 -13.412476
v -0.45759583 85.447266 -16.644287
v 13.542816 80.92036 -5.156189
v -15.828911 -6.068363 11.294693
v -36.6182 -30.628998 4.815773
v -40.437164 -4.9192505 4.1186523
v -30.154236 9.341309 23.600525
v -45.715576 65.24408 -28.994873
v 6.7192993 16.522003 28.63153
v 4.8916016 84.5611 24.990845
v 29.840088 -18.190002 20.574036
v -49.6593 57.930664 -6.562744
v 14.857967 -29.841385 24.63016
v 8.607307 63.854286 -20.242256
v 39.12309 65.759346 -12.619061
v -26.192183 72.0342 0.060325623
v -47.48564 -46.45404 7.4016876
v -61.956406 65.85132 -25.584473
v 20.224731 -48.253906 30.621887
v 16.80075 -39.059258 28.624084
v 8.2798 66.54259 -28.990723
v 23.233704 61.259766 -6.1679688
v 21.698853 18.20929 13.653809
v 32.862183 -53.586895 0.8619385
v 20.830967 -51.272976 3.381042
v 26.866669 9.177612 2.6809387
v 28.097961 4.528839 0.31930542
v -41.398933 -27.936493 9.175766
v -46.60163 -46.056656 7.5488663
v 14.454628 29.26666 2.8286285
v 3.4075317 8.818665 29.055328
v 45.633553 53.45469 3.8778687
v -23.929749 -17.007591 6.625244
v -13.636536 -4.309795 11.745172
v 30.651234 -33.204742 14.996986
v -9.003418 85.56726 23.047607
v 60.762043 67.086044 -28.785091
v -59.187378 67.163574 -14.571289
v 11.010117 -4.127804 11.919619
v 11.318321 81.56049 -15.855743
v 13.830329 -45.44804 24.604977
v 53.780518 67.254456 -28.637695
v -19.251896 35.021027 -0.69085693
v -24.483032 70.71857 22.911865
v -7.1362305 13.43219 28.58023
v 47.009094 67.3805 -20.634888
v -14.586746 29.24112 0.8792114
v 4.784485 76.30553 33.92148
v 28.208607 -43.957756 13.536926
v 27.072634 -49.377167 4.132759
v -40.0972 -37.638542 15.021637
v 18.87981 -31.122955 7.9890594
v -49.34954 -49.151978 4.9657593
v -59.640076 69.09067 -29.57135
v -34.100883 13.751781 13.461277
v -29.990692 9.888382 1.2487946
v -12.157105 86.78578 16.8387
v 19.697098 -46.757446 9.756958
v -43.665672 69.98094 -29.58757
v 22.23496 -32.09073 9.139099
v -31.67212 -52.99182 24.71112
v 10.628908 78.86316 -25.699003
v 13.620071 73.52248 -14.4696045
v -27.276947 49.0934 20.661682
v -39.798462 -2.9219782 11.819275
v 40.927612 69.495155 -14.54569
v -16.949295 80.44968 3.0335999
v -38.612305 51.981934 -14.789307
v 17.542557 -38.680065 29.286835
v -18.976349 77.751465 -5.0642395
v -5.1891785 85.633865 -16.806793
v -32.136665 -18.00035 20.656593
v -13.33255 -3.4983673 11.350578
v -26.289131 -9.353943 17.708939
v -41.353058 52.822685 -16.826065
v 15.646927 77.29367 -4.8167953
v -43.019417 -52.23738 -9.339794
v 3.7380219 46.044785 37.34341
v 24.934086 57.673767 21.049828
v -29.046936 14.657654 5.963806
v -44.85201 72.347725 -24.443634
v -43.859695 51.06538 0.15144348
v 34.649498 -6.276108 9.872009
v -33.697636 -17.661547 -0.5104894
v -15.989321 74.67709 -9.467148
v 12.795036 82.28064 -2.8560333
v 13.72468 -22.131365 15.85955
v -5.3096924 88.72391 -3.8819199
v 16.162561 81.26103 -20.219
v 40.908104 67.05625 -8.707943
v -22.935003 39.32359 12.957281
v 3.3929749 72.414566 -29.78756
v 4.472168 72.70743 -29.675201
v -39.189705 65.77023 -11.209778
v -9.5529785 31.709427 31.027954
v -33.311222 -21.006037 0.40104675
v 20.775543 -45.77079 8.197266
v -24.551512 -13.008084 12.886247
v -24.639729 -42.90738 18.352335
v 41.34487 51.45862 -15.742371
v -22.77776 41.47693 -2.8648624
v -8.689575 72.9137 -29.514404
v -30.250366 63.417297 -8.53125
v 4.067677 73.233505 -29.612644
v 16.052414 -36.99836 13.733654
v 6.0269775 73.226746 -29.02185
v 52.961365 73.58435 -29.565918
v -22.870758 73.723656 4.0843506
v -13.014648 74.863525 31.444336
v -4.959831 -10.445343 55.158722
v -24.108318 -22.677254 19.069675
v -37.664017 -29.589252 3.8310337
v 14.846588 -47.165848 30.362625
v -6.3587646 73.42813 -29.999146
v -55.86308 73.52594 -29.319786
v -25.600227 63.205566 25.878036
v -46.083298 64.93887 -4.2685547
v -53.083206 73.70803 -29.588867
v -39.38475 47.589195 -3.3824158
v 34.441116 -2.8431091 11.711487
v -51.64937 74.11419 -29.319244
v 39.996826 53.36501 8.291962
v 26.59425 -52.476364 -0.7589264
v -13.822464 21.24363 -0.7437744
v -5.7601547 8.309967 28.974792
v -5.8945312 74.01324 -29.655212
v -32.88336 -48.125397 3.6307373
v -23.24076 69.748505 25.994125
v -29.145638 65.68371 9.207443
v 19.006714 75.53575 6.8499146
v 5.1835938 74.62268 -29.313843
v -5.4767456 84.71979 25.01358
v 23.722046 70.74717 2.3423615
v -46.909325 50.683792 -9.623199
v 28.48387 -51.14677 -3.7355042
v -24.186932 75.44591 13.684601
v 29.290176 -8.844971 17.164246
v 5.981152 51.716957 37.9123
v -6.2316895 75.110695 -29.751953
v 4.0763855 6.980713 3.3131714
v -39.5009 3.1731586 8.754047
v 18.913559 -33.85074 28.940735
v 37.48503 46.439087 -7.2835693
v 6.287079 34.160156 -7.489105
v -2.12204 5.1618776 5.0993805
v -40.079075 -1.225577 11.626024
v -2.591486 54.828674 -20.705383
v -3.65036 76.12158 -29.51062
v -46.00769 -45.22214 7.567232
v -10.002136 58.70781 37.606216
v -1.892273 76.67639 -29.029785
v -14.449581 73.500305 -18.910583
v -22.475601 64.01227 -12.303345
v 21.805311 -26.539637 5.103003
v -37.46132 -4.154251 -0.9319
v 50.891724 69.16333 -5.7250977
v -4.017479 86.3578 -8.916794
v 21.355259 69.6829 -0.37877655
v 54.07618 51.837505 -13.829088
v 56.494873 63.46283 -2.975708
v 23.074322 42.033527 5.2681274
v 5.7268524 88.19491 -1.6003113
v -42.51735 48.859505 -4.960449
v 51.11046 76.5639 -27.78247
v 8.048363 87.12393 -4.294586
v 61.533398 67.57881 -14.598022
v -15.696232 1.5941067 3.34898
v -18.578278 57.47616 -12.538239
v 61.556385 77.520294 -29.46875
v 26.40213 -16.080164 19.527153
v 23.818285 -15.998214 20.28841
v 21.270447 -40.745285 14.471939
v 41.72278 52.017967 -16.451477
v -30.465881 -23.051392 22.324333
v 11.072573 78.615616 -15.059063
v -27.847168 -53.55867 14.210449
v -35.139153 45.735184 -0.87786865
v -11.491207 82.44687 -22.451921
v 33.769142 -17.124481 1.8809509
v 26.099812 -16.681316 20.982288
v 30.539291 -36.09308 17.926392
v 14.641541 26.966522 26.21289
v 22.982666 40.36055 19.438202
v 26.430023 -21.623734 25.55423
v -13.578598 39.74466 -13.366257
v -33.125183 5.454071 21.508728
v 55.929337 84.98889 -30.20874
v 20.827631 -15.779202 20.1577
v 7.0424175 83.23218 -22.071442
v -52.53308 53.62268 -12.699951
v 15.174408 28.450943 5.649597
v 15.185913 -52.432415 18.01123
v -11.108788 86.325714 -30.440872
v -11.178787 84.99823 -29.029022
v 19.970825 -46.441742 30.442825
v -25.171362 -27.007454 2.9155617
v -4.4086 8.537109 31.440186
v -11.982071 -0.15045166 11.559525
v 22.126953 -47.211548 29.295898
v -21.259155 59.52262 32.577423
v 55.060722 85.27295 -29.752441
v 32.08142 -6.648308 15.200928
v -8.788284 44.668762 -15.164204
v 7.7498627 74.85419 34.360718
v -51.002174 52.26941 -27.21289
v -32.75337 46.20222 -2.5634155
v -1.317729 -4.830673 35.37976
v 1.1163483 79.869934 -25.898071
v -1.4073563 47.536366 -11.739815
v -1.886465 48.433437 36.90721
v -10.519684 6.6606445 3.6420898
v 35.304077 47.8835 -8.228287
v -11.387479 86.27265 -5.122613
v -42.93091 -52.843018 -5.2945557
v 38.913578 63.704655 -11.556393
v 11.571977 77.83119 -7.264699
v -20.243835 20.307495 3.3772278
v -38.39081 -33.968018 7.8677673
v -40.415276 -30.542084 6.724262
v -34.36383 -45.111206 4.89209
v -6.7930717 8.869583 26.609207
v 52.394363 88.330154 -29.154877
v -28.260239 -18.56351 1.8795395
v 4.481201 10.043884 1.1771545
v 16.786514 -28.46678 7.8645096
v -48.610317 54.37661 -5.5804596
v 4.369257 85.081505 24.761915
v -8.958374 87.87662 5.1225586
v -15.434509 -5.521986 15.290691
v 28.65155 -43.90416 15.228027
v 3.1304321 29.29705 32.93414
v 2.3777924 38.237244 -11.74823
v -16.033325 75.44409 -8.380615
v 16.002201 81.03018 -19.657045
v -38.232704 46.77662 -2.8970032
v 26.43352 -45.34418 7.931562
v -22.72548 -22.889105 17.293732
v 24.028076 -52.78351 26.881042
v -23.890936 10.010677 -0.19190979
v -37.395588 -22.746033 1.6259308
v -6.896332 84.842606 -9.468933
v 21.114216 -15.037994 19.975952
v -55.58044 -51.191074 2.5632
v -30.80267 -50.442043 6.453389
v -36.119995 9.447845 5.942749
v 21.49849 -38.6857 30.60608
v -34.395386 -45.948456 3.3526611
v 39.86634 -50.450645 7.635742
v -17.660181 78.60359 -4.814316
v -5.0648193 90.30188 11.544678
v 59.943214 78.48859 -26.518494
v 15.473011 -32.3123 26.043884
v -19.467285 93.61743 -28.586914
v -39.548233 -11.516876 -2.5282059
v -15.529854 81.24278 0.34020996
v -1.0898018 69.093895 37.947662
v 17.253418 20.278442 22.430664
v -22.706432 95.092926 -29.06195
v -1.3332062 57.229378 39.386192
v -24.901855 -16.28096 14.494568
v -22.335075 96.02892 -29.321348
v 29.57638 -45.488556 7.873352
v 13.02178 8.240391 0.93969345
v 40.029854 63.065857 -5.4229145
v 35.336483 -3.175722 8.399219
v -20.51949 97.09631 -28.99405
v -33.760254 -52.922546 23.915985
v 10.563307 -3.155884 15.823638
v -22.849442 74.227844 -2.968298
v 45.073853 67.01772 -18.397034
v 23.753174 -50.933884 -0.9329834
v 1.2920532 51.700867 -29.455566
v -23.177275 38.35821 6.0952435
v 11.832642 63.962418 -22.949066
v 40.531616 67.03467 -14.56189
v -9.162443 1.8070755 11.826935
v -38.843933 -13.723953 14.935455
v 23.450916 -6.593434 -2.0938015
v -45.410923 50.461407 -18.440582
v -1.5461254 90.074974 -5.9910583
v 4.299576 53.039917 -29.341095
v -29.929455 -35.005093 4.898102
v -27.699997 -38.987595 7.9227753
v -52.966743 53.57718 -29.765625
v -50.473515 53.168945 -29.139648
v -45.451035 -44.76818 7.7905197
v -42.645645 51.82419 2.1759338
v -39.15441 -36.37481 9.076477
v 21.423677 -37.89527 30.730766
v -8.610447 87.83424 4.318611
v 44.651978 50.07846 4.5893097
v -37.524048 -25.365295 2.263916
v 46.817917 49.815018 -10.605331
v 3.669159 44.259686 -14.234184
v 23.119455 -12.158844 20.05705
v 4.409335 2.8249402 10.836422
v 13.699219 79.265625 -18.200562
v -37.99025 61.24122 -17.38914
v -2.755736 7.202496 15.5774975
v 22.62085 -38.336716 30.3609
v -5.7627335 56.601135 -26.633484
v -33.481133 -0.2979679 -2.5298984
v -2.486206 0.04144287 47.642273
v 6.062454 59.358032 -19.679062
v -51.53601 -48.64984 4.2730713
v 31.128113 -20.151154 21.731934
v -19.688663 76.61909 -1.9954987
v -22.822159 -34.46495 17.717712
v 21.551086 -20.530014 4.101776
v -39.650703 66.28856 -16.097412
v 16.594604 77.50943 -3.844925
v -44.646378 -45.115776 7.548271
v -16.861893 37.008003 -8.063873
v 23.704342 -36.485123 12.015022
v -7.7626953 60.76477 38.659546
v -8.222168 60.01953 -28.438538
v -3.4488068 43.119377 -13.501854
v 2.2169266 84.84163 -13.724487
v 17.980606 -6.4890594 -0.33611298
v -47.879944 58.464233 -29.380981
v -29.18922 65.89975 -2.8640137
v 10.578343 78.299614 -25.155525
v -25.712543 48.6474 -7.053772
v -42.40457 69.30165 -26.784058
v 23.432312 40.668495 15.215637
v -61.20146 59.60797 -28.349792
v 3.3502045 55.67334 -18.769653
v 0.01499939 60.59796 38.82843
v -33.85443 12.994335 16.665497
v -48.39686 51.733047 -4.6713257
v 17.113892 15.47406 23.458313
v -3.307395 90.648575 10.135345
v -41.54679 65.900635 -12.727625
v 10.907313 77.32843 -23.236235
v -7.5991554 61.469532 -29.085098
v 9.206299 19.788788 28.658447
v -7.770691 61.80636 -29.500134
v 8.683445 62.384506 -28.683784
v 14.930043 79.18247 -1.662651
v -9.513062 62.4162 -28.790588
v -8.492748 61.97175 -28.681442
v -52.731903 51.639496 -25.110474
v 18.106606 28.084356 14.669266
v 29.330948 -46.6028 6.226532
v 8.65686 23.11885 -1.0125275
v 21.204609 1.948056 24.49371
v -22.728188 73.32701 -3.4466019
v -61.579742 64.586624 -29.512756
v 2.5776367 36.77158 32.200424
v 56.210854 74.90352 -15.044304
v 8.721313 64.66692 -28.070557
v -37.416153 4.527565 1.8004761
v -10.166504 65.52368 -28.938232
v 49.51822 55.797913 -23.450592
v -61.29651 66.69104 -28.928467
v 20.632671 -37.356045 30.45664
v 54.97116 65.87575 -29.355072
v 50.945435 66.76428 -4.0386963
v 55.64228 65.691864 -29.368408
v 56.93344 65.68118 -28.438599
v 22.210989 -45.017048 7.6169662
v -3.1136284 -5.009282 36.7582
v 43.00171 65.54872 -15.449646
v 59.684055 65.69253 -28.586515
v -62.3826 64.103424 -26.284943
v -16.333557 1.1094437 22.70446
v -46.52165 72.561066 -25.025444
v 53.121353 52.102127 -17.65081
v -53.72766 70.15588 -16.188477
v 32.30237 3.2064972 15.9053955
v 19.338894 -53.074295 27.34845
v -27.814323 67.10462 0.08747864
v -46.124023 67.62018 -29.17633
v -9.026489 65.99512 -29.534668
v 54.502625 73.29175 -10.240967
v -22.192007 3.0666504 25.32026
v -17.81366 71.45134 -10.738159
v -31.759027 -3.0616207 -2.4662714
v -8.117273 81.35641 -26.05281
v -22.074043 5.9565125 -1.1011429
v 23.681183 -46.37796 4.2769165
v -50.421715 71.89633 -17.24582
v -18.382523 64.85841 -14.826019
v -40.350243 54.13504 -21.43341
v 1.2966309 85.19232 25.911743
v -40.850758 -3.68053 6.763363
v -4.0458755 88.52391 -3.4792938
v -23.028767 -1.2237549 23.742798
v -43.540894 -44.88347 7.3491516
v -32.525993 8.765288 1.33911
v -28.36085 16.972616 12.170883
v -9.47644 69.49518 -28.947388
v -42.811523 -51.132263 16.262451
v 18.845871 24.332314 14.569092
v 8.713581 70.446724 -28.84475
v 48.27481 50.281555 -9.313568
v -16.915894 43.13037 32.648193
v 16.863976 -2.0412292 22.909698
v -12.741241 65.504585 -20.860107
v 8.845085 32.02543 -5.031517
v 63.165028 70.73786 -28.749237
v 0.8295822 49.40988 -12.92189
v 22.593132 -10.68264 19.709229
v 25.741455 -38.778503 28.440674
v -46.657547 49.80514 -19.03247
v 43.214417 67.46004 -6.2190857
v -56.22603 66.68179 -11.468735
v 21.535591 9.218704 -0.44415283
v 25.030014 70.18518 3.102417
v -58.892365 70.48709 -29.435852
v 36.550613 49.499535 10.371017
v 24.896446 -53.344227 4.562538
v -10.429361 86.47568 -2.5985718
v -12.325134 62.99089 -14.622559
v 24.583984 -53.2937 25.924194
v -5.456665 50.923706 38.50302
v 61.404205 61.79103 -17.570404
v 35.0255 -4.398033 7.8134766
v 5.029756 2.5672398 13.505669
v 44.65973 51.226997 1.1155567
v -57.482582 72.67029 -28.89215
v 10.917595 85.12709 15.253235
v -0.46315002 41.553528 34.46705
v -24.223473 -2.9378548 -1.4625206
v -14.686016 67.021484 -19.623642
v 47.89902 50.86715 -8.137035
v 45.243362 49.90796 -15.725632
v 21.898224 -9.437897 20.360184
v 47.814217 74.58086 -20.341614
v -7.79718 73.411835 -29.376587
v -31.108887 -47.46228 6.6138916
v -2.3730621 29.430786 -8.901718
v -42.59327 -51.372772 0.16119385
v -50.860367 -52.07287 5.050354
v 29.347168 -21.00148 3.2284088
v -26.5354 65.77173 -6.416504
v 9.138775 77.983025 -25.938704
v 1.9684448 -0.34136963 30.961945
v 8.466208 11.534592 -0.3966446
v -31.229156 12.130554 21.225159
v -5.271515 36.083374 33.792816
v -40.18019 -2.779202 3.1415405
v -45.59272 54.74644 -24.2753
v -6.209568 -10.028702 55.31357
v -8.230957 74.04672 -28.333618
v 20.229279 73.20399 -0.038909912
v -42.222305 -43.98842 8.103577
v 33.52195 -53.8233 13.763565
v -50.657227 60.52527 -8.412964
v 0.36413574 2.5568848 39.620117
v -29.11242 -24.437263 1.1833801
v -8.805712 88.32423 -5.9445724
v -21.11943 76.23364 6.7206726
v 23.11435 -9.392822 20.022064
v -31.791954 46.23502 -3.6951904
v 15.873993 -53.30471 30.119995
v -10.71814 80.892426 -12.473633
v -7.815857 75.34572 -28.962646
v 7.760147 81.921524 -8.406677
v -20.647293 75.68862 -1.8277969
v 28.51587 66.12012 4.3251953
v 4.036316 75.66553 -28.923218
v -39.97888 64.51763 -12.918114
v 5.1503906 75.27905 -29.093628
v 18.226349 1.9575043 24.549591
v 13.432793 74.95431 -12.314117
v 40.103413 66.502014 -9.8541565
v 53.5755 54.987183 -5.0324707
v 26.30772 15.461334 15.346619
v -15.576997 2.117673 1.692877
v 31.980286 -21.983673 21.951294
v 8.717773 85.7168 -16.848389
v -4.2003174 86.062805 24.715332
v 13.323094 68.745285 -17.227436
v 39.406544 48.024773 5.4855347
v -9.952648 81.23624 -10.258287
v -28.750427 7.796158 -0.6912842
v -45.143982 69.81433 -14.805969
v 33.033173 -10.021637 4.109314
v -31.532457 -27.911087 23.00548
v -49.410538 49.778748 -17.459686
v 50.36563 73.526306 -9.927124
v 61.73227 76.810974 -28.547363
v 14.123291 32.905334 27.570435
v 20.460905 37.96843 5.059349
v -11.010101 78.55375 -23.217804
v 50.890038 78.82347 -28.941833
v -5.9250307 -1.7333012 43.097717
v -14.59668 65.44772 -13.935242
v 14.820251 82.980774 8.297119
v -39.124054 55.02192 -17.219467
v 50.95842 80.96638 -29.28975
v -47.998764 52.40468 -6.412567
v -12.590576 69.614746 35.02466
v -0.7757988 -6.3004 47.481667
v 18.381084 -4.616536 -0.85233
v 60.47644 69.052124 -21.519714
v -2.1675987 80.19006 -25.932861
v -28.63337 67.36289 5.1453705
v 62.145386 63.91339 -8.941528
v 20.057915 -53.20904 5.2960205
v -36.03534 -7.8838806 -3.0258026
v 1.680542 86.138 24.963257
v 22.024792 57.87915 -8.562286
v 57.572426 83.32675 -28.574379
v -9.409668 71.80542 35.591553
v -16.337328 82.95073 -21.980516
v -39.185055 -44.882935 4.986122
v 31.524536 48.881638 -6.39209
v -7.1116333 15.395569 29.440521
v -50.41469 67.83179 -11.615723
v 29.012573 64.43054 0.7546387
v 13.582428 72.5742 -15.725433
v 25.835144 -7.893036 19.87378
v 12.651291 -23.54013 12.496719
v 20.00409 15.581024 4.0438232
v 22.961304 -49.74698 0.8364258
v 4.9374084 14.242859 28.328827
v 3.272583 51.907776 38.59143
v 57.070175 84.32617 -29.244648
v 58.30301 63.469482 -25.274109
v 31.247559 -26.203583 23.645844
v 21.78313 39.52982 21.847076
v 5.518853 58.675335 -17.165165
v -15.284209 40.531723 -13.033405
v 18.007019 -7.296585 20.593903
v -17.398315 42.43414 -12.569214
v 55.849335 85.084984 -28.353668
v 14.448486 81.54541 -17.751099
v -21.842453 -9.77829 9.240471
v 31.373093 -5.3916397 -0.66651917
v -16.668098 9.613777 0.6403837
v -36.348885 66.22182 -1.2093582
v -37.432495 -44.859436 3.6940308
v 45.441544 74.47104 -18.338684
v -29.830055 -53.65278 23.580582
v 52.91333 85.287994 -29.253296
v 29.013027 52.46897 15.124786
v -14.93325 10.50518 0.965847
v -11.822172 86.47097 -28.917221
v 29.477509 -37.313408 15.819885
v 49.435974 57.61664 -25.483826
v 29.012955 -40.860733 22.55664
v 53.1922 86.02228 -28.506714
v 20.760551 43.807983 -6.3037415
v 12.413136 86.55771 -29.514019
v -25.06692 -10.646423 16.622955
v -41.608154 -44.06836 15.351685
v -18.045803 -7.3744216 13.310686
v -9.441101 88.17523 -29.184204
v 62.74022 71.16209 -26.470165
v 29.502457 -22.436264 3.509201
v 25.847654 -22.770416 26.233139
v -39.876926 66.21904 -6.526703
v 25.316696 12.0425415 21.03357
v -5.150791 88.386215 17.944397
v 13.337429 87.18834 -29.170055
v 1.5318375 19.471718 -5.5334377
v -4.6900635 68.68445 37.163696
v -19.402197 10.776833 0.566506
v -44.160034 56.542618 1.8569336
v 32.82361 -27.121246 12.16803
v 25.097107 69.66003 2.3875427
v -4.428837 14.165977 -3.226328
v 25.703857 10.963287 21.442993
v 12.949387 88.06134 -29.2454
v 13.778088 88.28788 -29.431599
v 38.35522 60.15998 7.811976
v -31.050964 60.19053 -10.033081
v -0.1739037 -5.630478 48.07138
v -3.1333923 -5.4072266 56.001343
v 34.405777 -4.783104 10.234314
v -3.6243134 11.692139 30.755066
v 18.021622 -24.273026 5.812271
v 48.373882 56.21524 -23.897324
v -5.717903 85.438705 -9.56546
v -23.55072 -6.719635 20.347229
v -57.282906 54.102364 -20.34885
v 5.9110107 36.37433 -11.347534
v 17.485481 -18.575806 21.021912
v -39.457436 65.54347 -2.0632935
v -24.715813 -44.9889 18.72107
v 22.731415 -26.46344 27.421883
v 28.016941 13.914181 11.191971
v -5.7467346 43.43036 34.66679
v -30.477081 -3.8482606 -2.1397402
v -8.600781 54.248714 -13.341324
v -43.488003 50.950546 -17.909246
v -32.25744 14.288382 11.507713
v 49.85031 90.02118 -30.494995
v 39.18519 47.027607 4.624077
v 6.80101 31.31546 31.495464
v 50.625732 90.028076 -30.816101
v -9.756683 89.41188 -28.999146
v -39.11837 -45.154938 4.085396
v -41.857555 -13.585667 1.0764618
v 10.711342 83.64978 -24.639343
v -21.688828 37.011543 2.8858337
v -15.317688 91.04489 -29.273895
v -14.685955 80.86247 -21.994335
v -34.607796 -52.178177 -0.16491699
v -4.98584 47.367554 38.10785
v -6.4535465 52.096626 -11.8313675
v -18.899078 6.662739 -0.11132622
v 55.572662 83.398834 -25.135986
v 31.509583 -28.418175 23.075806
v -40.74048 60.927917 4.360718
v -38.554726 -29.982016 5.591736
v -26.36164 -6.928894 19.967636
v 28.079926 -21.021378 2.7978516
v 13.869247 -21.21605 17.306671
v 16.195072 91.53508 -29.191166
v -32.548645 3.8115845 -1.4790039
v 26.095284 16.116776 11.980003
v -58.246788 54.985928 -20.321182
v -39.16917 -28.331955 5.2519836
v 16.233994 91.88398 -28.99507
v -32.38082 -15.526404 -0.12345505
v 9.668198 10.745178 26.799454
v 3.2540069 88.727615 17.38213
v 20.500496 91.03888 -21.987732
v -2.4558067 -9.992535 55.572475
v 25.846771 -5.4791107 20.437172
v -42.434364 -10.127113 0.906723
v -33.880135 -25.447098 1.5630684
v 11.926778 75.95747 -20.095081
v 25.674805 -6.981018 20.568481
v 31.91159 -32.546402 18.110413
v -35.012375 -48.438293 -0.9212799
v -39.772835 53.668648 -18.472443
v -28.478802 60.681774 -8.763159
v 32.95864 -10.459382 3.3812675
v 7.575653 80.59216 -24.750122
v 33.039917 -0.75324726 2.357605
v -22.112946 94.19635 -28.483551
v 31.253601 59.25879 14.066772
v -30.940681 8.823776 1.2704926
v -25.617874 -41.85356 12.939026
v -22.42092 94.53386 -28.933998
v 24.508503 16.623901 11.898163
v 33.14573 -21.169485 17.018288
v -23.018677 43.389114 24.54541
v -33.24433 -18.396486 -0.41463757
v 36.751526 61.375305 -5.039917
v -38.045837 48.40806 5.8019714
v -3.706627 50.11075 -11.531364
v -39.904236 -2.397644 2.0758057
v -49.752785 -52.908794 9.917587
v 35.97616 -54.23072 -2.645523
v 50.44391 67.48851 -25.236542
v -40.606613 49.464172 -14.299316
v -17.423157 96.85242 -28.786499
v -38.301895 -6.2762527 13.845459
v 23.773125 17.357086 12.499573
v 30.91526 6.0849915 3.3539124
v -3.6947021 3.0081787 28.654724
v 24.096306 -38.376408 12.836134
v 26.121155 -28.811226 5.662739
v -25.298828 73.02626 10.315002
v -14.583969 68.09569 -20.935577
v -40.91971 -21.502312 18.078186
v 19.989166 20.46119 6.5108643
v -17.131721 70.55141 -13.722412
v 9.394231 13.175949 -0.68354595
v -29.044785 -5.698944 20.182083
v 29.459106 60.701782 -5.2824707
v -24.153175 -6.1061115 -0.5057564
v -38.49727 58.584312 -20.99237
v -52.95056 52.887558 -28.059875
v 5.036743 11.28125 26.959595
v 25.232191 -16.943027 21.528275
v 21.834251 75.02599 18.688347
v 46.595917 49.715935 -14.628235
v -27.913073 -6.026001 20.02591
v 60.640625 60.198242 -8.0859375
v -25.473106 -0.5167551 -1.9840045
v 2.1361847 26.519415 31.736374
v -1.8533287 15.5249405 -4.516533
v 10.528107 63.15161 -23.827515
v 17.12099 70.45148 -7.8979225
v -17.819115 -8.046379 10.342434
v 29.287804 -25.768799 5.444336
v -8.210693 35.888016 32.98828
v 9.013031 4.273697 22.894516
v -7.1358814 84.08582 -12.284973
v 36.663635 -52.898895 -1.1782227
v -6.332961 -7.013294 53.463333
v 17.062378 10.165894 24.234558
v 5.2445602 54.616722 -28.882904
v -7.572998 55.02643 38.663147
v -43.82831 63.67314 -25.75708
v 21.53942 14.982574 3.5819092
v 9.684662 31.969414 -4.051956
v -21.810211 75.25381 3.8480225
v -22.470234 -5.326038 0.5363865
v 4.107239 78.65436 -25.93863
v -34.420006 -38.952057 7.4029465
v -59.47393 56.14736 -28.563438
v 29.51807 13.312872 12.688966
v -6.977936 52.74866 -12.169708
v -21.513924 39.52106 -2.6858387
v -48.25209 51.066406 -24.504578
v -19.46164 56.919647 32.827087
v -33.844734 63.850067 -10.496338
v -48.189346 56.985565 -28.652771
v 26.44609 5.219612 -0.30628967
v -12.218163 65.762886 -14.431966
v -46.692383 57.919098 -28.318787
v -38.636253 63.53393 -20.65097
v -30.419891 -4.927635 20.0672
v 56.76523 61.381195 -25.963867
v 12.278535 -3.639598 4.418209
v -20.927856 73.36831 25.617126
v 20.703669 22.28455 12.285278
v -12.16835 87.07953 -26.097656
v 42.776123 67.47046 -15.50293
v 29.22995 9.701157 5.0532227
v -40.152756 65.45834 -14.208069
v 0.0861392 8.073059 33.17749
v 30.381653 61.704834 12.862793
v 6.738632 59.807465 -28.950844
v -23.930298 67.087524 -8.977295
v -46.66754 59.12375 -28.651123
v 16.947742 -35.24514 27.970356
v -24.958975 -53.009754 24.424696
v -28.634895 45.95433 4.356964
v 7.0524216 60.85733 -28.417297
v 44.85395 53.78964 5.500263
v -13.547958 65.79151 -21.767822
v -61.907223 60.9722 -28.555664
v -32.29131 -39.645275 7.5429
v 7.506721 61.262604 -28.572245
v -40.750267 53.43151 5.8932953
v 37.23352 60.38678 -8.350281
v 17.901108 -0.48537445 -1.562294
v 6.448181 21.47636 -1.7695427
v 16.007477 91.51135 -26.416504
v 21.76947 -41.831097 14.310898
v 8.450268 62.06308 -28.38794
v -31.143227 45.95192 -2.539397
v -37.682167 4.74012 2.8816528
v -61.900635 62.56771 -28.04663
v -61.68918 66.923996 -24.023285
v 10.999786 -0.12506866 2.9310913
v 56.410286 81.76947 -21.645948
v -9.792007 81.48328 -26.945496
v 0.13672066 89.37014 17.434849
v 29.491913 -23.49356 25.18042
v 10.184204 55.486282 36.978905
v -11.347717 64.629074 -28.107544
v 34.891823 -52.7499 3.4068909
v -26.868866 -16.303772 17.076294
v 9.209763 53.684174 37.46855
v -61.828186 64.59726 -28.417847
v 54.57263 74.36499 -12.338379
v -31.570599 -20.319237 0.7321167
v -4.4635925 34.878693 34.045837
v -15.206909 82.35417 4.961426
v -33.890186 -22.292223 0.4471321
v 27.138733 -10.656158 18.15918
v -20.81189 71.57216 -5.422241
v 47.019043 56.992134 0.3725586
v 24.045822 64.93555 -3.2282715
v -45.525696 66.98543 -28.032959
v 30.973103 64.81793 7.7045593
v 49.700684 62.73131 -24.321686
v 4.469963 84.956154 -8.075035
v -32.672523 -23.696968 1.8223572
v 26.991295 -6.493457 -2.6782875
v 38.910248 61.02071 -8.723007
v -42.547974 51.327118 -15.127441
v 52.183075 62.337547 -27.540154
v 45.738636 56.18106 4.1792603
v 32.830658 -12.297184 -0.06072998
v 0.23379517 77.79784 -26.9301
v -1.2389551 -5.20229 38.231464
v 16.612366 57.770195 -9.669769
v -10.126282 68.78003 -28.170532
v 17.911163 24.716858 11.285614
v 3.0895996 76.69069 34.201996
v 9.397034 81.85388 -14.058655
v -11.3875885 4.33107 22.080444
v -43.807983 68.55426 -28.49524
v -39.860157 47.998383 -2.4333038
v 18.134369 73.16653 28.210815
v -60.4852 69.2024 -28.404633
v -15.97876 72.03082 30.934692
v 34.997192 50.674805 -8.761993
v -49.49547 50.215347 -15.837631
v 18.131262 25.798828 11.716274
v -43.427063 69.864586 -28.365765
v 34.16385 44.943184 -1.8553772
v -29.957619 -40.23828 7.9446564
v -42.16455 -10.388291 -0.20541
v -40.76169 -18.672302 17.191162
v 36.06848 -50.42386 -0.8410187
v 10.075829 79.57815 -22.179337
v -18.7045 78.317924 -4.1217422
v -58.11644 72.109406 -28.940216
v -42.990692 52.526134 -22.58528
v 4.5185013 28.037468 31.444206
v 2.234375 10.126465 30.558838
v -23.215942 72.198395 23.66861
v 7.22406 85.66252 -7.504883
v -20.990494 26.849773 12.036133
v 3.266798 6.0291505 23.072062
v 22.213257 66.43768 -5.0458984
v -9.120239 72.063614 -29.724854
v 8.696655 72.467896 -28.583008
v -35.110992 64.33312 -9.898468
v -16.813232 27.503113 26.45459
v 8.44104 73.52962 -26.864502
v -28.701414 -14.64814 16.836472
v 24.991913 -1.2327881 23.002197
v -47.04098 73.09598 -26.935944
v -16.94983 31.638008 25.315247
v -9.525391 73.089294 -28.181152
v -4.779846 10.977234 30.217224
v 23.023018 55.875526 27.028091
v -55.57125 74.1019 -28.040726
v 9.457947 1.5086136 4.224716
v -51.748497 69.982056 -15.181763
v 0.050347805 65.77014 38.21161
v 19.040298 -0.29779053 24.196472
v -40.658005 -37.95019 13.110115
v 62.46502 74.10364 -29.259064
v -45.106884 65.463585 -6.381027
v 60.12433 65.89061 -23.921875
v -37.396774 -47.805176 -1.1622467
v -26.06903 -47.5101 13.255371
v 5.5913086 73.56848 -28.82312
v -9.776132 53.78946 -11.805586
v 27.082886 -52.97696 23.278564
v -20.210938 22.739075 6.002136
v -12.691736 78.81335 -21.871067
v 14.642349 47.24283 32.55301
v 20.905579 65.38898 -8.934265
v -5.5758057 84.50809 -22.686035
v -22.345848 25.24403 15.717827
v -50.12406 70.74307 -15.748962
v -58.6911 55.60252 -21.178274
v 17.840332 66.556885 -12.516724
v 39.13752 46.68843 3.0951538
v 12.894774 -30.313261 21.248669
v -40.987 -15.271047 12.6698
v -35.302002 3.7069855 -0.284729
v -30.726685 58.352295 12.609497
v 62.674873 75.410576 -28.951035
v 26.546478 -40.39157 14.579834
v 14.586548 -44.84494 26.845093
v -4.8364124 85.959114 -9.484863
v -46.030334 -53.646584 13.050842
v 52.551064 79.87746 -19.136353
v 34.477276 1.212279 8.082442
v 52.818478 76.621185 -17.15033
v 5.36668 23.379747 -4.450321
v -18.089691 -3.57975 20.982086
v -18.410126 31.315897 22.791626
v -9.626663 88.13722 2.6168823
v -6.2952633 15.296183 -3.2856512
v 41.037376 65.42366 -7.3249207
v -7.3779297 76.18164 -28.90332
v 31.614277 -46.31932 10.722168
v 45.012123 55.221718 -21.758484
v 28.305786 -4.0695724 20.12146
v 5.0998535 50.4187 37.913208
v 15.054077 54.448242 -11.525269
v -25.806046 -53.77072 19.76091
v 58.76786 57.72576 -17.344627
v -11.735123 79.221634 -12.272797
v 46.09935 74.03972 -19.719116
v -33.37887 -53.035927 1.9999084
v -32.476196 -2.662117 20.295593
v 51.86296 86.06595 -30.351543
v 1.8160305 9.552921 1.3890686
v -59.20845 58.028816 -13.827442
v -4.8464966 77.4884 -28.412598
v 30.620674 45.654495 -2.588379
v 48.273193 67.73056 -22.260925
v 27.795332 -53.08051 -5.412045
v 50.995487 78.0818 -27.492188
v -21.971752 -23.944134 5.485442
v 33.832794 0.052124023 12.91333
v 59.315765 79.60359 -28.246674
v 53.649837 60.22323 -1.7684898
v -23.696487 -20.353298 17.77819
v -7.5325623 84.37486 26.442291
v 22.017084 -7.0823975 21.124771
v 30.122694 -17.000647 18.530138
v 50.727966 80.81842 -28.46283
v 15.733501 -28.978443 25.403112
v -11.804352 85.58449 3.1336365
v 18.413635 -53.037964 31.307007
v -13.921597 71.40566 -21.694136
v -15.845852 -2.7978134 19.799
v -17.96975 81.53558 14.419601
v 50.905792 81.67954 -29.058807
v 4.0947914 84.58292 -8.73317
v 11.141755 83.045334 -29.096672
v 32.866913 -17.926483 5.897888
v 10.677145 83.129395 -29.00079
v 61.716675 66.26123 -18.84433
v -20.07011 32.767 11.917297
v -42.90796 -17.126003 8.558014
v 52.691048 59.405006 -26.824991
v -52.304672 51.04226 -18.069748
v 32.08253 44.937656 -2.389385
v 19.12497 -47.87915 30.9281
v -15.6887665 75.06801 -11.841858
v 33.69525 57.844166 -7.561676
v -48.82864 51.17639 -25.411009
v 45.882893 60.165955 -0.40286255
v -36.935272 -37.520325 7.989105
v 21.351318 68.94185 -0.50805664
v -38.171898 62.04969 -15.540463
v -23.065994 43.65909 -6.5966187
v -19.723907 25.0766 21.654907
v 18.196331 33.95761 12.091743
v -17.176147 32.933838 26.282715
v 14.406502 -39.16256 24.075064
v 27.348093 -50.210766 1.2016525
v -18.051361 74.99948 27.76178
v 19.737331 89.238785 -21.094746
v 21.557434 18.436058 7.090332
v 14.203194 -32.751614 13.27858
v 12.672714 85.939514 -28.67366
v 19.42426 -33.891064 9.8602295
v -18.251526 35.866096 -3.567707
v 53.404453 85.514175 -28.693304
v 20.400883 -45.77324 8.832336
v 54.961304 85.22372 -28.417961
v -46.635616 66.39484 -9.889008
v -40.218597 54.72209 -22.054626
v -12.2535095 33.230286 -6.588135
v 42.582764 63.614136 -1.2873535
v -7.142868 20.779106 -4.191551
v -28.701614 -6.619339 -1.8518486
v 8.592072 41.931854 34.10202
v -47.895332 -45.784893 9.622426
v 32.057617 58.83911 13.75647
v -10.202183 79.72083 -24.491663
v 40.35415 47.750534 -8.197754
v 13.062012 68.49756 34.555664
v 10.248093 67.54471 -13.569223
v 32.477486 -20.048004 17.235518
v 19.204748 35.834816 12.428549
v 14.375067 80.10984 3.139389
v -14.756729 -1.5332642 20.097065
v 16.684387 69.42584 31.509216
v 53.683563 86.098724 -27.154053
v -6.049776 0.32813263 34.28029
v -11.234452 87.54486 12.48774
v -46.214355 -52.968468 14.287964
v -48.7603 74.06137 -26.512085
v -10.236183 78.95166 -23.482971
v -14.939575 65.49634 -15.476868
v 18.869072 45.041504 28.20282
v -10.615404 -0.8303132 14.159439
v 13.631714 90.03931 -28.484375
v 31.176636 -50.851475 0.14990234
v 41.348633 56.320435 -18.51184
v -25.455313 58.32199 26.177626
v -6.9033203 86.29541 -17.14441
v 28.28064 -1.7781372 20.524353
v 11.114258 65.50958 -25.687134
v -15.4225235 34.012665 -2.8105469
v 38.889587 57.833572 -16.102615
v -48.67756 52.41457 -2.7311783
v -34.13153 -7.6326923 -2.0207691
v 29.355667 1.1190734 -0.5822449
v -22.441261 38.038685 12.606123
v 4.913452 89.38385 6.2750244
v 16.559772 91.57272 -28.60024
v -27.49289 -2.5838623 22.636475
v 1.0696106 53.5381 -14.90802
v -25.503082 -5.4487534 -0.99954987
v -40.14557 -5.910034 -1.4942017
v -44.448563 54.36336 1.679596
v 38.110535 49.07615 -9.35424
v 15.803307 92.02011 -28.988419
v -2.1217575 53.227707 -26.68753
v -29.082657 -29.356514 2.9417725
v -32.90271 -20.899529 22.18189
v 19.846313 -17.066498 20.736908
v -6.9752765 88.56989 -3.9994469
v -5.323738 85.740555 -11.485518
v 26.326595 44.628723 4.6884766
v -57.40045 73.27202 -25.917114
v -39.771698 -44.387848 4.5266724
v -13.267212 23.620728 0.042785645
v -14.6082 80.37069 -7.179508
v 12.542113 71.282295 -20.983364
v 24.139282 64.375885 23.625305
v 34.02851 -51.328747 8.121384
v 15.220977 -40.035305 25.909594
v 62.13166 61.885902 -16.492249
v 1.6782227 74.08984 36.33838
v 27.753563 -50.442726 -5.642517
v 17.719776 93.060165 -29.004818
v -21.40836 -32.271477 12.481422
v 16.80577 92.75026 -29.156967
v -42.463615 -18.013779 5.3084717
v 7.269867 82.739075 -12.580811
v -46.02768 50.96953 -23.405182
v 13.548074 -9.461895 13.81386
v -31.991287 -31.250488 3.4467163
v -1.9550018 41.20105 34.35283
v -2.3775482 2.4930573 27.926895
v -22.56842 -8.196022 18.075623
v -17.024239 -1.918335 21.943268
v -40.775158 -2.096805 5.886612
v -36.870735 -11.016251 -2.6319427
v 1.2052937 4.8965487 13.160524
v 21.394321 43.677986 24.148914
v -3.301281 47.937393 38.135666
v -15.948034 82.06177 -21.377605
v -14.785034 82.304504 -20.578644
v 31.828186 59.40557 -7.0382843
v -50.390106 51.55249 -26.358337
v 18.95448 94.1215 -28.709118
v -41.636444 67.42169 -25.208801
v -12.826561 6.166313 2.65773
v -27.469727 -45.52021 10.449097
v -18.244385 43.081482 31.518555
v 45.699036 72.7894 -19.455475
v 11.807022 -1.4638977 20.208405
v -2.2640686 0.79901123 44.96704
v -14.191284 95.44937 -28.135864
v 23.21005 71.25311 3.5344238
v 41.87869 49.092133 5.0389404
v 16.379337 -29.674208 26.511887
v 13.656354 -8.990221 14.679451
v -21.418 96.636665 -28.394165
v -12.384186 22.174976 -1.2991562
v 25.036026 -32.915398 9.018387
v -1.963146 -5.993347 43.768116
v 20.57213 -42.730896 12.3442
v 18.468868 -20.994 24.076818
v -39.607635 0.10252714 3.0391846
v 54.590454 75.49602 -16.569763
v 24.046474 -41.769257 13.904907
v 33.01561 -29.374516 18.724503
v -3.7323532 5.4607024 3.0062485
v 32.02539 -23.583603 22.530273
v -39.535637 -39.276855 16.078735
v 14.234592 -20.53464 16.343414
v -36.25747 -29.231232 3.9473114
v -49.53595 52.80786 -27.941345
v 15.746948 -6.0175934 1.2762909
v -43.474243 61.03723 -24.398193
v -13.724987 0.13394928 20.299545
v -41.903076 -52.960064 16.509644
v 49.66867 83.32393 -27.515106
v -53.05957 -52.077576 7.123657
v -15.399353 17.859211 0.7671623
v -41.75305 56.9451 4.900635
v 38.997833 61.77753 -14.111823
v 1.8522835 53.041626 -27.411377
v -34.72538 -6.412834 -1.981823
v 23.997322 67.399864 22.110596
v -55.13513 53.807068 -28.883636
v 1.6635132 49.835052 38.568703
v -13.090271 34.64972 -8.9071045
v -47.383545 54.075485 -28.544342
v -18.816875 31.174374 6.354927
v 24.767273 -46.10443 5.20874
v -21.096123 -25.22499 12.696045
v 33.667946 -8.627518 10.297913
v 35.789597 -53.17452 -3.2337742
v -56.535877 54.05588 -28.009174
v 28.753708 11.507965 18.690918
v -10.079864 79.129944 -23.998327
v 16.5197 -0.53666687 23.698456
v 15.459961 33.134766 25.513672
v -58.36697 55.27258 -28.163137
v -42.561874 -52.387016 -9.412297
v -18.686523 33.506866 23.748291
v 25.087547 12.187683 3.3004456
v 16.664413 -18.612518 10.01239
v -38.37805 -53.10614 19.09436
v -26.13617 -51.222595 13.526123
v 6.067526 83.65472 -14.76123
v 17.733582 -0.16572571 23.858162
v -24.92449 -44.099976 16.024017
v 29.50592 57.95923 15.0234375
v -12.432175 78.39438 -16.491287
v -24.972458 -34.823547 7.7899933
v 14.409821 -34.635704 14.278046
v -21.685257 -25.550413 5.7355957
v 10.339874 64.254395 -22.069336
v -39.578613 -53.44713 16.94226
v -40.531403 48.02229 -10.705292
v 32.744225 -10.700192 8.593369
v 24.415573 -0.08163452 23.301025
v -20.7182 78.32678 18.150635
v 3.1893158 37.27449 -11.385498
v 18.157112 -18.815697 21.743042
v 2.4682312 34.898285 32.404766
v -28.064241 48.582886 13.258987
v -35.82168 47.46161 -8.722534
v -26.877258 -37.337402 22.004223
v -14.497471 82.67291 21.237732
v 12.4272175 65.02315 -22.44934
v -2.4830322 37.95398 33.31546
v 14.057861 33.782104 27.593994
v 44.063965 49.4934 -13.8532715
v 50.939316 85.80151 -24.099487
v -38.529804 66.0416 -8.908791
v 43.562523 47.199547 2.3185272
v -38.000473 3.4205773 2.5887756
v -8.421211 61.466827 -28.015623
v 15.649597 80.91614 22.484741
v 16.040293 -17.830566 14.254395
v -50.06971 72.23112 -19.323456
v -26.356995 -10.475098 2.3146973
v 33.501648 1.6294525 4.4119263
v 20.492392 -45.047543 10.0700865
v -33.482555 46.855347 5.5161743
v 47.94547 75.56233 -15.650024
v 22.720215 -29.082397 28.432526
v 5.426529 87.06279 -7.65477
v -39.275894 59.45233 -22.204529
v -45.014404 -52.20688 14.732422
v 33.47587 -53.195404 8.830811
v -38.35018 -44.64331 3.2354584
v 8.701252 63.10007 -28.457458
v 31.541061 -46.102222 9.56084
v -23.9917 -21.59314 18.397736
v 34.21068 -48.490746 2.949997
v 25.683289 0.5827713 22.960632
v -25.660645 -48.89995 14.20874
v 27.733477 -49.6213 -2.3578339
v -27.14383 -44.460052 22.874481
v -47.788048 50.147305 -15.884553
v -33.69371 66.28045 -0.8846588
v -20.386076 35.63318 14.597813
v -31.605835 16.194435 15.56604
v -34.94371 1.8972855 -1.2714996
v -31.941818 64.57056 5.810791
v 2.7629013 56.12388 -17.063858
v 55.40605 65.274826 -27.947632
v -11.313965 65.61145 -19.755615
v 16.201752 -38.596832 27.990967
v -9.600296 82.27081 -8.310837
v 58.357193 65.29422 -28.53746
v -1.2200012 89.80354 -7.2474976
v -53.252808 52.226772 -25.713165
v -43.384308 70.611336 -25.292011
v -52.272125 52.385727 -26.450317
v -36.234375 56.781128 9.996246
v 9.06546 83.454346 25.1875
v 21.510033 39.677135 13.939762
v 19.556723 -48.05115 5.159913
v 15.416248 -18.2714 16.986336
v -12.025269 25.097847 29.858398
v -19.601696 56.000984 -11.532612
v -44.71985 67.06079 -26.999512
v -23.431118 -9.242027 17.864601
v 19.714401 41.645164 -6.079773
v 57.87294 82.92609 -26.182617
v -60.703476 67.83808 -28.539429
v 2.3597107 88.75873 16.274033
v 10.244179 86.7016 6.069031
v 8.77153 68.043915 -27.772888
v 54.97081 57.533463 -3.3730087
v -24.660034 -49.575623 15.477417
v -33.470577 63.069054 -11.475005
v 52.98813 66.864456 -27.634033
v -33.190033 2.4835358 -2.0290985
v -5.3262024 55.592133 -16.046204
v -40.034607 -35.822365 14.5581665
v 11.2940445 55.482212 37.067528
v -28.143616 -53.143616 18.217041
v 38.885506 46.58574 -7.5644226
v -37.3431 49.49388 -12.628357
v 11.738931 77.76462 -17.052084
v 28.284012 63.63159 -1.3811035
v -45.174316 68.3642 -28.53064
v 0.1876831 89.414795 -4.8250732
v 33.943573 48.840168 12.040151
v 24.291199 -23.681366 26.540543
v -12.361603 50.897095 -14.689392
v 43.880585 53.574005 -20.489197
v 4.4414062 77.72905 33.82007
v 23.08191 -47.49008 3.5466003
v 5.212221 18.594126 -2.0120456
v 7.8923416 38.991196 30.98428
v 61.46982 60.10135 -13.7951355
v -45.492737 60.25464 -27.533447
v -4.6418414 6.5248413 1.1606979
v -39.610535 -1.436058 12.339478
v 50.19687 63.552277 -25.316925
v 8.579514 70.369736 -26.88527
v -23.766052 58.06377 -10.77359
v -60.10694 70.098595 -28.130127
v 19.86 -6.100189 21.538666
v -3.7182007 19.519993 -5.2091255
v -32.6026 -30.368282 3.433014
v 56.40531 56.470978 -21.443512
v 51.55664 72.11731 -26.51709
v -59.202164 70.94547 -28.03418
v -39.49492 50.873672 6.3466187
v 11.850818 -26.318853 15.432533
v 15.19422 -34.872704 26.20382
v -31.474365 -44.056168 8.350952
v 15.195068 64.61163 -10.245361
v 8.910382 71.03059 -27.717865
v 41.370174 45.841946 -2.1760254
v 63.144875 70.87767 -27.591003
v 1.6113262 22.62565 -5.5946054
v -45.568993 72.424255 -28.416718
v 12.246887 27.846643 1.2841644
v 9.062393 71.561134 -28.58551
v -58.650223 72.159424 -27.716919
v -39.43239 -31.833408 7.9175873
v -51.554657 69.53674 -13.786255
v -12.505737 64.851074 36.549133
v 13.824812 80.085724 -2.03582
v 34.702103 49.45211 11.716848
v -26.592896 73.28714 12.699844
v -14.748047 36.47718 27.940125
v 12.23663 -7.9123516 13.889346
v -57.99513 72.788124 -27.774872
v -56.846085 73.14311 -27.711182
v -34.48944 45.728867 -2.5996704
v -46.101273 72.97586 -27.43737
v 24.750843 63.219498 20.410156
v 40.18199 56.31182 -17.997269
v -17.770111 21.706268 3.673584
v 8.581178 81.076256 -7.7045097
v 29.28003 45.457733 -1.9221191
v -9.350098 73.93361 -27.402832
v 33.45416 -19.68427 9.315447
v 14.674797 -25.843317 23.281677
v -28.868088 49.476936 12.426735
v 44.698166 62.382538 -1.0816345
v -22.041138 -24.300339 15.073456
v -27.537289 -27.531544 22.329113
v -19.754257 47.192017 30.776001
v -12.173645 80.80084 -18.838013
v -46.467804 55.147316 -0.39559937
v 10.67511 20.126318 27.776031
v -16.529488 33.77684 -0.91619873
v 33.83969 -2.5801773 3.1765137
v -6.0188637 57.15289 -22.613113
v -38.38794 -32.49173 20.841675
v 24.60962 -47.775055 1.1965332
v -44.371323 65.549034 -8.59391
v 9.977127 2.6197662 20.568054
v -50.979885 74.18609 -27.286285
v 13.263824 83.23118 5.07312
v 35.199924 44.951496 0.8921051
v -17.27893 35.277863 24.398438
v 62.545162 74.118164 -27.46872
v 57.287994 73.803894 -17.95224
v -9.334351 74.56259 -27.27069
v 14.841217 82.97379 16.137695
v -59.13089 59.830658 -12.816635
v -37.899063 62.68428 -14.917175
v 3.1643696 53.800003 -14.076291
v 27.225525 13.4486885 6.4050903
v 19.656868 6.95335 -0.69542766
v -40.81703 -2.87117 4.448181
v 0.21632767 89.29712 14.42334
v 30.661997 65.02557 6.471161
v -14.486523 66.109314 -17.77484
v 2.413025 85.05049 -8.590042
v -42.8164 -50.939575 -7.534416
v -43.240845 48.301712 -11.131538
v -34.91156 -43.75554 6.555023
v -17.381226 72.771454 -9.386017
v 30.877808 46.53067 -5.741028
v -9.452929 80.27998 -26.319008
v 6.3434114 38.77243 -13.18811
v -21.91278 67.41092 -10.56134
v 24.791193 -44.87542 6.2960815
v -2.3646393 17.569183 30.488815
v -36.673096 -41.32495 9.251114
v -35.02127 -11.983311 -1.7888031
v 2.9151917 60.200523 39.309128
v -24.106573 50.73916 -8.751427
v -1.3078213 -5.5281935 37.033516
v 40.689438 -52.686874 6.7571106
v -35.345825 5.1599274 19.619629
v 54.360203 83.83417 -21.446411
v 26.544006 64.63277 15.621826
v 27.4077 2.6554565 -0.9392395
v -42.894993 -43.603725 9.872513
v 3.920601 84.61948 26.588196
v -19.127834 36.52837 -3.0253448
v 28.722534 62.970398 13.66272
v 56.12268 80.76407 -19.804443
v -24.532516 73.06845 0.5282593
v -47.631615 68.87787 -12.527344
v -29.639465 -45.504147 24.509827
v -13.239891 77.96049 -11.557388
v -40.45442 -31.115007 7.592381
v 16.045235 -7.4191837 2.2088623
v 42.224297 47.742462 2.9482117
v -13.138062 -0.55485535 9.4453125
v 49.0225 53.999798 -3.82584
v -18.314919 39.827724 -10.095146
v 45.834747 61.577606 -19.686676
v -44.220284 71.37754 -20.833893
v 24.343128 -26.918274 27.61502
v -12.331921 66.838745 36.166992
v 11.149672 82.22198 -28.588863
v 2.455042 3.478471 28.742907
v 49.282806 81.783615 -27.40857
v -39.071613 64.18016 -13.8684845
v -43.56169 -51.077618 -0.310009
v -21.161545 76.33186 -3.2339745
v -21.084866 12.507614 1.0130234
v 21.113266 9.32077 24.67871
v -41.847885 -20.881735 5.2124786
v 10.248844 85.9068 2.4762573
v -32.9765 53.488586 11.45932
v -10.053528 84.69678 -29.175049
v 11.417611 82.65964 -28.24422
v 5.2609863 48.25287 37.01367
v 21.224152 3.3265076 24.775887
v -28.493774 -45.15262 9.384766
v 0.32269287 30.31031 31.4558
v -27.544434 -8.640076 18.21399
v -9.311584 26.864578 31.510315
v 49.939972 84.28302 -28.250854
v 33.58258 -50.053833 -1.0712891
v 41.923946 45.854965 -0.7876549
v -45.830513 72.4371 -23.898056
v -6.479065 37.54425 32.8002
v 32.56269 -32.202198 19.27656
v 35.723236 53.50975 11.946381
v 6.789238 83.675446 -14.855347
v -36.572968 9.132553 14.111511
v -41.658257 -6.428467 1.3765259
v -8.932602 85.30571 -28.674065
v 5.2656555 80.284546 -24.404053
v 31.738098 45.504333 8.62439
v 4.9195886 17.089533 -1.534471
v 26.069416 -11.138466 -1.408412
v 54.05587 85.41465 -27.731857
v -19.59008 7.674305 0.04224205
v 23.850935 3.388093 24.436253
v -16.480385 75.22107 28.095062
v 20.867182 -25.828087 5.434986
v -17.952393 38.30597 -7.32666
v -44.797104 64.77582 -3.5057373
v -19.075287 40.774727 28.772858
v -4.2551765 5.8895545 9.585472
v -29.020187 61.69812 -8.825226
v 8.941742 60.319824 37.988983
v 20.019684 -53.519665 28.806732
v 9.680206 85.41251 -27.852417
v -40.604263 -0.5970869 4.6122437
v 47.42338 49.462753 -14.071472
v 14.475098 36.813515 25.46521
v -4.912842 18.133057 29.924469
v 15.768967 76.0025 28.459229
v 21.453411 40.0317 3.0729046
v 13.26355 87.79901 -27.81128
v 25.15335 -29.893808 28.090105
v -24.041471 -24.182104 19.025658
v 4.163826 5.635647 21.53621
v 12.318916 75.91919 -13.47876
v -25.834969 -12.463272 14.514847
v -40.149155 64.303375 0.96466064
v -27.085968 66.496414 20.760284
v 23.133606 69.164154 23.268219
v 26.315247 -20.394379 25.24681
v -14.329987 40.21068 30.643158
v 34.450134 47.091736 -7.7801514
v -0.027797699 52.5401 38.119507
v 33.473206 53.95607 13.969879
v -2.2463453 89.02314 -3.5699048
v -19.087704 60.22371 -12.130798
v -45.21701 65.5665 -4.664673
v 16.61272 -40.95986 17.082157
v -32.970608 -28.456623 3.6705093
v 9.358833 64.0602 -15.317244
v 9.793083 66.99277 36.045532
v -42.9702 -52.76715 1.4638672
v 20.2733 67.410736 -6.56546
v 37.577515 55.102333 10.48645
v 48.76767 75.13205 -12.212982
v -41.39624 -20.197754 16.179443
v 24.987118 46.039627 13.391129
v -41.783478 65.4523 -4.104309
v -32.59497 55.907608 11.655968
v 11.3134 66.44608 -11.441849
v 51.52893 57.4021 -3.0639648
v 28.158325 -31.204681 8.087036
v -35.299072 -10.131527 15.247681
v 14.764854 79.80988 -19.662682
v -3.302598 -4.6182733 38.219063
v -12.352417 93.864914 -28.129456
v 23.933578 70.16774 1.5915833
v -33.827362 57.493023 -13.555954
v 15.289499 94.85665 -25.255737
v -14.266746 74.89437 -18.552292
v 11.167114 66.59839 36.161682
v -48.49771 -49.283722 4.8628387
v -35.03841 61.45436 8.344831
v -25.827888 -11.349625 15.578339
v -36.093098 -44.552216 4.7489624
v -34.48407 6.474945 20.00415
v 9.488075 65.10805 -20.337616
v -3.264667 78.46232 -26.829504
v -63.328613 63.861755 -24.698364
v 35.80661 56.053642 12.012238
v -40.417927 -35.169613 11.615448
v -5.9521766 6.1845107 19.670752
v 60.845078 67.53589 -22.778198
v -32.215385 -23.751648 22.651443
v -22.871094 -31.027344 7.4277344
v 19.744102 -34.207275 29.216476
v 1.8796549 42.686844 -13.555057
v -17.650902 0.37229347 0.7651901
v 18.665476 93.74046 -28.26428
v -48.841354 54.227417 -2.556656
v 19.400116 94.23039 -28.236526
v -7.2288933 15.76727 -2.1710835
v -22.319529 94.54413 -28.26648
v -24.225464 -49.495117 16.421143
v -3.5478058 -6.072831 48.673782
v 44.79289 74.16642 -15.100632
v -1.089447 54.82863 39.266235
v 19.107971 94.580414 -28.699371
v -2.3583283 5.1238923 3.1935768
v -25.814804 47.3927 -5.0928955
v 36.340664 -53.863956 -2.980025
v -12.081329 79.224335 -22.48877
v 20.268314 94.80963 -28.184753
v 43.76297 70.46147 -9.694305
v 5.1433 21.956816 -2.5608177
v -16.507141 47.259064 -14.579575
v 6.252159 59.417664 -16.733582
v 61.376945 67.38825 -25.571442
v -25.656197 -44.608307 21.544067
v -11.650224 78.48266 -19.365738
v -31.499268 63.65326 -9.1883545
v -13.641699 -1.8338604 19.240707
v 12.493652 70.118576 -22.243042
v 13.717434 -5.397772 4.1086884
v -17.631927 97.06563 -27.588135
v 2.6020164 5.9252377 21.014618
v 2.7368612 89.1762 -2.0093994
v -61.154465 68.47002 -23.991272
v -12.275197 85.576355 1.964471
v 39.779785 67.18212 -14.001819
v -26.068802 -5.9942017 20.874542
v -2.7867737 38.950928 -10.440643
v 36.151352 47.72277 9.396362
v 22.325897 72.60742 21.901001
v -46.630142 50.428673 -21.384354
v -49.529236 54.534943 -6.979004
v 9.820671 64.86832 -15.521805
v -51.30617 -52.7777 -6.4233537
v 24.293549 9.514923 23.38565
v -35.854065 -28.50496 22.520386
v 17.37085 68.68759 30.95581
v -37.43109 -20.109314 21.488403
v 24.675468 55.848145 -6.499756
v 34.347473 46.75 8.461426
v 23.06549 -51.853302 27.55835
v 0.9471359 84.659225 -18.148407
v 27.974335 45.179993 -0.4175415
v -30.065521 -36.307575 23.210445
v 49.091553 49.292168 -14.203987
v -35.001923 11.59761 8.158081
v 14.791046 34.410164 -4.866699
v 57.880676 79.0126 -20.863647
v 32.34372 5.0393295 5.145874
v 32.882416 47.56306 -7.5171814
v -21.932007 71.80827 -3.8326416
v 32.137085 -47.099976 3.1881104
v 0.15309143 88.751785 -3.4823227
v 13.780777 80.832794 -3.66687
v -57.45893 54.671986 -29.29453
v -39.971825 1.5888367 4.421997
v 14.471252 38.00869 25.815613
v 33.207928 -27.659115 17.930191
v -41.09516 65.39067 -12.842842
v 17.365921 58.608055 -10.224625
v -59.17053 55.522377 -27.754469
v 12.883942 -0.659417 21.326643
v -29.494732 61.039207 14.067059
v 5.300583 75.10922 35.09027
v -30.378805 59.375927 16.341297
v -3.402771 76.5773 34.582657
v -41.805176 52.755478 4.027649
v -40.36479 -47.233547 1.455307
v 11.416122 77.9745 -14.554993
v 28.836792 -25.795227 26.201538
v -60.505787 56.97057 -27.383774
v 41.26616 47.16716 3.429535
v -47.319336 55.87152 -26.56543
v 19.38013 35.297512 3.5956116
v -40.904144 -29.770702 7.2160034
v -15.253638 55.962353 -11.966671
v 23.152184 -31.746307 28.87429
v 5.280487 19.22934 30.448517
v 48.33285 82.344406 -24.872507
v -60.601654 57.814514 -28.418396
v -7.6059875 58.66626 -28.135437
v -31.60101 0.3280506 -2.1675673
v -41.762867 -26.73482 14.726708
v -36.51953 -53.0009 -0.1451416
v 6.573433 57.424408 -28.53505
v -60.88705 58.041668 -27.157078
v -48.132614 53.115158 -2.1299477
v -45.904236 58.175842 -27.075623
v -28.42456 9.633209 23.935852
v 51.11513 76.354454 -17.572857
v -5.481598 83.73018 -23.179932
v 25.462471 44.648567 2.3623657
v 1.9589882 7.5254364 3.434143
v -46.81917 73.05168 -23.310883
v -3.4997406 85.24953 -17.781982
v -47.48314 61.905334 -1.891449
v 4.741103 6.857898 24.297564
v 29.089218 -45.743477 21.92395
v 21.65659 -20.313354 24.776733
v 32.22376 -48.818493 8.053272
v 7.2939453 59.50775 -28.116364
v 10.583595 82.01929 -26.26709
v -61.983284 62.032562 -27.145538
v 24.468857 14.883575 4.9346313
v -1.9868774 83.65637 -21.387573
v 7.475797 61.552074 -27.783293
v 10.513412 79.39909 -11.652496
v -20.495972 -0.8945255 -0.17532349
v -38.70688 -48.046112 -2.2901611
v 7.852883 61.976246 -27.831802
v 27.73236 9.984619 20.96466
v -53.41993 73.9209 -22.895996
v 18.621483 -52.0748 32.03124
v -44.26581 59.64837 -25.39148
v 19.481411 2.8798606 -1.9418344
v 8.578799 62.3215 -27.479862
v 50.72402 62.508064 -27.983948
v -42.086487 63.782043 -0.60595703
v -24.8345 41.766163 11.31629
v -16.654434 80.519714 -2.2029114
v -33.2977 10.925186 20.203308
v 2.0800323 84.77138 -15.558472
v 12.236099 59.103554 -11.913742
v -45.403427 49.05237 -5.2960815
v -10.843903 68.04605 35.72525
v 50.607044 63.053925 -27.882881
v 24.382359 53.808548 22.257145
v 8.518856 54.74997 -12.272234
v -49.19414 55.729614 -2.8349
v -2.379631 -1.2556152 30.587952
v -19.999634 94.26526 -25.233154
v -41.86525 -24.23102 14.806862
v -62.26596 63.629036 -27.625183
v -24.602798 74.3332 9.600403
v -41.92505 53.936993 4.9157104
v -39.32404 66.26233 -4.742981
v -12.510605 65.67569 -19.436523
v 1.7380447 3.0966797 37.227173
v -40.031647 54.194603 7.545288
v 53.104755 51.57697 -13.013964
v 17.876402 76.825005 -2.8264122
v -44.929195 51.919807 -1.1065903
v 31.827362 -13.023407 -1.0690002
v 39.86462 46.08255 -5.2024536
v 20.133682 -45.282978 10.667313
v -25.116943 11.113831 0.6145172
v 27.532227 -28.5392 26.942139
v -61.481506 66.539 -27.780762
v -44.92456 66.06285 -27.371216
v -59.65161 56.667046 -25.110283
v -32.39266 -17.413012 -0.8492074
v 43.06705 72.44232 -17.443844
v -17.48352 57.366783 34.81018
v -10.247803 82.71118 27.118652
v 35.528732 44.945763 -1.097476
v 27.183899 10.677414 20.933044
v -0.67041016 83.94653 -20.393188
v -17.115608 62.988617 -12.215515
v 33.50049 -9.574532 9.282196
v -5.158325 49.04138 37.78932
v 35.225586 -53.39112 13.493408
v 49.75829 52.746582 -5.6088257
v 23.656727 69.61713 1.2191963
v 17.348328 69.276 -11.722839
v -32.50126 12.031762 20.1394
v -43.41748 -52.01499 -8.334076
v -16.45105 17.63507 26.575928
v 30.877777 9.9705925 10.266098
v -60.89734 67.62338 -27.535889
v -40.148735 -21.219315 2.8172913
v -10.981689 69.20642 -27.321533
v 2.6576538 85.692154 -8.193314
v 10.079338 -0.04005432 5.686714
v -6.8558717 56.312836 -14.9468155
v -40.83844 66.53076 -24.273132
v 10.799255 85.66144 14.087036
v 46.22557 49.701797 -3.969284
v 49.22332 50.834755 -18.397919
v 25.741608 12.374069 19.774658
v -43.42325 69.12924 -28.673584
v -22.936035 15.671387 23.857056
v 52.67691 68.09402 -27.443024
v 62.530575 68.59982 -28.164272
v -37.245056 -1.0433197 16.98993
v -4.0211735 10.211757 -1.5656223
v -48.754128 55.42968 -1.7296829
v -29.78662 64.29272 12.050858
v 4.5686145 11.991859 0.19389343
v -43.69582 70.62766 -27.691467
v 12.944184 -52.935055 26.185146
v -0.59765625 87.72241 21.624023
v 10.579041 80.4592 -27.343475
v -31.440674 12.63327 20.228271
v -42.655174 -53.786232 -8.887077
v -31.96982 -4.3064766 -2.6341524
v 32.081757 -1.71698 16.123474
v -15.016151 81.30823 -6.875473
v -45.958595 49.89363 -16.664917
v 3.1863308 1.0451965 35.08844
v -10.944628 16.780893 -0.8187413
v -9.375916 71.22168 -28.448425
v 58.982018 80.92606 -26.398956
v 28.215254 -51.088528 -6.133232
v 62.998558 72.68504 -28.062378
v 22.201233 13.434326 20.112915
v -16.015137 81.64824 3.255005
v -18.722649 61.50113 -12.209713
v -5.7006226 30.951202 -8.67289
v 17.67926 -52.389103 12.606567
v -11.627441 72.84314 34.237305
v 13.901154 20.332214 1.6955872
v 23.638672 71.55658 17.04889
v 29.083044 57.929825 -5.450409
v -57.383564 72.34067 -21.461964
v -1.8239136 31.860596 32.4769
v 37.584076 47.924385 -9.133751
v 36.786007 -52.231945 -2.0768223
v -49.30786 -49.8584 0.8232422
v 4.2556496 21.907772 -4.0814285
v 58.2959 61.236206 -24.017578
v -10.744511 54.548058 -11.932455
v 13.717888 -33.895866 15.230743
v 17.150198 38.81827 25.212395
v 7.152466 74.037796 -27.609009
v 48.46694 62.87293 -1.995792
v -14.989532 4.5740356 24.58728
v -53.718906 74.37639 -28.48175
v -39.861572 -15.37709 1.0637817
v -18.706223 81.71742 16.21518
v -32.087646 -6.760582 18.291931
v 7.243103 83.73212 26.048828
v 14.385284 40.45173 30.644196
v 26.947098 -22.863586 26.323448
v 11.961914 69.340576 -23.321655
v -13.836655 66.16124 -22.194489
v 7.6939697 75.12836 -27.551392
v -37.94348 60.255127 8.005493
v 26.083504 68.91382 11.899353
v 26.362326 -53.24565 5.217407
v -29.049347 9.505844 0.13827515
v 13.886868 -53.356674 26.533936
v 62.531418 75.766335 -28.437134
v 24.965382 48.472443 16.23774
v -26.899452 -32.479645 4.644575
v -38.1274 -13.661224 -1.778244
v -8.795898 75.76279 -28.305481
v 14.881029 -18.829134 14.888962
v -28.272476 70.65204 12.685608
v -11.726291 0.20118958 17.435417
v 11.971813 -29.091595 16.39188
v 5.7558594 76.502625 -28.210815
v 6.3708954 5.6170425 2.93013
v -4.163513 57.687958 39.33867
v -40.600372 -53.534325 0.27557373
v 28.077847 -10.92463 -0.72322845
v 3.8050537 80.97894 -22.259003
v -9.966678 54.211674 -12.152255
v 0.97871 77.34943 -27.391235
v 1.7053223 76.74762 -28.524658
v -41.59828 -49.42034 -5.609833
v 16.603436 38.592255 25.925514
v -5.5288315 -11.945801 56.09517
v -21.707123 -19.20183 9.027433
v 13.122314 49.343826 34.36029
v -6.8256226 76.72009 -28.62268
v -45.83612 -44.844376 10.126862
v -5.7893066 78.1604 -26.55481
v 25.663757 70.13004 11.075722
v 39.783512 65.121635 -13.637569
v -39.33493 -16.087086 1.0355225
v -2.9414062 77.75235 -27.075348
v -43.81063 64.782715 -2.743164
v 26.486761 -5.2419105 -2.4798062
v 1.5715485 77.58037 -27.051392
v -5.2090454 0.0040283203 42.7677
v -22.46347 73.98961 -3.510376
v 19.226294 -27.01233 5.97098
v -27.300743 -29.682276 22.099024
v -9.354736 6.352234 22.181213
v 51.072815 79.63916 -27.931335
v 59.22216 80.957924 -27.949493
v 10.621735 81.7262 -28.35028
v -25.271696 6.925621 -1.454195
v 49.287598 80.01697 -26.672974
v 34.03595 -50.645386 8.49231
v 9.92215 80.76367 -27.20337
v 14.483749 -4.901123 2.6562653
v 32.384586 -30.681355 18.46521
v -44.28775 50.816223 -14.115906
v 51.213028 51.819946 -18.457214
v -41.621918 -46.41632 2.0604553
v -41.287655 65.30242 -13.320778
v 8.666016 34.357544 32.59204
v -7.883667 78.89868 32.562744
v -37.717316 -3.7307281 15.805725
v -6.1688232 33.288925 -8.196533
v 8.737793 76.70532 31.957336
v 61.407803 67.84918 -18.668064
v -25.158049 -12.6003 14.101151
v -20.690765 76.920296 5.4151
v 18.867783 34.89646 5.3973694
v -7.5859375 21.363953 30.71164
v -41.09893 -27.565193 7.4849243
v 33.634888 59.990906 -7.495117
v -38.308044 -4.494732 13.689331
v -25.88147 67.5974 21.5083
v 56.907776 83.846 -27.936523
v 57.440567 83.53061 -26.915405
v 8.4822235 58.964966 -13.330994
v -40.32614 -31.621178 18.402466
v -49.971848 -48.516933 9.557594
v 31.317657 7.889862 15.999268
v -22.240284 -35.77941 14.784584
v -11.584488 85.46665 -4.427002
v -45.42256 52.7105 -25.379745
v -5.9867096 89.49294 -6.935211
v -25.586456 73.28316 -0.7953491
v 49.403366 84.829956 -27.48816
v -28.262115 5.7222595 -1.7287731
v 26.571814 -23.400421 2.832919
v -9.737098 79.77102 -23.926954
v -54.81482 72.6358 -21.145264
v -48.728638 67.29138 -10.640991
v -24.855858 70.6936 -2.2138062
v -47.665634 49.657757 -19.565552
v -15.096588 66.67283 -18.258728
v -30.783112 13.618103 20.682373
v -36.75479 64.429825 -11.3949585
v -11.814362 55.75656 -12.8252945
v 8.853687 28.497028 -2.878662
v 19.659966 1.1419067 24.631214
v 37.39627 62.43982 5.307373
v -25.580994 67.85336 23.779175
v 14.578896 81.703926 7.3106537
v -32.963837 65.53119 3.6906738
v -14.966309 71.91522 31.8396
v 11.133575 76.64279 -23.493408
v -12.120361 93.94824 -23.386963
v 48.467224 69.0332 -5.3865967
v -55.52495 54.832024 -13.9479065
v 27.896484 -15.58186 -0.942749
v 17.017883 -16.579288 16.875946
v 30.000977 -47.29657 3.8183594
v -25.565765 -16.741215 3.9560852
v -19.752975 78.5437 6.38916
v 19.780205 -35.3881 10.205135
v -26.331434 54.784756 -9.383198
v -32.86432 -31.045166 4.0186157
v -20.318481 17.910187 2.407013
v -13.514324 78.084595 -12.824204
f 12488 5079 1219 
f 5957 386 4280 
f 11960 1074 429 
f 9734 5904 11995 
f 9734 10302 5904 
f 9734 3303 10302 
f 3303 6956 10302 
f 11473 1660 7833 
f 8184 11636 805 
f 9506 10402 2786 
f 10302 8441 5904 
f 6305 8518 6355 
f 4224 5695 4801 
f 1405 1290 1525 
f 10002 8251 11815 
f 1 6783 2138 
f 7697 11194 2167 
f 6382 2 11913 
f 6382 8822 2 
f 3609 3821 3383 
f 10042 8881 5799 
f 4375 441 10925 
f 3534 8232 5365 
f 7053 2716 7812 
f 2295 6305 4103 
f 11403 10957 119 
f 11403 4918 10957 
f 4438 9403 1360 
f 7269 1311 5720 
f 1130 968 4074 
f 10960 10815 9028 
f 6692 4843 3838 
f 10536 10815 10960 
f 6015 2081 2829 
f 6123 731 8559 
f 6744 1807 9066 
f 5718 9504 1562 
f 4010 9644 887 
f 10338 9532 10248 
f 9122 7075 5428 
f 2716 9121 9613 
f 2053 7053 708 
f 7473 8307 8311 
f 10319 9122 5428 
f 6347 5933 6349 
f 9849 5428 7075 
f 10579 12249 8905 
f 6974 845 8958 
f 344 12067 11676 
f 12378 9946 7862 
f 10599 11647 1250 
f 10012 6405 165 
f 221 2822 113 
f 9621 1531 10535 
f 1315 7050 4039 
f 1407 7084 6336 
f 10030 9078 9680 
f 1136 1244 773 
f 11302 11712 8708 
f 11390 11165 4466 
f 9855 4523 4561 
f 12121 11320 10222 
f 250 2614 11005 
f 7912 312 11379 
f 8992 793 8268 
f 8735 4982 421 
f 10533 9807 11600 
f 11600 11270 11263 
f 10284 4172 8792 
f 7476 4039 7829 
f 4956 10965 6772 
f 9255 8876 1328 
f 10800 108 6260 
f 12200 11073 3867 
f 11600 9807 8933 
f 9200 8336 8927 
f 7522 8342 6985 
f 5242 11983 9861 
f 8225 9689 9365 
f 8336 8334 8927 
f 6639 11972 10363 
f 8071 8336 9200 
f 9200 7522 8071 
f 7522 9200 8342 
f 3827 3007 3000 
f 7522 6985 6547 
f 2823 2468 3047 
f 10533 4745 8926 
f 9200 8343 8342 
f 8343 8927 8926 
f 7384 1004 3010 
f 10035 10412 9094 
f 4745 10544 8926 
f 6264 1195 7519 
f 6443 5628 6442 
f 10544 8343 8926 
f 8483 8794 8222 
f 10197 4357 12156 
f 8343 9200 8927 
f 3078 4120 2880 
f 605 1659 4033 
f 11826 5125 8713 
f 8933 8657 10203 
f 4752 4965 3353 
f 8657 8652 8658 
f 8657 8933 8652 
f 3876 5735 3020 
f 4875 688 893 
f 8829 3691 48 
f 1210 3959 6209 
f 4848 8615 11384 
f 9724 9426 11267 
f 5782 3201 3479 
f 9324 10784 4845 
f 822 2878 6951 
f 698 12197 10008 
f 9945 11573 10164 
f 439 10862 285 
f 4342 9297 5582 
f 11490 10406 11883 
f 4546 8897 2599 
f 414 2527 4483 
f 11263 4745 10533 
f 8926 8927 9801 
f 1343 10239 8613 
f 9896 7239 7593 
f 9625 2956 3923 
f 5609 12082 5704 
f 8933 10203 11600 
f 6921 5718 6666 
f 3520 11810 5263 
f 7481 8038 7750 
f 842 2087 2562 
f 4300 2126 3507 
f 6470 11230 8242 
f 1289 8643 5357 
f 10327 2141 4110 
f 2576 2261 2763 
f 3112 85 1289 
f 3729 1827 10234 
f 54 437 180 
f 3112 1289 5357 
f 6091 6732 6954 
f 4791 11587 9069 
f 4305 2958 9929 
f 2864 7590 6023 
f 8643 1289 12367 
f 11129 5914 11021 
f 1127 6868 3577 
f 11046 9953 11449 
f 428 4613 7030 
f 9643 5445 5384 
f 10779 9643 4552 
f 2867 9164 5143 
f 6010 5711 6336 
f 8459 2327 3398 
f 5532 11727 11706 
f 3930 4900 12127 
f 11378 6973 11754 
f 9643 12127 85 
f 7592 2956 11611 
f 1103 4900 3930 
f 4180 2383 1091 
f 55 18 33 
f 85 12127 4900 
f 2813 1103 3930 
f 8985 4900 1103 
f 3917 11548 11942 
f 3216 12097 10188 
f 5384 4552 9643 
f 10779 3930 12127 
f 4504 6480 6757 
f 5906 3328 2350 
f 8734 6082 10425 
f 1103 2813 8985 
f 5652 6040 6255 
f 1331 1339 1351 
f 2383 4180 5975 
f 9643 10779 12127 
f 5930 1198 3090 
f 1016 872 2380 
f 778 11311 1426 
f 12315 1869 468 
f 9914 7839 7624 
f 1826 5580 10629 
f 11751 8654 11597 
f 3099 5687 9344 
f 1219 9577 464 
f 2475 3033 2473 
f 3318 4857 3496 
f 5925 7188 5040 
f 5502 10951 6805 
f 6859 5348 4694 
f 7631 3460 11741 
f 1629 10267 1199 
f 2571 2573 2929 
f 10693 10040 8257 
f 9698 8752 6576 
f 8543 9644 8695 
f 11425 967 507 
f 10713 1657 10312 
f 11208 8797 8348 
f 1886 1996 1884 
f 5735 3876 2367 
f 12137 2646 8235 
f 2713 4783 7071 
f 7137 6576 8752 
f 6576 7137 8090 
f 4782 10436 6278 
f 6047 8436 3845 
f 6576 1548 9698 
f 6576 2330 1548 
f 4857 418 6740 
f 10263 10933 11088 
f 1665 6067 10 
f 6740 3496 4857 
f 4276 8777 9943 
f 6170 5036 6918 
f 8422 6620 8149 
f 10979 10242 10594 
f 7137 7707 8090 
f 1808 5405 7558 
f 10044 1196 6017 
f 11648 4915 9235 
f 10319 5428 8905 
f 1289 85 4900 
f 12206 5613 5453 
f 5043 5273 4814 
f 1628 7411 4893 
f 3467 11489 7695 
f 3076 11914 7668 
f 2530 3909 7594 
f 11914 11722 5442 
f 11039 12072 8729 
f 7204 11106 1073 
f 8343 6555 6985 
f 11860 11515 2614 
f 3260 2331 2180 
f 5139 5366 6632 
f 9490 11048 10788 
f 7228 6965 7496 
f 2666 4722 20 
f 1312 902 905 
f 5513 1321 942 
f 4508 6050 6012 
f 3987 6942 11932 
f 8560 8331 9419 
f 7048 11730 6924 
f 876 1290 1405 
f 2119 2108 2112 
f 7854 974 552 
f 876 1162 804 
f 306 523 296 
f 523 525 296 
f 4316 3158 1055 
f 8537 9368 6061 
f 1472 11578 5763 
f 6115 4583 11426 
f 7786 11484 5829 
f 2114 10850 11716 
f 1950 6943 3182 
f 2184 11851 4219 
f 9726 4219 11851 
f 4139 4487 787 
f 7094 1522 9628 
f 11851 2184 9227 
f 10886 11611 5997 
f 944 1362 5378 
f 336 9485 9704 
f 2757 11678 6626 
f 12303 4106 6198 
f 5058 4826 5299 
f 5186 8919 2665 
f 411 2159 233 
f 2159 5511 233 
f 5237 233 5511 
f 2159 469 5511 
f 2539 5511 469 
f 3582 5623 3711 
f 8810 5511 2539 
f 3298 8118 8810 
f 5415 4516 2975 
f 3298 10526 8118 
f 5511 8810 5237 
f 3298 8810 8588 
f 5237 8118 10526 
f 5519 5815 11259 
f 2159 411 9989 
f 7973 2895 8939 
f 1570 94 5324 
f 8810 8118 5237 
f 5237 148 233 
f 12340 11199 1643 
f 1460 9673 4352 
f 10422 8721 9427 
f 10039 11926 10833 
f 3693 228 9127 
f 6765 228 8107 
f 228 6765 9127 
f 6441 11275 6833 
f 2942 6025 5338 
f 228 11001 8107 
f 12175 3430 1389 
f 12175 1389 8107 
f 1389 3430 30 
f 3430 12175 12418 
f 12228 760 10196 
f 4485 8312 5850 
f 4289 8425 9438 
f 10394 10813 1763 
f 10300 1633 316 
f 7868 7655 8854 
f 5872 6923 9306 
f 1633 10300 11152 
f 10300 1449 11152 
f 8872 5182 2565 
f 9774 4254 7529 
f 1449 2059 11152 
f 1633 11152 10665 
f 3965 8969 1628 
f 10824 4296 2438 
f 10038 79 41 
f 2438 12448 10824 
f 2438 9097 12448 
f 12448 9097 7371 
f 1445 6295 4456 
f 3969 999 3093 
f 7371 3432 12129 
f 5629 10038 1432 
f 494 7670 8247 
f 4125 1432 10038 
f 9799 1756 10078 
f 8866 906 4352 
f 1744 7213 6733 
f 7371 9097 226 
f 10038 5629 79 
f 3432 11273 12129 
f 10146 2750 748 
f 11192 9759 8164 
f 7371 226 3432 
f 7371 12129 12091 
f 1432 12448 5629 
f 104 62 8465 
f 3202 934 1624 
f 4118 6078 10103 
f 3513 1624 12246 
f 1366 1349 1310 
f 1144 633 3291 
f 8351 1711 5228 
f 4998 867 6137 
f 10757 3101 5965 
f 3291 633 4186 
f 9225 4981 12058 
f 8882 7167 3720 
f 1711 4479 8736 
f 8882 3720 8292 
f 8882 9685 7167 
f 4073 590 9116 
f 11873 239 6554 
f 8591 8392 4530 
f 7167 10936 3720 
f 164 2695 1051 
f 9014 8429 8433 
f 1067 9316 5076 
f 8882 9196 9685 
f 7796 9525 8956 
f 9664 11645 1741 
f 4488 9354 9299 
f 8480 9898 94 
f 865 859 357 
f 10253 12215 3403 
f 2022 10182 2948 
f 3887 5744 3108 
f 1946 1753 1846 
f 6517 11912 128 
f 6969 2296 12007 
f 3413 11872 5134 
f 10629 5580 11015 
f 3421 11226 3607 
f 861 1569 1767 
f 11959 3088 1751 
f 8518 9184 6355 
f 3047 2638 2836 
f 7420 7076 4835 
f 6538 8314 8357 
f 6557 4647 8857 
f 11687 4505 3044 
f 5676 11128 8981 
f 666 9454 10415 
f 1477 980 1465 
f 10422 9427 98 
f 11423 3789 8165 
f 11666 9686 11362 
f 5989 1274 4179 
f 5989 1229 1274 
f 532 2707 6200 
f 4299 9317 6456 
f 12292 9658 415 
f 7628 2168 7429 
f 5745 11386 8847 
f 11232 4017 10209 
f 9566 10469 5997 
f 10079 1379 12149 
f 10018 5750 5559 
f 796 8165 3789 
f 5989 1034 1229 
f 6692 11963 5708 
f 6829 6177 5970 
f 2265 5826 9184 
f 10815 10536 8645 
f 1038 681 973 
f 6976 5793 2611 
f 4858 656 660 
f 6622 799 9254 
f 1495 3387 10259 
f 10251 789 1176 
f 8482 8483 8198 
f 705 11996 683 
f 4369 11986 136 
f 683 11996 8967 
f 746 586 588 
f 10307 8982 10478 
f 6358 6516 2005 
f 376 12271 11044 
f 8842 7862 9946 
f 5446 6903 1985 
f 12279 10056 7269 
f 11583 6677 11621 
f 2307 4911 10054 
f 11841 3742 1403 
f 10217 8729 10501 
f 11931 467 521 
f 6736 3699 6794 
f 674 2930 11043 
f 12091 5454 4462 
f 537 9679 530 
f 2623 10119 3686 
f 11859 12164 9147 
f 220 6477 1836 
f 3159 3366 3171 
f 12138 9631 242 
f 8741 11066 9004 
f 2596 9637 1425 
f 9992 1977 9101 
f 12030 2605 6848 
f 6638 5980 6592 
f 411 412 9989 
f 10888 1204 10476 
f 6594 1469 7687 
f 11115 61 11038 
f 8033 2097 11266 
f 3695 337 300 
f 2200 2717 3096 
f 4499 11144 4650 
f 9371 10273 1669 
f 6219 3250 2082 
f 1446 9180 2893 
f 8569 8279 9753 
f 293 412 411 
f 7676 12480 11072 
f 3160 9714 188 
f 10988 337 3695 
f 293 233 10823 
f 10360 9081 7469 
f 3656 12417 5189 
f 4402 8671 9528 
f 4390 9982 5739 
f 10990 9069 1279 
f 441 595 10925 
f 8291 9504 10080 
f 635 2186 10789 
f 5508 182 12223 
f 11444 2635 11189 
f 8053 3081 9242 
f 467 140 9179 
f 7456 7154 6832 
f 6605 6187 7054 
f 8945 11319 8943 
f 1200 9201 9107 
f 7960 12235 12220 
f 7653 9071 11 
f 11734 941 5408 
f 4312 2591 6194 
f 10719 11595 2298 
f 887 8639 1319 
f 3601 3378 4015 
f 2326 7608 6828 
f 10755 216 2813 
f 1209 1206 1220 
f 8641 6953 11091 
f 6481 1402 8202 
f 11893 4917 5937 
f 8389 4377 6350 
f 2390 2292 543 
f 11847 11493 2218 
f 781 9683 687 
f 7977 11157 140 
f 782 4511 9021 
f 8174 366 7623 
f 9722 2088 7888 
f 7850 8043 4809 
f 10705 271 247 
f 4813 11869 11450 
f 8151 9559 5789 
f 2648 8058 12106 
f 8710 7560 11874 
f 11157 7977 8043 
f 5876 10692 4862 
f 9216 5446 5667 
f 10755 36 10743 
f 11677 2773 6993 
f 9859 10826 6996 
f 36 9047 10673 
f 7559 9148 12124 
f 282 2971 534 
f 3127 10705 4184 
f 2544 10634 4625 
f 5624 11710 2574 
f 1986 5942 8159 
f 4416 266 10057 
f 6208 1239 7016 
f 9293 11385 3756 
f 12196 6400 2118 
f 853 11316 9823 
f 8845 4696 10375 
f 7214 7695 4083 
f 9793 1505 3118 
f 5625 3655 8954 
f 2243 528 7915 
f 3808 4242 10721 
f 2432 1359 6079 
f 9622 1165 9617 
f 10687 9587 9590 
f 11699 11338 11343 
f 2336 6541 11417 
f 4711 6897 11359 
f 6112 2951 4033 
f 10612 7913 10395 
f 6876 10339 3222 
f 7306 7294 28 
f 10057 266 3402 
f 4819 4608 5278 
f 1277 1492 1283 
f 12093 12455 8530 
f 8868 745 4539 
f 10650 9761 8020 
f 11653 12495 6204 
f 7800 7915 528 
f 5930 6979 2035 
f 1514 2278 5258 
f 11209 7844 12391 
f 4058 4828 4410 
f 5709 7958 6196 
f 9050 614 3661 
f 6189 4364 509 
f 1598 6053 10021 
f 540 8367 5976 
f 3848 3001 3640 
f 10448 10970 10426 
f 9446 1626 5822 
f 1837 990 9198 
f 1344 5080 6856 
f 1309 2849 4720 
f 3797 212 7974 
f 9841 9510 9843 
f 12149 3331 65 
f 7626 6552 9165 
f 746 957 516 
f 3703 3492 4301 
f 5036 6405 10012 
f 10375 6674 10160 
f 5152 4958 6077 
f 7845 119 7180 
f 6739 9409 1650 
f 2968 10011 7381 
f 9859 10355 10195 
f 3471 3935 7002 
f 4856 1303 11734 
f 3628 2861 3720 
f 5042 4039 7780 
f 10776 245 1817 
f 10671 10306 11415 
f 789 4607 12405 
f 8229 7988 7155 
f 3729 10212 1827 
f 2033 3546 7754 
f 9635 5934 4175 
f 3873 900 10121 
f 11315 5895 9421 
f 10453 9770 11552 
f 3556 87 528 
f 8192 4612 7583 
f 7578 7344 6984 
f 6504 1408 1595 
f 5488 9704 1246 
f 7613 7617 8160 
f 7585 2165 8516 
f 8644 11834 6949 
f 11026 5111 5171 
f 1913 4436 86 
f 11456 12252 11468 
f 5495 12263 38 
f 2586 9804 9771 
f 4626 11619 4532 
f 9662 80 8806 
f 11313 12478 2446 
f 5262 600 10798 
f 326 10157 6485 
f 10911 11251 7567 
f 10957 5086 9688 
f 10292 10415 6796 
f 269 6966 3830 
f 9736 9605 10458 
f 3039 1780 2411 
f 6284 4526 5784 
f 6718 6496 6729 
f 9314 1984 2099 
f 3833 4801 4236 
f 905 385 323 
f 6205 3753 6719 
f 4845 4815 9324 
f 6660 10674 2776 
f 10289 1667 2413 
f 8461 6763 11866 
f 9131 11125 7099 
f 1485 7817 3336 
f 1519 1737 1639 
f 9727 7845 7180 
f 1718 10458 2590 
f 1089 3847 5267 
f 1424 10217 7193 
f 11391 5968 5484 
f 6157 6983 8930 
f 1246 9704 9699 
f 9699 9485 6284 
f 9248 8391 4386 
f 8772 4509 6723 
f 4708 40 2661 
f 11882 7825 5795 
f 599 11539 3576 
f 3228 7662 3943 
f 3260 2180 4668 
f 991 6464 1701 
f 4297 3340 7529 
f 1100 9597 12343 
f 7184 9399 11790 
f 11822 5362 11305 
f 9378 12147 2392 
f 583 852 3717 
f 716 10906 1093 
f 5302 8134 6387 
f 9547 8339 6391 
f 7632 6244 3801 
f 4280 386 8305 
f 11679 273 11849 
f 9467 9531 10474 
f 277 57 58 
f 7442 6196 840 
f 8168 4433 9396 
f 4110 7732 10327 
f 4290 3702 4895 
f 8682 9737 9241 
f 10474 9528 9467 
f 6239 6463 6696 
f 4293 11929 1535 
f 10843 3574 5950 
f 7166 1464 5957 
f 11261 10216 5411 
f 10041 1175 6460 
f 2075 609 10335 
f 9396 4433 11698 
f 4007 3966 7256 
f 5517 1711 8351 
f 6901 6268 6915 
f 7981 11075 11824 
f 1020 6967 11975 
f 11013 10399 7486 
f 1416 9246 9347 
f 5478 5462 6099 
f 4885 11936 327 
f 3582 1008 4286 
f 3135 2310 3964 
f 9967 11943 3842 
f 5003 2863 7458 
f 1369 1905 5414 
f 11507 6816 10766 
f 4208 1636 6895 
f 9379 3209 5675 
f 12238 6131 9159 
f 2183 11735 11884 
f 6174 9442 2133 
f 10464 408 4205 
f 12269 1357 6653 
f 8278 7704 7993 
f 7091 10287 667 
f 5720 11734 12279 
f 312 6686 11379 
f 10721 4242 11542 
f 7490 3621 419 
f 3278 11216 11977 
f 6681 7408 7978 
f 9718 10588 1066 
f 818 1017 1171 
f 596 757 536 
f 7507 6054 4733 
f 6698 7932 6870 
f 5178 4947 4510 
f 2442 12015 10736 
f 1704 1689 2792 
f 6477 9727 7180 
f 11680 10098 10847 
f 8049 8043 7977 
f 12245 10631 10575 
f 2956 4198 7453 
f 3364 7956 3534 
f 11660 8939 4061 
f 873 12489 6114 
f 10458 10005 8917 
f 478 7726 12371 
f 211 8525 627 
f 9942 5484 2394 
f 9401 9106 1169 
f 9084 8446 6135 
f 7797 8947 8359 
f 195 8066 9576 
f 1070 950 7976 
f 6755 3216 6164 
f 4803 8563 10023 
f 4738 11864 9965 
f 8757 7638 7346 
f 1400 12084 3605 
f 7357 12390 4789 
f 5557 10638 8048 
f 7719 8580 7996 
f 6100 3263 9067 
f 6975 4572 2025 
f 1877 6833 8791 
f 11664 3141 3266 
f 2587 2284 3181 
f 5245 4395 4232 
f 9496 7430 12481 
f 352 6625 8219 
f 10597 8120 10923 
f 6100 9322 3263 
f 8747 7477 4560 
f 6033 11407 1104 
f 6494 9192 416 
f 12188 5567 9415 
f 7955 7916 8237 
f 6226 1252 5171 
f 4915 11648 11439 
f 2545 9932 11590 
f 553 6500 11436 
f 9175 3595 11392 
f 2325 602 2788 
f 7213 1744 6736 
f 9523 4671 5069 
f 397 763 3836 
f 12031 9731 7421 
f 5936 6764 7204 
f 1573 5085 1326 
f 7510 4311 8010 
f 1534 3456 7589 
f 1946 1846 1742 
f 292 4639 11805 
f 11069 3134 3210 
f 9781 8831 10464 
f 7478 6117 2797 
f 753 6125 10368 
f 5715 2528 11962 
f 2748 9018 8962 
f 7894 10202 11414 
f 10240 10735 964 
f 7062 4528 12010 
f 5318 9840 5274 
f 8589 6773 4342 
f 3209 10814 6348 
f 12415 9361 5000 
f 8730 5630 8303 
f 10259 1894 1428 
f 10954 4002 1416 
f 336 4651 11850 
f 5289 11702 2903 
f 1881 4472 3782 
f 6725 6149 3902 
f 5150 11672 7250 
f 10067 4484 2302 
f 1140 7010 1195 
f 5713 6951 5276 
f 6067 6408 9431 
f 9802 10913 11246 
f 4829 1971 2579 
f 4515 46 2347 
f 410 3813 1772 
f 1408 5168 1816 
f 12090 12218 5025 
f 5079 2639 10882 
f 10280 10245 1238 
f 2523 9745 10192 
f 12475 11992 5227 
f 1278 5971 7234 
f 6452 7341 6608 
f 8631 722 190 
f 10154 10398 12405 
f 9135 10819 10832 
f 6986 6018 9740 
f 6063 1798 1334 
f 7783 3148 12444 
f 10771 4780 5287 
f 1971 7889 6319 
f 6319 7889 7390 
f 1797 1354 1458 
f 5726 12357 3682 
f 2318 11971 2389 
f 6105 10370 4639 
f 1462 1421 11797 
f 8541 5057 12135 
f 4171 11673 6436 
f 8098 10303 9141 
f 6017 1196 10296 
f 10461 4326 2241 
f 8296 10577 4820 
f 7073 5906 2350 
f 7390 4167 7526 
f 5505 11198 10513 
f 9077 3684 1318 
f 7317 8721 9519 
f 8132 4946 4350 
f 2303 9914 7624 
f 8886 7775 5437 
f 8403 9661 8453 
f 4821 11444 10390 
f 7902 11945 2879 
f 9410 4131 4106 
f 8520 6752 4724 
f 378 9343 11908 
f 2282 2101 2585 
f 2859 9175 3804 
f 11865 169 9505 
f 9408 7373 9457 
f 11112 4450 4509 
f 7055 4429 6180 
f 12481 2212 6528 
f 9907 3981 6310 
f 4432 9907 6310 
f 1687 2069 1727 
f 12210 9295 12220 
f 4426 1931 5625 
f 10235 8039 5506 
f 5525 5756 7072 
f 11804 10420 10181 
f 2605 8867 10807 
f 12380 7883 5044 
f 2981 8714 5022 
f 5094 519 6867 
f 11943 2006 12274 
f 179 183 427 
f 6153 5296 6141 
f 7191 819 2164 
f 10169 9196 7971 
f 7391 7120 7669 
f 12432 4888 6772 
f 2392 12147 8356 
f 3642 12147 3337 
f 4826 5058 6349 
f 5892 11481 6133 
f 10173 3220 4030 
f 2003 6226 8819 
f 1026 7231 9382 
f 11798 9584 11681 
f 2943 3152 3171 
f 7331 3351 8944 
f 10246 9736 10320 
f 6528 9496 12481 
f 1053 11771 7722 
f 8292 3976 8882 
f 6796 7343 4589 
f 8404 11402 5507 
f 9862 9262 5807 
f 2693 1458 3274 
f 7900 8186 7352 
f 620 7492 3655 
f 8283 3613 2669 
f 1871 10955 7148 
f 3539 8055 10167 
f 4142 3539 10167 
f 10048 5762 5852 
f 12472 11237 4431 
f 1912 9820 1139 
f 4032 5341 1160 
f 3444 8055 3539 
f 7791 8055 3444 
f 7113 9606 7433 
f 7682 2654 10416 
f 2898 7520 2232 
f 4308 3064 10246 
f 5510 6582 7295 
f 8037 6394 652 
f 2768 2431 2771 
f 5221 96 1093 
f 3307 3603 11537 
f 4661 12301 6237 
f 3928 2211 6608 
f 1722 1486 1390 
f 1844 3347 1325 
f 6678 9703 8715 
f 11298 10809 3507 
f 7147 4211 9349 
f 7884 12288 237 
f 2428 10595 9062 
f 1909 7864 1183 
f 1183 7864 2866 
f 8075 9285 1653 
f 4182 1485 4632 
f 5198 6511 2530 
f 1427 6219 8584 
f 11378 12170 6973 
f 2028 3749 11959 
f 9317 413 6456 
f 3602 11282 1435 
f 6158 11553 11974 
f 4959 3982 4732 
f 9642 35 7369 
f 861 11413 1569 
f 9516 4430 3761 
f 1909 2624 7864 
f 10694 9476 8396 
f 10603 11695 11785 
f 8645 8082 6923 
f 2503 12074 90 
f 4745 11263 11657 
f 3465 3059 2657 
f 3197 1015 3525 
f 2065 3940 6444 
f 10256 10031 674 
f 6412 9920 10907 
f 9650 3673 5311 
f 5777 2798 338 
f 3294 4862 10692 
f 6327 6432 2011 
f 12230 11027 2318 
f 5023 11306 11823 
f 3702 2890 4471 
f 6737 6502 6952 
f 4247 9403 10804 
f 8398 7803 3943 
f 6603 10397 5454 
f 3500 4256 11158 
f 1937 7716 3887 
f 2202 663 1640 
f 3370 4646 11628 
f 4888 7475 11203 
f 6562 10845 8551 
f 9351 9575 178 
f 5226 2977 2027 
f 6103 4844 8903 
f 6715 10137 92 
f 8870 3883 7538 
f 1637 1738 1517 
f 12339 9592 3779 
f 7525 4603 9228 
f 10010 3787 12079 
f 7946 4255 4166 
f 8763 1883 12075 
f 6013 6216 6659 
f 5803 4703 5394 
f 3693 3105 228 
f 8501 10232 342 
f 7658 7677 7651 
f 3913 12438 5009 
f 8878 8540 6249 
f 193 189 255 
f 7662 7618 7490 
f 7465 7739 7457 
f 7490 7618 5491 
f 5598 2558 8231 
f 1825 2132 8448 
f 8416 8734 10425 
f 11635 3873 137 
f 10343 2385 10794 
f 2476 2475 2144 
f 4024 2304 6868 
f 8425 4315 12247 
f 9777 7246 10346 
f 3140 3108 12043 
f 2187 9290 7550 
f 7566 7550 9290 
f 9045 3506 7452 
f 5255 7223 7481 
f 585 12005 4319 
f 1259 1267 1264 
f 10889 185 10136 
f 7731 8873 7727 
f 9899 12296 5860 
f 11274 4855 9783 
f 9240 11962 8811 
f 11167 6947 12056 
f 1378 10622 10691 
f 11081 11480 12297 
f 7448 11565 5346 
f 9976 783 3418 
f 1575 5715 9240 
f 7198 7414 7445 
f 7458 4834 3847 
f 6472 8741 9682 
f 12358 9162 4660 
f 5745 8847 1810 
f 741 5095 7091 
f 10446 7722 10777 
f 12079 11685 11272 
f 7960 9295 9409 
f 10480 6948 6190 
f 6472 6353 12320 
f 10865 11588 10496 
f 9218 10201 5005 
f 7342 10887 7374 
f 3450 3433 3023 
f 8347 1375 7278 
f 11869 10644 4576 
f 2307 12185 1655 
f 8409 3984 7316 
f 4380 5175 6154 
f 7266 7298 7340 
f 10043 3686 2648 
f 7626 11743 4169 
f 6427 6896 11368 
f 6471 12398 8692 
f 7092 9874 12245 
f 9874 7092 5252 
f 3201 1293 5819 
f 12240 7382 11564 
f 11412 297 12366 
f 5775 5595 5342 
f 1746 10178 7642 
f 5882 10459 3523 
f 6143 1781 7141 
f 1051 8683 164 
f 6510 7539 8445 
f 10108 7957 12209 
f 7073 5361 10017 
f 3016 10788 11048 
f 3890 8243 7035 
f 3611 10093 1697 
f 215 11832 2583 
f 9463 10558 9320 
f 6841 4437 109 
f 7096 7100 7640 
f 4718 50 1144 
f 4681 5563 9512 
f 6143 7870 1781 
f 338 8392 10754 
f 4234 5471 4228 
f 2245 8009 2413 
f 6646 7877 8781 
f 7298 9381 1648 
f 6506 7465 6726 
f 5161 6257 1495 
f 5026 3135 6245 
f 12054 11934 1132 
f 2388 12162 11250 
f 9541 7524 11791 
f 11006 4105 9379 
f 3325 6102 541 
f 3051 3052 3470 
f 7705 1355 7773 
f 2686 5840 5505 
f 1778 5498 12109 
f 4535 9701 9337 
f 2339 11437 4555 
f 8525 7062 1423 
f 10602 10598 8032 
f 2735 4112 5202 
f 5159 5148 4489 
f 7185 11751 2326 
f 10915 943 4871 
f 1133 1241 1233 
f 7601 8140 8728 
f 4328 7114 4044 
f 7754 9308 2033 
f 6695 6768 4470 
f 5934 2000 4175 
f 7007 6884 6027 
f 10193 3281 7694 
f 2973 6728 8709 
f 9279 1657 10867 
f 10393 11074 11081 
f 10243 405 10502 
f 3301 3840 11605 
f 2043 4600 9601 
f 12115 5201 9788 
f 5392 2504 9190 
f 10393 11081 11887 
f 2178 4874 2732 
f 5349 9730 6680 
f 2216 8309 4851 
f 7378 9035 1579 
f 11479 9642 2824 
f 6906 6850 6884 
f 6592 5980 11560 
f 1126 9263 1056 
f 9804 4376 2165 
f 7688 4823 12050 
f 3554 1730 984 
f 3870 7659 651 
f 8426 6592 10392 
f 7864 2232 7520 
f 6583 10720 5349 
f 4914 5466 2824 
f 6919 6560 10873 
f 9617 9063 7585 
f 11210 8119 11800 
f 12457 11886 2467 
f 11508 6992 1082 
f 4218 6198 4131 
f 10930 2008 10119 
f 6817 349 9159 
f 9310 10348 8434 
f 6044 6246 7176 
f 8386 11953 8357 
f 11834 4237 6949 
f 2120 2106 2116 
f 9916 6839 3176 
f 5735 3843 9917 
f 2148 7898 4517 
f 7280 7019 7283 
f 10915 837 5840 
f 11176 2785 1981 
f 12084 3725 3605 
f 6853 1554 1249 
f 2295 6245 6305 
f 5532 12144 11725 
f 6305 6355 4103 
f 7687 2746 8650 
f 9823 8945 9217 
f 11511 3846 2373 
f 7916 7945 7935 
f 11816 8558 6052 
f 3786 2738 8179 
f 4799 2970 4400 
f 7586 5887 2873 
f 1053 1358 11771 
f 3594 7216 7785 
f 10019 6313 11650 
f 1700 5022 12386 
f 1765 5870 11120 
f 4771 5683 5481 
f 10924 7209 6725 
f 3625 5107 7419 
f 10576 1945 10069 
f 4103 10392 10943 
f 4057 1708 2685 
f 11357 5557 12076 
f 2310 3135 5026 
f 648 6998 7990 
f 8968 10279 11010 
f 2440 1170 10486 
f 8966 7831 8968 
f 7394 5947 7304 
f 6835 1783 1727 
f 10230 10237 4530 
f 961 1020 10290 
f 2377 4898 8084 
f 3762 5348 3482 
f 1193 12447 7766 
f 12406 12478 3115 
f 2756 5357 8643 
f 1473 1235 2017 
f 323 305 253 
f 5928 11987 5994 
f 10162 9109 5353 
f 11255 143 8380 
f 7026 5013 4649 
f 3039 11627 12435 
f 4128 4129 2689 
f 5900 3116 5082 
f 8358 1221 9940 
f 7301 3980 9592 
f 5934 9635 7532 
f 10911 5983 10501 
f 6354 6389 8176 
f 1787 3256 2278 
f 8660 6799 3772 
f 2845 3396 11277 
f 9487 7984 11974 
f 11627 11625 12033 
f 7402 2655 11967 
f 5722 5761 10971 
f 5614 5808 6435 
f 3618 10601 9348 
f 9947 12064 2811 
f 23 7175 4707 
f 3109 8573 2618 
f 3373 6857 8628 
f 10587 9712 7598 
f 1901 7928 1870 
f 1757 1238 940 
f 1078 12267 8163 
f 1111 1262 4697 
f 7407 4431 83 
f 951 4611 8552 
f 5827 9706 5377 
f 5462 5866 6091 
f 3608 11614 10236 
f 637 1058 1277 
f 1757 8094 1238 
f 702 5706 10798 
f 1966 11516 7497 
f 8602 6211 7466 
f 6416 11407 6441 
f 5938 7485 2976 
f 3364 3534 1761 
f 1306 3945 1258 
f 7712 10062 554 
f 5461 6098 5457 
f 414 12450 4818 
f 10674 3259 10484 
f 9158 7247 2344 
f 6541 9618 10734 
f 5611 12142 985 
f 3924 6162 2203 
f 8890 5341 3115 
f 6807 6804 6803 
f 5404 1534 5764 
f 4926 5702 12157 
f 4132 8664 6587 
f 5421 11714 6021 
f 5234 5288 5121 
f 2745 777 4811 
f 1218 1457 2009 
f 10614 2526 11014 
f 6728 2973 4551 
f 11992 8534 10037 
f 8291 2015 2882 
f 2807 6615 9277 
f 6784 7796 7262 
f 4965 5440 5655 
f 8189 8790 7907 
f 10389 11089 3086 
f 9820 1912 2253 
f 3105 3693 10792 
f 5985 274 11778 
f 4032 11558 5341 
f 1068 1167 10568 
f 11531 2455 2441 
f 8199 2089 3551 
f 2622 4906 7186 
f 314 253 249 
f 3671 12242 10866 
f 7844 11980 12391 
f 8209 4422 11432 
f 1022 12488 3907 
f 7465 6506 7212 
f 10810 9353 8332 
f 11506 10774 11910 
f 10022 5883 4763 
f 5082 10447 7168 
f 5257 5696 6315 
f 6275 6271 6276 
f 8629 8249 9844 
f 2451 9283 2226 
f 500 11062 6852 
f 2994 5744 7677 
f 2197 7316 11309 
f 8014 4825 4465 
f 299 8536 9415 
f 3932 3921 2321 
f 6900 8458 2085 
f 5079 10882 1219 
f 4603 12358 4660 
f 387 9274 8722 
f 8472 8773 4167 
f 1052 982 2210 
f 8753 6504 694 
f 4053 4232 4395 
f 6748 6445 7045 
f 861 1767 116 
f 9559 2887 2983 
f 7986 235 1795 
f 2598 1291 3245 
f 4017 2792 1689 
f 6452 6608 6707 
f 429 9411 7723 
f 5999 5875 2718 
f 6068 6271 6058 
f 371 2677 663 
f 12048 8049 4557 
f 8595 8883 8596 
f 9250 2292 4726 
f 5120 6797 11630 
f 8707 8717 8140 
f 8019 10829 144 
f 10672 12210 11424 
f 10163 793 4063 
f 3436 8183 10342 
f 12322 4573 3927 
f 9700 776 9258 
f 1026 9010 10429 
f 6340 5282 6134 
f 2786 12101 12356 
f 4492 5534 2964 
f 6048 6224 8158 
f 986 6947 5523 
f 10185 2786 12307 
f 12343 9597 4737 
f 6559 6593 7568 
f 11619 4626 4627 
f 3739 3734 4143 
f 6672 8158 6224 
f 7061 2604 2695 
f 2038 7097 12317 
f 9224 9322 6100 
f 8277 10534 890 
f 7305 8963 8772 
f 3333 11990 2058 
f 11255 8380 8944 
f 8963 11737 4509 
f 938 6426 1771 
f 1917 7964 7544 
f 11407 3761 10730 
f 12268 5068 2327 
f 7404 4021 7741 
f 11737 9872 4509 
f 180 945 225 
f 5054 4351 8783 
f 9832 6969 3080 
f 9713 5355 3389 
f 6608 12183 6707 
f 9872 11112 4509 
f 10799 10760 3761 
f 10488 11197 1484 
f 11562 7166 4141 
f 8514 9092 9384 
f 12118 8556 749 
f 4955 4965 6694 
f 6178 11024 997 
f 10990 8436 6047 
f 9988 11344 8884 
f 9141 5918 8098 
f 1536 5430 3523 
f 7285 7638 807 
f 10394 10419 5055 
f 9293 8784 7181 
f 6182 4984 6119 
f 2641 1982 2473 
f 3762 9592 5348 
f 547 698 3731 
f 7335 4177 11112 
f 2080 8151 6778 
f 6892 7131 7122 
f 12237 3825 3012 
f 325 3596 7046 
f 11002 6898 3965 
f 8838 9119 9100 
f 6691 824 5673 
f 9151 1614 9402 
f 2723 6465 5007 
f 1506 6014 3958 
f 1740 1725 1727 
f 9412 11844 10004 
f 9314 2567 502 
f 5851 5855 6483 
f 8846 8256 7955 
f 8707 8704 9267 
f 253 305 246 
f 2109 3193 2171 
f 994 5804 2252 
f 5341 5048 8333 
f 12458 8843 3839 
f 11893 5937 6335 
f 6270 6309 2816 
f 602 5892 11766 
f 1879 1194 1785 
f 10663 3992 10578 
f 5703 10798 5706 
f 10684 3428 11178 
f 7824 7293 7838 
f 3290 1201 2758 
f 1052 2210 9137 
f 10134 5044 2568 
f 753 7377 6125 
f 8136 7312 7858 
f 10163 5881 793 
f 8188 8059 1388 
f 10673 7381 36 
f 1212 6459 8371 
f 2633 7416 7121 
f 3550 10175 125 
f 12173 11469 10515 
f 5166 8964 1852 
f 12373 3089 10706 
f 7968 7405 7128 
f 3111 996 10333 
f 5198 3441 4901 
f 1172 1388 2566 
f 8461 11866 721 
f 10664 10839 2682 
f 2088 9722 6936 
f 3754 11162 9987 
f 6136 4861 10133 
f 9575 9351 257 
f 6070 10522 5772 
f 3271 1709 11143 
f 12280 8481 6724 
f 4114 3742 3676 
f 2566 4306 1172 
f 4114 3676 9405 
f 2150 114 6671 
f 9648 5224 8141 
f 11344 9988 585 
f 3436 8556 8183 
f 5252 3897 2928 
f 643 5674 11122 
f 8767 2936 1221 
f 7448 11531 2424 
f 1824 2077 9867 
f 4114 9405 5088 
f 3845 4209 6047 
f 3366 3354 3995 
f 9806 10380 10901 
f 9999 10371 8764 
f 1490 335 5309 
f 10874 10877 10499 
f 1166 878 1296 
f 10594 10242 9841 
f 8483 8775 9667 
f 1288 945 804 
f 7223 5255 6109 
f 3843 8727 12451 
f 7051 7601 6176 
f 6629 8175 6403 
f 10421 3998 8170 
f 2660 4384 12365 
f 3532 8328 3338 
f 6748 7045 7705 
f 3980 10918 3779 
f 6607 10791 9223 
f 646 1362 1509 
f 6115 655 9825 
f 10550 2986 6179 
f 3338 8328 234 
f 6124 3580 39 
f 6298 8589 12040 
f 9822 941 7612 
f 3609 2789 3008 
f 1576 1785 1194 
f 5309 3320 9711 
f 8441 1652 6831 
f 2999 3375 8130 
f 234 3283 3338 
f 3599 4836 9580 
f 8023 7112 12442 
f 5933 6346 4411 
f 1256 7512 7622 
f 26 12136 73 
f 1373 4624 5563 
f 4383 3185 5075 
f 7139 6004 5678 
f 10502 8787 10736 
f 7128 6892 6670 
f 9518 3674 77 
f 1509 1362 12010 
f 11626 3658 6376 
f 10759 3251 4797 
f 5345 2850 542 
f 3114 3870 651 
f 6071 11518 1450 
f 3103 3088 4269 
f 805 8543 8695 
f 1611 1487 1251 
f 8716 12280 7594 
f 1813 2365 1799 
f 6183 3106 9036 
f 3125 2033 9722 
f 10170 940 1238 
f 6417 5636 1574 
f 2688 4102 5329 
f 10528 6290 11348 
f 1683 1785 1576 
f 962 7806 2982 
f 6440 2908 8916 
f 241 5935 427 
f 7210 9568 7248 
f 5856 4560 9542 
f 7243 7522 6547 
f 622 2974 6127 
f 9913 11790 9910 
f 2869 7220 3029 
f 8870 1491 9331 
f 5044 10134 2984 
f 12097 7237 12199 
f 7220 2869 9824 
f 4684 10165 8269 
f 2892 4269 3749 
f 8887 2532 3790 
f 4645 4104 1146 
f 681 1038 1312 
f 4875 5469 11862 
f 2873 324 9218 
f 9457 782 2623 
f 10486 8113 7683 
f 5088 9405 8906 
f 5022 1700 9171 
f 8582 2676 489 
f 4212 9515 4899 
f 1390 1394 1517 
f 10791 11917 10872 
f 2936 12179 10707 
f 9579 5041 5455 
f 7038 9558 11450 
f 8606 5197 95 
f 985 4978 5611 
f 4259 2948 9492 
f 8263 3277 7432 
f 3275 4715 1894 
f 12014 6989 5000 
f 10566 4071 2725 
f 10691 1924 2267 
f 4085 4451 10500 
f 4762 11761 7505 
f 2505 1594 11300 
f 11638 8811 11962 
f 2538 10566 2725 
f 11709 600 8751 
f 10917 5019 10756 
f 11300 8748 1084 
f 7564 9404 5351 
f 6034 2323 3228 
f 9381 2644 2658 
f 7386 7414 7198 
f 1077 11487 9277 
f 11815 8211 10618 
f 2505 1084 2409 
f 4010 6280 7251 
f 4272 4863 4654 
f 8830 3110 2458 
f 7680 11815 10618 
f 4863 5959 5753 
f 2258 4136 1597 
f 528 3740 2501 
f 569 1550 1319 
f 7366 11934 2171 
f 1084 4586 2409 
f 8484 7922 8660 
f 992 1057 1058 
f 6217 4400 6313 
f 9089 203 6193 
f 10519 10148 10523 
f 12452 395 5842 
f 4482 752 5529 
f 10797 364 8039 
f 9542 2366 3164 
f 202 3672 2051 
f 4627 4626 9437 
f 9850 9917 7129 
f 6995 6906 7007 
f 12254 2645 956 
f 6612 9305 7858 
f 7409 12452 5842 
f 12395 5657 8035 
f 11209 10519 5364 
f 397 200 763 
f 3616 5123 4946 
f 7605 687 9683 
f 3227 3852 3226 
f 12329 11050 1278 
f 12320 11476 6472 
f 7680 10593 10716 
f 4816 8443 7236 
f 916 5612 2121 
f 7432 6166 1309 
f 3359 12496 154 
f 6368 6802 6580 
f 3565 3339 3142 
f 9050 2773 614 
f 11735 309 6332 
f 298 11771 4514 
f 8990 2574 2846 
f 2729 37 10588 
f 1951 1957 2744 
f 12070 5984 1973 
f 10247 1957 7384 
f 1381 3212 11004 
f 2527 11644 4483 
f 7453 7758 2489 
f 7698 8275 7450 
f 8197 11852 11077 
f 6599 173 6677 
f 2239 4665 4772 
f 531 1975 10624 
f 8551 10845 6890 
f 3230 2633 661 
f 2795 10027 9455 
f 7915 6545 2744 
f 1954 692 826 
f 1982 1880 1572 
f 8761 11342 5798 
f 9240 8811 2876 
f 5392 10771 4049 
f 5241 5512 5561 
f 10595 5586 9062 
f 6341 9137 10621 
f 518 6770 7316 
f 10432 571 221 
f 6099 6091 6519 
f 2339 11247 9845 
f 6712 7159 5851 
f 11034 9608 3264 
f 5 11563 5076 
f 11054 1789 3498 
f 6871 2459 10769 
f 8761 12224 2156 
f 11190 11188 12400 
f 3592 8739 613 
f 4536 2825 12142 
f 3955 1917 5880 
f 6277 6273 4746 
f 10106 6362 9072 
f 2927 2572 2251 
f 855 3412 8627 
f 5182 6628 5998 
f 6283 826 6251 
f 1608 2743 4121 
f 12356 9364 8051 
f 5798 10945 8761 
f 4560 7477 3017 
f 5225 5449 4003 
f 7256 3966 5142 
f 474 9274 9002 
f 7821 52 10140 
f 5548 2516 1994 
f 6987 12305 11291 
f 1590 10945 5798 
f 7718 7890 8900 
f 4471 2890 3098 
f 12224 8761 10945 
f 2278 1514 1787 
f 4752 4003 5449 
f 1333 5798 11334 
f 11823 11306 5126 
f 5262 8751 600 
f 2822 1897 1670 
f 1604 1754 3239 
f 11145 2731 1743 
f 2145 3147 6805 
f 832 8318 944 
f 6294 12140 5149 
f 4421 5798 1333 
f 7990 10648 6970 
f 2917 7752 3290 
f 6353 236 12320 
f 6315 6525 6746 
f 7699 7989 7696 
f 8369 7789 9499 
f 1604 3010 1630 
f 6446 5037 4464 
f 8030 8730 6577 
f 9792 11231 9790 
f 3873 10121 6711 
f 4449 9327 10104 
f 5740 10891 6979 
f 5819 595 4622 
f 6239 6454 5824 
f 7560 358 11874 
f 1590 4421 1478 
f 1889 6361 675 
f 6610 6016 7023 
f 10620 11759 10992 
f 5671 4771 3614 
f 4018 10285 11237 
f 638 2666 20 
f 10313 10331 9936 
f 10598 10602 1270 
f 9126 3746 3060 
f 5553 10255 4179 
f 951 7271 2430 
f 5710 5533 10429 
f 11634 4599 402 
f 9363 9687 10029 
f 9434 10475 9163 
f 4509 7540 6723 
f 9844 8249 5382 
f 6339 6527 3205 
f 8891 4990 9180 
f 11772 12396 10583 
f 9350 700 4774 
f 11289 11135 10491 
f 4083 7695 5592 
f 1368 5992 5149 
f 5023 10224 11710 
f 1411 7689 1374 
f 10632 9008 11707 
f 3438 222 860 
f 344 8971 4495 
f 2113 8452 2110 
f 654 2334 8122 
f 5741 5751 9964 
f 11149 1426 11733 
f 7689 1263 1374 
f 191 2115 3714 
f 10221 11370 4209 
f 11338 11699 11293 
f 1917 7544 4088 
f 5575 6204 5497 
f 4728 1024 4161 
f 2785 2564 1981 
f 9379 4105 8624 
f 9830 12261 1335 
f 5064 11649 2608 
f 1508 2947 6591 
f 11312 9533 11104 
f 8218 9363 9058 
f 6746 6965 7228 
f 6771 6929 9847 
f 3441 8406 5192 
f 8139 3650 3579 
f 10017 612 1143 
f 11114 6074 9060 
f 11796 6739 1650 
f 1566 8691 10278 
f 3490 5521 2317 
f 3692 9654 2424 
f 6307 8776 3133 
f 1034 5989 4486 
f 3337 8247 7495 
f 1229 1034 5788 
f 8883 8605 8034 
f 11154 6146 5944 
f 3271 2867 6213 
f 4595 8177 5379 
f 9346 12212 331 
f 2690 1421 12260 
f 2304 3236 3208 
f 7992 8377 4220 
f 92 10137 5893 
f 891 2254 4486 
f 10816 11193 1003 
f 6384 675 3509 
f 916 2533 2509 
f 8412 11009 7934 
f 8841 4554 8726 
f 10868 9558 5234 
f 4843 8200 463 
f 256 5376 12138 
f 10340 3971 650 
f 5780 10896 6565 
f 7533 8015 2579 
f 2120 2119 2125 
f 5603 9678 5514 
f 1034 8165 5788 
f 6663 11631 11498 
f 5553 4179 1274 
f 5361 612 10017 
f 5788 8165 5494 
f 1801 5955 338 
f 856 2858 1326 
f 9297 3705 5582 
f 4936 11665 9256 
f 7127 2622 7186 
f 6269 10019 9773 
f 6529 6619 1448 
f 1956 9263 10456 
f 4021 7404 10461 
f 5373 1962 1230 
f 2398 2495 5809 
f 8220 260 5403 
f 4184 10705 11853 
f 8407 61 11115 
f 11413 5337 8132 
f 1453 8261 4408 
f 765 394 913 
f 8586 5598 4994 
f 2163 2752 4425 
f 3522 7201 11466 
f 521 10946 660 
f 863 11848 4910 
f 9404 9621 11701 
f 7533 1971 3983 
f 4858 660 10946 
f 4383 1512 448 
f 4408 8261 558 
f 4663 4561 10907 
f 5510 1134 7840 
f 11942 3611 7911 
f 12002 9679 537 
f 5830 11164 5294 
f 2793 11974 11553 
f 9870 9509 9868 
f 6663 11498 1882 
f 6226 711 11130 
f 467 4637 7977 
f 9679 2159 9989 
f 54 180 45 
f 3601 4025 3000 
f 1678 3755 9671 
f 1107 4024 6948 
f 521 467 3248 
f 3202 8159 12034 
f 10230 12281 9234 
f 61 216 11038 
f 216 61 7549 
f 10961 9928 3724 
f 9140 5167 4931 
f 10532 11417 10645 
f 9889 5175 5907 
f 5536 2837 677 
f 382 9728 9182 
f 11766 5892 3461 
f 8060 8510 8634 
f 6029 4684 3466 
f 6419 7080 7351 
f 6767 7258 10741 
f 2813 216 7549 
f 10784 10628 10409 
f 7905 8765 6861 
f 9522 6464 5001 
f 5510 5757 6582 
f 7242 1563 3764 
f 1513 11799 11809 
f 6023 1445 11404 
f 3014 4019 2176 
f 7688 347 3132 
f 12022 8952 555 
f 10531 7723 9411 
f 10379 4472 1881 
f 11304 7222 11341 
f 7916 7370 7122 
f 5047 3557 7497 
f 10906 11397 1093 
f 3518 8174 8121 
f 2664 2484 2161 
f 8462 6073 8733 
f 8870 7538 1491 
f 8572 1776 1120 
f 10355 6509 10195 
f 10744 11469 2532 
f 7112 7684 12442 
f 10543 10692 5876 
f 11640 1002 10884 
f 1067 5459 1294 
f 6749 5369 421 
f 10374 6431 10040 
f 5854 7847 8166 
f 271 3127 8000 
f 2956 9625 11611 
f 12002 300 11792 
f 492 5961 11241 
f 1343 5536 10695 
f 11034 4800 9608 
f 5723 10007 6189 
f 2574 11710 10914 
f 11643 3237 7675 
f 6530 11524 12038 
f 9787 9465 9784 
f 3944 1654 12479 
f 5698 4948 7362 
f 9488 817 672 
f 425 4424 12187 
f 1918 2742 5226 
f 9047 1398 10673 
f 1398 5919 10673 
f 8436 2733 3845 
f 10839 389 2682 
f 1847 10186 828 
f 10653 6433 10760 
f 3930 1398 9047 
f 200 397 2488 
f 8585 3531 922 
f 10482 4388 1087 
f 2338 9980 12239 
f 2948 10182 11093 
f 2087 872 898 
f 3687 11897 9486 
f 1087 4388 7920 
f 3489 10339 6876 
f 11040 9691 4802 
f 5293 6437 6517 
f 5812 5050 9482 
f 4369 8461 7685 
f 5741 9964 10737 
f 7037 7019 7303 
f 1211 9545 9181 
f 3330 772 3797 
f 8240 3015 10547 
f 5978 10480 7420 
f 322 1584 666 
f 6863 7116 7100 
f 10426 10970 9051 
f 9768 836 776 
f 5350 7621 7443 
f 10899 6996 10826 
f 1938 1948 6613 
f 8369 9499 2164 
f 7311 5565 6375 
f 10395 8832 559 
f 10755 2813 36 
f 9604 9229 12303 
f 6673 9993 3599 
f 12327 829 7170 
f 10648 4095 9127 
f 3167 2587 3169 
f 11531 5346 6383 
f 12402 11142 12152 
f 9033 1064 8022 
f 3836 763 11044 
f 7101 3661 12120 
f 11544 10923 11299 
f 3399 8620 10978 
f 3517 5205 6593 
f 6892 6889 6659 
f 4601 2397 11579 
f 3007 2809 2112 
f 1933 2554 12394 
f 11250 2191 8255 
f 5487 4407 7336 
f 5488 6854 9968 
f 1550 3208 1806 
f 4442 10959 9844 
f 7392 11274 9783 
f 6229 6681 6679 
f 3997 6854 5488 
f 8142 10160 6674 
f 11374 11780 6111 
f 2253 1912 1367 
f 2101 2284 2587 
f 4603 4660 7483 
f 3118 10141 177 
f 9836 10141 3118 
f 651 3783 12020 
f 3973 2323 3119 
f 8563 1836 7180 
f 4680 5773 1510 
f 8026 3330 1410 
f 1352 9584 7928 
f 7918 8204 8189 
f 5147 1444 6267 
f 8886 2776 2178 
f 2586 9771 8988 
f 6 92 81 
f 9771 6111 8988 
f 5894 6964 7224 
f 10120 4226 2636 
f 1769 2761 2427 
f 7405 10064 8828 
f 6713 2319 400 
f 11085 10391 11086 
f 4548 12254 956 
f 8294 2859 2954 
f 8674 5080 9615 
f 12330 6787 8263 
f 3948 7563 9824 
f 10675 12015 2442 
f 9922 5007 7893 
f 1947 1792 2750 
f 3083 10084 7178 
f 9199 784 11241 
f 3857 3863 4059 
f 6284 5784 9248 
f 918 5617 951 
f 8003 12093 4469 
f 1505 9793 9736 
f 1434 4673 1571 
f 9248 5784 8391 
f 1903 2179 1908 
f 872 2087 2380 
f 12438 8224 2445 
f 3563 9980 150 
f 10243 6057 9400 
f 8447 12001 7343 
f 3068 5053 11799 
f 9841 9843 9827 
f 4376 9804 645 
f 5228 8736 7917 
f 1469 9483 9544 
f 10225 344 4495 
f 645 9804 910 
f 6620 7613 7607 
f 154 4390 3359 
f 12109 8081 9225 
f 5177 5999 4506 
f 3149 9349 12291 
f 1246 9699 1736 
f 4115 2027 2977 
f 2431 2261 2096 
f 11331 3866 6160 
f 5078 1148 1921 
f 2050 30 6970 
f 8041 4333 4289 
f 8262 2986 6735 
f 86 7168 10447 
f 551 404 980 
f 11481 2325 9304 
f 2590 9605 9793 
f 9736 9793 9605 
f 11374 9771 9934 
f 7494 7771 7763 
f 4940 2443 12087 
f 2650 1185 9 
f 3295 3140 12114 
f 11698 538 9538 
f 8082 8645 6155 
f 10874 10496 11603 
f 3340 9528 8671 
f 11137 3041 7921 
f 11549 3418 1597 
f 11654 2459 12016 
f 5200 8874 11985 
f 6492 6502 6058 
f 6242 10138 2421 
f 3538 3741 4494 
f 4821 6447 12441 
f 2412 1944 1953 
f 296 305 306 
f 2103 8037 5832 
f 967 2478 7571 
f 2223 899 4253 
f 2223 1712 899 
f 8749 10005 12009 
f 5869 6058 5671 
f 550 5334 4904 
f 8288 243 6809 
f 9095 3404 407 
f 4094 6510 8445 
f 454 6449 6133 
f 4261 2980 2123 
f 9959 6602 5639 
f 4895 4471 5356 
f 9092 8514 9653 
f 5794 5786 5356 
f 8225 8498 6681 
f 24 13 18 
f 10954 1416 9347 
f 4220 456 7992 
f 6298 952 8589 
f 3980 4021 577 
f 5729 9216 11530 
f 6803 6566 6145 
f 6473 1995 6644 
f 4384 10869 4285 
f 3632 9517 3690 
f 4938 5816 5409 
f 12113 8566 10571 
f 8008 4650 7052 
f 9443 2821 5913 
f 11120 6118 6532 
f 7540 9223 6723 
f 2857 1755 5180 
f 8231 678 2065 
f 698 1442 3731 
f 5861 7673 5284 
f 10287 545 667 
f 12178 8143 12189 
f 9370 4377 9846 
f 1336 1882 11498 
f 3431 2764 8860 
f 1614 9188 1775 
f 8034 8038 8618 
f 6008 6435 6648 
f 4246 8946 4077 
f 5988 11722 11914 
f 9888 9232 9535 
f 1570 8480 94 
f 11220 12032 12274 
f 2010 12364 10314 
f 5041 5319 5316 
f 11977 11216 9106 
f 5161 4655 5380 
f 9657 9078 11099 
f 533 283 6933 
f 9401 11977 9106 
f 4754 6277 4196 
f 3982 4959 3341 
f 8384 1589 7090 
f 8817 5197 1118 
f 1169 5492 9401 
f 5492 291 6436 
f 7647 8128 3246 
f 8262 1958 12375 
f 7063 1995 1947 
f 4803 10023 10957 
f 3353 3151 3169 
f 4505 11687 8092 
f 11095 3611 11548 
f 995 10561 11065 
f 291 9024 6436 
f 4791 3126 10816 
f 5611 4978 11020 
f 8300 1483 7011 
f 9362 8822 6382 
f 12078 4532 4630 
f 10831 5636 308 
f 10278 8691 65 
f 10090 3471 10996 
f 9990 8765 9657 
f 5310 5901 8648 
f 9063 1634 2165 
f 7367 8774 7905 
f 5069 10856 9523 
f 1013 2223 4253 
f 2575 9903 9869 
f 2120 2116 2119 
f 779 12169 2158 
f 8764 9332 9999 
f 9310 11063 10348 
f 3450 3023 2629 
f 9546 10070 3585 
f 11 11670 3719 
f 7789 3964 2310 
f 1887 10033 471 
f 2609 2805 2789 
f 12449 11179 2242 
f 5248 5245 5690 
f 12449 4616 11179 
f 7510 8010 1467 
f 6577 9394 10856 
f 7591 8333 4681 
f 2130 7619 480 
f 10901 10380 12218 
f 4558 6972 3160 
f 10199 1969 2499 
f 11959 7937 2028 
f 3219 9466 11253 
f 5987 2382 2123 
f 2525 2534 2201 
f 11084 2489 2639 
f 906 4933 11589 
f 5921 2043 2366 
f 2789 3609 3181 
f 3339 4729 4525 
f 7173 2274 7927 
f 9458 9462 8902 
f 8784 7173 7927 
f 2343 12366 11522 
f 6408 10074 9431 
f 5466 4914 9637 
f 7447 7169 12066 
f 7886 11982 2391 
f 6695 5701 6027 
f 6352 8289 8432 
f 4747 5630 8730 
f 11080 11301 11268 
f 209 7711 11307 
f 2038 7871 7097 
f 1425 4914 2923 
f 8150 3887 2791 
f 7447 12404 7169 
f 10427 9387 9697 
f 989 5558 12069 
f 7786 12355 3091 
f 2920 9336 5046 
f 3563 12239 9980 
f 5083 9715 8089 
f 6234 5498 601 
f 7435 8267 7408 
f 9291 3106 4897 
f 8355 8354 8352 
f 3850 8079 7801 
f 4111 6080 5030 
f 11416 4788 11142 
f 6845 8349 2212 
f 3046 5302 6387 
f 9070 9276 12228 
f 4003 3383 4200 
f 8622 11398 3022 
f 651 3573 3114 
f 6190 384 7420 
f 9542 11914 5856 
f 2514 4989 4550 
f 8989 8111 7832 
f 8916 2240 454 
f 8349 9661 8403 
f 8495 8900 7890 
f 11986 4369 7685 
f 7605 9683 9061 
f 3147 3049 8103 
f 3383 4003 3353 
f 1006 8472 4167 
f 4264 3465 3875 
f 11583 6165 11736 
f 11991 10655 7206 
f 131 6458 5386 
f 5901 4923 8648 
f 3299 10608 6360 
f 10837 11854 5295 
f 7303 6829 6605 
f 11583 11736 3635 
f 2023 440 9307 
f 9175 7860 11744 
f 8196 3326 2555 
f 2163 4425 912 
f 2769 4555 11437 
f 7094 9558 5223 
f 2195 6434 9834 
f 5844 5001 5472 
f 9959 427 7595 
f 12269 4391 1804 
f 204 7969 3275 
f 8581 7485 10917 
f 12256 5906 8476 
f 3053 2082 3250 
f 9839 8371 8373 
f 2575 6218 11367 
f 5546 3063 4555 
f 2068 8259 9561 
f 784 9199 7440 
f 4711 1780 3039 
f 5765 59 3083 
f 12400 6654 10857 
f 4389 2794 4823 
f 1456 1683 1576 
f 5222 367 5133 
f 10222 10562 10207 
f 6422 4747 8730 
f 2719 650 8201 
f 4351 9839 8373 
f 1313 9746 2575 
f 5624 8990 5587 
f 3170 6450 6107 
f 8207 8498 8489 
f 4840 4214 2981 
f 10161 4651 9968 
f 11514 6329 5286 
f 2314 4575 4139 
f 5031 12397 3649 
f 10757 2949 3101 
f 5238 12004 5230 
f 2981 5022 6107 
f 8654 6237 10216 
f 7743 8110 11435 
f 3339 4525 4183 
f 3137 4739 7756 
f 3760 4348 3777 
f 2630 8901 12190 
f 7422 11383 3723 
f 1945 10576 2328 
f 12450 182 4818 
f 11264 4948 2603 
f 10122 2461 5681 
f 1154 7946 726 
f 5896 4829 4181 
f 377 11752 1 
f 3539 4142 1868 
f 10112 9169 10475 
f 985 12142 3759 
f 9300 9944 9014 
f 2105 11315 4508 
f 4818 7614 1862 
f 2254 844 11423 
f 5408 941 423 
f 7520 2898 8899 
f 12299 7960 9409 
f 11448 10537 9700 
f 8046 7520 8899 
f 2164 11315 7191 
f 3444 11782 5712 
f 7818 9335 12100 
f 380 5946 8858 
f 1341 1015 4163 
f 9776 11736 9166 
f 7187 2129 2143 
f 6828 7608 3648 
f 7263 644 4702 
f 11281 11291 12328 
f 6329 10938 12199 
f 11218 12429 11616 
f 9964 6140 10896 
f 4575 4487 4139 
f 7773 1180 5787 
f 3760 4964 4736 
f 7534 738 4544 
f 2728 4094 4505 
f 4540 4879 11454 
f 3874 4265 4417 
f 1819 3546 4189 
f 3424 10158 1900 
f 2689 351 11256 
f 11928 1937 7843 
f 7955 7945 7916 
f 2073 2572 2419 
f 1536 8364 6540 
f 4954 572 5129 
f 9007 10774 11506 
f 11179 4616 1467 
f 11104 9206 11312 
f 11459 7843 7884 
f 12406 3115 11558 
f 11851 9227 9772 
f 10135 10576 10069 
f 6003 5394 5593 
f 8423 8154 1809 
f 4332 261 11608 
f 12427 526 10022 
f 9532 10338 9581 
f 5703 5262 10798 
f 2771 3362 3166 
f 2732 4806 4905 
f 9566 11891 7477 
f 7778 1051 1560 
f 7395 2258 4261 
f 2716 9613 7812 
f 3208 947 2304 
f 2866 7803 8398 
f 11696 10682 1046 
f 10458 10320 9736 
f 1937 11928 6036 
f 7989 8850 7696 
f 349 6817 5599 
f 4637 11931 1720 
f 2866 8398 11756 
f 12477 6343 7299 
f 1937 6036 11371 
f 296 516 809 
f 1262 60 4697 
f 7791 3444 237 
f 5545 2755 6613 
f 1528 6027 3692 
f 7651 8274 7658 
f 1328 10983 8213 
f 7140 10093 3490 
f 10257 2679 11211 
f 7490 3943 7662 
f 4684 5486 7017 
f 4856 11734 6320 
f 7716 2570 10004 
f 11476 11079 10364 
f 11296 496 11221 
f 147 5095 741 
f 8072 12336 840 
f 6745 9090 3949 
f 3452 7324 8002 
f 1549 211 458 
f 6429 7379 9817 
f 6457 4249 5347 
f 12296 1582 5860 
f 7214 6243 8536 
f 5649 5849 6934 
f 1923 6669 7828 
f 10452 2307 7134 
f 5966 8145 5604 
f 2360 2333 5641 
f 6701 12484 8779 
f 1395 4113 8167 
f 8212 6984 9844 
f 7651 10004 11844 
f 11190 12400 10857 
f 5753 5760 4654 
f 11282 3568 5300 
f 7989 8855 8850 
f 8824 9094 9087 
f 7600 4628 9732 
f 11156 8568 10828 
f 10173 4030 7056 
f 3340 4297 9528 
f 7777 1357 11033 
f 4783 927 639 
f 7191 11315 9421 
f 6454 7408 6905 
f 1567 217 6059 
f 12499 10617 2014 
f 5523 2010 10314 
f 7566 9290 5491 
f 598 2662 2394 
f 12211 5053 889 
f 9015 7855 8417 
f 1278 6048 11747 
f 5396 2225 6760 
f 2805 3411 3008 
f 3583 1100 12343 
f 7842 8711 7838 
f 9259 9912 10654 
f 10492 4162 2715 
f 62 6523 1963 
f 10615 10620 9868 
f 7323 9074 1381 
f 1297 11406 10369 
f 2161 1879 1785 
f 4906 2622 1658 
f 5410 5831 5418 
f 10029 9668 9363 
f 7596 8723 7162 
f 10887 453 7434 
f 7434 7374 10887 
f 2319 5068 7961 
f 6204 12495 5497 
f 11964 12427 4172 
f 6572 376 6017 
f 7198 8698 7386 
f 7342 7250 8264 
f 9354 7325 9889 
f 6638 9654 5701 
f 7614 8264 7250 
f 10999 9381 7266 
f 12256 8476 5607 
f 8308 9508 6178 
f 11370 1691 1184 
f 8698 7266 7340 
f 4325 6196 5031 
f 7399 5176 6694 
f 4630 11182 12390 
f 2606 7267 2995 
f 7614 4818 182 
f 11211 8264 7614 
f 5684 1791 5668 
f 556 10473 609 
f 1966 7497 5303 
f 12268 7340 1648 
f 9809 354 8581 
f 2971 282 11045 
f 10718 5052 11925 
f 8909 7415 12207 
f 8941 4961 5998 
f 1163 3600 8377 
f 7937 10473 2028 
f 9851 11200 7950 
f 1987 2435 4716 
f 11121 11933 11919 
f 1934 1958 4720 
f 3149 12291 2655 
f 3543 518 22 
f 1322 1875 1773 
f 1129 363 4086 
f 1960 1545 1661 
f 5606 6862 6425 
f 3562 10530 3526 
f 1839 9848 3772 
f 10461 7404 4326 
f 6162 6986 3233 
f 10211 10546 11266 
f 1842 5289 383 
f 1389 30 2050 
f 4169 11743 5004 
f 6495 534 978 
f 9672 3287 1871 
f 3649 11385 8015 
f 3476 3932 1025 
f 1455 3472 3288 
f 11558 3115 5341 
f 7920 4388 5871 
f 11950 10841 11147 
f 3698 5595 4120 
f 1954 6283 5283 
f 3211 6296 3153 
f 8581 354 7485 
f 9683 7429 2168 
f 8580 7719 6712 
f 9452 10148 10895 
f 11864 11895 3168 
f 9550 5269 10291 
f 9082 6518 4097 
f 5427 7050 5845 
f 4100 11028 3168 
f 11604 2226 10585 
f 11777 7069 4872 
f 10465 3416 6794 
f 6035 1914 7524 
f 4393 1914 6035 
f 6947 2010 5523 
f 2855 4347 3407 
f 3607 9393 7724 
f 6219 3643 3250 
f 10074 2477 1863 
f 37 2393 11971 
f 9908 9951 2371 
f 9731 5860 1582 
f 4777 6066 8197 
f 7997 3531 3190 
f 2563 3822 1967 
f 6589 6167 7312 
f 4207 11041 9377 
f 5205 4119 6593 
f 8390 786 169 
f 8626 8050 8902 
f 7793 2320 3388 
f 2275 10909 11249 
f 6482 7179 7460 
f 4441 9470 7227 
f 11074 10393 9632 
f 10203 9220 10948 
f 7127 1955 1721 
f 1968 6438 8383 
f 6515 4092 5317 
f 3555 7439 3414 
f 5587 8990 2846 
f 2521 4162 6745 
f 11957 10304 1418 
f 9933 8422 8429 
f 9314 12177 2567 
f 8046 10848 7520 
f 8873 9430 9145 
f 1274 5788 1263 
f 1826 12226 5331 
f 1965 6882 11650 
f 8359 8947 7796 
f 11041 485 10876 
f 12011 5948 2853 
f 7009 4974 11988 
f 12277 807 7638 
f 6503 6085 7750 
f 1965 11388 6882 
f 1667 11433 9370 
f 3299 2580 10608 
f 983 8055 7791 
f 3308 4130 3521 
f 6094 4799 5304 
f 5831 5410 6020 
f 9388 3056 3145 
f 2516 11859 9147 
f 6977 5699 5700 
f 7960 9281 3512 
f 9498 7423 10977 
f 3201 2051 3672 
f 10861 10045 11858 
f 2482 3653 9837 
f 5325 3680 6072 
f 11083 10768 10014 
f 10201 9218 1474 
f 6947 986 12056 
f 6751 5012 740 
f 4454 12274 5572 
f 9062 7257 8185 
f 10039 10014 10768 
f 4004 7790 8102 
f 884 6887 2721 
f 3123 2333 5224 
f 732 4273 5078 
f 9690 9384 9092 
f 4799 4593 4043 
f 3543 1074 4756 
f 5889 7509 6716 
f 12121 10222 9857 
f 6532 2714 1835 
f 6882 4069 5021 
f 4101 3988 2672 
f 2452 2969 3378 
f 2335 8426 6355 
f 5585 10806 2310 
f 9648 10867 3123 
f 11272 11685 11292 
f 11640 4 1002 
f 6312 1154 6707 
f 2932 7851 5202 
f 10806 262 6012 
f 1486 1276 1390 
f 9268 3644 429 
f 10806 6050 7789 
f 2867 4693 4578 
f 6157 10155 12208 
f 12176 7813 6902 
f 7129 549 491 
f 3806 3590 3999 
f 6600 8640 658 
f 7541 6558 8086 
f 2280 11787 10651 
f 3197 3809 3156 
f 3373 11987 5886 
f 3675 11974 7984 
f 581 5467 5375 
f 12195 473 436 
f 2307 8567 7134 
f 7195 3884 2807 
f 7850 7792 10426 
f 10079 7794 8637 
f 2855 3407 6788 
f 5148 5146 4309 
f 10080 9594 6172 
f 9881 10341 3035 
f 6861 6627 6651 
f 5886 5500 3373 
f 5429 6545 7800 
f 341 8578 5157 
f 1706 6688 7819 
f 1609 5557 4917 
f 10321 8546 3554 
f 1506 6015 2829 
f 12084 8170 3725 
f 3819 2382 5987 
f 2335 6355 5826 
f 11266 2097 10211 
f 4561 4523 9724 
f 1816 2030 2449 
f 4322 3752 3538 
f 6560 2492 7437 
f 165 3464 6855 
f 6566 7270 7005 
f 3700 8013 8182 
f 5327 8036 2787 
f 11728 7260 4942 
f 5487 4825 3238 
f 943 1429 4871 
f 10231 1699 7966 
f 2251 2749 2927 
f 3977 8818 8337 
f 5904 6831 589 
f 10919 12044 11472 
f 4697 60 8318 
f 3676 8666 9405 
f 3647 3146 5122 
f 23 9486 11897 
f 4722 8564 1849 
f 355 10220 443 
f 6732 7738 7474 
f 3836 11044 7660 
f 7613 6627 7617 
f 12456 11246 11254 
f 6446 8960 5037 
f 7556 849 4708 
f 2128 1342 10836 
f 7316 3984 518 
f 6793 7004 7006 
f 10937 7127 7186 
f 5707 5465 1851 
f 10821 5399 6748 
f 7185 6828 7757 
f 4135 5545 10871 
f 2991 3390 2989 
f 10767 673 1463 
f 5648 5418 5831 
f 6106 270 5051 
f 6814 9115 5218 
f 1693 8644 10332 
f 11641 4903 11985 
f 9025 9610 6432 
f 9331 6296 3211 
f 10460 9442 2216 
f 8160 9300 9014 
f 7609 8870 9331 
f 873 5836 6762 
f 734 4699 8031 
f 9162 12358 3395 
f 5576 8495 10128 
f 10611 9863 11365 
f 7428 6649 9061 
f 6432 9610 1179 
f 1036 9470 4441 
f 4581 12458 9623 
f 11757 1522 3246 
f 10440 12332 3350 
f 9479 4176 9891 
f 11441 7271 5617 
f 8570 2745 4811 
f 9482 7338 5949 
f 5237 8845 10628 
f 11865 8373 8390 
f 11133 1697 9834 
f 10739 3399 10978 
f 11629 4452 2515 
f 658 3194 9985 
f 6852 11062 4806 
f 1921 3927 5078 
f 9149 10039 10833 
f 11092 6918 9776 
f 5153 4230 4565 
f 6393 6203 6193 
f 3990 4314 1043 
f 1128 5900 711 
f 7640 7370 7918 
f 8867 358 7560 
f 8141 4941 9648 
f 8119 7891 4568 
f 4570 3408 9026 
f 8354 9220 8658 
f 11309 11846 2443 
f 7744 1990 1949 
f 65 4749 12149 
f 878 953 451 
f 2745 10083 777 
f 4134 3293 3084 
f 6799 1839 3772 
f 10231 3686 1699 
f 7731 7457 7739 
f 10127 10105 10088 
f 7526 343 6319 
f 8372 9903 2075 
f 3388 2320 10456 
f 8449 4464 11926 
f 7018 10065 1197 
f 11011 10931 10642 
f 2511 12152 4313 
f 477 2995 7267 
f 265 222 3326 
f 1271 6392 5793 
f 7689 5553 1274 
f 10982 6899 7875 
f 4129 3975 4906 
f 10457 7532 9635 
f 4056 11891 11611 
f 11318 5086 5493 
f 3786 6590 2738 
f 6397 984 1018 
f 1271 5335 6392 
f 2381 10255 5065 
f 5294 3249 3202 
f 4141 578 11562 
f 420 8582 452 
f 7123 3451 12464 
f 8682 9241 7109 
f 699 10902 3807 
f 4524 10550 3291 
f 5395 5843 11767 
f 1484 11197 11770 
f 4337 11374 9934 
f 4024 1107 6996 
f 4260 5557 11295 
f 5872 143 8539 
f 11828 4026 1762 
f 12322 2249 4573 
f 8455 915 5259 
f 4161 5932 1240 
f 1444 9202 7632 
f 1753 747 1171 
f 3382 2892 3505 
f 10589 10009 1945 
f 4377 9370 6350 
f 8649 6822 1214 
f 5761 436 10971 
f 3666 7732 1510 
f 565 679 6698 
f 3666 2831 1632 
f 9985 5983 690 
f 7521 7518 5920 
f 3135 8518 6245 
f 3158 10537 4160 
f 2046 4706 6021 
f 9839 9171 12128 
f 12398 4621 8655 
f 8008 4499 4650 
f 7429 3748 950 
f 1316 11988 4891 
f 12191 10172 10271 
f 5426 8299 9185 
f 1758 1314 2998 
f 4007 7256 4573 
f 265 3940 2065 
f 779 2249 12169 
f 1207 5385 5214 
f 4170 210 4150 
f 9586 9712 2633 
f 4060 1779 4106 
f 7052 4650 484 
f 7444 10627 9962 
f 6942 2782 4533 
f 530 9679 11087 
f 8173 3854 2817 
f 3380 1460 10006 
f 9336 11918 3840 
f 6625 352 2098 
f 7388 4706 4192 
f 5845 8405 8651 
f 8552 1367 1376 
f 484 2155 8116 
f 1639 1742 1846 
f 10494 8542 3661 
f 250 10199 12347 
f 765 1568 472 
f 302 4170 3714 
f 4929 7790 4458 
f 9552 2385 6323 
f 1935 3434 3815 
f 11487 7578 4553 
f 11461 8888 8559 
f 12177 9314 2099 
f 6362 2831 3072 
f 2946 4007 779 
f 10637 10269 10632 
f 1133 1228 1226 
f 5193 1009 1866 
f 11000 4777 11829 
f 11015 11082 5121 
f 11680 10847 11976 
f 7353 9340 2036 
f 6692 3838 11963 
f 2557 3741 3538 
f 11574 11980 11552 
f 457 1334 7059 
f 1172 8188 1388 
f 2721 7760 2687 
f 10695 5536 3855 
f 8880 1719 2260 
f 9636 3893 1551 
f 236 11620 9660 
f 12379 1181 8056 
f 1496 4006 3788 
f 1764 3204 4445 
f 10864 9642 7599 
f 1935 6390 568 
f 3251 10759 3372 
f 4279 1595 1408 
f 7064 9973 6612 
f 1077 3805 12200 
f 12348 9511 6536 
f 12024 68 3849 
f 10041 9791 6136 
f 5184 1022 5762 
f 4864 8393 10582 
f 10202 7894 8375 
f 5791 9360 6144 
f 9810 619 2606 
f 10160 4603 5020 
f 11812 7113 7433 
f 8096 8681 8679 
f 5164 4088 7544 
f 7397 4192 3490 
f 5577 6769 6860 
f 5823 7692 1601 
f 3599 9993 4836 
f 6471 4113 7072 
f 344 10225 6160 
f 3878 4642 4265 
f 5839 9059 7604 
f 3789 4963 4349 
f 12171 12089 1152 
f 4061 7261 11660 
f 924 2803 8623 
f 9947 6053 8862 
f 1539 1017 1295 
f 6796 7313 7343 
f 5225 4200 5471 
f 5762 1174 5852 
f 7152 12330 4648 
f 234 8328 1970 
f 8198 8483 8217 
f 4431 7407 11658 
f 9756 4474 248 
f 4659 2903 11702 
f 6353 12384 6885 
f 6701 7400 11861 
f 243 4927 5040 
f 7766 12447 8505 
f 3456 9378 2392 
f 11968 4806 2732 
f 11414 10202 952 
f 8537 6061 9339 
f 10041 6460 11794 
f 5607 8768 12256 
f 8960 11605 7757 
f 730 3251 7220 
f 730 4797 3251 
f 8443 5134 5154 
f 4777 11000 6066 
f 12082 12206 5704 
f 9940 2916 2932 
f 9677 912 11054 
f 3065 4282 3492 
f 1957 10247 2243 
f 7757 4542 8636 
f 12384 8534 11151 
f 9711 6376 3103 
f 3320 6376 9711 
f 144 10829 12166 
f 12234 10306 10683 
f 474 8168 9396 
f 11456 207 12252 
f 9876 10258 4046 
f 8668 7946 6312 
f 11639 703 1263 
f 8912 1555 8320 
f 6233 10738 3669 
f 2753 6481 1437 
f 1266 2957 5281 
f 941 11382 7612 
f 3625 9763 4796 
f 3939 3918 1566 
f 11730 4656 6924 
f 4232 5236 5478 
f 7661 8131 5200 
f 11606 2018 2357 
f 3715 3103 2765 
f 5426 10612 8383 
f 2812 4853 6444 
f 3421 3607 11401 
f 1660 11990 6281 
f 1411 1478 4421 
f 7487 6964 7217 
f 1996 1988 2843 
f 3482 5348 6859 
f 1594 2957 3377 
f 7077 9915 5602 
f 5417 3318 3496 
f 2255 10593 7680 
f 12360 4079 7389 
f 447 8881 11721 
f 8161 11273 3432 
f 2246 8231 8522 
f 1144 7829 633 
f 2615 5752 2736 
f 3869 4064 2615 
f 10632 11707 10637 
f 12196 10685 838 
f 8964 1978 1852 
f 2931 10409 4734 
f 3052 3058 3470 
f 3822 6041 2864 
f 1411 4421 7471 
f 4896 12345 9852 
f 4718 12428 172 
f 6632 7078 6640 
f 2284 2789 3181 
f 4887 8952 920 
f 2869 489 2676 
f 2487 12248 2306 
f 187 8515 4497 
f 9040 1468 7705 
f 5534 7357 2964 
f 9223 10791 1493 
f 10455 10841 10475 
f 7677 10004 7651 
f 4011 5093 5928 
f 8211 11815 11608 
f 630 931 847 
f 11431 12222 8754 
f 833 9468 1325 
f 9603 1994 12164 
f 11394 863 4910 
f 10247 3740 2243 
f 9760 7189 310 
f 889 7124 11752 
f 9376 11408 2501 
f 9839 3170 9171 
f 10363 7175 4695 
f 395 4064 5842 
f 8041 356 6815 
f 359 9871 9334 
f 9755 9214 4664 
f 5911 2054 12419 
f 10529 12334 6825 
f 4666 12272 6546 
f 12426 4962 5479 
f 708 1031 8083 
f 11979 6875 11803 
f 2808 10529 6825 
f 9101 10311 9992 
f 9225 5057 4981 
f 6982 7537 10619 
f 759 7755 11825 
f 11290 6083 7670 
f 4956 6772 4888 
f 1127 517 4610 
f 5219 11278 4050 
f 1073 7609 3211 
f 2542 10508 9129 
f 2650 740 1185 
f 6672 6224 5241 
f 6228 35 9642 
f 10923 11544 6000 
f 4032 1160 6743 
f 8615 7384 11384 
f 147 4028 463 
f 11632 10587 8962 
f 1084 8748 12426 
f 2651 10282 10595 
f 4962 350 5479 
f 10920 11266 10546 
f 4586 12426 5479 
f 11432 4422 3102 
f 7525 9228 4789 
f 9772 1011 8967 
f 3010 11384 7384 
f 6884 6768 6695 
f 9918 9831 4763 
f 9893 5582 289 
f 3709 3086 11089 
f 2635 8732 11189 
f 6161 12187 4424 
f 9619 9423 1936 
f 2752 8042 4425 
f 3402 5730 9153 
f 11217 7504 11356 
f 3492 4675 4301 
f 5994 4593 6094 
f 6805 10951 2145 
f 10021 6053 9947 
f 6733 7514 2222 
f 6770 8128 7647 
f 2413 11140 10289 
f 10580 4859 457 
f 2016 7910 10157 
f 12124 66 1059 
f 2150 1475 114 
f 3466 3185 448 
f 7015 821 7605 
f 8282 9130 9154 
f 11869 10795 11450 
f 7192 2829 6317 
f 8606 10168 7387 
f 3879 3599 8176 
f 12222 11434 12237 
f 4978 8603 2803 
f 7921 7952 6878 
f 7935 7918 7916 
f 5251 10975 5382 
f 1101 2363 6979 
f 7815 8099 8096 
f 3003 2991 2989 
f 9697 10430 10427 
f 10422 8197 6066 
f 7750 6729 6499 
f 10437 10858 9758 
f 3043 6413 11585 
f 10602 10610 1143 
f 11635 2700 900 
f 5104 5835 4614 
f 7614 7250 11672 
f 3010 3239 11384 
f 10643 12140 6294 
f 6366 9178 4420 
f 2323 12109 3119 
f 1574 3591 2019 
f 4800 8991 3264 
f 1877 8791 6634 
f 3464 5067 2353 
f 11235 8538 5286 
f 5036 6170 6405 
f 8981 136 8724 
f 11328 854 12309 
f 3188 11834 9099 
f 3473 12081 976 
f 1590 5798 4421 
f 1212 8371 12128 
f 11405 9519 8721 
f 2880 4120 2009 
f 7762 8050 8063 
f 9516 2689 117 
f 1066 10588 8868 
f 2694 11308 2518 
f 11181 8257 11466 
f 4048 4382 7616 
f 3005 700 11176 
f 3486 3502 12017 
f 6410 3280 9440 
f 2535 11563 6345 
f 7835 2820 2834 
f 5798 11342 11334 
f 673 7741 6859 
f 134 1411 7471 
f 5482 7149 42 
f 10433 6183 374 
f 7762 7487 8050 
f 11984 11602 2124 
f 10507 5989 2403 
f 12099 2827 5951 
f 12151 5905 493 
f 1938 6613 879 
f 9954 10699 11061 
f 2672 3998 9118 
f 290 10394 1763 
f 9600 10334 10329 
f 10334 11447 10329 
f 5298 1892 6219 
f 7762 6326 7771 
f 2492 11971 7437 
f 3440 3857 3652 
f 7029 7519 1195 
f 10796 11524 10975 
f 134 5553 7689 
f 4257 4410 5296 
f 3732 9205 6411 
f 1555 12306 3157 
f 11660 7193 11789 
f 10117 10088 10125 
f 1267 1259 1489 
f 1308 5774 9134 
f 8739 9347 7788 
f 1024 4728 7579 
f 2085 8490 6738 
f 9813 7344 3867 
f 11690 803 2613 
f 4723 11941 10944 
f 10224 8519 11710 
f 4160 5456 3158 
f 7176 6466 8004 
f 1358 5181 9783 
f 1105 9205 2926 
f 9460 3499 5908 
f 6517 6437 11912 
f 3132 12379 8056 
f 2358 5367 9082 
f 1508 6591 4486 
f 7205 5714 9788 
f 12052 11779 12467 
f 5176 4327 4943 
f 10580 11677 4859 
f 11471 5948 1480 
f 2970 4799 4043 
f 6591 2947 3544 
f 438 8786 8180 
f 11996 656 4858 
f 3897 3861 3803 
f 12168 11718 3810 
f 6287 2397 10234 
f 9153 5730 8400 
f 6715 92 6 
f 9471 9709 3148 
f 3152 3142 3354 
f 705 6689 656 
f 5104 8584 5835 
f 6092 1069 9747 
f 4486 6591 891 
f 6139 4188 8969 
f 1580 12489 6776 
f 6112 11984 752 
f 5723 6189 584 
f 312 3436 10342 
f 11996 7365 8967 
f 8183 5541 4227 
f 6349 5933 4832 
f 1943 12429 11607 
f 3854 2405 670 
f 683 8967 9735 
f 1453 9735 1011 
f 5626 12323 3632 
f 2889 2739 2812 
f 8543 8157 887 
f 742 3346 7582 
f 3520 9082 4097 
f 10401 10996 9799 
f 10422 4676 8197 
f 6111 11780 8742 
f 11343 11727 11725 
f 6058 5869 5457 
f 3675 864 9897 
f 1264 1265 1255 
f 7506 527 9173 
f 8261 8407 558 
f 12096 12074 6409 
f 220 8563 9696 
f 8132 1569 11413 
f 9267 8704 9574 
f 6685 6230 7146 
f 10310 1144 50 
f 3869 2615 2736 
f 8388 7546 8374 
f 6233 3897 7908 
f 12260 6987 2690 
f 9679 4223 469 
f 2363 1101 10249 
f 11900 1873 10356 
f 6289 5304 4799 
f 2627 8809 2865 
f 2216 9442 6174 
f 469 2159 9679 
f 7560 8710 1615 
f 9519 11816 3904 
f 9680 9094 10412 
f 10992 10623 10620 
f 5124 4827 8894 
f 3248 467 9179 
f 11042 10654 12230 
f 5648 6246 6044 
f 61 9858 7549 
f 10712 11458 10334 
f 4184 8000 3127 
f 10947 10851 511 
f 3996 11150 208 
f 10727 543 9250 
f 3295 304 11573 
f 6511 3909 2530 
f 9179 140 11157 
f 4790 11070 247 
f 9663 11083 10014 
f 7952 7921 3041 
f 10660 11792 300 
f 6029 6767 4684 
f 10897 1257 8970 
f 10210 11419 11126 
f 7576 4842 5991 
f 9640 2363 7948 
f 4779 3536 10660 
f 687 500 6852 
f 5101 6864 1792 
f 11461 5217 10138 
f 6258 4305 5713 
f 444 2439 584 
f 5105 9055 5834 
f 4818 1862 10386 
f 11755 8091 5630 
f 12183 6608 2211 
f 9356 1767 2710 
f 4740 11052 12235 
f 5158 4585 2299 
f 1527 9451 10529 
f 7944 8477 6180 
f 9361 10295 6324 
f 2645 8396 2134 
f 6151 40 3659 
f 1679 483 2074 
f 4144 12372 6007 
f 8591 4530 9894 
f 305 323 385 
f 8507 2625 8378 
f 6424 12453 1691 
f 1749 8452 4396 
f 11366 11340 7210 
f 11734 11382 941 
f 11428 6798 8133 
f 11053 2205 11866 
f 9724 1647 8497 
f 8220 2375 850 
f 11789 8939 11660 
f 10219 4920 12231 
f 1691 949 6643 
f 6193 11528 9089 
f 4068 4411 3864 
f 11465 12265 12259 
f 2332 12288 10173 
f 11966 2354 10616 
f 12483 291 9106 
f 8177 11581 1149 
f 6455 10547 3015 
f 4800 3264 9608 
f 4588 11578 10081 
f 8538 4157 5286 
f 3286 4852 3858 
f 10579 8905 5428 
f 2078 5588 11096 
f 12372 396 6007 
f 9013 11957 10275 
f 6507 11576 8148 
f 10317 9417 3664 
f 7900 7352 5139 
f 6284 9485 4526 
f 10294 210 5783 
f 6002 2914 9216 
f 11463 7081 5476 
f 11546 12376 10841 
f 11715 7547 8261 
f 4254 9278 8347 
f 2983 2502 5789 
f 10424 5708 5473 
f 9031 10448 3527 
f 6274 4187 9865 
f 5913 3979 9443 
f 177 10395 559 
f 9311 10373 7519 
f 3744 6925 9304 
f 8238 8256 8838 
f 7931 194 9064 
f 10100 1008 362 
f 427 5935 424 
f 9586 3230 2814 
f 10601 4817 9614 
f 5303 7497 3557 
f 6674 10375 4696 
f 9158 2344 3276 
f 7937 10335 609 
f 7552 4734 7483 
f 375 3985 12225 
f 10936 7167 3460 
f 11698 10659 5986 
f 177 10702 3118 
f 7343 6615 4589 
f 1241 1236 1473 
f 250 12347 2614 
f 1701 6464 9522 
f 3548 2399 2247 
f 10854 6757 5981 
f 4400 6289 4799 
f 2072 11310 11425 
f 11856 2193 5383 
f 6889 6648 6435 
f 10416 826 1518 
f 8811 11638 1261 
f 2460 994 653 
f 6951 5713 822 
f 8103 6805 3147 
f 3725 8170 4682 
f 8454 9626 9326 
f 4 3945 1002 
f 7199 6952 6492 
f 6902 10228 195 
f 6360 6766 5170 
f 3902 4430 4129 
f 3366 3995 3376 
f 11221 6202 3710 
f 2590 10458 9605 
f 910 9804 2586 
f 3297 10126 981 
f 3336 7817 10514 
f 9225 12058 3119 
f 3107 12246 1624 
f 3988 4682 8170 
f 838 10685 10092 
f 1943 8635 10697 
f 5104 1680 8584 
f 539 2230 6453 
f 1023 485 11041 
f 11863 1372 7790 
f 9890 11007 10635 
f 4477 8365 11885 
f 4306 5283 1172 
f 617 3559 936 
f 3597 7271 8033 
f 9790 12430 9786 
f 10293 9913 9933 
f 551 623 152 
f 8142 4386 5256 
f 9810 9852 803 
f 1861 2289 8365 
f 3640 3833 4236 
f 6400 5838 2118 
f 8996 5046 993 
f 7625 9628 1522 
f 5919 1398 11031 
f 4280 8305 8029 
f 9795 12199 2451 
f 11182 7114 4328 
f 5226 2299 8242 
f 6772 5936 12432 
f 410 9548 8914 
f 7276 10807 12055 
f 3434 9102 6495 
f 12444 8452 2113 
f 11138 12388 6284 
f 3307 3237 11881 
f 4323 4322 4930 
f 7529 8671 2830 
f 4490 4572 4364 
f 11043 10244 4721 
f 6331 12086 7616 
f 6900 5297 1071 
f 7551 402 9818 
f 5751 10896 6140 
f 7119 7939 10892 
f 8113 10486 1950 
f 2636 9258 11162 
f 4444 8952 6791 
f 6234 8081 5498 
f 5621 4041 5212 
f 613 515 6485 
f 5046 685 993 
f 4230 12177 10462 
f 8335 10964 12190 
f 2420 8908 524 
f 5407 11191 12480 
f 8627 695 11631 
f 4257 4427 4264 
f 3790 2532 12173 
f 3858 1634 3286 
f 7529 3340 8671 
f 4719 2342 9112 
f 538 4402 10474 
f 3564 1028 9925 
f 5521 7149 2317 
f 10383 1138 6504 
f 8002 9798 3985 
f 9463 4365 606 
f 9941 3398 9526 
f 423 9822 768 
f 12113 3558 2578 
f 3880 3459 2836 
f 9642 320 2824 
f 2198 4090 2078 
f 4402 9528 10474 
f 2882 9504 8291 
f 11160 7036 2586 
f 559 4202 1688 
f 975 5976 6542 
f 5056 38 1621 
f 5738 7514 6733 
f 9828 3314 1064 
f 6730 1383 4549 
f 9002 10541 1189 
f 1457 2880 2009 
f 4149 3540 2740 
f 2500 12152 11142 
f 10827 11427 4782 
f 10462 12177 6222 
f 3308 3309 3942 
f 4433 8168 1189 
f 3756 11385 8502 
f 11120 6532 1835 
f 3334 9068 11204 
f 2757 9416 10954 
f 11296 11221 3710 
f 8287 5484 6385 
f 2221 2547 1930 
f 6619 8315 608 
f 10659 11698 4433 
f 2015 1090 1529 
f 9002 1189 8168 
f 9360 7505 9676 
f 6810 9596 4343 
f 2006 11943 1455 
f 532 11413 1855 
f 9299 2443 4204 
f 10521 3895 7512 
f 4251 11308 9603 
f 6621 11733 3713 
f 1484 11770 5182 
f 6015 3363 2541 
f 10 1863 8154 
f 10541 9002 11889 
f 6267 8031 10669 
f 2704 4599 10921 
f 6522 9904 11635 
f 9185 7667 7913 
f 10345 4640 3724 
f 5717 8446 7788 
f 6950 1885 5437 
f 1964 8833 2760 
f 11699 1961 4382 
f 8561 1243 1459 
f 1259 987 1487 
f 8847 7042 1810 
f 9084 7786 8673 
f 10248 9481 8316 
f 4047 5392 4049 
f 7321 7608 5137 
f 982 2245 2210 
f 3171 3152 3159 
f 3574 10662 2170 
f 6644 1995 7872 
f 10057 333 4416 
f 1018 6033 1104 
f 4682 4355 1299 
f 6181 5875 1418 
f 4247 10804 9196 
f 5399 1772 3813 
f 12159 3014 6650 
f 11649 6240 9971 
f 2060 2793 11553 
f 8378 9609 11345 
f 10925 5615 4881 
f 5503 9032 9815 
f 1696 6160 3866 
f 5275 5659 1724 
f 9576 1363 7088 
f 7786 3091 4503 
f 6714 7306 28 
f 5845 100 8405 
f 9869 3092 4243 
f 4820 10577 7333 
f 2190 8090 2067 
f 7627 11316 11833 
f 8971 344 10366 
f 7728 7327 6990 
f 2018 3284 10849 
f 3522 6431 9026 
f 12439 829 8408 
f 1866 1009 12325 
f 3075 6878 7952 
f 8434 9015 9301 
f 3653 5241 925 
f 8908 9311 2497 
f 6699 11236 6614 
f 9394 1732 10856 
f 6953 8641 5285 
f 12082 5609 5340 
f 5743 3881 690 
f 6119 3422 9065 
f 566 10237 7145 
f 10151 9458 10890 
f 1019 4565 4336 
f 2849 1060 1934 
f 12432 3211 7475 
f 12492 5952 3252 
f 8841 1359 5291 
f 8216 5638 3530 
f 1361 786 4042 
f 5687 3022 11398 
f 2394 5484 8287 
f 11941 4723 2822 
f 989 430 5383 
f 6950 7622 1885 
f 1323 8628 10420 
f 3312 8992 8268 
f 9806 6816 3663 
f 714 2822 4723 
f 2868 3261 3880 
f 3222 5764 11662 
f 7 6457 2526 
f 9983 9326 9626 
f 7552 4660 9162 
f 1739 5613 396 
f 2311 12246 1152 
f 46 4515 2315 
f 11535 11538 3844 
f 4804 4592 4594 
f 11464 8480 1570 
f 9978 10460 9210 
f 773 979 406 
f 4042 3295 10498 
f 11981 3461 7061 
f 1055 5796 5821 
f 5265 8708 10049 
f 4204 2443 11846 
f 2915 6001 848 
f 4473 12027 4785 
f 10862 1292 11946 
f 4982 10285 4018 
f 2063 5479 10624 
f 6566 6561 6145 
f 12379 3132 6500 
f 12016 2117 7671 
f 10795 2601 1686 
f 4901 3129 1502 
f 3028 6636 7072 
f 11187 8526 7206 
f 11028 7586 7569 
f 5468 1013 5574 
f 1431 415 9900 
f 8432 9745 1215 
f 4792 7369 35 
f 6951 2878 10260 
f 5343 10488 9160 
f 6404 6077 7776 
f 5586 6752 8685 
f 8592 10058 2095 
f 6690 9812 10933 
f 12078 11097 9440 
f 2066 2005 6661 
f 7419 8007 997 
f 2086 1835 7622 
f 814 171 124 
f 4396 12444 6686 
f 6950 8213 7622 
f 797 1180 7773 
f 5873 4771 5671 
f 1006 11865 9505 
f 7500 1868 4142 
f 1643 6641 6529 
f 2674 3061 7342 
f 4621 6697 1844 
f 5001 5844 3513 
f 491 7020 3057 
f 10105 10487 10857 
f 166 677 1231 
f 9630 7662 3228 
f 3766 8878 8593 
f 9771 11374 6111 
f 693 3900 835 
f 2094 2431 2096 
f 11560 10392 6592 
f 998 10326 530 
f 9478 2580 7816 
f 2545 774 4491 
f 10596 10557 984 
f 6567 6568 7006 
f 1455 485 345 
f 2734 8349 6845 
f 2212 12481 6845 
f 10279 10646 11011 
f 161 191 3714 
f 11216 3278 67 
f 6450 2981 6107 
f 6487 4839 4809 
f 7925 8509 7367 
f 10361 1893 8577 
f 11148 2715 9480 
f 4642 5554 5549 
f 2364 3438 2207 
f 1533 7450 11219 
f 2416 2571 2412 
f 3886 5940 5400 
f 8822 7981 1646 
f 2182 5988 8656 
f 2479 6660 8886 
f 2898 9424 8899 
f 726 7946 4166 
f 8187 3660 2056 
f 255 472 259 
f 4451 5161 1428 
f 8022 11717 9033 
f 4838 6267 10669 
f 5270 11215 9370 
f 5130 5118 12088 
f 6573 2591 3738 
f 10911 10501 11251 
f 259 193 255 
f 12373 10857 12385 
f 1679 958 5746 
f 8611 8062 4233 
f 2664 2851 2484 
f 6554 2280 11395 
f 1 8414 377 
f 2853 4495 7865 
f 1 618 8414 
f 2609 2284 2106 
f 3604 2996 1070 
f 11490 11099 10406 
f 3557 4483 9272 
f 4735 9182 503 
f 1836 8563 220 
f 2153 1578 1982 
f 858 859 992 
f 12370 12478 12406 
f 10621 2245 9846 
f 9589 8717 9267 
f 4175 4287 10226 
f 2108 2282 2112 
f 5211 1335 6205 
f 7125 3305 6070 
f 7043 194 9018 
f 9715 5220 6597 
f 603 6596 1526 
f 6103 7208 7417 
f 208 4731 6314 
f 3392 2175 7076 
f 5696 5693 6315 
f 3444 3539 1868 
f 10429 6184 9921 
f 5773 4680 6563 
f 10647 7032 7354 
f 1501 8137 3311 
f 868 7936 358 
f 237 3444 5712 
f 12236 11694 5412 
f 728 10198 2968 
f 237 5712 12284 
f 244 5941 1921 
f 2662 598 8781 
f 6956 7450 1533 
f 7315 8394 8140 
f 9127 4095 10792 
f 9806 11902 6108 
f 2026 737 1640 
f 4506 5999 9053 
f 9466 842 2562 
f 1715 11280 12285 
f 10764 2951 9834 
f 12312 2266 10650 
f 11202 5448 9176 
f 7684 9714 12442 
f 11724 3054 8664 
f 2237 11864 3168 
f 7288 661 2640 
f 6929 1200 9847 
f 8176 3599 9580 
f 5794 5356 5146 
f 6504 1138 1408 
f 12270 1423 7287 
f 3192 6557 29 
f 5349 6680 6583 
f 8467 2014 1766 
f 2653 12309 4788 
f 4355 4636 1299 
f 3973 3228 2323 
f 9374 9998 10036 
f 2815 1112 10433 
f 5590 3071 4920 
f 10064 7405 10075 
f 671 11629 2515 
f 2781 11123 9417 
f 9426 5313 4146 
f 3641 9235 1587 
f 3055 9168 2660 
f 7856 7803 6722 
f 5558 12047 10349 
f 5169 4717 4323 
f 5245 4232 5478 
f 11736 6165 6708 
f 5462 4358 4980 
f 11459 3972 7843 
f 12101 981 10894 
f 7956 650 6867 
f 7486 11928 7843 
f 3445 1361 4042 
f 9719 5187 2713 
f 8393 8305 9034 
f 1501 10876 8137 
f 4374 4710 4344 
f 7070 8434 7882 
f 326 6891 7863 
f 2516 5548 10007 
f 8997 6523 104 
f 10416 6251 826 
f 1167 10489 10568 
f 5100 96 5221 
f 7875 11285 3610 
f 4074 968 11195 
f 8258 2718 6181 
f 11241 3198 4293 
f 2103 2083 8037 
f 11266 10920 8033 
f 1986 8159 3202 
f 1483 10100 362 
f 9388 8903 3056 
f 1231 4371 8353 
f 11201 3943 419 
f 419 3943 7490 
f 7716 11371 2570 
f 1138 2285 8938 
f 7443 6736 2841 
f 4528 7062 8109 
f 12194 800 10192 
f 8766 8186 7900 
f 9949 4391 7514 
f 10210 10870 2004 
f 9820 6724 1784 
f 9077 12310 8917 
f 2307 10054 8567 
f 1182 11858 10045 
f 5729 6540 9216 
f 3011 9081 11474 
f 11706 11685 8974 
f 9513 11659 5924 
f 3349 2801 5622 
f 2170 2140 3897 
f 9454 666 1584 
f 6897 4711 12435 
f 9533 12344 11104 
f 8495 11155 8900 
f 5743 10929 3881 
f 10119 2008 3686 
f 301 2808 11290 
f 4888 12432 7475 
f 405 2559 5806 
f 10184 1713 10622 
f 6543 3141 9315 
f 453 7452 7434 
f 542 11427 10827 
f 7054 7037 7303 
f 5517 386 5957 
f 10168 12387 1137 
f 3044 4505 8445 
f 7133 4438 11788 
f 3787 3289 12079 
f 6365 3506 9045 
f 10537 3158 1145 
f 5677 3334 10086 
f 8511 5326 10143 
f 10464 4205 9781 
f 12417 12387 10168 
f 10455 11147 10841 
f 5689 579 10661 
f 3621 7490 5491 
f 5321 4577 11359 
f 6196 12397 5031 
f 6806 11203 5216 
f 2627 5906 12256 
f 1603 1726 3753 
f 609 6056 556 
f 8129 7332 7635 
f 173 10503 6677 
f 6141 5296 5926 
f 394 765 255 
f 10166 12126 4449 
f 6892 7122 6889 
f 9309 12334 1260 
f 4523 2290 10097 
f 9454 7694 135 
f 11132 3126 149 
f 5441 10314 6624 
f 9359 7266 8698 
f 7554 8108 8968 
f 7176 6932 6492 
f 11611 10886 7592 
f 6546 12272 9623 
f 8500 3727 3786 
f 11628 7636 541 
f 5011 5542 7207 
f 5169 4323 4938 
f 163 1196 11624 
f 5470 5372 5126 
f 11450 10795 7038 
f 5351 6879 4934 
f 8632 7496 8054 
f 10163 10122 4443 
f 7508 6710 2651 
f 6631 6395 6843 
f 1567 6143 7141 
f 4859 6993 6063 
f 3600 9911 8377 
f 8853 8256 8846 
f 5380 11786 12094 
f 5114 4282 5333 
f 6433 4652 2962 
f 6583 6680 2370 
f 12402 11416 11142 
f 231 505 508 
f 6252 8546 10477 
f 3792 11618 2939 
f 11003 4921 9948 
f 6418 6856 12214 
f 3521 2885 2902 
f 12450 414 7870 
f 5214 7852 1207 
f 11480 9275 12297 
f 6143 6059 7870 
f 2361 6520 9534 
f 4615 10761 2349 
f 229 155 3257 
f 5364 7844 11209 
f 7284 6155 9473 
f 2161 2484 1988 
f 7432 7024 6693 
f 12313 8924 3442 
f 6975 11034 9831 
f 10723 5642 2904 
f 11564 5156 8814 
f 11440 7350 512 
f 276 3446 3486 
f 4724 12115 8520 
f 5810 6933 9666 
f 6804 7824 7815 
f 8983 8394 8114 
f 516 586 746 
f 5419 6463 6239 
f 2899 2350 5667 
f 9071 11670 11 
f 6397 1104 11407 
f 4746 6273 5650 
f 8310 5890 11802 
f 3004 11344 585 
f 3407 5500 7172 
f 8819 5121 4867 
f 9885 4147 4203 
f 672 481 9488 
f 4393 4470 6768 
f 4129 1076 3975 
f 7966 709 9457 
f 12277 5332 807 
f 7530 11989 11737 
f 10008 4360 9670 
f 5775 5342 5770 
f 3227 3226 3026 
f 2933 420 3342 
f 12323 483 8181 
f 3307 7675 3237 
f 9663 10391 11085 
f 3938 4700 4489 
f 1005 3036 8215 
f 9881 2030 10341 
f 10869 5947 3216 
f 9596 6810 1581 
f 12256 8768 2627 
f 2320 1956 10456 
f 603 1526 3937 
f 10484 2178 2776 
f 11702 11393 4659 
f 4532 8778 11182 
f 8800 6806 7630 
f 1835 2086 1864 
f 8426 10392 6355 
f 3002 3003 2989 
f 10834 7130 7173 
f 6555 10927 8647 
f 9077 4631 3684 
f 3163 2427 3155 
f 954 1296 809 
f 179 427 9959 
f 7724 9393 9613 
f 11458 10712 11465 
f 11026 1252 10629 
f 9535 7807 8370 
f 1965 11650 5477 
f 962 2189 720 
f 11958 11543 2391 
f 8659 9209 12052 
f 5202 7851 8386 
f 8260 4680 10538 
f 7983 9288 10564 
f 4668 2180 2885 
f 6809 665 10872 
f 5702 11212 12157 
f 10056 7798 6946 
f 5133 9445 11763 
f 2197 3600 1163 
f 5943 3306 10625 
f 194 4070 11304 
f 6322 12060 7557 
f 5026 6245 5662 
f 3733 3279 11242 
f 7910 1237 3592 
f 576 11767 5222 
f 4198 2956 7592 
f 11185 11956 2865 
f 5899 7033 2509 
f 10343 77 8154 
f 8539 6923 5872 
f 6371 801 741 
f 9956 4138 10443 
f 8844 9108 9739 
f 12368 9975 7643 
f 7227 6123 1037 
f 12436 2724 11775 
f 11192 12090 10174 
f 8847 3646 7042 
f 6707 1154 5315 
f 5552 3668 11894 
f 4771 5873 5683 
f 7515 1651 3911 
f 7088 15 3962 
f 5769 8440 3871 
f 8964 12034 8159 
f 5026 5585 2310 
f 7734 8595 7177 
f 3114 11658 3870 
f 4325 5031 3983 
f 826 692 1518 
f 10054 4911 1202 
f 1668 1183 11756 
f 8964 5830 12034 
f 10131 10806 5585 
f 12302 5172 8859 
f 1537 393 1701 
f 7308 9444 2769 
f 8552 960 8323 
f 5375 1955 7127 
f 2092 6501 6424 
f 8449 12331 11376 
f 2909 11023 12119 
f 6432 1179 2011 
f 8628 11987 3373 
f 8086 8955 8085 
f 262 2464 6012 
f 8413 8133 2925 
f 3234 3026 2823 
f 7612 11382 9318 
f 11357 5739 11295 
f 11382 5720 9318 
f 10135 8941 10576 
f 1579 1602 12328 
f 8574 11663 2903 
f 7459 1410 11762 
f 1457 2173 2880 
f 3647 11208 3146 
f 8885 1439 6104 
f 6850 6768 6884 
f 3269 12393 5992 
f 11045 282 8585 
f 11614 11922 7083 
f 12170 10992 8690 
f 7335 11112 9872 
f 10148 9183 9464 
f 11108 1542 11566 
f 4776 2203 11829 
f 5500 11443 3373 
f 7270 8097 7268 
f 5916 8991 5708 
f 3554 8546 7947 
f 7168 6731 5082 
f 5722 10971 5641 
f 10070 1365 9861 
f 8525 1423 627 
f 1210 6209 6711 
f 5355 5318 4919 
f 11022 9386 679 
f 1627 7447 12066 
f 9601 8245 10719 
f 2224 1722 1830 
f 5078 9386 732 
f 2365 2902 2709 
f 5279 11443 4347 
f 11919 11933 7735 
f 3760 4717 4964 
f 5279 4093 11443 
f 4140 7299 8104 
f 10233 478 7819 
f 3452 1625 7324 
f 6425 6659 6216 
f 6788 9115 2855 
f 7082 6856 5080 
f 5390 3446 1110 
f 9034 10582 8393 
f 12224 1670 9167 
f 49 97 24 
f 5464 6041 2563 
f 9580 4836 5327 
f 112 8718 10918 
f 9030 5367 5800 
f 11681 1891 11212 
f 11439 7162 1786 
f 7188 1872 3747 
f 6606 6051 6370 
f 8227 2086 1600 
f 3620 4221 5461 
f 1086 6106 565 
f 3775 10585 9283 
f 5463 3671 8376 
f 539 11591 2230 
f 10860 8224 8441 
f 9372 1356 9110 
f 5176 7399 7136 
f 696 7943 4960 
f 5224 2360 901 
f 1297 10369 5360 
f 10592 9629 5112 
f 5513 3519 4661 
f 7327 426 6990 
f 1412 8184 5581 
f 2499 1969 4371 
f 11714 5421 5039 
f 8866 9673 3514 
f 7338 5050 5812 
f 11191 5407 4991 
f 11414 2966 1282 
f 7870 414 1781 
f 8623 5332 12277 
f 11776 12263 2336 
f 12198 9115 6814 
f 11984 4033 1659 
f 7962 12043 3108 
f 3021 7840 8954 
f 3235 7203 1141 
f 5641 459 4012 
f 8947 7797 8085 
f 9080 1824 4635 
f 1069 4693 10538 
f 3281 8847 12475 
f 5812 10326 7338 
f 436 5761 12195 
f 7355 6714 28 
f 10312 4941 7305 
f 9153 12399 4620 
f 4273 8376 12401 
f 10382 11871 11086 
f 5218 777 6814 
f 2686 9148 3357 
f 4016 4437 10569 
f 12303 4060 4106 
f 8969 6697 1628 
f 6558 6988 8086 
f 11682 8697 7600 
f 5152 331 3800 
f 6940 9425 4760 
f 5548 1994 4399 
f 11589 4933 3547 
f 5165 1515 8745 
f 7231 11819 12308 
f 8764 10367 7897 
f 12059 2007 10107 
f 7064 6403 7892 
f 8689 7305 4941 
f 11842 6814 777 
f 5041 7764 5455 
f 3507 6460 1175 
f 180 225 132 
f 5197 8606 1118 
f 6717 6212 12172 
f 11011 11774 10931 
f 7710 9796 725 
f 5832 652 1239 
f 6232 7782 1488 
f 6255 6288 5652 
f 10936 3628 3720 
f 7073 10942 5361 
f 11548 11566 1542 
f 2311 6849 1537 
f 7892 10367 9973 
f 8911 8632 8329 
f 5836 4591 6762 
f 490 126 57 
f 10912 1262 7930 
f 5774 2773 11677 
f 260 10149 5403 
f 10388 9918 5901 
f 8850 8823 7696 
f 11150 1842 9797 
f 6036 1507 2570 
f 5838 8915 2498 
f 4877 4860 4089 
f 5602 6204 5575 
f 499 7449 12465 
f 3358 2016 3272 
f 5471 4234 5248 
f 2820 7835 3183 
f 4120 5595 5366 
f 10187 8677 4892 
f 10212 3731 1442 
f 1317 4029 1075 
f 12255 12250 11453 
f 3652 3857 4059 
f 11718 3924 3810 
f 4537 2154 288 
f 5864 886 1324 
f 6323 11901 4949 
f 11559 9669 6128 
f 10596 984 6397 
f 7702 4158 42 
f 7693 9476 422 
f 12255 12259 10047 
f 1701 2311 1537 
f 4860 6167 5554 
f 1840 1099 4905 
f 5296 6152 4638 
f 5407 7676 4991 
f 8468 9796 7710 
f 8081 8130 12135 
f 5113 11327 12233 
f 6580 6802 7013 
f 7948 9977 9640 
f 5879 5780 5846 
f 5981 5749 10854 
f 6060 11843 2011 
f 2066 3768 8492 
f 2155 6136 7553 
f 8775 9044 9994 
f 2155 7553 2906 
f 9221 11003 9948 
f 9647 2359 1412 
f 3764 1563 2239 
f 1674 1351 1895 
f 7314 4591 10065 
f 9889 7325 5175 
f 935 481 4045 
f 10477 1432 4125 
f 9904 11103 11997 
f 5737 5537 6148 
f 6641 8315 6529 
f 6755 12097 3216 
f 315 2957 2760 
f 5176 4943 4955 
f 1187 1662 757 
f 11621 8167 11674 
f 8909 8554 856 
f 7542 6899 11723 
f 3049 7587 8103 
f 7833 1392 4153 
f 6991 7797 7535 
f 2029 4341 11153 
f 11690 2613 9842 
f 8374 9886 9912 
f 6220 4439 6089 
f 10340 7273 3971 
f 191 1703 2115 
f 487 1272 83 
f 12438 2445 5009 
f 11612 10162 8583 
f 9441 8873 7731 
f 6883 3489 6168 
f 2915 506 8304 
f 7411 1628 1788 
f 6549 2262 9543 
f 11367 9160 6819 
f 6232 1488 3805 
f 9229 4060 12303 
f 12467 9439 8659 
f 161 3714 4170 
f 9911 4077 8946 
f 5295 5231 10837 
f 11539 10162 11478 
f 8478 10935 7591 
f 5596 2088 6936 
f 2199 1115 5845 
f 9926 2486 3400 
f 10355 2029 2160 
f 1330 1339 1331 
f 9423 520 7629 
f 1236 1241 1131 
f 10489 1167 7319 
f 11850 883 10141 
f 6720 2872 6747 
f 5259 10106 3240 
f 5064 6666 11649 
f 6926 9751 4284 
f 9986 12482 12455 
f 6586 9040 11409 
f 7007 6906 6884 
f 7295 6582 4138 
f 5358 8005 4194 
f 7163 8361 6093 
f 9452 10510 8883 
f 5207 3204 8602 
f 9530 8328 4306 
f 9885 8722 4147 
f 10856 5069 1717 
f 7346 5783 2833 
f 8598 7460 7451 
f 6120 9126 2334 
f 5088 3415 1224 
f 11312 5398 9533 
f 4008 2599 6717 
f 10105 10830 10818 
f 7026 4649 5400 
f 9348 8793 3618 
f 9164 4578 6092 
f 7236 5903 4816 
f 1907 3005 11753 
f 8458 6900 1993 
f 598 5067 4753 
f 8807 1072 8011 
f 10377 10759 4797 
f 7901 6999 4797 
f 8762 4413 12276 
f 4960 6232 696 
f 6792 8830 4894 
f 5612 7033 10604 
f 3320 11626 6376 
f 3001 3002 3191 
f 6086 3866 2647 
f 11284 9975 2079 
f 5793 206 2611 
f 7119 1821 3325 
f 12428 4718 3291 
f 10707 2916 2936 
f 2809 2294 2112 
f 7799 8363 8086 
f 292 5281 2957 
f 4718 1144 3291 
f 8434 5565 7326 
f 2163 4207 2752 
f 11728 622 7218 
f 4266 3961 9339 
f 10846 5415 11298 
f 5281 2913 1266 
f 4536 1962 12000 
f 1026 6978 9010 
f 1605 8805 6925 
f 933 11903 9800 
f 3902 6149 10799 
f 11695 7657 4319 
f 5015 10679 8044 
f 7558 5405 4488 
f 5016 7511 5032 
f 11681 5702 12470 
f 921 6031 11146 
f 1238 1655 12185 
f 2266 12312 11289 
f 5377 9706 4802 
f 3778 4514 11771 
f 3321 1990 1993 
f 1689 12274 5306 
f 3815 3434 2055 
f 11838 8180 7852 
f 1466 3613 7095 
f 6831 7602 589 
f 7692 3284 2018 
f 2470 7854 552 
f 4071 2765 2725 
f 1266 3377 2957 
f 1708 155 4939 
f 7543 8444 11562 
f 3893 11256 1730 
f 4573 7256 3927 
f 81 5893 6299 
f 8310 10803 2551 
f 4254 8347 10976 
f 4291 2070 6377 
f 1220 1236 1131 
f 7050 5427 4039 
f 11550 11809 9402 
f 9269 8469 10144 
f 4039 5042 7829 
f 9361 6324 9282 
f 2576 2416 2261 
f 11866 2205 721 
f 2271 2233 6396 
f 410 4580 4116 
f 2556 9373 11522 
f 11254 1696 12456 
f 6301 11034 6975 
f 6849 11410 10101 
f 6358 2005 12381 
f 7764 7229 8725 
f 7648 8416 10425 
f 8436 1279 2733 
f 4803 9696 8563 
f 5529 2313 8613 
f 11224 5387 5413 
f 7283 7019 7037 
f 10408 7621 7361 
f 8317 4516 5415 
f 3740 9376 2501 
f 5703 554 10062 
f 2900 1858 401 
f 5161 5380 6257 
f 3351 3356 10766 
f 4497 8748 11300 
f 8035 9529 6702 
f 5372 10336 5126 
f 371 663 8236 
f 11442 4502 1942 
f 6116 11679 11849 
f 3845 2733 5075 
f 11408 10566 2501 
f 535 2697 2997 
f 9117 3670 5123 
f 10055 10076 10818 
f 10716 11815 7680 
f 12266 4258 6927 
f 10625 3306 9204 
f 8748 8515 12071 
f 5669 978 11222 
f 11141 10964 8335 
f 6316 6717 12172 
f 323 831 681 
f 2938 7251 6280 
f 5479 350 10624 
f 2990 3985 9798 
f 2668 5751 5157 
f 12071 4962 8748 
f 4928 1396 11761 
f 166 10218 5923 
f 8935 11166 12342 
f 10247 9376 3740 
f 7314 4070 6762 
f 10301 7011 1483 
f 376 7914 6017 
f 4962 12426 8748 
f 7125 3533 3305 
f 1355 10015 7773 
f 1951 1630 1004 
f 12046 1360 2727 
f 1479 2791 3140 
f 5881 4701 10297 
f 11181 10693 8257 
f 11352 3207 6108 
f 464 5122 4212 
f 8419 4868 4970 
f 2826 5108 8922 
f 2578 11280 7826 
f 10168 8606 95 
f 4736 5209 4185 
f 2182 2298 11595 
f 11169 6084 7123 
f 7644 7409 5842 
f 73 12136 6285 
f 10175 3550 531 
f 4416 333 3639 
f 3007 2452 3000 
f 160 6538 8357 
f 8272 5249 9986 
f 7247 8171 309 
f 3235 8761 7409 
f 1606 1702 1812 
f 1658 1673 1672 
f 531 3550 1975 
f 3634 836 5018 
f 8911 7772 9197 
f 4806 403 10240 
f 531 10624 350 
f 531 350 10880 
f 11003 9879 719 
f 7473 7217 6952 
f 3239 6357 3550 
f 9493 9546 3585 
f 4379 10643 7853 
f 5720 12279 7269 
f 8906 6252 6622 
f 3636 697 6286 
f 8171 173 6599 
f 7814 2246 4787 
f 11376 3301 6446 
f 9566 7477 1035 
f 6906 6995 6935 
f 2914 6002 8871 
f 7615 620 9057 
f 5881 10163 6122 
f 5380 12094 1771 
f 4077 11279 4246 
f 432 225 724 
f 12489 1580 5292 
f 1049 6801 3625 
f 748 10715 8109 
f 5156 7382 7354 
f 6195 2812 9875 
f 9129 369 10317 
f 4576 76 9627 
f 1141 11342 8761 
f 5677 10086 4999 
f 12209 7957 894 
f 3698 4283 5595 
f 1294 6470 4533 
f 9766 5503 9815 
f 12249 6438 1968 
f 7366 10634 6342 
f 4427 4638 4850 
f 9481 9418 9406 
f 10255 134 5065 
f 4945 332 9320 
f 5581 6439 1412 
f 6058 6502 5873 
f 8391 9228 4386 
f 134 10255 5553 
f 4768 4559 5461 
f 445 883 10161 
f 2834 11906 7835 
f 5605 5865 6871 
f 1617 6294 5149 
f 1488 9073 12200 
f 3994 6181 1418 
f 1722 2224 2217 
f 5443 5433 5853 
f 1419 8057 10846 
f 2434 2427 3163 
f 7469 9821 10360 
f 4308 5772 4526 
f 1617 5149 5992 
f 5065 7725 2381 
f 9644 7251 4794 
f 7548 8924 2688 
f 5865 2117 12016 
f 8917 12310 10320 
f 4774 7332 8129 
f 134 7689 1411 
f 5655 5851 7159 
f 8910 2188 11620 
f 1284 6456 12215 
f 10268 5654 7158 
f 809 451 372 
f 9549 6235 11833 
f 9875 2739 8780 
f 10727 8973 2090 
f 1433 11060 9591 
f 6436 4671 4171 
f 7596 11439 11648 
f 927 4783 5187 
f 7725 5996 1440 
f 7472 6338 8892 
f 3105 9979 4502 
f 8275 11056 7450 
f 4217 9551 10551 
f 1425 9637 4914 
f 86 10447 120 
f 2948 11093 11541 
f 690 5983 10911 
f 4179 10255 2403 
f 589 11995 5904 
f 7415 824 9303 
f 7693 10934 9476 
f 4132 2875 3697 
f 4550 7362 880 
f 8034 6729 7750 
f 2004 11305 7379 
f 1368 9124 5992 
f 4524 2504 10550 
f 11113 12100 6348 
f 10902 8921 1121 
f 12027 4467 4785 
f 8580 6712 7727 
f 7308 8627 11631 
f 6067 3552 10085 
f 1829 7687 8650 
f 974 4027 4001 
f 2994 7962 5744 
f 12130 8967 7365 
f 4145 5300 3511 
f 8796 9663 10014 
f 946 4468 7861 
f 1508 4486 10507 
f 5763 9934 9771 
f 365 3210 5870 
f 567 4880 9161 
f 2386 2437 12240 
f 8261 7547 8407 
f 5174 10802 612 
f 6051 8156 3475 
f 3276 8791 11275 
f 211 627 458 
f 7437 11707 2337 
f 7026 9550 615 
f 204 5045 6812 
f 2827 3951 9563 
f 5138 12280 8716 
f 3075 7952 12058 
f 7175 6915 4695 
f 11783 7899 4684 
f 8967 1011 9735 
f 11125 11455 7099 
f 6297 5460 5471 
f 10046 3515 5108 
f 3483 1190 971 
f 321 3961 7814 
f 519 8232 6867 
f 2201 1812 1908 
f 5000 9282 5116 
f 5664 11786 2932 
f 7394 9909 710 
f 7596 8597 8233 
f 4971 7472 12302 
f 337 10988 11070 
f 10119 2623 782 
f 12461 9635 10226 
f 7929 2593 10339 
f 6172 4904 1641 
f 662 2976 11505 
f 9851 9429 11200 
f 7608 2978 3648 
f 10003 8489 8498 
f 4223 12002 1638 
f 10879 4316 5821 
f 3936 4917 5557 
f 8952 4444 920 
f 2008 10930 9420 
f 6228 8510 4792 
f 2606 619 539 
f 4817 10601 7401 
f 11295 2209 4260 
f 2224 2387 3308 
f 10086 2577 10463 
f 7640 8189 7907 
f 2259 1001 1060 
f 5750 6656 5559 
f 337 11070 4779 
f 4195 1824 9080 
f 11719 2322 160 
f 9493 1664 9546 
f 10389 3086 8286 
f 6691 8872 2565 
f 1780 4711 11359 
f 9517 7564 655 
f 1584 7694 9454 
f 358 6224 868 
f 271 9079 4790 
f 4480 11955 3165 
f 11674 11777 4872 
f 11817 11806 10081 
f 559 8146 4202 
f 4963 11457 8070 
f 3570 6645 2100 
f 3084 2706 2009 
f 1470 9065 7654 
f 3030 2729 10358 
f 9273 10324 10683 
f 431 2240 10354 
f 5435 9928 6562 
f 393 10101 4602 
f 6400 6429 8915 
f 6714 10226 6147 
f 3775 6071 10585 
f 1900 10158 10985 
f 2138 5633 715 
f 12089 1126 2311 
f 10574 7242 10156 
f 194 7931 7570 
f 5071 3015 8240 
f 11370 10221 1691 
f 1003 2733 1279 
f 7896 4643 2218 
f 8178 2793 8313 
f 412 1179 6647 
f 12081 3473 11399 
f 8639 810 171 
f 4184 5428 8223 
f 135 7313 9454 
f 4538 4582 4674 
f 8570 4674 4582 
f 11609 5588 7126 
f 4077 6520 11279 
f 1067 2535 7255 
f 4627 1378 2267 
f 4293 9448 10583 
f 3326 3438 8528 
f 334 259 404 
f 12045 10071 10525 
f 7036 9643 3112 
f 483 10183 2074 
f 1058 1057 1147 
f 3450 3045 3026 
f 10740 12132 7060 
f 9595 3641 1587 
f 330 263 406 
f 5143 9164 4206 
f 10575 10631 10520 
f 344 6160 12067 
f 7609 9331 3211 
f 9174 6674 4696 
f 3669 8852 1414 
f 5359 10448 9031 
f 6854 3997 9122 
f 11178 10176 4274 
f 6266 1581 6810 
f 1760 11139 4709 
f 5782 12247 4315 
f 5866 5209 6288 
f 1718 4202 12009 
f 4202 1718 5179 
f 5873 6502 5683 
f 12160 7111 5173 
f 3722 726 4166 
f 4888 4397 4956 
f 1623 4012 5608 
f 11415 8151 5789 
f 8473 5566 6998 
f 11031 1398 4552 
f 9837 10208 5524 
f 6681 6229 6454 
f 5166 11164 8964 
f 5179 1688 4202 
f 3647 8646 11208 
f 2111 2979 267 
f 886 5864 2560 
f 3904 733 7317 
f 11687 3044 4491 
f 1437 6481 8202 
f 2874 178 3989 
f 8509 7925 8815 
f 593 5871 1496 
f 3429 1801 1707 
f 2591 6573 5833 
f 10702 177 559 
f 3585 9737 9493 
f 2468 2476 2300 
f 8988 11160 2586 
f 9348 10601 11580 
f 9836 1505 10246 
f 10441 8836 11689 
f 5470 5126 5587 
f 2590 5179 1718 
f 7619 2130 1878 
f 1859 9236 8744 
f 2778 8182 12359 
f 4940 5860 12031 
f 6835 7117 4648 
f 1801 3429 5955 
f 8080 6173 11884 
f 4046 5588 7401 
f 7859 6400 1454 
f 11288 10095 6542 
f 6899 7542 7875 
f 7028 4429 7055 
f 5328 11037 10802 
f 4609 10239 487 
f 9102 12422 11004 
f 3967 4304 12195 
f 10948 11676 10203 
f 1778 12109 2323 
f 8685 3785 4666 
f 12179 8622 938 
f 2628 6852 11968 
f 3863 3019 3654 
f 3782 9221 1881 
f 10156 6195 10574 
f 9310 8434 9301 
f 9685 1544 854 
f 6999 7901 12493 
f 10718 5259 915 
f 9494 1750 12113 
f 4246 5221 4501 
f 3840 3937 11605 
f 4372 2651 10740 
f 10125 10088 10470 
f 5142 1387 7256 
f 8229 8796 10014 
f 698 547 1098 
f 300 10962 3695 
f 8298 3914 2681 
f 11024 417 11641 
f 4478 5231 5295 
f 2349 8997 4615 
f 8503 3608 899 
f 1688 5179 9793 
f 2904 5642 1547 
f 1556 9479 4078 
f 901 8141 5224 
f 1917 3955 5485 
f 1736 12388 21 
f 5179 2590 9793 
f 11119 273 11778 
f 7975 8144 3484 
f 8135 1640 2677 
f 1037 6123 6113 
f 10274 2872 3057 
f 171 569 1319 
f 7923 8514 7669 
f 6284 9248 8904 
f 11335 6265 11303 
f 12201 4808 12492 
f 7514 6751 2222 
f 4908 10135 10069 
f 5137 11155 3469 
f 3510 11694 12145 
f 1517 1738 1830 
f 538 2342 4719 
f 11425 7871 2072 
f 8463 10600 5539 
f 538 4719 4402 
f 1060 1001 10213 
f 10079 12149 11892 
f 4976 7692 11606 
f 2144 2473 1773 
f 5173 2470 11071 
f 7834 2611 206 
f 2911 3104 3741 
f 10777 7722 9639 
f 11817 1634 3858 
f 5786 7096 7897 
f 916 4968 7706 
f 11982 5657 12395 
f 6481 11813 1402 
f 4683 3865 8504 
f 3271 11143 8260 
f 4654 5333 4282 
f 8503 899 1712 
f 8423 2296 9832 
f 11637 8133 8413 
f 3848 3003 3001 
f 10728 10271 5447 
f 548 482 553 
f 11904 11509 843 
f 9891 5538 6951 
f 11402 8745 5982 
f 3983 5031 7533 
f 10723 8891 6618 
f 10745 1924 10691 
f 2419 1759 2073 
f 3824 2287 10541 
f 4449 10104 10166 
f 7319 3561 7239 
f 2673 7117 4866 
f 10954 5666 11016 
f 10541 6380 10659 
f 5116 9282 7392 
f 629 10309 6125 
f 5239 3719 4724 
f 5907 1213 7469 
f 6644 8769 6473 
f 7101 3379 7837 
f 12052 10527 11779 
f 9508 11024 6178 
f 8484 8660 5562 
f 2492 6551 11971 
f 2882 1346 9504 
f 7512 3895 12354 
f 10541 11889 3278 
f 2072 2038 5093 
f 885 1979 9080 
f 1911 3050 2479 
f 7588 5400 4649 
f 6631 6401 6395 
f 2235 1109 529 
f 1915 3717 12012 
f 8351 5228 2751 
f 3994 9351 6181 
f 3194 5983 9985 
f 2681 11931 8298 
f 10659 4433 1189 
f 9462 10151 9784 
f 1247 9832 3080 
f 6506 6726 6297 
f 26 1832 32 
f 11467 11836 1623 
f 4732 5644 5419 
f 7586 2873 7569 
f 1963 5791 62 
f 7810 6897 9707 
f 3181 3383 3353 
f 2793 2060 8313 
f 3331 12149 1379 
f 5227 7600 9732 
f 11977 9401 8210 
f 11267 9426 3509 
f 4083 10548 6243 
f 5929 3266 8147 
f 3037 1619 258 
f 10088 10075 9738 
f 4154 8305 3515 
f 11484 7786 9084 
f 5982 8745 1515 
f 75 11049 12155 
f 8099 7815 7824 
f 10987 10615 10984 
f 7755 9941 4238 
f 102 7196 6724 
f 4306 3532 1954 
f 455 2871 9750 
f 3641 12070 9235 
f 11675 709 11669 
f 9556 6088 6700 
f 9953 8160 9618 
f 1753 1171 1846 
f 8595 8605 8883 
f 4423 3139 699 
f 6290 3793 5651 
f 3318 468 1869 
f 7215 475 11361 
f 5646 9307 11905 
f 2358 3520 11364 
f 2711 2017 2706 
f 1664 8682 7109 
f 704 10345 3724 
f 5649 5644 4732 
f 472 1113 917 
f 4004 9421 5594 
f 7621 7322 7361 
f 11668 4625 10634 
f 2529 7565 6743 
f 4414 2603 7095 
f 12082 9210 7909 
f 3626 11881 937 
f 4268 11217 11356 
f 5721 2850 11642 
f 1467 4616 10032 
f 11674 4872 6708 
f 7906 1286 5008 
f 5423 6074 11114 
f 8476 5906 7073 
f 11002 1721 6898 
f 8381 4665 2132 
f 9539 3634 5018 
f 2476 2629 2475 
f 7450 9848 7698 
f 10265 10067 1684 
f 9159 6131 6817 
f 10302 10860 8441 
f 7676 11072 10349 
f 11607 10890 1943 
f 6469 2994 5622 
f 2466 11429 8203 
f 876 948 1290 
f 9756 248 4374 
f 11982 7886 5657 
f 5630 4747 11755 
f 3066 2778 6476 
f 1750 12421 8163 
f 7515 5141 3780 
f 10210 311 11419 
f 12081 11399 8750 
f 4188 11025 735 
f 1254 11654 12016 
f 899 10236 8271 
f 3662 6304 1906 
f 8888 9418 9481 
f 7344 12200 3867 
f 3708 6128 9669 
f 10110 4873 7889 
f 7231 1026 11819 
f 10194 10491 95 
f 9287 7040 12446 
f 9070 3963 9276 
f 11225 7889 5859 
f 3028 4743 6636 
f 10691 10622 4375 
f 968 1579 4688 
f 5485 4988 7964 
f 11187 1118 8526 
f 1293 595 5819 
f 467 7977 140 
f 1101 10476 1919 
f 8507 644 5401 
f 5283 1040 8188 
f 8784 4311 7173 
f 7363 1006 4167 
f 11225 4167 7390 
f 4097 11810 3520 
f 6803 7270 6566 
f 3485 1202 4911 
f 4323 4930 4938 
f 7921 6878 11945 
f 6919 9621 2759 
f 247 11070 10988 
f 3035 5682 10442 
f 10844 6715 10847 
f 1314 5909 11579 
f 3780 5141 9025 
f 7285 7339 5725 
f 8345 10597 366 
f 1209 1330 1206 
f 2876 4966 12374 
f 5591 10440 12163 
f 2671 2496 2490 
f 281 7542 10450 
f 10515 535 2997 
f 10005 4631 4604 
f 4287 6147 10226 
f 6997 3913 250 
f 12106 8058 348 
f 11020 5373 1230 
f 10011 11665 7381 
f 4142 7143 7500 
f 9051 5359 9779 
f 11793 6692 5708 
f 11361 475 9502 
f 5682 10619 11812 
f 7864 2624 2232 
f 12018 1142 10234 
f 16 5430 11530 
f 10200 6267 4838 
f 11106 7609 1073 
f 3787 9321 3685 
f 9877 127 8408 
f 5584 6845 12481 
f 9822 423 941 
f 3354 3142 3781 
f 3046 6194 5302 
f 5795 9798 11882 
f 9840 3391 2770 
f 3416 6736 6794 
f 12299 9409 6151 
f 8714 2981 2346 
f 4697 8318 4270 
f 488 11773 4276 
f 4042 6459 1212 
f 2057 10778 3147 
f 2700 11997 10811 
f 11029 1907 11753 
f 1278 11050 6048 
f 6529 10675 11111 
f 5286 4157 9647 
f 7961 962 10504 
f 1377 625 11233 
f 10378 12106 12126 
f 10638 12166 8048 
f 11186 11033 1804 
f 2115 1703 8951 
f 10649 7926 7881 
f 3964 8369 2194 
f 4305 303 10150 
f 7282 2619 5836 
f 126 170 111 
f 7326 7855 9015 
f 10950 4466 11165 
f 3547 8738 6438 
f 11643 7675 7744 
f 7964 7317 733 
f 4765 7561 790 
f 9549 853 2130 
f 2283 5090 9356 
f 6208 502 2567 
f 2511 4313 4590 
f 8748 4497 8515 
f 7209 6149 6725 
f 3405 29 8857 
f 12433 1943 10697 
f 6820 2506 6451 
f 11491 691 3486 
f 10503 1395 8167 
f 7255 10748 299 
f 3444 1868 11782 
f 676 5618 11055 
f 9562 9901 6394 
f 7060 4372 10740 
f 3223 939 3361 
f 5106 5712 11782 
f 11139 4820 4709 
f 5302 11529 8134 
f 6264 2420 2783 
f 11293 11283 11292 
f 9148 2686 10513 
f 7673 5008 5658 
f 8997 2349 6523 
f 344 11676 10948 
f 10010 2411 9321 
f 6011 3745 6037 
f 9305 11064 10712 
f 2749 2922 3752 
f 10681 6633 11454 
f 6451 10681 11454 
f 10681 2232 6633 
f 5963 1544 11788 
f 12284 5712 5106 
f 7655 1129 8854 
f 8512 310 7189 
f 8115 900 10471 
f 7572 2090 3678 
f 4186 4524 3291 
f 4879 7253 11454 
f 2449 2030 9881 
f 4833 4826 5063 
f 7465 7457 6726 
f 718 6941 8372 
f 6646 8781 598 
f 6807 6579 6804 
f 331 7701 9346 
f 2373 3846 7373 
f 10926 2466 8203 
f 6411 10926 8203 
f 6945 11419 311 
f 2898 2232 10681 
f 5790 2007 1304 
f 11514 5286 6439 
f 2624 6633 2232 
f 10835 8182 2778 
f 1210 6711 7132 
f 12284 3972 11459 
f 906 9036 9291 
f 11739 6961 1743 
f 11454 6633 4540 
f 5102 10067 11267 
f 11917 8288 6809 
f 7887 7080 8450 
f 7905 6651 7367 
f 315 6207 642 
f 6633 1909 1668 
f 2347 8084 8145 
f 8583 10162 5353 
f 9704 4651 336 
f 5083 3844 9715 
f 9397 712 626 
f 9181 4781 9367 
f 5199 8987 8703 
f 1909 1183 1668 
f 3799 6969 842 
f 12136 5455 7764 
f 10381 1269 4656 
f 7538 8532 1491 
f 12001 5456 4160 
f 9618 11915 10714 
f 9656 4613 8929 
f 4072 1231 8353 
f 6036 11928 7486 
f 8870 7609 11106 
f 7321 5137 3469 
f 58 63 167 
f 8278 8568 8279 
f 1311 6946 2169 
f 8955 9882 9226 
f 8398 11201 5434 
f 3866 8957 1696 
f 159 630 847 
f 10001 7087 1082 
f 9521 10327 9957 
f 9895 11415 11007 
f 10721 11584 8458 
f 1873 12293 10356 
f 12040 3847 4834 
f 1229 5788 1274 
f 9503 5089 12111 
f 6123 10351 6703 
f 10848 7864 7520 
f 2965 8091 3798 
f 12153 3886 9723 
f 11452 6402 4570 
f 12126 896 4449 
f 12067 11655 11270 
f 6781 1094 1303 
f 2959 10495 8743 
f 2537 10515 2997 
f 2137 10810 8884 
f 471 4108 1016 
f 3829 10627 4984 
f 11798 12470 11667 
f 7696 7925 7399 
f 5996 5065 134 
f 112 10918 3980 
f 5268 6977 7238 
f 1454 838 2272 
f 5962 2558 5598 
f 10004 5006 9412 
f 10602 409 1021 
f 10198 10547 6623 
f 10222 9827 9843 
f 8446 5717 6135 
f 8423 4775 2296 
f 1589 8384 12382 
f 8053 577 10461 
f 5563 4681 11372 
f 11932 8831 9781 
f 577 4021 10461 
f 12258 6364 6214 
f 2945 4910 11848 
f 1430 7010 7479 
f 4870 2984 9287 
f 9224 6611 9322 
f 8878 8863 8010 
f 7691 4017 1689 
f 10202 9111 5284 
f 8709 5964 8958 
f 2587 3181 3169 
f 1387 7165 6698 
f 2464 4304 4508 
f 8857 4647 8571 
f 9045 10565 6365 
f 4936 869 11665 
f 8549 1464 8444 
f 11982 11171 11958 
f 388 8066 6406 
f 4112 2735 3195 
f 2422 4585 8594 
f 5778 5313 9426 
f 4370 5623 12166 
f 11816 9519 8558 
f 9045 7452 11713 
f 6769 403 12227 
f 11713 7452 453 
f 457 5969 9822 
f 8202 1402 1777 
f 8562 813 4173 
f 11186 9878 4985 
f 6411 8859 881 
f 7342 8264 10887 
f 9666 7729 10483 
f 5606 5391 5159 
f 1390 1830 1722 
f 10399 7000 7709 
f 7300 2233 2271 
f 10483 7729 10376 
f 9933 8429 9587 
f 9653 9632 10393 
f 8698 7198 9359 
f 1313 11367 6904 
f 5873 5671 6058 
f 4480 3718 10724 
f 1657 6864 5101 
f 4095 1321 10552 
f 9080 7854 7111 
f 10762 3511 2355 
f 2377 2401 4898 
f 10999 7266 9359 
f 7115 5110 9433 
f 3305 6410 6070 
f 734 9817 4699 
f 3505 8474 766 
f 6567 7006 6802 
f 11252 8428 7083 
f 7944 1324 10999 
f 4571 8934 908 
f 10885 1446 12289 
f 7791 2332 983 
f 6384 11575 1889 
f 4643 9413 6054 
f 9167 1897 1899 
f 4854 2619 2795 
f 6567 6802 6148 
f 8975 969 3865 
f 8701 1420 10656 
f 5526 5242 1365 
f 8099 8693 9244 
f 3874 4417 4623 
f 7170 2955 5540 
f 1360 2923 2727 
f 1323 10420 12253 
f 292 2957 315 
f 11735 6332 6265 
f 2425 10749 8227 
f 4964 4717 5420 
f 3147 10778 3049 
f 5736 1567 7141 
f 3773 9588 946 
f 11507 8809 3663 
f 8315 10858 608 
f 9721 10012 11114 
f 6471 1788 4621 
f 4398 2110 806 
f 12211 889 11752 
f 1461 1232 7758 
f 5225 5460 5449 
f 3897 2140 3861 
f 8818 5228 7917 
f 12141 10868 5234 
f 801 147 741 
f 12237 2993 3825 
f 653 8940 493 
f 7141 3225 5736 
f 164 7061 2695 
f 7522 7243 8071 
f 1238 10245 1655 
f 3225 7141 354 
f 5162 1906 2588 
f 7843 3972 7486 
f 1408 8716 4169 
f 3216 4285 10869 
f 7146 6466 6685 
f 11629 671 2561 
f 8597 7994 1762 
f 4508 6012 2464 
f 6445 7845 9727 
f 11764 10572 4512 
f 7524 6935 6995 
f 508 948 876 
f 9577 1605 464 
f 7286 8095 2214 
f 2275 11249 1159 
f 7832 7297 7054 
f 6035 7524 9541 
f 2386 12062 3571 
f 4977 2669 3613 
f 10452 3619 2802 
f 1358 3778 11771 
f 11292 11338 11293 
f 4470 4393 3165 
f 4823 7688 4389 
f 10024 7575 3736 
f 3891 2092 9744 
f 5861 5008 7673 
f 561 6638 6592 
f 11080 10205 11301 
f 4449 205 9327 
f 7521 5920 6337 
f 3259 781 687 
f 5156 11564 7382 
f 11955 10392 11560 
f 10014 7988 8229 
f 11560 5980 11955 
f 8129 212 9702 
f 4286 12166 5623 
f 11021 10968 5780 
f 864 3675 11658 
f 4805 11570 3322 
f 6967 5112 11975 
f 8364 6903 6540 
f 3561 2863 7593 
f 5110 7515 10775 
f 9032 5503 3475 
f 2984 11910 9287 
f 4915 3555 9952 
f 2117 1385 7671 
f 8838 9100 8239 
f 1049 8304 5971 
f 7041 1242 11053 
f 8642 5264 8389 
f 10750 5711 5195 
f 1643 11199 6641 
f 8676 9237 8374 
f 10970 10448 5359 
f 2193 6971 10568 
f 6665 496 8521 
f 7168 86 4436 
f 156 263 145 
f 12456 12457 11231 
f 9294 1710 5244 
f 12334 1393 1260 
f 12229 10677 11424 
f 2557 3752 2922 
f 9602 9936 10331 
f 7145 727 4727 
f 48 3759 8829 
f 8408 5480 9877 
f 11422 8592 3673 
f 9445 5133 7511 
f 6456 413 5190 
f 2751 8922 5108 
f 12091 12129 2794 
f 8016 7756 7024 
f 8529 639 927 
f 6154 120 7364 
f 7781 9289 4969 
f 9120 8267 9136 
f 10200 4838 3929 
f 10412 10030 9680 
f 4613 7539 7030 
f 2432 1168 1359 
f 1844 8655 4621 
f 6475 5662 3814 
f 6934 6273 6718 
f 7277 10606 9184 
f 11388 6583 4069 
f 239 9570 2661 
f 12462 6301 1850 
f 6225 3145 11944 
f 7721 7446 2550 
f 2362 4148 5944 
f 2824 320 3254 
f 5130 6559 10284 
f 7955 8238 7945 
f 5879 11021 5780 
f 1046 1168 6390 
f 8517 8639 903 
f 12018 10234 1827 
f 3279 3733 184 
f 10204 10546 10211 
f 9451 4824 533 
f 5662 3082 5026 
f 11837 6186 11067 
f 12243 10182 2022 
f 1323 11987 8628 
f 6079 1359 8726 
f 10120 11162 3754 
f 9415 8536 12188 
f 6092 12369 11247 
f 8703 8987 3487 
f 7840 2896 5510 
f 8713 1728 2013 
f 11443 5500 4347 
f 3077 5230 4055 
f 10564 3955 7983 
f 8711 8720 9003 
f 5187 3769 4354 
f 6282 8251 10002 
f 10280 8094 4447 
f 6110 7578 11487 
f 3454 4062 3234 
f 3275 4730 204 
f 11251 10501 1834 
f 8115 2014 10121 
f 115 4950 6957 
f 6005 6358 12381 
f 5676 2803 4766 
f 8093 9835 6235 
f 2000 4107 7097 
f 6838 7053 1461 
f 2153 2657 2173 
f 473 2464 5927 
f 6401 6003 5593 
f 5927 2464 262 
f 6422 3727 5189 
f 2100 6645 1529 
f 605 8421 1659 
f 8640 6600 6484 
f 2688 5967 4102 
f 6704 142 107 
f 12146 550 12144 
f 8984 3530 9881 
f 8888 6113 8559 
f 11443 6857 3373 
f 10272 4889 6883 
f 5111 8819 5171 
f 11389 666 7118 
f 3020 8619 821 
f 10676 473 5927 
f 8398 3943 11201 
f 4521 10073 10098 
f 2641 2473 3229 
f 8159 5942 8964 
f 5982 9585 4731 
f 11850 10161 883 
f 148 11656 10823 
f 8696 8101 4299 
f 5279 4347 2855 
f 2334 9126 8122 
f 5316 5238 3077 
f 12266 11498 9001 
f 8727 549 12451 
f 10211 9827 10204 
f 5375 7127 10937 
f 7676 12047 289 
f 2151 7523 2455 
f 7075 9122 7467 
f 7564 6494 9404 
f 8740 2650 4080 
f 582 8923 7479 
f 10647 3571 11276 
f 1298 2855 12198 
f 4813 5654 10268 
f 11458 11465 12259 
f 4726 8973 9250 
f 3796 4196 4746 
f 3671 5463 5545 
f 7933 5002 2352 
f 662 5444 5938 
f 11891 5997 11611 
f 12101 3297 981 
f 1212 8848 3295 
f 9787 9784 11218 
f 6396 7248 9568 
f 9004 12384 9682 
f 4920 5887 12231 
f 10912 7287 12131 
f 3379 7101 6962 
f 11603 10496 12414 
f 1988 1996 1886 
f 3603 1005 8246 
f 6338 7472 3288 
f 807 8466 7285 
f 5641 4012 2360 
f 1006 9505 8472 
f 10444 11387 1876 
f 4002 2939 1416 
f 8502 3649 11946 
f 5041 5316 7764 
f 11937 10052 10061 
f 10596 6397 6416 
f 7675 1990 7744 
f 10059 426 7327 
f 4819 4606 4608 
f 4655 5161 4451 
f 1445 7163 5305 
f 5391 5808 5155 
f 934 3249 5863 
f 5522 11268 9123 
f 8482 8198 7690 
f 9154 9432 9434 
f 10721 8458 1993 
f 10363 7816 4707 
f 12227 821 4574 
f 4882 4233 1635 
f 455 6814 2871 
f 48 5832 6208 
f 9356 2710 11214 
f 11677 2169 1308 
f 6619 6529 8315 
f 7080 7065 8162 
f 4176 7047 9891 
f 11738 12005 2554 
f 1815 2217 1813 
f 6394 9901 652 
f 6147 7571 2478 
f 6564 6153 6141 
f 2664 2166 2331 
f 8689 4941 8141 
f 11465 11064 12265 
f 4335 7344 9813 
f 11415 12234 8151 
f 7369 5631 11245 
f 6039 4737 6617 
f 139 213 6848 
f 843 7234 5971 
f 10924 12026 1658 
f 2842 2832 8253 
f 3950 11435 6801 
f 6319 343 3983 
f 7514 4391 6751 
f 7305 8689 12205 
f 8787 2510 10953 
f 7649 2839 2704 
f 2774 5984 3700 
f 6919 10873 1531 
f 8127 8699 8417 
f 5307 6807 6803 
f 3448 1728 4778 
f 2661 6739 5084 
f 5060 5926 4828 
f 3855 3669 10738 
f 10671 9573 9270 
f 11842 777 10083 
f 11547 2652 12322 
f 1048 12441 12208 
f 437 804 180 
f 5282 4819 5278 
f 10083 2745 10359 
f 1671 3770 4913 
f 5048 575 2375 
f 10529 2808 301 
f 4180 1091 7501 
f 11653 6204 7587 
f 11922 3908 7083 
f 5531 7643 11936 
f 4971 12302 8199 
f 5390 3427 8403 
f 6163 1191 10700 
f 7864 6722 2866 
f 3734 4301 5593 
f 11255 8944 3351 
f 9329 8991 5916 
f 1008 10100 144 
f 11215 5270 10185 
f 12080 8963 7305 
f 7376 10178 1746 
f 11489 7648 7695 
f 12080 7530 8963 
f 928 5112 9629 
f 334 551 152 
f 7530 11737 8963 
f 3301 8960 6446 
f 9260 2348 4800 
f 5081 4084 4427 
f 4920 9206 5887 
f 5370 561 2335 
f 9268 5372 3644 
f 9686 4902 11362 
f 3517 1317 5205 
f 9872 11737 11989 
f 7499 12499 555 
f 11279 6520 12382 
f 8178 11974 2793 
f 12128 8848 1212 
f 8008 3894 4582 
f 8008 4582 4499 
f 1302 7231 1222 
f 2026 1640 8135 
f 2035 5882 1198 
f 2153 2173 1578 
f 4295 882 9213 
f 4932 9630 3228 
f 1270 9340 1306 
f 923 5283 6283 
f 5568 6654 3016 
f 402 4599 5028 
f 2646 12137 7359 
f 1589 11474 7090 
f 3894 8008 7052 
f 12176 11335 7813 
f 6593 7034 11964 
f 607 1450 2536 
f 10732 7335 9872 
f 11684 5756 5525 
f 2401 9262 4898 
f 1730 8666 6292 
f 6051 10337 9757 
f 6315 6746 6531 
f 800 12194 1837 
f 7697 4995 1190 
f 12361 3463 10159 
f 4225 4129 4128 
f 1417 9280 163 
f 4361 5665 213 
f 4583 11329 11426 
f 1053 4055 1358 
f 6932 7176 8004 
f 2524 6180 4429 
f 1443 3099 3205 
f 263 156 199 
f 1781 8760 7141 
f 5749 12482 5249 
f 7703 7704 7426 
f 1956 11739 2731 
f 10811 5551 900 
f 2852 12111 5089 
f 205 5253 4864 
f 2424 9654 7448 
f 11529 10770 6757 
f 6355 9184 5826 
f 12119 2308 9984 
f 5312 3095 9238 
f 6697 4621 1788 
f 7681 5052 4187 
f 2173 1457 1578 
f 714 4723 1832 
f 4584 1388 8059 
f 7128 7405 7131 
f 9709 10791 6607 
f 8081 6234 8130 
f 6043 10995 693 
f 2419 2761 1759 
f 2637 9798 8002 
f 8864 7556 4708 
f 9757 5575 5497 
f 11883 12298 11490 
f 8551 5435 6562 
f 8091 11755 8045 
f 10351 4679 1695 
f 8607 8301 9163 
f 1502 7594 3909 
f 1253 11920 4244 
f 3816 7553 6136 
f 936 3559 5381 
f 8636 4542 10772 
f 7583 1997 8192 
f 3816 6136 10133 
f 8704 8983 9574 
f 2946 6673 4007 
f 8831 4533 7957 
f 12162 3892 8185 
f 10651 9249 8966 
f 4768 3614 3390 
f 1415 10085 8894 
f 4087 3253 2851 
f 6649 3020 7015 
f 5153 3759 48 
f 9262 2480 2122 
f 5371 280 2528 
f 9530 4306 2566 
f 1820 4853 2812 
f 4953 318 1460 
f 664 1974 6303 
f 2066 8492 1682 
f 5899 2122 2480 
f 5244 7806 9294 
f 11041 10876 9377 
f 5971 12324 1049 
f 1583 1107 6948 
f 9964 5751 6140 
f 8102 7790 4929 
f 2685 1708 4939 
f 4277 4877 4089 
f 4037 6227 2616 
f 934 3202 3249 
f 10285 11942 7911 
f 2151 6383 1071 
f 2188 1810 2044 
f 1970 8328 9530 
f 10389 12418 11001 
f 25 9330 8266 
f 1150 5483 3854 
f 6114 5292 2124 
f 11019 6352 11122 
f 114 12276 6671 
f 9939 3415 2701 
f 9344 5687 9241 
f 4170 11593 161 
f 8879 7739 8608 
f 7090 7740 5100 
f 8100 3791 4284 
f 4114 5088 1224 
f 473 12195 4304 
f 7204 6764 11106 
f 6263 961 919 
f 3351 6816 11255 
f 2837 1580 10916 
f 9705 6779 1685 
f 2251 2404 2749 
f 3201 5782 2051 
f 9117 5123 3616 
f 9991 2067 761 
f 3290 11232 10209 
f 4129 12026 3902 
f 2974 622 12041 
f 6327 5133 367 
f 7632 11271 6009 
f 10340 9438 7273 
f 851 512 6583 
f 19 11311 1999 
f 5100 5221 12095 
f 622 4942 12041 
f 3513 5844 1986 
f 12163 256 1135 
f 6288 6482 6732 
f 5448 11202 8984 
f 5309 11626 3320 
f 3987 2782 6942 
f 622 11728 4942 
f 1834 8729 1079 
f 6307 5438 3591 
f 8246 3808 3603 
f 2929 3548 2412 
f 4605 4294 11807 
f 12041 4942 7610 
f 4797 730 7220 
f 5116 12014 5000 
f 9153 1929 3402 
f 12041 7610 5424 
f 3272 7862 8842 
f 2807 11487 4553 
f 6709 10924 1672 
f 4434 7975 3484 
f 11759 7157 8690 
f 2345 6652 1266 
f 9921 6184 738 
f 11318 9688 5086 
f 9824 7563 7220 
f 10066 1364 3384 
f 11772 10813 11337 
f 446 8627 7308 
f 7817 1485 4182 
f 3053 10065 4591 
f 3869 2974 12041 
f 8029 8995 4280 
f 8759 4206 11247 
f 9443 9891 10260 
f 8650 4575 2314 
f 4382 11463 5476 
f 11120 3292 11440 
f 3447 2828 3439 
f 3421 11401 3076 
f 11377 6831 8978 
f 7927 2274 4181 
f 2668 5157 9769 
f 3374 4902 9686 
f 2765 4071 5515 
f 5085 824 7415 
f 9305 9973 11064 
f 5110 10775 9433 
f 12041 6570 1422 
f 3221 3377 1266 
f 10610 10602 1021 
f 6096 6742 6506 
f 11038 216 11012 
f 2746 6675 5308 
f 9413 2023 9717 
f 11608 261 8211 
f 6684 6734 6614 
f 11639 796 9694 
f 2633 3230 9586 
f 4071 10566 5219 
f 11277 2598 11935 
f 7000 7147 185 
f 11408 5219 10566 
f 3377 187 4497 
f 1422 6175 4064 
f 7930 1857 7287 
f 8251 11608 11815 
f 2441 3692 2424 
f 3545 2085 6738 
f 3981 743 10114 
f 5557 1609 10638 
f 7319 7294 3561 
f 1127 9091 517 
f 2917 281 7752 
f 494 3337 12147 
f 11740 1636 10689 
f 12044 10919 12062 
f 346 5975 2448 
f 5414 1905 3449 
f 8349 2734 9661 
f 5248 6506 6297 
f 8093 12011 7865 
f 10774 9007 12213 
f 1323 5994 11987 
f 6175 5842 4064 
f 907 7478 2797 
f 5212 11 12182 
f 8475 2211 9355 
f 8545 2912 12071 
f 2660 12365 11705 
f 2582 11717 5215 
f 8619 3020 5735 
f 6756 11591 619 
f 2693 2177 1458 
f 3959 1210 8976 
f 7861 4258 5522 
f 6538 6671 10805 
f 4297 11058 2835 
f 11195 5640 616 
f 2825 5362 10958 
f 11104 2873 5887 
f 7409 7644 3235 
f 7262 8956 8672 
f 6861 6651 7905 
f 10437 11613 9271 
f 3205 6527 5779 
f 11455 11125 10037 
f 8782 3853 7423 
f 11550 1614 12480 
f 11115 558 8407 
f 8276 2653 369 
f 12407 5716 11501 
f 5905 6750 493 
f 565 6106 4767 
f 125 4848 3550 
f 10347 3186 3794 
f 5154 2204 8443 
f 1216 3914 6689 
f 10189 5285 9281 
f 5245 5478 5690 
f 6332 9583 11303 
f 9537 8194 8590 
f 1720 4557 8049 
f 8621 1776 715 
f 10940 4857 1869 
f 6439 7606 9644 
f 11790 9399 10652 
f 4427 4084 3465 
f 8314 6538 10805 
f 5166 10346 11164 
f 8899 9424 8439 
f 6502 6492 6952 
f 6595 7067 2522 
f 12071 10880 350 
f 3746 141 4995 
f 9319 7663 8671 
f 4029 10798 600 
f 7446 4479 2378 
f 11319 10948 9220 
f 6144 9676 1951 
f 11670 9071 5201 
f 11442 9497 11089 
f 11502 4519 8834 
f 4190 11615 5570 
f 8816 6545 7672 
f 1329 9543 2262 
f 2387 3309 3308 
f 8283 10805 8281 
f 4648 3137 7152 
f 2632 2536 1450 
f 11578 4337 5763 
f 1149 3563 9012 
f 4039 7476 1315 
f 7284 8082 6155 
f 6294 1617 10118 
f 196 4739 5510 
f 665 1657 10713 
f 3017 5921 4560 
f 7244 11334 11342 
f 2324 11166 8935 
f 7853 10643 6294 
f 3716 1712 2683 
f 10082 8850 9743 
f 8004 7155 7988 
f 1333 7471 4421 
f 8144 2037 3484 
f 7853 6294 10118 
f 7244 1333 11334 
f 9311 8908 10373 
f 7471 1333 1440 
f 1440 5996 7471 
f 7397 1088 12471 
f 3520 2358 9082 
f 6872 4688 6462 
f 11294 6548 601 
f 7709 7847 5854 
f 10699 11042 11061 
f 8799 1043 3268 
f 3201 1128 1293 
f 3173 3166 3362 
f 6228 9642 11479 
f 41 4462 8061 
f 1685 5229 399 
f 5909 1758 6372 
f 3049 10778 7629 
f 7244 2592 1333 
f 3160 6972 7579 
f 8556 1040 4921 
f 11744 3804 9175 
f 4612 4371 1231 
f 415 9658 9900 
f 11778 11806 5985 
f 4465 10956 8014 
f 5442 11722 6102 
f 5542 10428 3597 
f 3477 2862 3059 
f 1934 88 1958 
f 11072 1775 10349 
f 10371 11077 10367 
f 7563 1500 4797 
f 5020 4603 7483 
f 12210 9409 9295 
f 11008 9873 3269 
f 7462 1429 4607 
f 5996 7725 5065 
f 12049 220 9696 
f 5080 2512 7082 
f 3433 3860 3654 
f 6097 331 5152 
f 2768 2763 2431 
f 7851 9536 11953 
f 8190 6442 7351 
f 12278 4373 9016 
f 10767 1463 6507 
f 9504 5718 10080 
f 4909 6200 2707 
f 7533 2579 1971 
f 504 5072 1876 
f 4636 9021 1299 
f 1347 1228 1339 
f 5992 9124 3269 
f 4179 2403 5989 
f 3269 9124 11008 
f 4631 10005 8749 
f 1768 2856 8047 
f 5401 7263 8876 
f 12456 1696 8957 
f 3399 10739 1923 
f 3563 10270 12239 
f 2758 9931 3290 
f 10202 5284 6773 
f 11206 6188 4798 
f 11008 9124 3544 
f 10802 2713 7071 
f 6846 3072 7933 
f 1508 6210 11008 
f 12399 9153 8400 
f 12170 8690 6909 
f 9697 9385 10052 
f 2046 6021 11714 
f 11786 7851 2932 
f 6465 2348 5535 
f 2190 10115 8090 
f 7581 2318 11027 
f 10367 11077 11852 
f 4404 8250 8942 
f 5293 2407 6437 
f 7365 11996 10946 
f 7365 10946 12130 
f 8532 9585 9105 
f 6703 4657 731 
f 8208 8498 8207 
f 11990 9531 9467 
f 6344 7220 3251 
f 3883 8625 219 
f 11586 7670 494 
f 8830 6792 3110 
f 3063 10435 8759 
f 8557 11368 4314 
f 572 733 10740 
f 3428 8397 12465 
f 11303 10228 7813 
f 10138 5217 5669 
f 2377 2347 5496 
f 6654 1745 6716 
f 5109 109 4016 
f 10807 7560 1615 
f 7964 733 4954 
f 5007 258 3342 
f 5713 4305 9929 
f 8036 2244 8617 
f 3458 4997 5609 
f 10023 119 10957 
f 4645 1146 369 
f 6388 302 3714 
f 4988 5485 10564 
f 1533 10218 10860 
f 7411 1788 11684 
f 4210 3614 4771 
f 5352 2162 10219 
f 2286 12375 88 
f 103 729 1361 
f 1040 1102 8188 
f 2639 1022 5184 
f 3210 3134 3050 
f 2215 7318 6381 
f 12173 8169 4683 
f 7582 3346 11890 
f 6429 734 8915 
f 12204 9574 9906 
f 1312 1661 1545 
f 2574 8990 5624 
f 9452 8883 8034 
f 7269 10056 6946 
f 11019 8493 2583 
f 2179 1998 2671 
f 11935 2845 11277 
f 2835 1774 6281 
f 3536 245 3426 
f 4789 3779 7525 
f 1925 7014 9417 
f 9779 9179 9051 
f 8278 8279 7715 
f 2569 1503 8 
f 11596 555 8952 
f 8026 1410 10261 
f 4870 10423 9966 
f 9619 520 9423 
f 6329 11235 5286 
f 10526 11879 5237 
f 6186 2227 9004 
f 9044 8457 9326 
f 2166 1904 2331 
f 11879 4696 8845 
f 8100 2078 11096 
f 6509 10355 11832 
f 12098 9764 2376 
f 5483 2405 3854 
f 9852 6800 4896 
f 1319 4010 887 
f 7864 10848 7856 
f 6789 7545 7807 
f 2518 11308 4176 
f 8182 2792 12359 
f 10119 782 9021 
f 4673 4829 2579 
f 2141 8918 9747 
f 11879 10526 3298 
f 11879 8845 5237 
f 5539 9032 4928 
f 5604 1482 7721 
f 3667 1125 3034 
f 2466 1105 8977 
f 6761 7771 6326 
f 1055 12001 8447 
f 2869 545 489 
f 8154 77 1809 
f 5428 9849 8223 
f 10346 5166 9777 
f 11577 6515 10883 
f 1398 10779 4552 
f 7761 3463 3195 
f 9834 6434 10764 
f 5958 6264 8950 
f 5705 9174 4696 
f 3234 2823 3454 
f 4128 2689 11256 
f 3015 5071 6455 
f 9519 3904 7317 
f 10523 9786 12430 
f 2126 10991 1419 
f 4772 4665 7307 
f 7467 9849 7075 
f 7467 3348 9849 
f 3057 3237 10274 
f 5968 12176 6902 
f 910 2586 7036 
f 1629 12354 4678 
f 4268 11356 8144 
f 510 11160 8988 
f 7241 8486 10606 
f 2045 9829 5852 
f 11372 8220 5403 
f 9168 7251 2938 
f 626 4310 9397 
f 2907 9006 6039 
f 6193 6203 11528 
f 9583 6332 6406 
f 1245 9236 2588 
f 1588 1237 6759 
f 11957 9013 11604 
f 5423 2353 7562 
f 8422 7054 6620 
f 6564 6784 7262 
f 42 4158 2697 
f 592 1171 747 
f 3918 3939 3776 
f 12110 6894 2252 
f 59 5765 3285 
f 8668 8214 4255 
f 1511 8383 10612 
f 2364 11965 8527 
f 3352 3796 5650 
f 8146 10974 4202 
f 8044 4341 1107 
f 5268 7243 6547 
f 9564 7938 2540 
f 4707 10111 23 
f 3355 10908 3748 
f 12383 4776 5188 
f 98 272 10422 
f 4211 7147 7000 
f 1728 8713 3811 
f 559 1688 10702 
f 7902 7921 11945 
f 6186 9004 11066 
f 11525 10455 10434 
f 9057 1725 1372 
f 5069 6430 43 
f 1815 1486 1722 
f 10870 6931 9039 
f 9518 10343 10794 
f 1690 6328 10328 
f 12043 7962 6469 
f 3145 6225 9388 
f 8348 5804 9484 
f 5055 5243 11337 
f 10440 3245 12163 
f 5622 11961 6469 
f 239 5084 2280 
f 7220 12412 3029 
f 258 6534 3037 
f 370 9794 6202 
f 302 210 4170 
f 7066 7108 9123 
f 465 7585 8516 
f 6543 7980 3141 
f 8516 2165 4376 
f 791 676 9692 
f 8392 338 5955 
f 8429 8422 8149 
f 8 100 1315 
f 2484 2844 2843 
f 4152 295 8337 
f 6954 6955 6741 
f 5577 6860 6684 
f 10636 5916 11963 
f 1370 11898 8393 
f 1736 9699 12388 
f 9699 6284 12388 
f 10624 2057 2063 
f 2963 8998 1080 
f 9266 7307 11750 
f 11138 6284 8904 
f 7717 10708 3247 
f 9248 4386 8904 
f 8904 4386 8025 
f 7239 10489 7319 
f 4324 4522 4122 
f 898 2562 2087 
f 6514 5039 5893 
f 4324 4122 3633 
f 2199 8651 78 
f 4719 8671 4402 
f 6409 12074 2503 
f 455 4518 11381 
f 9799 11442 1942 
f 9588 2316 8996 
f 7996 8855 7989 
f 6780 5926 6782 
f 11010 8966 8968 
f 3311 8758 2764 
f 12371 1706 7819 
f 9774 7529 4324 
f 938 3022 5385 
f 75 10 8423 
f 4719 9112 8807 
f 8594 11593 4170 
f 4670 5233 3991 
f 11431 10293 10687 
f 10696 10331 10313 
f 5986 8011 1072 
f 3596 5211 11840 
f 8818 7917 8337 
f 1317 1075 4119 
f 11468 12252 8641 
f 9055 10419 5834 
f 6745 3476 908 
f 2081 6317 2829 
f 6367 6579 6807 
f 4530 5955 3429 
f 6714 1421 7306 
f 9147 1994 2516 
f 12413 8896 2596 
f 6371 9254 799 
f 10010 9321 3787 
f 8470 10904 625 
f 76 10116 9627 
f 4131 6198 4106 
f 5581 8695 7606 
f 4542 11605 10772 
f 6636 9302 5525 
f 8416 7648 11489 
f 202 11269 3672 
f 11236 8236 1307 
f 7659 2234 651 
f 1978 5393 12348 
f 3068 11799 1513 
f 4031 3850 4615 
f 12400 1745 6654 
f 7634 5622 7658 
f 3093 6800 10928 
f 10042 2894 8881 
f 12288 2332 237 
f 10541 3278 3824 
f 5820 4947 5824 
f 5397 4428 9017 
f 10370 2270 11805 
f 2954 12362 8294 
f 5717 9246 1416 
f 2904 3176 10723 
f 5830 5294 12034 
f 10637 11027 10654 
f 827 2483 340 
f 2750 1792 3747 
f 12132 6052 9383 
f 2591 5833 6194 
f 7822 12116 4056 
f 530 9610 998 
f 9052 11853 10705 
f 5000 9361 9282 
f 9456 6943 4006 
f 953 878 1017 
f 10485 3358 2355 
f 8678 574 346 
f 5381 3559 6637 
f 4653 3854 8173 
f 5343 11197 10488 
f 5495 38 5056 
f 3638 3976 8292 
f 1553 11977 8210 
f 8099 8681 8096 
f 12095 4246 10910 
f 3468 5360 7572 
f 11468 8641 12282 
f 5527 2205 8849 
f 8236 11236 6699 
f 11484 9084 6135 
f 6551 745 8868 
f 8387 9854 12174 
f 2001 10591 1719 
f 10879 5018 3179 
f 4034 11341 7222 
f 3553 4717 3760 
f 9573 10671 10667 
f 11501 5716 5990 
f 9131 2227 9137 
f 8784 8788 4311 
f 10999 886 9381 
f 2981 4214 2346 
f 6561 7005 7545 
f 7151 4503 3091 
f 1123 2456 418 
f 780 5637 10086 
f 11893 4370 4917 
f 19 2542 11311 
f 11793 545 6692 
f 368 5637 780 
f 11692 1424 7193 
f 4171 4671 9523 
f 7875 281 6318 
f 2169 10580 1311 
f 10756 8581 10917 
f 6509 1806 3236 
f 3167 3151 3166 
f 3976 9196 8882 
f 12021 9729 286 
f 5090 7101 4686 
f 6106 6303 1404 
f 4849 5799 9752 
f 4097 6518 10825 
f 7852 1443 11838 
f 6721 6154 7364 
f 4663 1350 9855 
f 4548 956 12240 
f 9394 649 1732 
f 7408 6696 7435 
f 561 6851 6638 
f 6971 4284 1068 
f 6443 6442 7120 
f 5538 11859 286 
f 5227 11992 604 
f 10431 9205 7841 
f 8360 6786 3736 
f 10834 4311 7510 
f 1885 2714 6118 
f 3565 4510 4725 
f 8570 4811 4674 
f 295 5330 8337 
f 902 1545 825 
f 10834 7173 4311 
f 9526 2327 2319 
f 12350 11534 9104 
f 9394 8303 5630 
f 6164 3216 5947 
f 2109 10497 4689 
f 2833 5783 924 
f 69 5896 7889 
f 10110 7889 5896 
f 4195 1979 8098 
f 1890 3156 5136 
f 724 225 945 
f 6231 5412 11694 
f 8995 4141 7166 
f 7390 7889 11225 
f 5413 2095 5990 
f 2290 9855 6022 
f 1757 8382 425 
f 627 1558 458 
f 10925 595 5615 
f 2274 5896 4181 
f 2883 8523 3500 
f 5896 2274 70 
f 6052 8558 9066 
f 3207 8709 6728 
f 6872 4669 6526 
f 10491 11135 95 
f 5827 6523 10254 
f 10143 7171 7713 
f 7440 642 784 
f 11624 1417 163 
f 7889 4873 5859 
f 12006 7142 8533 
f 4121 5680 9438 
f 6476 2758 9410 
f 11954 3577 3097 
f 4700 3922 4916 
f 9420 12213 6468 
f 10098 9743 10113 
f 7791 237 2332 
f 12341 12431 9366 
f 246 294 372 
f 3622 349 5632 
f 6079 3420 12422 
f 10139 11926 10512 
f 143 5872 8380 
f 9797 3071 8404 
f 10124 7570 7416 
f 4380 6154 6721 
f 5692 8887 8504 
f 5265 11411 8708 
f 2263 8997 10018 
f 6450 6588 4840 
f 8698 7340 7386 
f 1833 1006 7363 
f 9441 9430 8873 
f 9543 2753 6549 
f 6883 6168 10272 
f 8306 8301 8607 
f 483 5626 2446 
f 5775 6632 5595 
f 10077 110 10655 
f 12486 11060 1433 
f 4340 5034 9146 
f 11991 10077 10655 
f 12484 8783 8373 
f 8783 4351 8373 
f 7381 2919 10743 
f 11189 4140 12036 
f 2450 8138 5586 
f 7085 8175 6629 
f 12020 3783 421 
f 3374 11446 12017 
f 12173 4683 3790 
f 4168 9375 12487 
f 3404 2436 481 
f 2358 5946 5367 
f 9855 2214 6022 
f 7850 11157 8043 
f 11612 10636 4843 
f 9343 378 3452 
f 3257 11102 229 
f 8075 672 12316 
f 12481 7430 1735 
f 8196 2739 2889 
f 10172 10569 10271 
f 5876 11838 10543 
f 752 4482 6112 
f 6969 12007 2380 
f 9496 9211 8899 
f 701 870 10288 
f 7051 8140 7601 
f 8124 4549 3910 
f 9473 11523 9561 
f 9029 5340 5609 
f 4894 8052 6792 
f 11831 11210 11800 
f 2055 6495 978 
f 11961 2801 11825 
f 6976 2611 4350 
f 6468 12213 9007 
f 1260 10483 5556 
f 320 11592 3254 
f 6881 10378 11669 
f 7143 11333 7500 
f 5983 3194 7973 
f 8549 4479 1711 
f 9996 8345 7154 
f 11252 3908 241 
f 1970 5213 3406 
f 9424 2898 7272 
f 4279 1408 1816 
f 8655 1844 1325 
f 6832 11445 7456 
f 103 12336 8773 
f 10015 4520 797 
f 4747 6422 95 
f 1583 10480 8044 
f 4091 11274 8562 
f 2380 12007 10299 
f 3186 2551 12409 
f 4325 343 10855 
f 4072 1969 2445 
f 11090 10763 7876 
f 2901 3104 2543 
f 5676 5332 2803 
f 10162 11539 9109 
f 6350 8642 8389 
f 2285 10383 4168 
f 1911 1885 3050 
f 9823 11316 8945 
f 11782 1868 647 
f 8230 3462 9606 
f 4131 9410 2953 
f 6571 12410 12372 
f 7272 10681 2084 
f 6878 8290 11906 
f 12195 5761 3967 
f 2847 3816 10133 
f 2506 6820 11499 
f 3957 684 8309 
f 9318 5720 10580 
f 6939 2044 8976 
f 2084 10681 6451 
f 5825 3069 10197 
f 9655 8410 855 
f 6983 6157 8427 
f 10681 7272 2898 
f 4829 69 1971 
f 7789 8369 3964 
f 3130 3735 7359 
f 5518 12006 9976 
f 6887 7434 2766 
f 9263 12089 1503 
f 11454 7253 6451 
f 2149 4342 5582 
f 939 4931 449 
f 7734 6729 8605 
f 8122 9126 3060 
f 6847 10758 9407 
f 10758 7253 9407 
f 1668 9330 632 
f 4455 5186 2665 
f 5427 1115 3933 
f 1502 6511 4901 
f 3632 4155 9517 
f 6325 2699 380 
f 12284 12216 3972 
f 4540 6633 632 
f 3278 11889 67 
f 8002 9343 3452 
f 10020 10410 12332 
f 11139 4080 564 
f 4148 10288 2574 
f 11017 9407 4540 
f 4879 9407 7253 
f 11606 2357 6333 
f 340 8929 7383 
f 4901 5192 3129 
f 5493 5086 11527 
f 636 11513 9595 
f 1668 632 6633 
f 9886 8956 9525 
f 11760 1114 9292 
f 2041 7679 11828 
f 77 10343 9518 
f 1352 5657 9958 
f 9439 9217 8659 
f 5358 7970 8005 
f 632 11017 4540 
f 713 12412 6344 
f 4921 923 9948 
f 3369 11808 12059 
f 83 10144 487 
f 5604 7721 11740 
f 12270 12314 1558 
f 7967 3467 10748 
f 9046 11752 7124 
f 8789 7398 7156 
f 969 11940 11927 
f 11587 1003 9069 
f 10877 10874 12420 
f 1031 8916 2520 
f 11665 2919 7381 
f 1507 6036 7486 
f 5141 7515 7174 
f 1320 5116 5181 
f 11756 3541 12025 
f 7187 11340 6526 
f 9723 3886 5400 
f 9217 9439 9823 
f 879 2755 5463 
f 6214 6364 2032 
f 11939 5083 11933 
f 981 10126 10894 
f 4669 6872 11425 
f 6155 11523 9473 
f 10147 3120 2614 
f 7903 7897 7096 
f 10158 4425 8042 
f 2570 5006 10004 
f 9945 10164 6418 
f 6036 2570 11371 
f 7651 11844 8274 
f 3137 4648 2673 
f 7532 10457 1854 
f 8825 4785 3449 
f 6343 5200 11985 
f 3837 2996 7110 
f 1508 10507 8368 
f 6244 5147 2977 
f 3524 12267 1078 
f 6044 6492 6262 
f 7408 8267 7978 
f 8066 1363 9576 
f 4717 5169 5409 
f 2256 6214 10347 
f 2111 11109 9364 
f 11844 9412 1153 
f 6257 788 1495 
f 7095 5698 1466 
f 8079 11354 7801 
f 11668 11900 4384 
f 8389 5264 604 
f 6252 9405 7947 
f 5431 5002 7933 
f 11713 453 12241 
f 7574 6402 11452 
f 2778 3066 10835 
f 10119 9021 10930 
f 8853 8846 9135 
f 4136 1015 1341 
f 4041 11 5212 
f 3783 651 9819 
f 10287 7091 3206 
f 2313 10658 8613 
f 3060 3006 1032 
f 6369 6589 6818 
f 6363 6153 6564 
f 3141 11664 10028 
f 6063 10472 1798 
f 6444 4853 8522 
f 11623 11779 10527 
f 6081 10505 5514 
f 12237 3012 12222 
f 10565 9045 11713 
f 1845 12096 6409 
f 7848 9638 5466 
f 1067 5076 2535 
f 5612 2347 46 
f 1385 10539 6824 
f 12344 9533 794 
f 108 10800 7160 
f 10604 2401 2377 
f 429 3644 9411 
f 1488 7782 9073 
f 2318 1800 12230 
f 957 954 516 
f 6889 7370 7116 
f 6142 5898 5809 
f 9018 7570 10124 
f 4290 5344 5336 
f 4860 4642 3878 
f 2514 11811 5698 
f 5688 5461 4221 
f 4461 5326 7264 
f 11048 9490 12251 
f 3511 10762 4145 
f 182 11211 7614 
f 279 6142 5809 
f 977 11865 1006 
f 2202 817 9488 
f 1370 8920 11475 
f 5016 9898 9445 
f 10214 491 549 
f 4862 2559 405 
f 4325 8072 6196 
f 10908 4189 3546 
f 10379 4727 10286 
f 413 12443 5190 
f 11324 7944 10999 
f 7963 8477 7944 
f 888 5858 4108 
f 12083 8236 6699 
f 648 11193 10816 
f 7755 3398 9941 
f 12345 6330 9852 
f 11826 168 6308 
f 5293 6517 4288 
f 624 1095 1570 
f 7331 8944 6645 
f 4663 9855 4561 
f 10347 6214 2032 
f 9173 2176 254 
f 9781 9733 3987 
f 2107 7328 2546 
f 8418 2997 4158 
f 10701 2608 5872 
f 6655 3494 10323 
f 5418 4729 5410 
f 4938 4930 5628 
f 182 10257 11211 
f 1848 4287 4175 
f 7580 7312 8136 
f 9718 2797 6117 
f 4463 2199 6320 
f 4449 5253 205 
f 7846 2405 5483 
f 5466 11475 7597 
f 9809 3225 354 
f 1869 4857 3318 
f 6533 12214 7082 
f 11318 3172 2996 
f 5167 5123 7396 
f 4321 3131 7637 
f 5687 11398 9241 
f 4652 10955 2777 
f 3324 1671 6498 
f 8581 10756 9809 
f 3692 2441 7523 
f 12132 10740 3904 
f 9813 12038 10796 
f 1477 1045 551 
f 5713 9929 822 
f 2339 3063 11247 
f 6035 9541 6486 
f 396 12410 1739 
f 11476 8741 6472 
f 3767 11946 8540 
f 2905 11903 6625 
f 3464 5423 6855 
f 6486 9541 10773 
f 3718 4393 6035 
f 11184 11171 11982 
f 7341 6452 12037 
f 11672 11644 1862 
f 131 5444 6458 
f 7403 7385 7690 
f 11284 3822 2864 
f 5001 12246 9522 
f 1549 6322 7557 
f 7028 7055 7742 
f 7395 10982 2258 
f 9231 998 7174 
f 12318 12297 8344 
f 6044 6262 6055 
f 91 6302 5361 
f 2670 5895 2105 
f 9259 8127 8694 
f 1240 6624 795 
f 10196 760 853 
f 3658 7604 5710 
f 307 2262 6549 
f 10433 9170 4773 
f 716 9964 10906 
f 3155 3150 3590 
f 9720 8935 1857 
f 8389 604 10037 
f 7776 7666 2799 
f 6667 5033 8351 
f 8563 7180 10023 
f 1130 1188 10267 
f 11795 5825 5195 
f 8953 7055 7049 
f 11634 402 1924 
f 1378 10691 2267 
f 4995 141 1190 
f 7351 6421 6419 
f 1653 634 8263 
f 11309 7421 2197 
f 11955 10943 10392 
f 5342 4099 5339 
f 7911 9269 11237 
f 8171 361 309 
f 3795 9746 1313 
f 3741 3739 4143 
f 9795 8538 11235 
f 5821 5796 4563 
f 597 964 7584 
f 3902 3761 4430 
f 11982 11958 2391 
f 4306 8328 3532 
f 6393 6614 6253 
f 11483 9727 6477 
f 1903 1790 1998 
f 854 11741 9685 
f 8724 5332 5676 
f 2289 6009 8365 
f 2295 3814 6245 
f 4645 2485 4104 
f 3415 3372 2701 
f 10181 8628 2309 
f 1991 5694 4659 
f 8374 9912 8986 
f 7294 7319 1167 
f 2468 2638 3047 
f 4489 4700 4916 
f 2585 2961 2969 
f 184 2970 4043 
f 3733 2970 184 
f 5268 5509 5043 
f 4557 1720 2681 
f 3392 9655 5480 
f 11823 11764 373 
f 11091 717 10744 
f 5662 6245 3814 
f 5853 5433 5841 
f 8476 7073 10610 
f 6930 5651 5167 
f 2620 10418 4013 
f 2557 2911 3741 
f 184 12253 3394 
f 10131 5585 3082 
f 7300 11380 2233 
f 9037 1099 964 
f 7660 7329 10728 
f 6158 10662 762 
f 2451 7237 9283 
f 3932 12340 3921 
f 8889 3394 2206 
f 10806 6012 6050 
f 11545 1327 8922 
f 8961 5876 9138 
f 3724 4640 10961 
f 5905 12151 5530 
f 9856 10242 9863 
f 1947 3079 7063 
f 3272 8842 11828 
f 9839 4351 3170 
f 9974 2359 12188 
f 8532 9105 1491 
f 51 5927 262 
f 2211 7868 9355 
f 9114 3887 8150 
f 10301 11047 580 
f 459 10971 1337 
f 10979 918 4662 
f 12229 10696 10313 
f 4431 11237 9269 
f 94 4485 5324 
f 5545 6613 8763 
f 4209 11370 6047 
f 4923 7972 8648 
f 10854 7439 4504 
f 1510 10719 9472 
f 89 436 10676 
f 6124 5879 3580 
f 1313 6904 3795 
f 1323 4593 5994 
f 10170 8442 940 
f 7572 5360 6024 
f 3410 3609 3008 
f 5133 576 5222 
f 10557 1733 6758 
f 2932 4112 9940 
f 5669 11222 2421 
f 6016 4539 745 
f 3567 3758 2573 
f 4096 5044 2984 
f 7088 11583 3635 
f 8122 5207 654 
f 1633 10665 11122 
f 459 5641 10971 
f 5836 2619 4591 
f 7949 5145 3299 
f 1169 9106 291 
f 1341 1597 4136 
f 2365 2885 2180 
f 2855 1298 5279 
f 8239 8238 8838 
f 12210 10672 11801 
f 10557 10596 1733 
f 12197 698 1098 
f 11462 6517 128 
f 9122 3997 7467 
f 9428 4199 10981 
f 5779 10543 11838 
f 5416 9215 8117 
f 9512 7591 4681 
f 6991 7535 6782 
f 2234 368 9819 
f 2855 9115 12198 
f 7747 4824 1527 
f 10560 4040 5458 
f 569 814 3208 
f 10261 1410 7837 
f 8465 8816 7672 
f 1339 1228 1354 
f 5968 11391 11400 
f 3344 4248 5412 
f 11063 11067 10348 
f 7872 1995 8601 
f 5732 3094 7151 
f 8019 144 8300 
f 319 11745 11774 
f 3671 5545 4231 
f 5545 5583 4231 
f 11831 7112 11210 
f 12287 963 11176 
f 5583 5545 4135 
f 8390 169 11865 
f 1059 8974 10362 
f 12386 5022 8714 
f 1586 979 1371 
f 6111 8742 2656 
f 2278 11389 5258 
f 193 334 152 
f 1307 8579 11236 
f 3133 7422 5185 
f 685 8948 2146 
f 1920 5308 6675 
f 11434 11431 10687 
f 3604 11318 2996 
f 10708 9277 4160 
f 3200 11526 1273 
f 7605 821 500 
f 10789 8164 3468 
f 3236 9859 10195 
f 4108 5858 872 
f 10851 6000 511 
f 2409 10951 3639 
f 8141 901 1623 
f 8818 3977 2751 
f 3758 3567 4943 
f 1298 12198 455 
f 11910 101 1284 
f 2137 11344 7424 
f 10383 8753 9375 
f 2214 10403 7286 
f 5472 5001 6464 
f 6179 6866 10550 
f 6333 6581 11606 
f 8858 9567 380 
f 11329 260 850 
f 8674 279 2558 
f 3927 1921 12322 
f 2368 587 3895 
f 380 5800 5946 
f 6755 3775 9283 
f 4993 11297 449 
f 1071 5297 2515 
f 5252 2170 3897 
f 5941 11547 1921 
f 3895 587 4678 
f 9973 11852 11064 
f 2417 8689 8141 
f 2822 1670 12023 
f 4955 4943 3771 
f 4337 9934 5763 
f 7573 8694 8127 
f 2269 3479 3113 
f 2629 2476 3045 
f 8893 8248 11075 
f 9815 5539 11040 
f 4229 6103 9388 
f 4162 3476 6745 
f 1916 4742 10837 
f 8821 7458 12184 
f 3376 4196 3161 
f 1627 8074 7447 
f 1562 1346 11347 
f 664 565 6698 
f 2405 7846 11641 
f 573 7215 1784 
f 1147 1267 1058 
f 5398 11663 9533 
f 1560 2695 10354 
f 1306 639 3945 
f 12242 9919 7334 
f 1728 3448 2013 
f 2745 8570 10359 
f 10248 1037 12264 
f 2503 5244 6409 
f 8721 7317 9427 
f 4274 11711 11178 
f 5257 5695 5696 
f 1889 675 6384 
f 11470 7310 659 
f 2418 567 10252 
f 3758 2929 2573 
f 6920 12322 2652 
f 945 1288 1157 
f 12078 4630 11097 
f 2937 3771 3567 
f 9221 6497 11003 
f 6681 6905 7408 
f 2531 5215 8106 
f 4099 5595 4283 
f 10049 7866 5265 
f 3775 6164 710 
f 5551 10471 900 
f 11768 12437 8554 
f 9761 5208 11489 
f 728 10547 10198 
f 2960 7616 5476 
f 11700 2353 5067 
f 3894 8451 4582 
f 1055 8447 5796 
f 11183 4887 8638 
f 9068 1305 6749 
f 4610 774 11909 
f 12110 8348 8797 
f 4976 7425 4951 
f 599 5070 11539 
f 2491 719 554 
f 26 5455 12136 
f 11989 10732 9872 
f 7051 7315 8140 
f 1647 4523 9716 
f 3497 12169 11438 
f 8775 9994 9667 
f 4705 11715 11321 
f 9782 930 6808 
f 11438 12169 2249 
f 9596 4795 11451 
f 7015 3020 821 
f 8184 12362 2954 
f 1375 11678 1588 
f 8231 2246 7089 
f 797 7773 10015 
f 4177 7335 8059 
f 10096 7052 484 
f 10209 7691 6836 
f 3751 8059 7335 
f 10052 9103 10061 
f 2906 1225 8116 
f 5469 7961 5068 
f 6549 1437 4919 
f 1340 4019 5566 
f 1154 726 5315 
f 12231 5887 7586 
f 6542 9767 11288 
f 2719 11559 3835 
f 11906 2879 11945 
f 652 5368 8523 
f 1238 12185 10170 
f 8618 9183 8034 
f 8906 6622 9254 
f 2147 11133 9186 
f 10734 8765 9990 
f 2372 11409 9040 
f 2971 978 534 
f 5787 10821 6748 
f 10777 7229 501 
f 1614 11072 12480 
f 10238 9596 7748 
f 2674 2857 5150 
f 2953 12443 4131 
f 2761 1769 1759 
f 2813 9047 36 
f 3642 8356 12147 
f 796 5494 8165 
f 5758 6827 6167 
f 9158 9672 7247 
f 819 8369 2164 
f 10531 10419 9055 
f 10642 11395 11010 
f 779 2158 4973 
f 2667 7174 5110 
f 3476 11346 3932 
f 1551 3919 9636 
f 12061 1027 4507 
f 12061 2610 1027 
f 9913 8989 9933 
f 8144 11356 2037 
f 9377 10876 2312 
f 8618 8038 7223 
f 2283 8542 5090 
f 331 12212 5277 
f 11897 3687 7764 
f 803 9852 6330 
f 1261 2876 8811 
f 8486 4458 1740 
f 11007 5789 11784 
f 10694 8396 789 
f 2362 5944 6089 
f 869 12415 2659 
f 12179 12094 10707 
f 3837 7110 6569 
f 1563 8527 7528 
f 1403 3742 4114 
f 6716 1745 5889 
f 10744 8344 9275 
f 7458 2863 12184 
f 6176 6842 5759 
f 10461 2241 8053 
f 8762 2122 5899 
f 4283 3698 3078 
f 10077 11491 8453 
f 9631 11223 8649 
f 3614 3187 3390 
f 10180 10381 11428 
f 6559 7568 10284 
f 6759 10680 1375 
f 10689 5604 11740 
f 12050 347 7688 
f 3415 9939 1224 
f 9281 7018 10189 
f 9971 8380 2608 
f 7800 5785 5429 
f 10377 2701 10759 
f 9249 8983 8114 
f 576 11763 8480 
f 10902 7347 1165 
f 5202 4112 2932 
f 4256 3500 4420 
f 9756 9684 5799 
f 4092 6515 4500 
f 9920 10308 7768 
f 8762 2509 8281 
f 12493 9939 2701 
f 5821 4563 7202 
f 3406 234 1970 
f 9369 12333 5301 
f 4635 974 7854 
f 5636 5727 308 
f 6999 12493 10377 
f 12059 11808 5059 
f 11652 11283 12086 
f 10636 10963 5916 
f 10451 11103 9904 
f 9518 4412 2395 
f 300 537 5812 
f 4797 6999 10377 
f 3406 7260 11728 
f 7610 4942 7260 
f 11622 6891 515 
f 6777 4805 3322 
f 1659 4614 10027 
f 5487 5313 5778 
f 8219 1399 352 
f 10531 7828 11960 
f 920 8638 4887 
f 11596 5755 3243 
f 7148 8088 9672 
f 7563 4797 7220 
f 6970 10648 6765 
f 3462 10493 12125 
f 5731 425 8382 
f 1346 2882 7225 
f 9245 4810 4653 
f 4668 4130 6187 
f 247 271 4790 
f 3281 12475 5227 
f 4593 4799 6094 
f 452 11793 420 
f 3715 5309 9711 
f 10265 6523 2349 
f 821 8619 4574 
f 5154 440 2136 
f 1850 9567 8858 
f 2043 5921 7398 
f 8423 10 8154 
f 4945 9320 10558 
f 9371 11035 7240 
f 8196 8780 2739 
f 7798 6826 6690 
f 9479 9891 9443 
f 11544 5287 9816 
f 5201 12115 3719 
f 2989 2985 3002 
f 9627 2704 2839 
f 8951 1703 11020 
f 4705 7547 11715 
f 10881 1177 9132 
f 11057 8876 7894 
f 3221 1266 6652 
f 7726 4805 6777 
f 4375 10925 4881 
f 10799 6149 10653 
f 11533 3888 12108 
f 10737 9964 10563 
f 11718 5813 6018 
f 11590 6030 2545 
f 3768 2066 1300 
f 7439 10678 3414 
f 5571 8541 8338 
f 4050 5515 5219 
f 3926 6222 6600 
f 11239 8982 10307 
f 294 809 372 
f 5298 5285 10189 
f 11830 5441 8248 
f 11732 8703 3487 
f 2718 9647 4157 
f 790 3947 1675 
f 8935 12314 12270 
f 12039 9754 4618 
f 5704 12206 5453 
f 11291 7380 12184 
f 8545 6888 9144 
f 10760 6433 10730 
f 6853 1249 3679 
f 9690 10780 11136 
f 8404 2162 8745 
f 5104 1659 8421 
f 4224 5481 5693 
f 367 5222 3780 
f 1539 1525 1639 
f 2264 6175 1422 
f 3936 5557 4260 
f 11415 5789 11007 
f 8526 1118 8576 
f 5858 898 872 
f 5176 7136 6651 
f 6080 11951 5124 
f 7696 8823 7925 
f 1363 11583 7088 
f 8403 3427 9833 
f 5259 11925 6362 
f 5241 3653 2482 
f 187 8545 8515 
f 11754 6973 10466 
f 9197 7772 7517 
f 6433 10653 9302 
f 5519 11861 9593 
f 8901 10091 12190 
f 12015 7883 10736 
f 12390 4328 12339 
f 5414 10300 316 
f 10595 6752 5586 
f 308 5727 5817 
f 5007 6465 5535 
f 10283 5613 8067 
f 12470 5702 5542 
f 5976 6045 6542 
f 7687 1469 6675 
f 8545 12071 8515 
f 7486 12216 11013 
f 7224 6746 6525 
f 3370 9634 6213 
f 8724 11986 3899 
f 16 2643 4191 
f 3093 10928 6913 
f 6375 5565 5956 
f 9144 12071 2912 
f 7644 5842 6175 
f 5957 4280 8995 
f 9399 12464 10567 
f 9946 4722 1849 
f 1757 940 8382 
f 6147 2478 11797 
f 3447 4257 3875 
f 11291 12305 7378 
f 4388 668 5597 
f 10716 4379 10002 
f 9376 8615 47 
f 8101 10675 6529 
f 4857 10940 9597 
f 10097 11269 4407 
f 7115 9433 4953 
f 4035 5757 12238 
f 12476 7482 12342 
f 10428 5542 5702 
f 2098 7860 11392 
f 10334 9600 10712 
f 11790 10293 8754 
f 772 6779 9705 
f 5298 6219 6981 
f 5725 7339 8843 
f 8965 9890 9540 
f 1702 1908 1812 
f 531 10880 10175 
f 7765 7763 8054 
f 4758 6639 9460 
f 641 1277 1065 
f 3550 6357 1975 
f 7621 10408 7213 
f 9744 6424 10221 
f 6586 5358 4194 
f 5045 10166 9011 
f 3235 7644 7203 
f 2616 1098 547 
f 464 3744 3647 
f 4573 2249 4007 
f 6729 7734 6718 
f 11391 5484 9942 
f 11374 4337 4334 
f 1617 5992 12393 
f 10492 3333 8191 
f 8589 4342 2149 
f 2270 4836 11805 
f 9802 9792 9195 
f 4076 3815 978 
f 9714 7684 1516 
f 11574 11209 12391 
f 2890 3274 1458 
f 3550 4848 11384 
f 11425 6872 967 
f 4544 10335 7937 
f 2185 4738 9965 
f 10035 9387 10785 
f 2039 1642 11731 
f 10723 1190 3483 
f 5970 6187 6605 
f 12238 2896 5766 
f 10731 1440 1333 
f 1200 11228 9201 
f 9176 7322 2884 
f 7112 11831 7684 
f 8160 7617 8765 
f 151 2831 8245 
f 8233 8842 8723 
f 888 10126 7825 
f 4465 7336 8041 
f 1372 1725 4458 
f 2139 10810 8332 
f 4182 4596 1121 
f 9458 8902 8311 
f 7935 8204 7918 
f 72 2303 1941 
f 2643 4643 4191 
f 2577 10390 11036 
f 5181 10639 1320 
f 8094 1757 425 
f 10981 7330 9428 
f 3285 895 4500 
f 8759 1135 11554 
f 4119 1075 10900 
f 5096 8365 10656 
f 11120 11440 7830 
f 10157 613 6485 
f 12119 11023 6728 
f 2753 1437 6549 
f 3051 3470 3478 
f 3907 6206 5762 
f 5463 2755 5545 
f 10246 10320 4308 
f 10394 5834 10419 
f 10094 2780 2381 
f 7924 9746 10102 
f 3199 3624 2991 
f 3630 4801 3833 
f 1657 6809 755 
f 2321 3921 11229 
f 7725 10094 2381 
f 4080 11139 1760 
f 2818 8890 11426 
f 4533 8831 6942 
f 9243 115 6957 
f 135 4563 7313 
f 10849 2357 2018 
f 8576 1118 8606 
f 10268 10644 3435 
f 9873 11008 6210 
f 1170 6943 1950 
f 5328 9961 11037 
f 514 6468 7395 
f 3613 4414 7095 
f 7482 7615 9692 
f 8544 12178 12189 
f 7690 8226 7703 
f 383 1452 5398 
f 12455 820 8530 
f 4289 9438 5680 
f 1768 3905 9871 
f 11221 496 6202 
f 4434 1273 7975 
f 7839 8293 11849 
f 1899 221 5777 
f 341 5157 5751 
f 5089 12281 504 
f 463 8200 147 
f 1232 2053 6925 
f 7031 7293 6818 
f 3453 2539 4223 
f 10419 3644 5243 
f 566 7145 10309 
f 11166 7281 3021 
f 7979 3079 10146 
f 4173 813 1941 
f 2524 2553 955 
f 3405 7595 1120 
f 251 4115 5147 
f 1508 8368 6210 
f 12385 5568 3089 
f 968 4688 1940 
f 8323 960 5198 
f 9037 597 2625 
f 9276 1878 760 
f 4257 4264 3875 
f 5785 6656 5750 
f 3402 1929 10057 
f 1105 10926 9205 
f 5139 6632 6640 
f 5374 5794 5146 
f 727 10230 9234 
f 1011 11234 7745 
f 9211 601 8046 
f 2660 11705 3055 
f 1709 541 6102 
f 12130 9772 8967 
f 3179 1145 4316 
f 11234 11321 11715 
f 4218 9317 11613 
f 7362 4550 4989 
f 11153 11399 2160 
f 4520 11542 4242 
f 12287 11176 700 
f 1011 9227 11234 
f 1044 753 6797 
f 6623 11374 4641 
f 10127 10088 10117 
f 4563 135 7202 
f 12163 6958 256 
f 6375 5953 6368 
f 10120 3754 8928 
f 7744 1920 7641 
f 1579 968 966 
f 5028 9818 402 
f 4127 11907 3600 
f 11481 2520 6133 
f 4195 8098 2077 
f 1638 11792 11107 
f 10487 10490 12408 
f 7316 2197 8409 
f 10986 6706 11478 
f 7192 1008 2829 
f 191 3929 1703 
f 11517 12338 11050 
f 2093 10141 883 
f 684 3957 5596 
f 3070 9858 9701 
f 1638 3453 4223 
f 2815 374 1761 
f 9300 9953 11046 
f 5409 5816 6914 
f 10646 8108 8688 
f 3252 11070 4790 
f 2138 1776 618 
f 1198 3523 3090 
f 7406 3453 1638 
f 2176 9484 254 
f 10946 3248 10973 
f 7549 8985 2813 
f 7948 10249 1012 
f 9823 9439 853 
f 411 233 293 
f 7898 9858 8407 
f 5719 11107 3426 
f 7364 120 10403 
f 2822 714 113 
f 7942 10389 8286 
f 11915 12237 11449 
f 5938 2976 662 
f 5087 1780 11359 
f 7848 8896 9638 
f 1463 3947 6507 
f 3812 6774 10861 
f 10900 1075 600 
f 533 4387 9451 
f 8607 9169 8608 
f 10711 8323 2649 
f 2288 7320 9842 
f 7217 7473 8040 
f 8483 8222 8217 
f 5767 1574 10337 
f 3118 1505 9836 
f 5129 572 6710 
f 8938 12280 5138 
f 5775 7078 6632 
f 11498 11631 9001 
f 6604 11689 694 
f 5504 6544 6761 
f 11792 3536 3426 
f 9072 6846 7808 
f 3779 10918 7525 
f 1915 2273 12017 
f 2219 1225 6300 
f 10556 1610 6967 
f 893 2189 4875 
f 4696 11879 5705 
f 7370 7640 7116 
f 2664 4087 2851 
f 12005 585 8771 
f 10207 10554 10190 
f 10640 8778 4263 
f 10640 8512 8778 
f 3495 908 3476 
f 10575 6834 7337 
f 6571 6005 12410 
f 824 10102 3795 
f 11150 3996 2396 
f 3344 3149 4248 
f 10409 5020 4734 
f 11031 2472 5919 
f 4488 1826 7558 
f 6895 11683 4208 
f 9434 9163 9154 
f 11210 7112 1223 
f 1503 2569 10456 
f 11316 10366 11319 
f 7082 12214 6856 
f 4801 3630 4224 
f 2257 11264 2603 
f 1155 130 2032 
f 1523 12416 5681 
f 7967 10748 7255 
f 5952 1817 4779 
f 1525 1290 1639 
f 4237 9487 4133 
f 8795 8138 2450 
f 8054 8329 8632 
f 6513 3217 10145 
f 12063 5311 3872 
f 2958 3575 4795 
f 157 152 623 
f 5561 6672 5241 
f 501 10446 10777 
f 10693 3552 6067 
f 3482 7741 7301 
f 5935 1014 618 
f 1648 2658 12268 
f 1888 2993 11915 
f 6455 5071 9323 
f 9487 11974 8178 
f 1595 8785 694 
f 1254 7671 12072 
f 10467 4999 4453 
f 5359 9031 4541 
f 11337 10394 5055 
f 8432 643 6352 
f 4749 11892 12149 
f 1798 7623 1334 
f 7036 5445 9643 
f 4201 6024 5360 
f 12454 6686 12444 
f 11729 2007 12059 
f 2674 7374 884 
f 7897 8175 7085 
f 8925 9031 3527 
f 456 11764 22 
f 12076 8300 5363 
f 8068 10883 5317 
f 4804 4594 4807 
f 6927 4258 7861 
f 2993 12263 5495 
f 3128 8142 6674 
f 11387 12111 2852 
f 9323 8742 6455 
f 2031 10772 10090 
f 2794 5454 12091 
f 10516 12351 2474 
f 3007 3827 3213 
f 5253 8920 4864 
f 9148 7559 3357 
f 2722 7666 8661 
f 625 4926 7464 
f 9928 31 4876 
f 3731 8611 547 
f 6179 12375 7069 
f 3935 3937 7002 
f 3336 6126 8925 
f 1854 10457 3618 
f 4725 4947 5410 
f 141 8825 3449 
f 6111 4385 8988 
f 1739 8147 8067 
f 1438 5488 1246 
f 8930 10820 2493 
f 21 12388 8575 
f 7090 11474 7740 
f 11898 11475 9638 
f 4521 10098 11680 
f 1624 1986 3202 
f 420 2933 8582 
f 2370 851 6583 
f 8072 10855 12336 
f 9617 7585 465 
f 7063 7086 1995 
f 3606 3266 1860 
f 5312 2049 2756 
f 2049 5312 645 
f 9617 10514 9622 
f 7449 3285 8684 
f 3789 4349 8506 
f 7762 8063 6326 
f 6533 4958 3800 
f 1695 6703 10351 
f 8997 104 198 
f 167 357 277 
f 8232 519 5365 
f 5722 6644 7872 
f 10364 9626 10722 
f 6223 7267 7413 
f 9573 8999 9270 
f 5890 1155 6556 
f 1269 10567 12464 
f 7022 6961 879 
f 9570 4708 2661 
f 9244 8965 8099 
f 4048 11283 11293 
f 9697 10052 10430 
f 7661 6343 12477 
f 6859 4694 1675 
f 1717 8030 6577 
f 5167 9140 5123 
f 8218 8239 9363 
f 2743 1608 4054 
f 3242 5666 4324 
f 7339 5206 7685 
f 6259 2663 4100 
f 8426 2335 561 
f 2830 4522 4324 
f 5762 1022 3907 
f 6467 5577 6684 
f 11840 6719 11108 
f 4365 9463 9320 
f 2613 6926 6971 
f 9163 8301 8598 
f 1220 1131 1124 
f 7663 1932 2830 
f 4773 9170 9185 
f 456 3984 7992 
f 306 305 385 
f 10535 6763 9621 
f 10602 1143 1270 
f 4734 4845 2931 
f 2133 7891 2104 
f 2440 10486 7683 
f 876 1405 1162 
f 12281 4784 504 
f 3646 10193 1521 
f 4169 5074 7626 
f 11752 9046 6783 
f 5655 5855 5851 
f 10659 6380 1029 
f 7817 4182 1121 
f 5986 10659 1029 
f 11167 12056 11409 
f 3423 4228 3411 
f 5986 1029 8011 
f 10954 9416 5666 
f 7262 7796 8956 
f 3056 8903 7746 
f 12165 5653 1061 
f 3896 4077 9911 
f 10954 11016 4002 
f 2113 12333 7611 
f 4580 3876 4116 
f 3278 557 3824 
f 4713 7081 9594 
f 515 613 4081 
f 5416 1724 7953 
f 4481 8163 12267 
f 1207 6426 5385 
f 3101 1119 5965 
f 9774 4324 5666 
f 5251 8629 4335 
f 10966 7074 712 
f 4706 2046 5697 
f 9072 7808 9877 
f 9138 9118 8961 
f 7026 5400 5940 
f 8656 2298 2182 
f 759 9212 6185 
f 9506 10185 5270 
f 8909 856 5280 
f 7279 4847 5439 
f 6455 10250 10547 
f 8534 11992 12475 
f 6023 11404 3784 
f 7405 7968 8244 
f 7477 11891 5474 
f 3548 4149 2399 
f 11108 6719 1542 
f 5854 470 7709 
f 5073 7349 4728 
f 2398 5569 3268 
f 5717 1382 6135 
f 11473 3932 11346 
f 2396 11702 1842 
f 880 8338 4550 
f 12059 5059 11729 
f 7318 10384 6381 
f 1382 11484 6135 
f 3388 1948 1938 
f 7719 7699 7159 
f 9651 3861 4670 
f 3700 5984 12070 
f 3404 4047 2436 
f 11228 11695 4319 
f 7537 11812 10619 
f 10395 7913 8832 
f 6436 8210 5492 
f 1099 9037 10051 
f 12254 4548 109 
f 2616 6957 4950 
f 8153 5310 8648 
f 1134 4739 2673 
f 6422 8730 6590 
f 5215 2531 4442 
f 8516 9152 465 
f 9119 9710 9100 
f 541 7119 3325 
f 5634 10741 3430 
f 3886 66 12124 
f 10990 1279 8436 
f 11668 4384 2660 
f 8808 4773 8299 
f 6571 6516 6358 
f 11024 11641 7846 
f 629 6125 7377 
f 3098 3096 3938 
f 1798 10472 8121 
f 4226 9101 7753 
f 5066 4710 12103 
f 10022 526 5883 
f 10635 11784 10998 
f 3831 3660 11666 
f 5889 9219 11422 
f 7793 3388 1938 
f 1048 8732 2635 
f 10796 12038 11524 
f 734 8031 8915 
f 4464 10890 11926 
f 10001 7359 7087 
f 8263 634 12330 
f 10068 7956 3364 
f 7063 12060 7086 
f 7143 8714 2346 
f 4357 8600 9652 
f 11743 11742 7809 
f 10194 95 5197 
f 2103 5832 3691 
f 2631 1119 3101 
f 684 5180 8309 
f 2707 9450 7393 
f 7002 3937 1526 
f 8790 8204 9058 
f 5913 6810 3939 
f 6810 5913 6266 
f 5534 11097 7357 
f 10026 11556 4839 
f 7892 8175 10367 
f 1829 6835 3629 
f 1750 4935 12073 
f 5062 6601 9597 
f 4530 3429 10230 
f 7429 3355 3748 
f 5623 11430 11536 
f 2640 5943 10586 
f 7984 10703 8427 
f 6376 3658 1751 
f 3845 5075 11496 
f 5348 4044 4694 
f 7080 8162 8450 
f 5666 3242 11016 
f 3767 8788 12283 
f 11406 10598 9187 
f 6495 2055 3434 
f 1485 3527 10448 
f 7404 10042 4326 
f 986 5523 5441 
f 3451 5516 11526 
f 4967 8833 3868 
f 12177 4230 2567 
f 7708 5779 6527 
f 5155 5159 5391 
f 4967 2760 8833 
f 10194 5197 8817 
f 7922 12273 1839 
f 11341 3659 11304 
f 11419 9357 5877 
f 8817 1118 11187 
f 2900 4873 10110 
f 5016 10784 9324 
f 7932 7165 5323 
f 4866 4426 5625 
f 6869 7363 4167 
f 1784 6724 7252 
f 2393 2729 3030 
f 4167 11225 6869 
f 2578 8313 12113 
f 11225 2900 6869 
f 3170 4351 6450 
f 10807 8867 7560 
f 346 10609 5975 
f 11225 5859 2900 
f 4671 6436 9024 
f 10667 10671 11415 
f 8211 261 2869 
f 9652 2196 5195 
f 2047 6440 7812 
f 5833 8530 820 
f 5543 9313 11871 
f 6098 5461 5688 
f 1949 6937 5346 
f 9661 1399 10077 
f 1833 977 1006 
f 3267 2671 3065 
f 12210 1650 9409 
f 5046 9336 11376 
f 319 10180 11637 
f 1702 1465 1116 
f 12342 11166 12476 
f 4351 5054 6450 
f 5054 6588 6450 
f 5776 6403 5344 
f 4768 5457 5869 
f 5888 7098 504 
f 1752 1545 1960 
f 8789 5431 8321 
f 532 6200 11413 
f 12326 4467 5792 
f 11170 10836 12411 
f 8222 8226 8217 
f 1476 12028 10539 
f 11450 11930 4813 
f 10637 6578 11027 
f 3160 12442 9714 
f 7867 3195 2735 
f 4403 3834 3841 
f 2263 4534 2858 
f 6537 257 9351 
f 2758 2953 9410 
f 3071 2414 9206 
f 7737 7473 7199 
f 3583 12233 6980 
f 8813 2710 7834 
f 2139 8884 10810 
f 4494 4930 4322 
f 8879 9441 7731 
f 10898 11464 1570 
f 5070 4392 5619 
f 2351 3986 1430 
f 11752 6783 1 
f 7140 2317 1227 
f 3727 6422 3786 
f 3703 3734 3100 
f 609 2075 6056 
f 742 9715 6597 
f 5946 5800 5367 
f 3481 3477 4099 
f 2973 845 8645 
f 3327 6825 8770 
f 6451 2506 2084 
f 9748 7711 5815 
f 7486 3972 12216 
f 7942 9065 6272 
f 4375 9775 441 
f 509 11827 584 
f 11801 1650 12210 
f 2282 2108 2101 
f 8529 927 5187 
f 1867 5978 4835 
f 2443 9299 12087 
f 4266 9339 10842 
f 10291 5269 1811 
f 2127 7182 7822 
f 4015 4025 3601 
f 4461 4104 3431 
f 8549 2341 11683 
f 7976 1223 1070 
f 8466 3899 7285 
f 7826 8178 8313 
f 8345 366 6832 
f 10493 6840 9958 
f 11310 7187 6526 
f 3337 7495 5520 
f 8557 1925 4446 
f 6526 4669 11310 
f 10160 5256 4603 
f 5434 3541 8398 
f 12284 5106 4307 
f 9169 9441 8608 
f 6981 5285 5298 
f 3576 8949 599 
f 9655 855 3240 
f 8899 9211 8046 
f 3812 10861 11858 
f 11499 6820 10758 
f 10758 6820 7253 
f 1727 7117 6835 
f 6929 10881 9132 
f 8576 691 8526 
f 4463 5408 423 
f 8322 3765 743 
f 10091 8335 12190 
f 2014 8467 10121 
f 8877 1685 3763 
f 5524 9048 5512 
f 9108 8844 7941 
f 1024 3612 9085 
f 9669 2719 8024 
f 6826 7246 9777 
f 23 6901 7175 
f 5433 5648 5841 
f 6085 6068 5457 
f 12173 2537 8418 
f 11017 632 9330 
f 277 357 859 
f 7878 4568 9978 
f 25 9407 11017 
f 5994 6094 4098 
f 4137 3730 3938 
f 647 129 3365 
f 129 647 158 
f 7384 8615 10247 
f 12307 12356 8051 
f 1199 4415 1600 
f 11017 9330 25 
f 10709 6837 1552 
f 4767 9263 2731 
f 1892 1197 3643 
f 8863 8878 11179 
f 1415 4714 10085 
f 9476 10934 4475 
f 8950 6486 5958 
f 5908 10482 2967 
f 10862 2666 6249 
f 3127 271 10705 
f 1042 5330 640 
f 839 11582 5531 
f 828 1188 1847 
f 6181 2718 5875 
f 12025 3541 12221 
f 5476 7081 2960 
f 7174 998 9025 
f 8284 9471 7783 
f 11020 4978 8951 
f 7029 6168 7519 
f 222 3438 3326 
f 2451 12199 7237 
f 4347 5500 3407 
f 1804 11033 1357 
f 9517 655 3690 
f 2242 11179 3766 
f 3368 5908 2967 
f 2142 2746 11565 
f 3854 4653 1150 
f 1494 3122 11969 
f 4069 6882 11388 
f 2143 7210 7187 
f 11297 4993 3024 
f 167 277 58 
f 5322 6812 5045 
f 3535 11317 419 
f 333 3868 3639 
f 419 3621 3535 
f 1648 7340 7298 
f 4570 6402 8274 
f 11009 307 7934 
f 8368 10507 3549 
f 10831 10337 5636 
f 10429 8578 7093 
f 9412 5006 1153 
f 11552 12353 10453 
f 12241 453 9247 
f 6916 7445 11452 
f 11117 2194 819 
f 7170 829 12439 
f 9317 608 11613 
f 5284 6381 5861 
f 11844 1153 8274 
f 11078 5608 8936 
f 1387 5142 10765 
f 2595 12252 207 
f 11818 7784 11995 
f 11739 879 6961 
f 2250 3621 9290 
f 2566 4584 2610 
f 5142 6389 4647 
f 5659 5275 6038 
f 9762 7198 7445 
f 7986 11036 235 
f 3823 6390 4657 
f 11452 7445 7574 
f 12028 6824 10539 
f 4061 1984 498 
f 2152 6365 2453 
f 1843 5551 10959 
f 26 73 113 
f 2978 7608 7321 
f 3438 2364 8528 
f 3987 9733 2390 
f 8878 3766 11179 
f 10572 8519 373 
f 10341 2030 7211 
f 9217 8355 8659 
f 6728 6108 3207 
f 4918 5086 10957 
f 9803 3961 8272 
f 4984 10627 2728 
f 3682 11158 4256 
f 9061 6569 7428 
f 5204 583 3656 
f 9630 4932 12178 
f 717 11091 6953 
f 7281 11166 2324 
f 1349 10266 1310 
f 9345 8790 9058 
f 10585 607 11604 
f 418 2456 1548 
f 2769 11437 9865 
f 6605 7054 7303 
f 4679 12013 1695 
f 7870 6059 9261 
f 4954 9389 8980 
f 4736 4964 5209 
f 2687 2674 884 
f 8143 2834 816 
f 1681 1399 8219 
f 5532 12153 11746 
f 11173 558 11115 
f 11268 5522 5922 
f 2166 2161 1785 
f 7870 9261 12223 
f 12210 12220 11424 
f 5472 10757 1499 
f 8010 8540 8878 
f 11153 4341 4051 
f 4038 1989 6321 
f 5967 8924 10264 
f 7858 7312 6827 
f 482 8452 1749 
f 12163 1135 5591 
f 3829 3471 12029 
f 3898 7547 4705 
f 8642 11682 5264 
f 8377 9911 12248 
f 9944 10687 9590 
f 7667 9185 9170 
f 5622 7677 7658 
f 7255 5459 1067 
f 571 5145 7949 
f 5532 11725 11727 
f 7635 7974 8129 
f 182 12450 12223 
f 6256 937 8727 
f 7870 12223 12450 
f 1569 8132 7645 
f 6180 955 7944 
f 6716 9707 6654 
f 8215 10241 1005 
f 2241 3081 8053 
f 5736 3225 5884 
f 4239 3334 11204 
f 3341 3136 2943 
f 7677 7716 10004 
f 10197 12156 5825 
f 3368 3619 4758 
f 7837 7459 9177 
f 11407 6416 6397 
f 6156 6807 5307 
f 7742 8804 11791 
f 8111 7283 7297 
f 7809 5004 11743 
f 6887 2766 2721 
f 1487 1489 1259 
f 11840 7046 3596 
f 9798 5795 2990 
f 2531 6261 1843 
f 10554 11276 12062 
f 3311 2485 4788 
f 11827 444 584 
f 2749 3757 2927 
f 3330 8026 6779 
f 8519 10572 2487 
f 6969 9832 2296 
f 9804 2165 1472 
f 7809 689 1106 
f 4125 6622 6252 
f 7630 5216 3529 
f 3858 4852 10633 
f 3663 10380 9806 
f 6278 1607 7963 
f 6634 2344 5354 
f 4438 12046 11788 
f 908 3495 4571 
f 2908 6440 2047 
f 10630 9008 10632 
f 622 6127 5120 
f 7350 11440 2107 
f 5444 131 10917 
f 11997 3884 7195 
f 8756 4868 7076 
f 1658 2622 1673 
f 5699 4804 5700 
f 3310 12056 986 
f 5914 11129 5944 
f 5431 8789 5002 
f 1559 5349 7389 
f 4356 4002 3242 
f 6711 8467 7132 
f 7848 9637 2596 
f 7133 9196 10804 
f 6925 2053 8083 
f 4926 12157 7464 
f 3607 5260 10469 
f 5305 11290 11404 
f 686 10957 9688 
f 747 757 596 
f 722 210 10294 
f 8980 9224 6100 
f 3006 11194 5474 
f 2665 6890 10889 
f 8151 3955 6778 
f 1843 6261 10471 
f 12494 2242 8673 
f 6341 10621 7940 
f 9784 9465 9462 
f 69 4829 5896 
f 2559 4862 3294 
f 10720 11388 9193 
f 7031 7580 7842 
f 12431 12435 11627 
f 10307 3233 6986 
f 2230 11349 6453 
f 5153 6208 2567 
f 3227 3026 3234 
f 10344 9632 9624 
f 4728 4803 686 
f 2534 3100 2901 
f 1990 7675 1993 
f 5155 5148 5159 
f 11483 6445 9727 
f 10343 2477 2385 
f 3334 5665 9068 
f 11497 12438 3913 
f 11508 5038 6992 
f 10824 12448 1432 
f 9077 8917 4604 
f 1424 11039 10217 
f 10149 4583 9825 
f 6323 4949 11377 
f 9229 9604 2041 
f 9731 6520 11907 
f 11937 1615 10430 
f 5026 3082 5585 
f 844 2254 11457 
f 11242 214 1965 
f 9769 5157 11486 
f 2891 8866 3514 
f 8195 12490 9284 
f 5965 9960 5942 
f 2949 11528 3101 
f 6851 3856 7448 
f 10418 11242 3279 
f 8912 7329 3679 
f 11892 11857 10079 
f 1741 1468 118 
f 1641 1529 6423 
f 3612 11824 9085 
f 7840 1134 5625 
f 3853 8782 6227 
f 9494 4935 1750 
f 10809 1234 1222 
f 11418 10418 3279 
f 1765 365 5870 
f 7178 8984 2884 
f 8769 2333 3123 
f 6475 3082 5662 
f 1910 4914 3254 
f 2709 2902 2885 
f 184 4043 12253 
f 7657 585 4319 
f 4055 5230 3401 
f 2884 11202 9176 
f 8910 11620 236 
f 4479 6420 7917 
f 6041 3822 2563 
f 5985 479 274 
f 10624 1936 2057 
f 7022 11022 6961 
f 2165 1634 1472 
f 1292 6249 8540 
f 1559 7389 4079 
f 287 12021 286 
f 7092 10575 7337 
f 7201 3522 5030 
f 8557 6713 1925 
f 10420 8628 10181 
f 9904 6522 10451 
f 1054 11954 3097 
f 8334 7238 8065 
f 4826 4623 4634 
f 5404 11923 4842 
f 12181 10952 3669 
f 2398 5672 5569 
f 2258 10982 4136 
f 9748 10332 7711 
f 3282 51 1192 
f 262 10131 51 
f 8892 12302 7472 
f 1885 7622 2714 
f 8584 6219 5835 
f 10131 1192 51 
f 4299 608 9317 
f 2309 8628 6857 
f 1349 9093 10266 
f 51 7885 5927 
f 2023 9307 5646 
f 1965 5477 11242 
f 6493 7032 11320 
f 4555 3063 2339 
f 11443 4093 9553 
f 8306 6955 8301 
f 10125 10470 10852 
f 9954 11063 9310 
f 8402 4667 11149 
f 9223 4401 6607 
f 3329 9812 5499 
f 7126 4090 4516 
f 8164 5360 3468 
f 436 473 10676 
f 3979 10278 9443 
f 4923 526 12427 
f 1106 9950 11966 
f 11998 2451 2226 
f 3874 4623 3454 
f 1828 1283 1492 
f 8793 1161 1854 
f 11829 8558 11000 
f 23 11897 6901 
f 5555 5953 5956 
f 1661 973 1865 
f 10283 5609 5704 
f 595 441 4622 
f 8851 10682 11696 
f 4372 10282 2651 
f 7924 6045 5976 
f 11052 12229 12235 
f 1298 4093 5279 
f 12473 6037 3900 
f 9902 946 7861 
f 4580 8914 5735 
f 8742 11780 10250 
f 12121 10466 6493 
f 3133 5185 5438 
f 9078 10030 10406 
f 7164 2558 279 
f 5467 4040 10560 
f 9050 3661 8542 
f 6613 1883 8763 
f 10937 4165 5375 
f 8215 3036 1772 
f 7386 6185 7414 
f 5375 4165 581 
f 1219 464 4212 
f 6385 7562 11700 
f 5801 4148 2574 
f 10615 10611 10984 
f 1007 5396 6760 
f 4910 7419 997 
f 2562 898 7324 
f 11150 11402 9725 
f 7831 8105 8968 
f 7729 9666 10709 
f 2166 1683 1586 
f 7970 12056 3310 
f 6813 7311 6375 
f 3946 10534 82 
f 2212 8349 8403 
f 207 11052 4740 
f 1985 91 5320 
f 10463 10208 9837 
f 9104 8826 9374 
f 4554 3488 8726 
f 10643 6662 12140 
f 2128 10836 105 
f 7500 11333 2959 
f 10831 706 10337 
f 9006 2907 12315 
f 4227 9372 8056 
f 8210 9401 5492 
f 290 5834 10394 
f 1222 7231 11794 
f 3591 1574 6606 
f 10878 10493 6939 
f 10617 12499 7499 
f 5303 3557 9272 
f 901 2360 1623 
f 11102 3257 165 
f 3823 1695 12013 
f 1081 6687 7034 
f 10190 10919 10204 
f 3099 9344 9737 
f 12302 2089 8199 
f 7078 5775 7070 
f 2839 2601 9627 
f 12154 10871 5458 
f 6084 11169 1413 
f 172 7087 50 
f 2757 9347 11678 
f 6571 6704 6516 
f 289 5582 4991 
f 6802 7006 7013 
f 8789 2043 7398 
f 11776 848 38 
f 2738 9546 1664 
f 2283 9356 11214 
f 2394 11700 598 
f 11662 5764 1534 
f 9220 10203 8657 
f 1917 5485 7964 
f 4273 1148 5078 
f 12311 4473 4785 
f 11426 575 2818 
f 4215 9038 3397 
f 3862 6310 1923 
f 6934 7734 7177 
f 2670 2105 2048 
f 7397 12363 4192 
f 8141 1623 2417 
f 76 8027 10116 
f 2190 9446 10115 
f 10529 1393 12334 
f 12198 6814 455 
f 1148 244 1921 
f 11133 6112 4482 
f 6401 5593 5131 
f 8352 9209 8659 
f 5890 12343 10099 
f 9096 9981 12205 
f 10102 6045 7924 
f 6173 8080 8161 
f 9383 1807 4041 
f 11472 10353 5011 
f 6057 5044 4096 
f 11889 9274 387 
f 11751 6237 8654 
f 3171 3376 3161 
f 1761 5365 3533 
f 4544 11959 7534 
f 9108 10818 10819 
f 10706 5220 3844 
f 3702 4290 4281 
f 2088 6174 2104 
f 12128 9171 8848 
f 5845 7050 100 
f 568 3434 1935 
f 4420 3500 9703 
f 59 4500 3083 
f 6002 11956 11185 
f 12194 12081 8750 
f 6775 10834 11420 
f 10386 2527 414 
f 3975 7186 4906 
f 1914 6768 6850 
f 828 2425 4415 
f 6 2022 4259 
f 144 12166 4286 
f 2850 5721 3219 
f 6955 8306 7212 
f 7186 3975 9554 
f 8213 10983 7622 
f 73 221 113 
f 2139 8332 8705 
f 7097 4175 2000 
f 9256 10686 9214 
f 2949 9325 11396 
f 10411 11904 10406 
f 4619 4978 985 
f 6834 12073 7337 
f 7113 11812 7537 
f 11244 7584 5577 
f 2644 6159 12268 
f 3954 2242 3766 
f 3785 7205 4205 
f 11479 2824 7597 
f 9906 11787 11796 
f 6789 6349 6561 
f 8259 11323 1677 
f 9888 9890 10635 
f 4810 9245 2395 
f 6737 5683 6502 
f 3287 9672 9158 
f 4318 5183 1177 
f 7030 7539 6510 
f 7634 7658 8274 
f 9688 5073 686 
f 5587 5126 11306 
f 11607 12429 11213 
f 2857 11051 2275 
f 11433 9506 5270 
f 1808 7558 1252 
f 7368 7639 7690 
f 10856 1732 9523 
f 5232 965 12202 
f 11188 12408 6683 
f 6430 5069 3925 
f 5703 5706 554 
f 9006 10803 10099 
f 4383 448 3185 
f 7881 3344 6231 
f 2919 869 2659 
f 2278 8430 11389 
f 1180 8215 10821 
f 9963 2967 751 
f 1676 8451 3894 
f 11224 5413 4063 
f 10166 11669 10378 
f 3019 2475 2629 
f 9647 2718 8258 
f 10511 7462 789 
f 5144 9444 1882 
f 7458 8821 4834 
f 9647 6439 5286 
f 7081 11463 9594 
f 4988 2091 7317 
f 6400 8915 5838 
f 8131 5937 3936 
f 10645 8304 506 
f 7749 3894 7052 
f 6731 264 5900 
f 5827 1963 6523 
f 7360 9177 4164 
f 12335 12145 12236 
f 2696 8314 2669 
f 12394 3736 1933 
f 4812 10274 3237 
f 7749 7052 10096 
f 1753 2073 1759 
f 12345 4516 3832 
f 9932 2545 4491 
f 4876 11826 2784 
f 4200 5225 4003 
f 8608 7739 7465 
f 1648 9381 2658 
f 10732 3751 7335 
f 7539 9932 8445 
f 9618 2336 11915 
f 2998 1314 8093 
f 5840 238 10107 
f 4985 4381 9972 
f 10765 3192 7165 
f 5166 5499 9777 
f 8116 10096 484 
f 2551 3186 8310 
f 6550 4564 7355 
f 6552 8499 6994 
f 2799 9986 12093 
f 12369 8918 9845 
f 5421 1726 12261 
f 6948 4024 1127 
f 3523 10459 8524 
f 4450 4177 4401 
f 2075 8367 6056 
f 959 10570 10236 
f 11140 10402 9506 
f 12252 2595 8641 
f 2016 10783 7910 
f 10630 10632 9226 
f 9861 6339 10070 
f 912 1401 2163 
f 5185 5395 5438 
f 5042 7780 4524 
f 12234 3955 8151 
f 2566 1388 4584 
f 1843 10471 5551 
f 9879 7712 719 
f 985 4565 1019 
f 3582 2829 1008 
f 7969 4715 3275 
f 11008 3544 2947 
f 3467 7967 6345 
f 9258 776 11162 
f 5784 4492 8391 
f 3593 4015 3155 
f 3376 4193 4196 
f 11358 7553 3816 
f 9410 1779 6476 
f 4715 7969 204 
f 4237 10820 6983 
f 12415 869 4936 
f 8824 8815 8823 
f 3816 2847 5034 
f 11567 3659 11341 
f 8050 7217 8616 
f 4728 686 5073 
f 9636 4225 4128 
f 3850 10761 4615 
f 4093 1298 11381 
f 9620 9828 1064 
f 964 1099 1840 
f 6826 9777 9812 
f 2222 740 7274 
f 10009 10069 1945 
f 12285 3558 7711 
f 4687 3922 3084 
f 595 3910 4549 
f 1927 12075 1955 
f 1222 1234 3969 
f 1429 7462 4871 
f 2770 2358 9840 
f 126 55 57 
f 6071 710 9909 
f 5897 446 4187 
f 7449 895 3285 
f 256 12138 11554 
f 2674 2687 11051 
f 10719 2298 9601 
f 6026 1321 4095 
f 2474 10977 10516 
f 10133 9059 2847 
f 237 12284 11459 
f 161 251 3929 
f 7629 520 6700 
f 7068 5379 11766 
f 12162 2388 1546 
f 6275 5857 6271 
f 11913 10028 9098 
f 1980 10380 8768 
f 12290 3769 9719 
f 8934 9090 908 
f 6446 8449 11376 
f 400 1925 6713 
f 8960 3301 11605 
f 2892 3749 3505 
f 9537 4970 2444 
f 1352 7928 8035 
f 1725 9057 1687 
f 10155 2493 8732 
f 8482 8775 8483 
f 2887 2076 5164 
f 11548 3526 11095 
f 5849 5649 5650 
f 9572 3537 11486 
f 7129 2677 371 
f 1483 11047 10301 
f 10133 7604 9059 
f 9216 5667 11956 
f 4745 11657 10927 
f 2462 2805 2291 
f 9791 12308 11819 
f 10935 5119 7591 
f 11035 2345 7235 
f 8998 11089 9497 
f 2913 7235 2345 
f 3834 4221 3624 
f 1779 3066 6476 
f 8823 8815 7925 
f 7440 6105 642 
f 4810 11217 4268 
f 2687 7760 7470 
f 5038 7069 11777 
f 11954 11693 2678 
f 6593 4119 7034 
f 4991 7676 289 
f 3686 8937 2648 
f 6073 8462 3485 
f 10448 10426 4632 
f 8747 4560 5856 
f 7355 12461 6714 
f 7273 2002 8201 
f 8505 12447 11628 
f 7597 2824 5466 
f 9829 6524 11611 
f 10749 2425 7300 
f 6275 6276 6499 
f 5792 4467 6031 
f 7273 6505 2002 
f 9733 5201 9641 
f 343 8773 10855 
f 12123 8173 9982 
f 6187 4130 6192 
f 10779 1398 3930 
f 10101 393 6849 
f 6652 2345 9371 
f 12299 9281 7960 
f 8837 11161 3715 
f 1272 10239 10695 
f 3715 1490 5309 
f 604 11682 7600 
f 1612 11025 1883 
f 3589 342 1866 
f 3 5292 2313 
f 5165 6296 1515 
f 3030 10358 8009 
f 4190 5570 7194 
f 10105 10076 10088 
f 4485 94 8312 
f 5280 1326 5085 
f 11896 4155 12323 
f 4589 10292 6796 
f 9906 11796 12204 
f 2261 1960 2096 
f 8852 3669 10952 
f 3587 11048 5381 
f 9688 9203 5073 
f 2657 3059 2173 
f 6968 5520 8856 
f 155 1692 9805 
f 1632 10327 7732 
f 10530 7397 3490 
f 5529 4609 4482 
f 3533 7125 12310 
f 9371 7240 10273 
f 4050 8837 5515 
f 12212 770 5277 
f 261 4332 9824 
f 8075 407 481 
f 10492 2715 9885 
f 4576 10746 11869 
f 8758 8137 970 
f 476 11800 4568 
f 5986 2342 11698 
f 4212 12488 1219 
f 187 3221 1669 
f 10900 93 9239 
f 3126 8473 6998 
f 3670 9117 11170 
f 2060 4935 9494 
f 6779 3367 1685 
f 2017 2009 2706 
f 2060 762 12102 
f 9273 8720 9599 
f 9632 10726 11074 
f 11927 5692 969 
f 9354 8302 9299 
f 3353 2937 3151 
f 8161 8080 11273 
f 3633 10577 4356 
f 3516 11809 11550 
f 288 3493 1972 
f 4332 8251 2356 
f 5813 11718 1203 
f 2088 2104 7888 
f 5740 3090 16 
f 9935 4176 1556 
f 10045 1561 12352 
f 8023 9203 9688 
f 12247 2002 6505 
f 10716 10002 11815 
f 7127 1721 1673 
f 9856 9510 9841 
f 9115 6788 8793 
f 6153 6152 5296 
f 2117 10436 11427 
f 2912 8545 9144 
f 4218 413 9317 
f 7567 690 10911 
f 9023 1258 10641 
f 10175 9144 2052 
f 11651 5668 9915 
f 2507 5219 11408 
f 2123 2980 5987 
f 11592 10864 7599 
f 2703 8750 5015 
f 1806 6509 8126 
f 11410 162 10101 
f 10865 10496 10125 
f 7014 12096 3664 
f 8843 146 2870 
f 11774 9997 319 
f 11587 10816 1003 
f 10175 2052 125 
f 6203 9996 7456 
f 8044 1107 1583 
f 6449 454 431 
f 2333 8769 6644 
f 407 1653 7135 
f 433 10438 6990 
f 2557 2922 2404 
f 7842 7580 8711 
f 5072 7098 6073 
f 6282 10002 4379 
f 11887 11512 10780 
f 7244 11342 9943 
f 8147 12381 5929 
f 1111 4697 4270 
f 8364 1536 3523 
f 9536 5380 4655 
f 698 12018 1827 
f 10900 9239 4119 
f 8403 8453 5390 
f 10243 10502 12380 
f 11864 7461 11895 
f 10807 11093 12055 
f 8496 5483 2935 
f 6329 5915 10938 
f 3682 2883 11158 
f 47 8615 4848 
f 285 12397 7958 
f 8491 2593 6908 
f 6821 806 2110 
f 12346 2582 5738 
f 10924 1658 1672 
f 9196 11788 1544 
f 4539 6016 6610 
f 5147 9202 1444 
f 9396 4147 474 
f 1367 8323 10711 
f 4054 2891 3514 
f 7203 10130 1141 
f 9732 11109 135 
f 10568 10489 2471 
f 10731 11773 2235 
f 7853 926 4379 
f 10754 8591 12452 
f 7955 8237 8846 
f 4392 599 2491 
f 8936 4428 5140 
f 10312 1657 9279 
f 9255 5610 8399 
f 8445 4505 4094 
f 11291 7378 12328 
f 9943 11342 1141 
f 11328 9129 10508 
f 1440 10731 2235 
f 1440 2235 7725 
f 9943 1141 7849 
f 6111 2656 4385 
f 3636 9189 697 
f 1362 944 12010 
f 926 7853 10118 
f 6922 7431 7995 
f 7357 4630 12390 
f 10761 3850 192 
f 1297 10598 11406 
f 10654 9927 9565 
f 7142 3424 4597 
f 460 12301 942 
f 5698 4989 2514 
f 728 2968 10673 
f 11773 1109 2235 
f 10094 2235 529 
f 9635 12461 9876 
f 177 10612 10395 
f 10731 2592 11773 
f 680 715 10994 
f 3708 10964 11141 
f 10838 2592 7244 
f 8690 10992 11759 
f 1053 3077 4055 
f 12497 529 9474 
f 1078 12421 6834 
f 11647 11858 2941 
f 11963 5916 5708 
f 8278 7993 8568 
f 10731 1333 2592 
f 8625 6764 4298 
f 8710 12338 10430 
f 12238 9159 4035 
f 7421 11907 4127 
f 3298 3453 1041 
f 3668 12331 11894 
f 6580 6813 6584 
f 4971 7171 8860 
f 5311 3673 8592 
f 633 5042 4186 
f 11779 4975 8555 
f 7922 5186 4455 
f 10255 2381 2403 
f 2186 11192 8164 
f 11402 11150 5507 
f 9357 3944 12479 
f 4818 10386 414 
f 679 7256 1387 
f 6499 6496 6275 
f 4625 11668 1649 
f 4581 7285 5725 
f 2503 2982 7806 
f 1828 1492 1716 
f 12497 11732 2780 
f 11117 10606 2194 
f 7777 11033 10153 
f 5216 12468 3529 
f 2768 3166 3151 
f 7107 7639 7368 
f 3164 8656 11914 
f 3803 9651 11175 
f 4334 4337 4588 
f 4921 749 8556 
f 2890 3702 3274 
f 8962 8192 1997 
f 2780 5802 2381 
f 5346 11565 1949 
f 2514 11362 11811 
f 1563 7528 2239 
f 1916 10963 4742 
f 7189 10607 7114 
f 4700 4134 3922 
f 12424 11214 8813 
f 10786 9032 9556 
f 1829 6594 7687 
f 3897 3803 7908 
f 11332 4368 9251 
f 272 12265 10422 
f 7958 5709 8250 
f 5339 5770 5342 
f 11975 5112 928 
f 5802 2804 3549 
f 673 1675 1463 
f 7772 8329 7763 
f 3414 10678 4331 
f 10639 5181 3401 
f 2780 11732 5802 
f 1346 1562 9504 
f 2804 6210 8368 
f 10232 7708 6527 
f 2804 8368 3549 
f 8256 8853 9119 
f 3160 9203 12442 
f 11527 11403 7428 
f 2804 9873 6210 
f 2495 10790 7164 
f 7606 6439 5581 
f 882 699 1898 
f 7507 16 4191 
f 8725 10777 11897 
f 1621 288 1972 
f 6865 9161 10883 
f 8148 8820 10767 
f 8024 8201 2002 
f 3499 4695 6915 
f 61 8407 9858 
f 7290 3611 1697 
f 2539 3453 8588 
f 704 3724 9928 
f 427 183 241 
f 9960 5393 1978 
f 4302 10732 11168 
f 4925 2396 3996 
f 11173 12014 1320 
f 10946 4704 12130 
f 4443 10122 10405 
f 9719 3769 5187 
f 11565 1920 3027 
f 9227 11321 11234 
f 1031 6440 8916 
f 8588 8810 2539 
f 3262 5743 7567 
f 10592 5112 1610 
f 8548 7993 7703 
f 7898 9701 9858 
f 6883 9178 6366 
f 3398 2327 9526 
f 11460 8517 10221 
f 8609 12110 150 
f 8577 1893 9708 
f 7329 7660 3679 
f 8399 1099 8507 
f 11585 6413 4002 
f 10310 12137 7476 
f 3041 11137 3973 
f 4232 3213 3827 
f 7017 5075 3185 
f 8212 11997 7195 
f 11632 8962 7416 
f 962 720 7806 
f 4448 12409 5417 
f 3475 6370 6051 
f 2733 4383 5075 
f 11914 5442 7668 
f 1378 4677 10622 
f 3704 2856 284 
f 11810 10825 3124 
f 4721 674 11043 
f 4208 2341 1300 
f 11107 11792 3426 
f 1888 12263 2993 
f 3298 8588 3453 
f 10923 8120 11299 
f 5236 4358 5462 
f 7038 5288 9558 
f 1611 1477 1606 
f 9099 11834 8644 
f 3010 1004 1630 
f 6924 4656 9380 
f 5898 9194 5672 
f 4790 12492 3252 
f 2430 10428 10904 
f 9421 5618 5594 
f 8485 6441 10730 
f 139 7895 4361 
f 2073 2251 2572 
f 6290 2128 11348 
f 7529 2830 4324 
f 5952 4779 3252 
f 9774 9416 6626 
f 9210 1928 7909 
f 2467 11231 12457 
f 4987 5534 4492 
f 873 7043 12489 
f 1181 12379 1749 
f 3070 8985 7549 
f 5705 11879 3298 
f 2849 10123 2228 
f 4835 2175 8408 
f 358 7936 11874 
f 10819 11557 10832 
f 3767 8502 11946 
f 934 5863 78 
f 174 8488 5952 
f 6998 5566 12159 
f 10608 2580 9478 
f 12267 3524 546 
f 12197 1098 4950 
f 11669 10166 5045 
f 8920 1370 4864 
f 3298 2481 5705 
f 1817 8488 10776 
f 10209 8018 2917 
f 1964 2760 2505 
f 3973 3119 3041 
f 7453 2737 7758 
f 8375 7894 8876 
f 12159 6650 1541 
f 1021 8476 10610 
f 8533 7142 10468 
f 9366 12033 10525 
f 338 2798 1801 
f 76 4576 10644 
f 7888 3125 9722 
f 8488 1817 5952 
f 9893 5558 5995 
f 11083 5552 10768 
f 5900 11269 3116 
f 5668 9995 5684 
f 5919 1047 8240 
f 4623 4826 4833 
f 1492 1487 1611 
f 12204 1650 11801 
f 5205 1317 4119 
f 11281 1602 4678 
f 266 5684 9995 
f 10458 12009 10005 
f 1884 1790 1116 
f 1980 3934 10174 
f 1865 1662 2094 
f 1501 11416 12402 
f 8693 8999 9573 
f 5359 4541 379 
f 11664 2923 1360 
f 2468 1875 2638 
f 5100 10563 96 
f 7943 3247 9700 
f 1369 1215 9745 
f 381 12083 9850 
f 9031 8925 4541 
f 11309 7316 11846 
f 3112 9643 85 
f 9765 6286 697 
f 9112 1072 8807 
f 4273 5463 8376 
f 3960 11922 3608 
f 916 7033 5612 
f 11481 5892 602 
f 5488 1438 3997 
f 545 3206 6692 
f 7376 3645 10178 
f 8031 2498 8915 
f 3112 2754 897 
f 8174 963 6832 
f 9540 9535 8679 
f 2171 11934 2109 
f 4867 6730 4549 
f 10284 5118 5130 
f 9343 7565 2529 
f 10937 7186 9554 
f 1353 8265 11032 
f 6674 9174 3128 
f 8174 7623 8121 
f 2754 2049 897 
f 12264 9481 10248 
f 10529 301 6093 
f 8815 9087 9086 
f 6847 25 11146 
f 5957 8995 7166 
f 3860 4066 3654 
f 4939 155 229 
f 2538 544 3556 
f 11269 1128 3672 
f 11280 2578 12285 
f 5985 6943 479 
f 3977 5330 11545 
f 9070 10196 4975 
f 8297 11709 1818 
f 2007 11507 1304 
f 9350 12287 700 
f 8762 5899 2509 
f 3148 7783 9471 
f 11224 8992 3312 
f 6930 2128 6290 
f 8516 4376 9152 
f 55 64 18 
f 5165 2162 5352 
f 4246 12095 5221 
f 7781 12043 6469 
f 8575 12388 9395 
f 5125 8806 3811 
f 9395 12388 11138 
f 544 766 975 
f 8220 850 260 
f 11086 10391 10382 
f 10771 8579 4049 
f 3527 3336 8925 
f 9231 10326 998 
f 3431 4104 2764 
f 1497 8024 9860 
f 8896 1348 1033 
f 10652 9910 11790 
f 6223 10863 9230 
f 1318 3684 1112 
f 7952 3119 12058 
f 7991 7403 7427 
f 1241 1133 1124 
f 2196 1246 1736 
f 5864 7944 955 
f 7339 146 8843 
f 918 10979 10594 
f 6926 9880 9751 
f 8904 8025 8494 
f 3842 1705 4531 
f 1867 12327 5978 
f 4853 4787 8522 
f 345 5572 2006 
f 11026 11015 10972 
f 11111 11229 6529 
f 2557 3538 3752 
f 8357 2696 4786 
f 4376 645 5312 
f 6171 4863 5960 
f 9951 2348 6301 
f 395 2615 4064 
f 11602 2795 7282 
f 10209 6836 8018 
f 6972 4558 3612 
f 449 3793 10528 
f 4719 1782 8671 
f 4310 11351 10518 
f 11904 11883 10406 
f 8437 11549 9677 
f 5142 4647 6557 
f 477 10928 2995 
f 9778 10956 4465 
f 4324 3633 3242 
f 6766 8462 8733 
f 3083 4500 10967 
f 4477 10656 8365 
f 5352 10219 2663 
f 3751 4584 8059 
f 1690 2406 4020 
f 3654 4066 3863 
f 4364 5548 4399 
f 2919 10755 10743 
f 5645 2134 8268 
f 5538 12164 11859 
f 101 11910 2984 
f 6995 7007 11791 
f 7559 10362 3685 
f 6827 7312 6167 
f 5717 1416 2939 
f 2465 11588 12395 
f 10346 7246 6781 
f 2612 2192 1999 
f 4997 9029 5609 
f 3206 5095 4843 
f 10807 1615 4123 
f 980 1116 1465 
f 3204 1764 7182 
f 6097 5152 6077 
f 6518 9659 10825 
f 5717 11618 1382 
f 11618 9155 1382 
f 6940 4760 5878 
f 5102 1684 10067 
f 10793 3091 12355 
f 4002 11016 3242 
f 4292 5263 11810 
f 952 6773 8589 
f 10674 10484 2776 
f 12042 2287 3824 
f 7352 8186 7639 
f 9920 4663 10907 
f 2379 8562 11274 
f 1106 689 11561 
f 63 132 167 
f 5151 229 707 
f 5765 11870 7322 
f 2555 2364 8780 
f 11442 11089 10389 
f 1751 3658 9921 
f 3140 7781 12114 
f 9493 9737 8682 
f 2365 2709 2885 
f 4044 12339 4328 
f 12355 7786 5829 
f 1340 5566 8473 
f 9461 2940 12013 
f 8940 8341 4067 
f 6016 745 6560 
f 10032 7151 3094 
f 10353 1901 5011 
f 6436 7999 8210 
f 11606 7692 2018 
f 1142 12018 9670 
f 6095 3826 7664 
f 3372 3415 9254 
f 8074 1627 10670 
f 2384 206 11029 
f 7817 8921 10514 
f 279 2495 7164 
f 8420 1062 4171 
f 388 6406 6599 
f 8420 9523 1732 
f 6244 2977 2742 
f 6385 5484 5968 
f 4171 9523 8420 
f 5527 4159 2870 
f 8222 8826 8226 
f 2048 2024 7086 
f 10048 3923 7453 
f 4684 7017 3466 
f 10973 6963 10668 
f 9444 7308 11631 
f 5252 3574 2170 
f 1594 3377 11300 
f 9625 9829 11611 
f 12495 9757 5497 
f 2205 11053 2191 
f 10729 6356 1345 
f 9498 6957 2616 
f 9012 602 1149 
f 3311 4788 11416 
f 7267 6223 477 
f 75 12155 10725 
f 1705 4197 3732 
f 8014 3238 4825 
f 7510 10032 11420 
f 1097 9088 201 
f 9238 7219 10626 
f 4873 2900 5859 
f 10036 12350 9104 
f 11570 4339 6310 
f 2066 1682 2005 
f 9935 1556 1379 
f 9888 10635 9882 
f 7637 8332 7230 
f 11420 10032 7982 
f 12264 6113 8888 
f 9189 11326 2581 
f 3657 9800 11392 
f 3273 8912 4644 
f 8683 1051 1193 
f 5727 6417 12103 
f 5915 12365 10938 
f 4539 3300 1066 
f 3670 12411 1342 
f 916 2509 7033 
f 3248 10946 521 
f 889 8680 5250 
f 2965 5630 8091 
f 5495 5056 1413 
f 11378 10623 10992 
f 11836 11078 563 
f 2068 10071 6331 
f 2477 8154 1863 
f 6119 8286 6182 
f 91 2899 5320 
f 10998 11784 929 
f 6819 9160 10488 
f 7181 8784 7927 
f 2197 4127 3600 
f 10110 5896 70 
f 11807 5115 4755 
f 3197 1890 1023 
f 6392 5335 1907 
f 9013 10275 4506 
f 9673 1460 3380 
f 4909 105 10836 
f 7064 5336 5344 
f 7421 4127 2197 
f 8161 2494 6173 
f 12278 12335 4373 
f 2048 7086 2670 
f 11589 4184 11853 
f 1938 879 7793 
f 2265 2335 5826 
f 10502 5806 4571 
f 4177 8059 4082 
f 11406 9187 4102 
f 9616 10344 9624 
f 7818 10549 10387 
f 6093 8361 3009 
f 5059 9280 11729 
f 12412 713 2131 
f 2719 8201 8024 
f 1299 4511 4682 
f 406 263 199 
f 2237 9965 11864 
f 10136 9349 2886 
f 11830 986 5441 
f 8019 8300 12076 
f 6676 11004 3212 
f 2167 11194 3006 
f 2062 2404 2248 
f 1399 110 10077 
f 10655 110 6461 
f 1857 7930 9720 
f 1099 10051 8507 
f 9969 10253 9007 
f 10129 4793 7161 
f 9256 9214 8487 
f 9211 11294 601 
f 299 9415 1734 
f 3192 10315 5323 
f 7265 1399 9661 
f 9083 7124 1285 
f 5578 5759 5973 
f 2637 7324 5858 
f 8038 7481 7223 
f 496 12150 370 
f 9427 2091 98 
f 1119 2631 7456 
f 4758 7134 6639 
f 8815 9086 8509 
f 9 4080 2650 
f 2346 4214 10495 
f 7913 5426 9185 
f 2506 5132 2642 
f 4823 8080 10800 
f 9935 10079 7820 
f 8414 618 1014 
f 1700 8848 9171 
f 1190 3176 7697 
f 8874 8131 3936 
f 2645 2134 5645 
f 8920 5253 12077 
f 2084 2506 2642 
f 10694 12405 10398 
f 9229 1973 3952 
f 5963 2376 9764 
f 9233 2747 10524 
f 809 516 954 
f 12036 1795 235 
f 11186 12038 9878 
f 3660 3375 8285 
f 2708 9939 2281 
f 3793 4931 5167 
f 10123 6166 10443 
f 12184 2863 6987 
f 6122 4443 11105 
f 4817 11609 6754 
f 10603 1823 11695 
f 10434 10417 11136 
f 7222 4070 7314 
f 1517 1394 1157 
f 7654 3623 1470 
f 8136 9599 8720 
f 3851 11519 8412 
f 6299 5893 5421 
f 4729 4725 5410 
f 11397 8970 2306 
f 2056 8541 8130 
f 889 5053 8680 
f 509 584 6189 
f 9120 10050 10413 
f 4781 9511 9702 
f 9695 5132 2506 
f 4113 6471 8692 
f 9665 9365 10020 
f 7297 7283 7037 
f 3486 11446 276 
f 1861 5096 5742 
f 9309 1260 5556 
f 12153 5532 3886 
f 7446 11683 6895 
f 4158 2997 2697 
f 10944 11941 1478 
f 2530 8323 5198 
f 2581 689 9189 
f 11244 462 597 
f 9253 10433 4773 
f 12313 3442 10727 
f 644 11345 3631 
f 12357 5726 5917 
f 360 11830 8248 
f 11296 7635 2549 
f 11401 3607 10469 
f 6847 9407 25 
f 5095 3206 7091 
f 4741 9330 1668 
f 9662 31 5435 
f 1247 4418 12155 
f 2577 5637 10390 
f 2526 6457 5347 
f 10492 4203 3333 
f 4530 8392 5955 
f 1232 10517 7758 
f 11953 9536 160 
f 6239 6696 6454 
f 2996 3172 7110 
f 1507 6169 2570 
f 1061 3462 8230 
f 8072 840 6196 
f 1514 6209 3959 
f 9125 10075 8244 
f 2510 2321 10953 
f 12310 7125 11174 
f 4156 8524 10459 
f 79 5629 12091 
f 9891 6951 10260 
f 9413 4546 4733 
f 1668 11756 12025 
f 12126 12106 896 
f 2301 11911 6398 
f 11493 2914 2921 
f 6353 9682 12384 
f 9922 7893 11726 
f 12012 7867 7513 
f 11147 11949 11950 
f 10132 7348 754 
f 12466 6043 3745 
f 2998 7619 1758 
f 3541 5434 12221 
f 3240 9072 9877 
f 7839 11849 7624 
f 9575 3504 5910 
f 2470 5173 7111 
f 406 847 773 
f 4853 1820 11688 
f 2245 2393 3030 
f 2374 1153 5006 
f 11569 11317 3535 
f 9247 453 10887 
f 7498 9191 8907 
f 8274 1538 4570 
f 6898 6139 8969 
f 12214 770 6418 
f 10309 1822 6125 
f 1735 5584 12481 
f 6304 9481 9406 
f 10741 9693 1050 
f 8760 5047 7485 
f 9932 4491 3044 
f 10539 1385 542 
f 11549 1341 1401 
f 9623 12272 7638 
f 9841 9827 10223 
f 7826 6949 4133 
f 4220 8377 12248 
f 4546 2599 4733 
f 5840 3357 224 
f 1630 1951 9676 
f 6467 6614 6393 
f 11965 7528 8527 
f 12155 4418 9425 
f 477 6913 10928 
f 2508 9290 2187 
f 1413 1972 3493 
f 6203 2631 11528 
f 2248 2251 1946 
f 5522 4258 9001 
f 2187 2152 2453 
f 8998 3709 11089 
f 2470 552 11071 
f 3275 9408 4730 
f 9018 194 7570 
f 3263 2887 5164 
f 6624 7454 795 
f 2453 6365 10565 
f 7595 11948 6602 
f 9195 9792 9790 
f 10565 11713 5620 
f 4236 5029 4403 
f 3085 5964 11352 
f 1022 5079 12488 
f 5462 5478 5236 
f 4413 8762 8281 
f 11048 9561 9591 
f 3380 10775 10956 
f 8942 285 4404 
f 715 5633 8064 
f 3221 187 3377 
f 8775 8186 8766 
f 88 7412 2286 
f 1936 9423 2057 
f 3270 3274 3702 
f 42 7484 5482 
f 6896 6427 6328 
f 2881 9991 9905 
f 4654 4440 3253 
f 5675 6348 12100 
f 2732 4874 11968 
f 4486 2254 1034 
f 11613 8577 6198 
f 9758 11199 3602 
f 907 483 1679 
f 10887 8264 9247 
f 6010 11686 3214 
f 3187 2989 3390 
f 534 11004 6676 
f 6340 6555 6337 
f 5275 9224 6038 
f 10262 11922 3960 
f 680 8621 715 
f 5653 1106 4278 
f 6902 9527 6385 
f 11653 9556 12495 
f 5369 6749 1305 
f 11717 8106 5215 
f 2226 9013 11998 
f 11988 4441 4460 
f 1075 4029 600 
f 2767 1692 5632 
f 4692 4349 1216 
f 4166 8431 3722 
f 6143 1567 6059 
f 2945 3625 7419 
f 2477 10343 8154 
f 6560 745 2492 
f 4286 5623 3582 
f 7801 6412 4484 
f 12413 4141 1348 
f 5908 4758 9460 
f 12353 11980 2845 
f 2603 7706 4968 
f 7213 12346 6733 
f 11241 5961 3198 
f 10511 4644 3369 
f 10363 4707 7175 
f 8953 846 631 
f 11790 9913 10293 
f 7445 6916 9762 
f 9251 3508 11332 
f 10159 7109 8767 
f 11979 11947 9294 
f 7423 3324 5364 
f 3040 10949 7226 
f 3001 3833 3640 
f 7742 7055 8953 
f 12110 2252 5804 
f 6335 12477 11536 
f 834 9898 5016 
f 12171 1503 12089 
f 12232 7098 5888 
f 5475 11858 1182 
f 2127 4966 3683 
f 8804 2020 11791 
f 6583 11388 10720 
f 2587 2961 2585 
f 8237 8844 8846 
f 2328 7768 1945 
f 7081 4713 1677 
f 7536 6650 2460 
f 11364 5263 9390 
f 5109 12254 109 
f 5822 10115 9446 
f 5594 5618 8460 
f 2467 3196 12351 
f 9729 122 5276 
f 2933 1619 5754 
f 10380 8809 8768 
f 3992 3954 4957 
f 4384 11900 10869 
f 5272 4807 4594 
f 4599 2704 5028 
f 11562 578 2877 
f 9161 6865 8443 
f 12177 2099 6484 
f 11628 12447 6191 
f 484 4650 1175 
f 11771 298 9639 
f 5444 1559 6458 
f 876 437 508 
f 1088 10530 3562 
f 9057 1372 7615 
f 10519 10977 5364 
f 6780 6782 6784 
f 10837 12088 1916 
f 5975 4180 2448 
f 5782 3479 12247 
f 4480 3165 4393 
f 1800 2318 2389 
f 5241 6224 925 
f 9954 11061 11063 
f 3165 11955 5980 
f 2911 2557 1930 
f 7421 9731 11907 
f 7789 6050 9499 
f 11921 486 5692 
f 1742 1737 1831 
f 3995 4193 3376 
f 5455 26 9579 
f 9265 8699 9565 
f 1629 1199 12354 
f 4475 5387 3312 
f 8685 6546 2450 
f 5349 10720 7389 
f 5727 5636 6417 
f 990 1837 5540 
f 5889 7720 7509 
f 12094 11786 5664 
f 6193 6467 6393 
f 4164 9177 3728 
f 615 10291 3570 
f 2944 9552 2340 
f 4259 9492 6 
f 10344 11468 10726 
f 12123 7027 4653 
f 11686 5024 8488 
f 3200 1273 4434 
f 1777 12140 6534 
f 3927 7256 679 
f 6833 11275 8791 
f 2315 107 10909 
f 7028 7742 11791 
f 8612 8610 9959 
f 9792 9802 11246 
f 5872 9306 2548 
f 5740 16 7507 
f 6478 9582 7288 
f 11122 10665 11019 
f 8224 10218 2445 
f 8315 6641 10858 
f 1671 5828 6498 
f 8749 4202 10974 
f 11009 2262 307 
f 296 586 516 
f 5465 7393 268 
f 1165 9063 9617 
f 9256 8487 4936 
f 1797 2177 2157 
f 10169 4247 9196 
f 5653 6840 3462 
f 10710 8881 447 
f 10677 9267 10672 
f 2383 5975 9598 
f 5035 4369 11701 
f 6670 7372 7128 
f 3610 10982 7875 
f 6331 11652 12086 
f 184 11418 3279 
f 392 314 831 
f 6777 3322 8400 
f 6981 1427 12134 
f 224 3357 3685 
f 3771 4943 3567 
f 10532 506 2915 
f 8554 12437 856 
f 7202 135 11109 
f 11048 12486 5381 
f 12356 12101 4036 
f 3114 8835 12472 
f 1445 6023 7590 
f 8073 1878 3963 
f 12408 12423 6683 
f 1482 5604 9862 
f 235 11444 12036 
f 8276 369 9129 
f 6366 4420 327 
f 5323 10994 3598 
f 8205 7646 4753 
f 4886 11867 6138 
f 4370 1609 4917 
f 1518 7682 10416 
f 8203 2089 8859 
f 8142 5256 10160 
f 9429 6744 3802 
f 11058 4254 10976 
f 11804 3394 10420 
f 1291 12163 3245 
f 2955 1281 7441 
f 319 9997 10180 
f 7885 2435 10676 
f 404 551 334 
f 11531 6383 2455 
f 2825 3759 12142 
f 10975 7514 5738 
f 938 8622 3022 
f 7927 7144 7181 
f 10241 8246 1005 
f 3282 7885 51 
f 9430 9435 10113 
f 10904 4926 625 
f 7279 10220 9977 
f 11392 7860 9175 
f 6245 8518 6305 
f 2594 2620 4013 
f 12485 5338 6025 
f 9343 3985 7565 
f 10783 2016 10485 
f 6481 2753 11813 
f 6763 11701 9621 
f 1269 10180 9997 
f 4752 5449 5440 
f 205 4864 9327 
f 7885 10676 5927 
f 6472 9682 6353 
f 6195 9875 10574 
f 8828 10076 10055 
f 1580 6776 10916 
f 11189 8732 2493 
f 4786 4977 7513 
f 10148 8034 9183 
f 6975 9831 9918 
f 10511 10251 8078 
f 8525 211 7880 
f 3335 4180 7501 
f 12451 7129 9917 
f 11804 3712 2206 
f 6857 9553 2309 
f 6416 6833 1733 
f 9894 395 8591 
f 5409 5420 4717 
f 12383 5188 11691 
f 739 9553 4093 
f 3515 6667 5108 
f 8743 8012 546 
f 2307 10452 12185 
f 2151 2455 6383 
f 4732 5650 5649 
f 9017 1337 436 
f 1004 7384 1951 
f 9017 459 1337 
f 6573 3738 8942 
f 4702 3631 162 
f 78 5863 2199 
f 9603 7047 4251 
f 6612 7858 6827 
f 966 1130 10267 
f 4395 4234 3423 
f 11293 11699 4048 
f 5467 4770 4040 
f 7322 9620 7361 
f 5160 6651 6215 
f 11025 1612 3388 
f 1446 10885 4672 
f 73 10432 221 
f 1908 1702 1903 
f 4770 5467 581 
f 257 6537 3905 
f 7088 6201 9576 
f 6033 1018 1730 
f 11920 10298 4244 
f 10866 6334 12401 
f 5611 11020 12142 
f 7942 6272 8801 
f 3633 7333 10577 
f 6922 8001 7451 
f 10154 3872 10398 
f 3525 3809 3197 
f 9844 11997 8212 
f 7891 3125 7888 
f 904 8265 10407 
f 254 5804 7506 
f 11902 10901 2447 
f 10239 1272 487 
f 12389 10396 4956 
f 44 8585 922 
f 3006 12116 1032 
f 12105 12182 5239 
f 5493 11527 3172 
f 6099 6096 5690 
f 9107 11738 1933 
f 4628 11109 9732 
f 2062 1946 1742 
f 10763 10440 7876 
f 619 11591 539 
f 1886 1884 1113 
f 7338 10326 9231 
f 10987 10620 10615 
f 3866 6086 8706 
f 1363 388 11583 
f 6748 5399 3316 
f 3840 11492 6596 
f 7920 6944 10657 
f 8197 3346 11691 
f 10893 6635 3109 
f 5338 11513 636 
f 4077 11907 6520 
f 7454 12049 795 
f 5443 5853 5857 
f 8357 8314 2696 
f 6702 2465 8035 
f 983 1063 6293 
f 9512 8478 7591 
f 53 5570 10737 
f 1623 5608 11467 
f 2358 9611 9840 
f 4807 5272 5504 
f 2686 5505 10513 
f 3198 1929 4293 
f 12052 12467 8659 
f 12432 1073 3211 
f 12154 5458 11769 
f 5469 11697 2560 
f 12484 8373 11865 
f 9578 7749 10096 
f 6982 10619 5682 
f 1949 1920 7744 
f 4763 9831 11034 
f 11966 9950 2354 
f 513 2136 2023 
f 6836 7691 5136 
f 7947 8546 6252 
f 4897 9253 8808 
f 9118 9138 9400 
f 7936 868 6048 
f 6981 6219 1427 
f 7876 1135 5543 
f 3072 6846 10330 
f 4707 2580 5145 
f 10077 11991 11491 
f 1771 6426 788 
f 3382 544 2538 
f 9497 1080 8998 
f 3076 9139 3421 
f 2601 2839 7649 
f 7717 9277 10708 
f 1326 5280 856 
f 2613 830 6926 
f 8388 8374 8694 
f 9096 8689 2417 
f 5959 6176 5753 
f 6666 5064 6921 
f 3095 7655 3313 
f 8113 3501 7683 
f 9924 4367 11488 
f 32 10944 10614 
f 1019 4619 985 
f 10549 7818 11113 
f 12001 6615 7343 
f 883 11720 2093 
f 10291 175 3570 
f 4487 2335 787 
f 5785 10095 6656 
f 3735 2646 7359 
f 2536 7058 607 
f 2797 1656 8181 
f 3992 4957 10578 
f 821 12227 500 
f 11110 3067 8144 
f 4523 10097 9716 
f 6593 5231 4478 
f 172 12428 11508 
f 8611 3731 7068 
f 8520 3785 8685 
f 9773 5304 6269 
f 1145 9768 10537 
f 11624 11493 2921 
f 4498 7503 3584 
f 11735 6265 10000 
f 2008 8937 3686 
f 11842 10083 2040 
f 3862 9358 9055 
f 5939 1678 9671 
f 1744 7274 3699 
f 8979 7627 11833 
f 1308 6946 7798 
f 5990 12420 5413 
f 3975 1076 9554 
f 3925 5069 877 
f 3102 9042 11432 
f 232 7970 4329 
f 10083 10359 1280 
f 8320 12191 8912 
f 2096 1865 2094 
f 10161 9968 6854 
f 8655 9468 12398 
f 6326 5700 5504 
f 9121 2716 7053 
f 2652 7310 11470 
f 10407 7740 11474 
f 6758 1733 2494 
f 9814 7102 9852 
f 4329 7970 3310 
f 12463 1760 4709 
f 12371 11814 1706 
f 5978 7420 4835 
f 9041 8573 11196 
f 6825 8206 6083 
f 5100 7740 10563 
f 4644 3679 1249 
f 8601 5722 7872 
f 7721 6420 7446 
f 11475 8634 7597 
f 8317 7126 4516 
f 9514 11908 3651 
f 3829 4984 6182 
f 7149 5521 27 
f 544 3382 3505 
f 1353 10737 10563 
f 11776 2336 11417 
f 10372 7118 10292 
f 10686 9256 10011 
f 11658 4670 864 
f 7611 9369 14 
f 10035 12329 10412 
f 9388 6225 11065 
f 6917 4690 12360 
f 4496 2229 9489 
f 6920 3497 11438 
f 331 5277 3800 
f 1469 9544 6675 
f 1497 9669 8024 
f 4597 7369 4792 
f 2605 7276 6848 
f 4612 10916 7583 
f 7444 428 7030 
f 12090 10901 12218 
f 2672 11877 4096 
f 11603 12414 12416 
f 12146 12144 11746 
f 5683 6737 5894 
f 7535 7797 8359 
f 12136 7764 3687 
f 817 737 6747 
f 633 7829 5042 
f 6715 11976 10847 
f 6285 9486 6488 
f 2339 9845 11437 
f 6152 4850 4638 
f 5607 3934 1980 
f 1706 308 6688 
f 149 3126 4791 
f 8591 10754 8392 
f 1452 2903 11663 
f 4855 1358 9783 
f 4374 4344 9684 
f 8304 1049 3625 
f 10040 10693 5589 
f 4658 4863 4272 
f 2022 2948 4259 
f 1864 2086 8227 
f 5267 8589 2149 
f 2787 701 10609 
f 942 12301 3519 
f 407 8075 1653 
f 3655 12476 3021 
f 6317 2541 9593 
f 10499 10125 10496 
f 144 10100 1483 
f 12352 3054 9557 
f 7737 8307 7473 
f 7641 9544 11643 
f 5890 6556 12343 
f 7415 9303 12207 
f 5487 3238 5313 
f 4502 8252 1942 
f 1225 11205 6300 
f 2414 383 5398 
f 10306 9270 9003 
f 2938 1806 8126 
f 9636 3919 4225 
f 11205 1225 2906 
f 6962 12120 8834 
f 11142 12309 2021 
f 12409 2551 11994 
f 11534 12350 9333 
f 9763 2154 4537 
f 5130 12088 10837 
f 8874 2405 11641 
f 788 1976 3387 
f 2766 7770 7760 
f 7717 1077 9277 
f 12136 3687 6285 
f 5738 2582 5382 
f 6709 7209 10924 
f 2286 7412 10213 
f 1387 10765 7165 
f 12207 11768 8554 
f 5303 9272 5596 
f 2946 779 4973 
f 2972 12331 3668 
f 1619 2933 3342 
f 6231 11694 4109 
f 11358 11205 7553 
f 3512 2595 4740 
f 1383 5615 595 
f 3498 9677 11054 
f 1870 11798 11667 
f 10084 3083 10967 
f 3111 11348 5465 
f 7546 8676 8374 
f 1860 1682 8492 
f 6343 8104 7299 
f 4590 12098 5631 
f 2416 1953 1960 
f 5852 3923 10048 
f 10718 915 5052 
f 8028 5383 2471 
f 3423 2463 2810 
f 12445 6072 7190 
f 5764 10339 9075 
f 11358 3816 5034 
f 10934 8592 5387 
f 1678 11703 6771 
f 7092 12245 10575 
f 7697 2167 3746 
f 9101 1977 5422 
f 12007 2296 10299 
f 5686 685 12275 
f 11322 6630 4986 
f 2483 946 9656 
f 7046 9056 325 
f 12098 2376 5631 
f 39 9607 11240 
f 4760 9425 4418 
f 5622 7634 3349 
f 9530 2566 4986 
f 7550 2152 2187 
f 2199 5845 8651 
f 12493 7901 2281 
f 10079 8637 7820 
f 7845 4116 119 
f 12146 5334 550 
f 5147 6267 10200 
f 998 9610 9025 
f 10303 9901 9562 
f 5354 2183 11884 
f 4252 10742 12466 
f 9775 2630 4751 
f 1513 10414 3068 
f 11412 3885 297 
f 10079 9935 1379 
f 1320 12014 5116 
f 7502 8325 7498 
f 9573 9244 8693 
f 3346 11077 10371 
f 1528 3692 7523 
f 10810 12300 11369 
f 5730 11651 12371 
f 7675 4216 1993 
f 843 11509 7234 
f 949 1691 12453 
f 11810 3124 2854 
f 1089 8599 7259 
f 1531 10873 7953 
f 8675 12157 11212 
f 8244 8550 9125 
f 6343 11985 8104 
f 7974 7635 11296 
f 1791 5602 5668 
f 6407 4545 6688 
f 12245 9874 9569 
f 11728 234 3406 
f 7708 10692 10543 
f 4282 4675 3492 
f 9080 4635 7854 
f 5309 10171 5839 
f 5000 2659 12415 
f 3146 4212 5122 
f 1392 11282 4153 
f 1069 6092 4578 
f 12035 12433 9070 
f 10480 1583 6948 
f 3594 8836 2423 
f 604 7600 5227 
f 3420 8726 3488 
f 10097 6022 3116 
f 5347 11014 2526 
f 5839 11626 5309 
f 7733 8840 7249 
f 1056 1020 928 
f 5356 4471 5146 
f 732 11022 7022 
f 7245 8006 11177 
f 1368 1329 9124 
f 6466 6246 5831 
f 445 9122 10319 
f 11995 5562 9734 
f 11314 11005 2260 
f 2230 11591 391 
f 9587 9014 9590 
f 9732 3281 5227 
f 11510 7847 2181 
f 7246 7798 1593 
f 6539 5982 1515 
f 5114 5333 5759 
f 1449 6342 2544 
f 9371 2345 11035 
f 2237 10201 7751 
f 4156 10459 5882 
f 7107 6862 7352 
f 929 5416 8117 
f 7690 8198 8217 
f 227 12418 4883 
f 10107 2007 10352 
f 2916 5664 2932 
f 1954 826 6283 
f 90 400 10504 
f 11261 8900 11597 
f 2534 2901 1814 
f 9072 10330 6846 
f 9303 2565 4961 
f 5810 9666 4387 
f 6888 8545 1669 
f 11827 8153 444 
f 3046 5547 6194 
f 11278 8837 4050 
f 5288 1686 5121 
f 6652 1669 3221 
f 9371 1669 6652 
f 4332 2356 9824 
f 2359 9974 1412 
f 3948 9824 2356 
f 12273 10649 1839 
f 1339 1330 1347 
f 6855 5423 11114 
f 7720 7810 7410 
f 11473 7833 4153 
f 5412 4248 10698 
f 3451 6084 5516 
f 6962 8834 4519 
f 2264 6570 3906 
f 5632 1708 3622 
f 5950 12102 10843 
f 6826 7798 7246 
f 4530 566 3384 
f 7537 1061 8230 
f 9109 5070 5619 
f 2052 6888 8435 
f 2835 11058 1774 
f 10090 10772 3937 
f 6175 10130 7644 
f 7078 7070 8454 
f 6177 4658 5970 
f 1314 1758 5909 
f 4957 638 10578 
f 652 8523 2883 
f 2950 3500 5368 
f 6176 6378 7051 
f 9210 10460 4144 
f 12251 10071 2068 
f 1374 1263 703 
f 1156 3544 9124 
f 2630 12190 972 
f 9124 1329 1156 
f 1433 9591 8958 
f 8858 8346 1850 
f 1861 5838 2498 
f 1065 223 641 
f 2507 3491 5271 
f 8427 11059 6379 
f 9377 2752 4207 
f 2485 2764 4104 
f 3144 9395 5314 
f 2641 3229 2828 
f 2202 3915 8236 
f 9386 3927 679 
f 8325 9195 9191 
f 9392 3188 9099 
f 12460 2968 10198 
f 7659 6379 2234 
f 3437 2090 8973 
f 12467 8555 9439 
f 8241 5473 8665 
f 1799 1371 1813 
f 767 2681 3851 
f 1610 10556 5250 
f 11578 4588 4337 
f 7627 8971 10366 
f 5730 7726 6777 
f 3484 2037 2001 
f 47 3586 10087 
f 11160 5445 7036 
f 5491 7618 7566 
f 198 10018 8997 
f 125 2052 5436 
f 47 5436 3586 
f 677 166 5923 
f 125 5436 4848 
f 8229 7146 8796 
f 7093 1959 6184 
f 1024 9085 4161 
f 5117 11408 9376 
f 8934 3360 9090 
f 3674 2229 77 
f 2482 5524 5512 
f 719 2491 5077 
f 1506 3958 1693 
f 3920 4817 6754 
f 5182 11770 6628 
f 2834 2879 11906 
f 5709 6404 8250 
f 7369 11245 7599 
f 7942 8286 9065 
f 47 4848 5436 
f 8618 7498 8907 
f 5389 10130 6175 
f 8369 819 2194 
f 10130 7849 1141 
f 9826 6360 5170 
f 10531 11960 7723 
f 1920 11565 5308 
f 12298 6541 11490 
f 8782 2616 6227 
f 12243 2022 9133 
f 9397 488 4276 
f 10059 7327 4244 
f 9212 759 7445 
f 387 1009 11889 
f 9887 6075 6474 
f 8162 8737 9624 
f 8746 1841 12143 
f 10290 7039 961 
f 9587 10687 9933 
f 1593 7798 10056 
f 4484 192 7801 
f 1555 8078 10251 
f 10118 10072 926 
f 12011 8093 3560 
f 11651 5730 9995 
f 8130 8187 2056 
f 3991 9651 4670 
f 10344 11456 11468 
f 1058 637 858 
f 5248 4395 5245 
f 8019 12076 8048 
f 8019 8048 10829 
f 6928 12193 5781 
f 9236 1245 6242 
f 2388 8255 1546 
f 703 7 2526 
f 7244 8777 10838 
f 391 5574 2230 
f 9953 9300 8160 
f 6645 9971 6240 
f 1634 11578 1472 
f 8172 6739 2661 
f 917 1113 1116 
f 12480 3516 11550 
f 2099 1984 6484 
f 9145 7727 8873 
f 9573 10667 9244 
f 6633 2624 1909 
f 6257 5380 1771 
f 8218 7945 8239 
f 2780 529 12497 
f 8582 489 452 
f 11773 2592 10838 
f 3370 11628 9634 
f 8103 5502 6805 
f 9145 8580 7727 
f 6260 11335 275 
f 2663 10219 12231 
f 12393 6386 6250 
f 2940 11696 1046 
f 10862 4312 9027 
f 10265 192 4484 
f 5226 8242 1918 
f 427 8572 7595 
f 1121 4596 3807 
f 11405 8721 10422 
f 12365 10188 10938 
f 6386 8123 6250 
f 7743 5512 8110 
f 3070 7549 9858 
f 1521 1584 322 
f 956 2645 5645 
f 11182 8778 7114 
f 3487 5802 11732 
f 3705 5658 4991 
f 8040 8616 7217 
f 8875 12393 9873 
f 9818 10839 9760 
f 2175 3392 8408 
f 3327 7656 8856 
f 1705 5172 4531 
f 6167 4877 5758 
f 3389 8202 8803 
f 1241 1599 1233 
f 3487 8875 2804 
f 2804 5802 3487 
f 1478 11941 1590 
f 2804 8875 9873 
f 7514 10975 9949 
f 6522 5258 10451 
f 8722 9274 474 
f 10693 11181 3552 
f 1774 1660 6281 
f 10098 10113 10847 
f 4537 1621 6001 
f 5919 2472 1047 
f 9070 4975 11779 
f 12130 11260 9772 
f 10172 3157 4016 
f 10397 8061 4462 
f 1307 4045 8579 
f 8713 2013 11901 
f 11321 2184 4705 
f 11321 9227 2184 
f 9751 2198 4284 
f 535 8584 2697 
f 12383 3346 742 
f 11855 4184 8223 
f 4517 7898 8407 
f 1404 6303 1285 
f 12108 5 7548 
f 3042 3033 3863 
f 2370 7830 851 
f 6647 11087 9989 
f 6384 4146 5313 
f 7372 6425 7107 
f 12191 10271 7329 
f 10744 2532 8344 
f 9907 10233 4685 
f 7117 1727 4426 
f 7406 2301 1041 
f 5644 5649 6254 
f 10444 425 10505 
f 10920 5011 7207 
f 7750 6098 7481 
f 1952 12392 2121 
f 3287 2777 1871 
f 5802 3549 2381 
f 9079 12201 4790 
f 2502 11784 5789 
f 7929 10339 327 
f 9779 5359 379 
f 6026 4095 7536 
f 8842 9946 8723 
f 1095 6417 1574 
f 5399 8215 1772 
f 6569 2168 3837 
f 11169 7123 7184 
f 9779 379 10853 
f 245 3536 1817 
f 1715 8644 6949 
f 11745 2925 1622 
f 11164 6781 5294 
f 2658 2644 12268 
f 4429 2515 4452 
f 9649 3248 9179 
f 11785 11695 1200 
f 6154 5175 7325 
f 6386 5573 8123 
f 8886 2178 2276 
f 1874 756 2250 
f 8089 9715 742 
f 4963 3789 11423 
f 3396 1291 2598 
f 5672 2398 5809 
f 9226 9520 8947 
f 3358 7679 2355 
f 10977 7423 5364 
f 7264 4772 7307 
f 1987 4716 1557 
f 707 229 11102 
f 8390 8371 6459 
f 314 392 253 
f 11427 1385 2117 
f 6960 10542 5818 
f 1941 2379 72 
f 2992 1099 5610 
f 6813 7573 7577 
f 9925 4467 12027 
f 9649 9179 10853 
f 4237 4133 6949 
f 815 5627 245 
f 10086 10463 4999 
f 6963 9649 3455 
f 5048 5341 8890 
f 7469 12219 9534 
f 9406 1585 2329 
f 2481 3298 1041 
f 5772 4987 4526 
f 3358 10485 2016 
f 3426 245 5627 
f 6815 4465 8041 
f 245 10776 815 
f 399 9702 9705 
f 5189 12417 10168 
f 1705 3732 6411 
f 8866 2891 906 
f 6548 11294 6528 
f 2935 1150 4810 
f 729 8773 8472 
f 353 2390 543 
f 12064 816 2820 
f 2208 8806 80 
f 10523 9464 9785 
f 1770 3458 7980 
f 7769 7785 7354 
f 479 11119 274 
f 5878 4760 10827 
f 10609 346 3443 
f 8223 9849 3348 
f 6155 8645 845 
f 8485 10730 2962 
f 4652 6433 9302 
f 2481 2305 9174 
f 9396 4203 4147 
f 9568 5304 9773 
f 2222 7274 6733 
f 7321 3469 1007 
f 5025 1980 10174 
f 3426 5627 1275 
f 9717 2023 5646 
f 3591 10898 2019 
f 11718 12168 1203 
f 10662 2140 2170 
f 584 2231 5723 
f 2481 9174 5705 
f 10389 8801 12418 
f 9028 6923 8539 
f 8523 5368 3500 
f 11998 9053 9795 
f 6651 7136 7367 
f 11031 4552 5384 
f 146 7685 2870 
f 7628 3837 2168 
f 6994 8499 8406 
f 4656 11730 10381 
f 10921 11634 10745 
f 2268 4586 2145 
f 3759 4565 985 
f 3033 3019 3863 
f 10046 6812 5322 
f 5858 888 11882 
f 7866 8039 10235 
f 8432 5674 643 
f 12144 11699 11725 
f 7416 3306 7121 
f 2788 8646 2325 
f 3581 10645 11883 
f 7163 4456 8361 
f 5686 4468 8996 
f 9176 5448 4444 
f 5831 6020 6230 
f 9174 2305 3128 
f 3594 2423 7216 
f 8193 9653 8514 
f 11562 10132 7543 
f 3386 9049 4968 
f 11700 8287 6385 
f 2754 5357 2756 
f 5379 8177 11766 
f 102 2253 1367 
f 12396 10555 11839 
f 9323 2656 8742 
f 3503 4385 2656 
f 7779 10670 3420 
f 5357 2754 3112 
f 9681 3182 10633 
f 11920 10033 10298 
f 9323 5071 10969 
f 8562 4320 4091 
f 3124 2694 2854 
f 2562 12161 9466 
f 11477 7467 3997 
f 3348 7467 11477 
f 4541 8925 4245 
f 6900 6383 3321 
f 8799 3990 1043 
f 10423 9287 12446 
f 11994 468 12409 
f 10894 10126 888 
f 2049 2754 2756 
f 3851 7934 5254 
f 11316 11319 8945 
f 3166 2961 3167 
f 10051 2625 8507 
f 4494 4143 4703 
f 8548 8226 8826 
f 11477 3997 1438 
f 3144 8575 9395 
f 12425 9813 3867 
f 9670 4360 2647 
f 4759 1097 397 
f 6773 5284 9297 
f 11074 10726 11480 
f 4643 7896 513 
f 3252 4779 11070 
f 213 5665 3334 
f 9886 9525 9884 
f 325 1305 5665 
f 10702 1688 9793 
f 1893 2355 7679 
f 8637 7794 11810 
f 2188 5745 1810 
f 8364 10729 1985 
f 5922 11080 11268 
f 5277 12214 3800 
f 9538 538 9531 
f 10061 10073 10445 
f 11253 9466 5768 
f 12494 4503 7151 
f 592 451 818 
f 4434 3484 8880 
f 11505 2370 6680 
f 7480 6126 3336 
f 1946 2073 1753 
f 7566 7618 8544 
f 7761 12012 3717 
f 3414 8152 636 
f 3963 1878 9276 
f 275 3132 347 
f 5196 8494 8025 
f 2865 9280 1417 
f 8177 1149 11766 
f 2448 3335 2039 
f 1112 2815 1318 
f 10467 4579 12030 
f 5532 8974 66 
f 1845 1710 8005 
f 4290 5336 4281 
f 9517 6494 7564 
f 4557 9390 12048 
f 4992 8330 6150 
f 2489 7758 10517 
f 2179 2525 2201 
f 11623 10527 11218 
f 10016 2988 7284 
f 2836 3459 3047 
f 8241 8665 2348 
f 3639 10951 5502 
f 9220 8657 8658 
f 7480 10514 230 
f 1599 2200 2890 
f 9384 7995 7431 
f 7931 9064 849 
f 2157 2177 2840 
f 7565 375 12370 
f 9390 767 5235 
f 2198 9751 9880 
f 3431 5326 4461 
f 2176 4617 9515 
f 3648 8076 4464 
f 8832 7913 7667 
f 10259 3387 3275 
f 7276 2605 10807 
f 8836 10441 2423 
f 6812 10046 4715 
f 10832 11557 12373 
f 1591 10374 5589 
f 3571 12062 11276 
f 10045 7425 1561 
f 64 24 18 
f 10070 6339 3585 
f 2541 3363 2987 
f 11191 5008 1286 
f 3765 11646 7158 
f 12153 12146 11746 
f 1152 11532 12171 
f 10972 5121 8819 
f 3242 3633 4356 
f 4138 2685 10443 
f 11497 8978 1652 
f 8549 1711 5517 
f 8714 10167 12386 
f 11811 1466 5698 
f 10271 10569 5447 
f 9110 5814 8949 
f 4320 9560 4006 
f 4364 6189 5548 
f 396 5613 12206 
f 2679 12085 11211 
f 7812 9393 8052 
f 6395 5973 6842 
f 4982 8735 10285 
f 1816 5638 4279 
f 7691 5306 5136 
f 5917 5726 2351 
f 9755 4641 9495 
f 9350 9511 12348 
f 9950 1106 5653 
f 1831 1828 1930 
f 7807 8087 7804 
f 3278 1553 557 
f 1553 3278 11977 
f 9501 1740 2314 
f 2557 2404 2061 
f 5860 4940 9899 
f 7640 7907 7096 
f 12089 2311 1152 
f 12047 9893 289 
f 1606 1465 1702 
f 11471 2647 5948 
f 11635 900 3873 
f 8206 8247 6083 
f 12368 12160 1967 
f 1424 11654 1254 
f 7316 2402 11846 
f 3222 11662 2497 
f 2237 7569 10201 
f 8900 11261 7718 
f 4098 6094 9568 
f 10578 638 11622 
f 9386 11022 732 
f 2714 7622 1835 
f 1731 1178 44 
f 3192 5323 7165 
f 2367 4580 5735 
f 7551 9818 9760 
f 8259 1677 9473 
f 11219 8852 10952 
f 7274 740 8740 
f 8397 10684 11711 
f 5136 12274 4454 
f 9028 10815 6923 
f 9419 2712 8631 
f 12371 11651 11814 
f 4792 7142 4597 
f 1553 9264 3013 
f 6160 10225 2853 
f 8294 9974 10548 
f 3027 1920 1949 
f 8155 1340 11132 
f 3836 4759 397 
f 594 746 591 
f 9264 1553 4847 
f 6566 7005 6561 
f 10127 10499 10490 
f 9948 923 6251 
f 786 8390 6459 
f 1206 1330 1322 
f 5868 8292 3720 
f 1906 7959 6248 
f 109 8814 6841 
f 12477 3188 9392 
f 6436 11673 7999 
f 3299 5145 2580 
f 10524 2747 10049 
f 2205 2191 8849 
f 8920 8533 8060 
f 4171 5240 11673 
f 6288 6255 6482 
f 4107 1161 3407 
f 4520 4242 10241 
f 10622 4677 10184 
f 10645 3581 8304 
f 6466 7146 7155 
f 1264 1255 931 
f 8635 3648 8456 
f 8420 7759 1062 
f 6183 5885 374 
f 3178 8899 8439 
f 10678 10431 7841 
f 9510 9870 9866 
f 4004 5594 11863 
f 5543 8759 10435 
f 8664 7823 11724 
f 3599 3879 6673 
f 3631 6311 4602 
f 4297 7529 11058 
f 10883 6515 5317 
f 7151 10032 12449 
f 3273 4644 10511 
f 5282 5272 4819 
f 2458 3110 9139 
f 1062 7759 5240 
f 6402 7634 8274 
f 6230 6679 7146 
f 3964 7277 3135 
f 11455 8534 12384 
f 6766 12232 5170 
f 6505 9438 12247 
f 6811 10935 1019 
f 3846 1400 3605 
f 12049 7454 5670 
f 7299 10820 3188 
f 8121 2785 3518 
f 4185 4348 4736 
f 5610 1099 8399 
f 5675 11006 9379 
f 2985 2989 3187 
f 3641 8013 3700 
f 6015 1693 3363 
f 7683 10787 303 
f 1207 3074 6426 
f 8305 8393 8029 
f 10834 7510 11420 
f 9009 2867 5143 
f 8460 7615 1372 
f 976 2583 3473 
f 2342 538 11698 
f 10591 10801 6997 
f 3244 9342 6913 
f 2528 280 7376 
f 1487 987 932 
f 1380 2542 9129 
f 7173 611 2274 
f 6318 2917 11285 
f 11098 3754 580 
f 7617 6861 8765 
f 2685 10123 10443 
f 6894 8341 2252 
f 6894 4067 8341 
f 7570 7931 9204 
f 5939 11703 1678 
f 7738 7460 8598 
f 1034 2254 11423 
f 1991 4659 11393 
f 673 7404 7741 
f 9959 7595 6602 
f 3565 3152 2943 
f 3393 3191 3187 
f 70 2274 3912 
f 322 666 11389 
f 9411 10419 10531 
f 1294 5459 6470 
f 8239 9100 9687 
f 10110 70 1858 
f 425 10444 8094 
f 8845 10375 10628 
f 658 2895 3194 
f 12247 9438 8425 
f 5039 11950 11714 
f 7375 7372 7368 
f 5846 5780 6565 
f 10110 1858 2900 
f 11428 8133 11637 
f 10136 185 9349 
f 6470 5459 11230 
f 3500 2950 9703 
f 3856 2142 11565 
f 2319 10504 400 
f 4847 7279 9264 
f 5151 4939 229 
f 4226 8928 10311 
f 1013 4253 2230 
f 3695 4394 10988 
f 1534 4842 2800 
f 6534 138 1777 
f 748 5925 10715 
f 4066 5060 4059 
f 7724 9121 7592 
f 8601 2024 2048 
f 3627 7363 6869 
f 3104 2901 3739 
f 9259 8699 8127 
f 6372 8073 3031 
f 2796 2581 7464 
f 2033 522 3546 
f 5129 9389 4954 
f 4380 4368 5175 
f 5054 8783 197 
f 2474 115 10977 
f 5362 2825 4536 
f 2734 7265 9661 
f 7452 2766 7434 
f 1616 7987 2257 
f 7527 4307 5106 
f 3038 1896 6090 
f 4840 6588 4214 
f 11678 9347 8739 
f 6588 52 4214 
f 1521 322 11389 
f 1622 10931 11745 
f 2255 5754 6662 
f 10637 9886 9884 
f 9162 4815 7552 
f 8051 4628 8697 
f 5568 3587 6637 
f 2734 5584 7265 
f 7272 2084 4924 
f 5452 5827 5377 
f 1728 2208 4778 
f 11835 8401 8798 
f 11458 12255 11453 
f 12051 1005 3626 
f 7163 6093 5305 
f 3947 1463 1675 
f 4214 6490 10495 
f 9370 11215 8642 
f 6683 12423 9219 
f 4755 4839 4605 
f 1468 1741 1355 
f 9640 10812 4156 
f 9441 9169 9435 
f 1257 2306 8970 
f 12167 833 11674 
f 785 1735 7430 
f 8083 11101 6925 
f 498 6072 3680 
f 5609 10283 3458 
f 5353 5295 8583 
f 6301 6975 9567 
f 11333 10495 2959 
f 7500 1694 1868 
f 8325 9191 7498 
f 11971 2393 2389 
f 11037 9719 2713 
f 5562 7784 8919 
f 7496 6965 7765 
f 4496 1481 1809 
f 9620 4444 6791 
f 1083 9324 4815 
f 11837 11042 1800 
f 627 12270 1558 
f 722 4150 210 
f 159 199 156 
f 8568 11534 10828 
f 5139 4691 4687 
f 11191 11809 3516 
f 7675 3307 11537 
f 3809 3525 11285 
f 3106 9253 4897 
f 31 11826 4876 
f 10875 2659 11012 
f 5429 7672 6545 
f 9892 3743 2918 
f 5872 2548 10701 
f 11991 7206 8526 
f 5920 5272 6337 
f 10592 162 11410 
f 9695 2506 11499 
f 1686 5288 7038 
f 5916 1916 9329 
f 2191 1242 3184 
f 3365 5106 11782 
f 695 5922 5522 
f 6257 1771 788 
f 5090 10494 7101 
f 8498 8225 9665 
f 11542 4520 10015 
f 2627 8768 8809 
f 7805 1214 6822 
f 1601 4951 10861 
f 5844 1499 1986 
f 8365 6009 11885 
f 1800 6186 11837 
f 9620 1064 9033 
f 5902 4236 6531 
f 6192 6620 6187 
f 7702 42 7149 
f 11399 3473 2160 
f 9000 7334 6095 
f 6414 434 6453 
f 2972 8948 5046 
f 7124 9083 5633 
f 3255 12490 435 
f 4897 4890 4933 
f 3796 3161 4196 
f 4642 4860 5554 
f 4197 3842 2942 
f 7665 7970 232 
f 2616 8782 9498 
f 2418 10252 4816 
f 5774 614 2773 
f 8794 8483 9667 
f 6554 239 2280 
f 5287 6253 6614 
f 9466 12161 5768 
f 6387 8723 11821 
f 12474 9582 12180 
f 4441 7227 1037 
f 2004 7379 6429 
f 6938 3180 10668 
f 1408 1138 8716 
f 7421 11309 12031 
f 9216 2914 11493 
f 2280 11796 11787 
f 2351 1430 7873 
f 5550 11411 8216 
f 4897 4933 9291 
f 7863 12378 7862 
f 9311 7519 1794 
f 4254 9774 6626 
f 4741 1668 12025 
f 5472 9325 10757 
f 2599 862 4733 
f 1538 8274 1153 
f 9556 9032 8156 
f 11025 2569 735 
f 3028 7072 4113 
f 150 9980 8609 
f 7208 4229 11065 
f 11340 7187 7210 
f 3214 3069 11795 
f 9094 9385 9387 
f 8715 9703 2950 
f 4278 8675 6840 
f 8408 1867 4835 
f 9805 1692 9923 
f 1020 270 10290 
f 5006 6169 866 
f 3637 3602 11199 
f 2376 5963 1729 
f 5900 264 711 
f 204 12186 5045 
f 4874 2178 10484 
f 3314 2531 8106 
f 870 12491 2846 
f 5247 11452 4570 
f 9966 4101 4096 
f 4583 10149 11329 
f 1611 1716 1492 
f 11817 10081 11578 
f 4638 4427 4257 
f 1741 11803 9664 
f 1285 7039 1404 
f 4994 8272 2702 
f 5877 9141 11126 
f 10329 10324 9599 
f 195 9527 6902 
f 35 6228 4792 
f 4969 304 7781 
f 5838 5742 2118 
f 152 153 145 
f 9349 185 7147 
f 10583 9448 1763 
f 10276 186 5092 
f 6544 5504 5272 
f 10137 6715 12376 
f 1276 1394 1390 
f 3450 2629 3045 
f 2250 9290 2508 
f 1129 4086 6137 
f 1305 9056 5369 
f 2508 2187 7001 
f 10608 8462 6766 
f 1524 4841 1811 
f 2187 2453 7001 
f 8887 486 12318 
f 7895 3701 4361 
f 2453 10565 5620 
f 8057 6754 10846 
f 7715 8279 8569 
f 5620 11713 12241 
f 11492 3840 11918 
f 11057 1256 1328 
f 3703 4301 3734 
f 2446 12478 10183 
f 4305 10150 2958 
f 718 4544 738 
f 5016 9324 1083 
f 4329 11311 2542 
f 11324 10999 4409 
f 11762 1410 3330 
f 2053 1461 7053 
f 344 10948 10366 
f 5555 5081 5544 
f 9156 3220 12288 
f 5013 1641 4904 
f 3447 4058 4410 
f 12486 1433 5964 
f 2189 962 7961 
f 7291 2895 8640 
f 6604 8785 5506 
f 3214 11686 12053 
f 2208 7784 11818 
f 4974 1036 4441 
f 2384 12424 8813 
f 8802 997 6101 
f 2403 3549 10507 
f 12325 8722 9885 
f 103 1361 3474 
f 2708 1224 9939 
f 3579 4466 2070 
f 4654 3253 4272 
f 12345 9880 6330 
f 5647 4029 1317 
f 10860 10218 8224 
f 2264 1422 6570 
f 12308 9791 10041 
f 4953 9433 318 
f 5965 1119 5393 
f 9196 1544 9685 
f 4038 6321 2617 
f 12392 3386 4968 
f 10591 2260 1719 
f 651 12020 3573 
f 10016 5718 2988 
f 6188 11206 2552 
f 9389 11030 3184 
f 10209 2917 3290 
f 5828 8508 857 
f 1432 10477 10824 
f 8953 7049 846 
f 5833 5302 6194 
f 7110 7428 6569 
f 7418 12401 6334 
f 631 7742 8953 
f 2883 12357 7190 
f 3225 9809 5884 
f 5563 11372 1373 
f 10503 8167 11621 
f 3895 10521 6076 
f 12221 3584 12025 
f 9166 6708 4872 
f 7966 9457 2623 
f 7974 212 8129 
f 2539 469 4223 
f 10658 2313 5292 
f 3969 1302 1222 
f 10011 9256 11665 
f 10361 11613 10437 
f 9557 1182 12352 
f 932 628 1045 
f 660 8298 11931 
f 11400 275 11335 
f 3701 3596 4361 
f 10290 1404 7039 
f 11779 11623 12035 
f 2812 2739 9875 
f 2887 2080 6778 
f 7062 12131 7287 
f 10336 3543 22 
f 11736 6708 9166 
f 5825 11795 3069 
f 1168 1046 5291 
f 413 4218 12443 
f 4089 3878 3880 
f 6458 4079 6221 
f 6238 11477 2806 
f 2828 3875 2838 
f 2046 4912 4837 
f 3443 841 10609 
f 3193 2109 7394 
f 6948 1127 4610 
f 10946 11996 4858 
f 6989 2659 5000 
f 5011 4235 5542 
f 9611 5254 5274 
f 780 11204 9819 
f 9301 9015 10699 
f 6742 6741 6955 
f 9201 4319 11738 
f 11374 4334 4641 
f 3960 3608 8503 
f 11597 8900 11155 
f 6489 6483 6065 
f 7573 8388 8694 
f 8503 7044 3960 
f 4675 5114 5131 
f 1145 3179 836 
f 1619 6662 5754 
f 3765 9752 11646 
f 6694 7159 7696 
f 11261 11597 8654 
f 7555 2250 2508 
f 1331 1875 1322 
f 148 10823 233 
f 9075 11923 5404 
f 10308 10589 7768 
f 10927 10544 4745 
f 9489 2229 12123 
f 6339 3205 1409 
f 10284 3264 5118 
f 11004 534 6495 
f 772 212 3797 
f 11478 8061 11539 
f 1738 2740 1830 
f 1078 8163 12421 
f 7385 7375 7368 
f 8807 12172 965 
f 2191 11053 1242 
f 1692 2767 1577 
f 5177 5875 5999 
f 136 6879 123 
f 5885 9036 2891 
f 2500 2021 12098 
f 851 7830 512 
f 6682 7667 9170 
f 4174 8555 7686 
f 528 87 7800 
f 9063 3286 1634 
f 6063 6993 9789 
f 11325 10223 10211 
f 8930 10155 6157 
f 10729 8524 6356 
f 104 7672 198 
f 10580 2169 11677 
f 2884 3083 7178 
f 1256 10521 7512 
f 3809 6836 3156 
f 818 1171 592 
f 5639 1091 8612 
f 1750 8163 8566 
f 12464 9380 4656 
f 1054 11693 11954 
f 950 7628 7429 
f 6263 919 7124 
f 8310 11802 10803 
f 5998 2565 5182 
f 7296 3361 939 
f 6858 12192 2034 
f 10984 11759 10987 
f 6499 6503 7750 
f 4281 4277 3270 
f 2306 9911 5874 
f 10356 5947 10869 
f 3733 5477 2970 
f 3467 7214 10748 
f 4090 3832 4516 
f 2887 3263 2983 
f 4837 4912 3865 
f 11768 4961 4908 
f 4811 9614 3920 
f 12250 9288 7983 
f 5229 9367 399 
f 4115 2977 5147 
f 10268 11646 447 
f 2673 4866 5625 
f 4390 5739 11357 
f 2620 11242 10418 
f 12479 5877 9357 
f 12051 937 6256 
f 934 3107 1624 
f 6707 5315 6452 
f 7577 7573 8127 
f 3219 11253 1476 
f 5244 2503 7806 
f 6586 11409 5358 
f 2295 4618 3814 
f 1851 5465 268 
f 11897 7764 8725 
f 4052 11418 8889 
f 3065 2848 3478 
f 11718 6018 3924 
f 11243 7823 10997 
f 10633 11806 11817 
f 12156 5195 5825 
f 4919 5318 5274 
f 6268 298 668 
f 131 5019 10917 
f 6885 9447 8910 
f 3220 10173 12288 
f 909 2653 2485 
f 8889 184 3394 
f 8456 3648 2978 
f 766 5976 975 
f 4871 837 10915 
f 2240 2908 8565 
f 4043 4593 12253 
f 9978 9442 10460 
f 374 3364 1761 
f 5863 6320 2199 
f 4055 3401 5181 
f 10044 6017 7914 
f 9785 9464 8907 
f 7348 2596 754 
f 4592 5699 5268 
f 7120 7923 7669 
f 11804 2206 3394 
f 11656 148 10628 
f 12205 12080 7305 
f 1572 1880 1208 
f 6949 7826 11280 
f 56 12404 8074 
f 4716 7885 3282 
f 11 6744 7653 
f 6129 6710 7508 
f 5570 53 5343 
f 4009 12100 3215 
f 579 1596 4406 
f 5740 5930 3090 
f 2202 9488 3915 
f 9713 3389 8803 
f 8122 4445 5207 
f 693 835 6043 
f 9986 2722 2626 
f 1649 11668 2660 
f 11443 9553 6857 
f 10941 9693 7258 
f 4623 4833 3454 
f 7104 5402 3241 
f 2435 89 10676 
f 2309 9553 4346 
f 9017 436 89 
f 8422 9933 7054 
f 2342 5986 1072 
f 6346 7541 6991 
f 562 9017 89 
f 6308 4714 2784 
f 89 2435 562 
f 4437 364 10797 
f 12242 6291 10866 
f 2657 2641 2838 
f 10585 6071 11633 
f 10812 11944 4698 
f 7991 8550 7968 
f 10440 3350 3245 
f 6368 5953 5555 
f 2337 4359 10873 
f 709 11675 9457 
f 4533 6470 894 
f 9016 4373 2928 
f 3529 12468 3968 
f 2749 3752 3757 
f 9028 143 9984 
f 2760 1594 2505 
f 842 6969 2380 
f 10435 3063 5993 
f 60 1262 10912 
f 3847 1089 7458 
f 4069 7350 2546 
f 10063 11214 12424 
f 8450 9632 9653 
f 7903 9332 8764 
f 434 252 7413 
f 2516 10007 5290 
f 8542 10494 5090 
f 2386 11105 12062 
f 10734 11490 6541 
f 3325 1821 2458 
f 8948 685 5046 
f 5316 3077 11551 
f 9283 7237 6755 
f 2141 10538 4680 
f 7640 7918 8189 
f 8376 3671 10866 
f 6668 4040 4770 
f 10875 216 10755 
f 1828 2221 1930 
f 5147 10200 3929 
f 10685 5742 4303 
f 2882 2015 7225 
f 2243 7915 2744 
f 10277 2325 8646 
f 11650 6882 5021 
f 7013 7006 8388 
f 7136 7399 7925 
f 11275 6441 8485 
f 1186 1386 3302 
f 1446 4672 6618 
f 4631 1112 3684 
f 2415 5204 8500 
f 3946 877 9024 
f 4231 9919 3671 
f 11403 6649 7428 
f 11948 8571 10215 
f 5707 6665 8521 
f 8853 11535 9119 
f 2340 8978 2944 
f 8170 12084 10421 
f 8984 7178 5550 
f 288 1439 3493 
f 5513 9979 10552 
f 5608 4012 459 
f 7108 9902 9123 
f 3334 4239 10086 
f 7087 12137 50 
f 8626 9465 8913 
f 10842 9339 6061 
f 6837 4231 5583 
f 4830 2276 2992 
f 11527 4918 11403 
f 12083 6699 6734 
f 10648 5194 7536 
f 1902 3480 10092 
f 10240 964 1840 
f 6003 6419 6421 
f 5336 6612 5758 
f 1449 4785 6342 
f 8255 11030 6129 
f 9744 2092 6424 
f 7261 4061 498 
f 4270 8318 7877 
f 2497 1794 6876 
f 4452 2524 4429 
f 8685 4666 6546 
f 1876 2852 504 
f 11666 4550 8338 
f 4135 10871 12154 
f 10841 12376 10112 
f 11769 5458 4040 
f 4945 10558 582 
f 7728 776 836 
f 12248 4353 4220 
f 776 7728 9987 
f 7004 7546 7006 
f 7648 5592 7695 
f 7622 10983 1256 
f 8048 12166 10829 
f 6647 9989 412 
f 4343 9596 11451 
f 739 6642 9553 
f 10752 9553 6642 
f 6537 9247 1748 
f 8245 4600 8321 
f 1148 10481 244 
f 11201 419 11317 
f 6710 10740 2651 
f 7412 88 1934 
f 3888 6345 5 
f 5647 10798 4029 
f 11836 2417 1623 
f 10481 5941 244 
f 11270 10203 11676 
f 10913 11254 11246 
f 11385 3649 8502 
f 3341 3352 3982 
f 11171 11184 10865 
f 1619 3342 258 
f 1744 6733 7274 
f 2040 2236 2871 
f 4996 5941 10481 
f 12029 9962 3829 
f 2948 11680 9492 
f 8718 112 577 
f 5510 2896 5757 
f 6467 6193 5577 
f 10771 5287 6614 
f 9554 10893 4000 
f 11530 9216 11493 
f 10732 11989 11168 
f 6791 8952 9828 
f 12274 1704 11220 
f 1380 4329 2542 
f 4392 702 5619 
f 7951 7276 12243 
f 7508 1546 6129 
f 10991 11144 4499 
f 12475 8847 11151 
f 12151 5411 5530 
f 1084 12426 4586 
f 10295 10717 9914 
f 10959 4442 1843 
f 4778 2208 11818 
f 3030 8009 2245 
f 8674 2512 5080 
f 1080 3471 2963 
f 6800 7102 10928 
f 1147 1276 1265 
f 8354 8658 8352 
f 11765 4275 12080 
f 12080 4275 7530 
f 393 991 1701 
f 867 8214 3588 
f 3820 3941 375 
f 10201 5616 7751 
f 3641 9595 8013 
f 9981 11765 12205 
f 9545 1211 9812 
f 9955 6610 11896 
f 11659 8885 398 
f 5951 6878 3075 
f 1183 2866 11756 
f 4885 839 11936 
f 4519 10261 3379 
f 9645 7235 9993 
f 6677 10503 11621 
f 11970 1280 10359 
f 3175 1210 7132 
f 11059 8427 6157 
f 3879 4007 6673 
f 1968 8383 1511 
f 2407 4288 8139 
f 7472 970 3288 
f 4068 4832 4411 
f 2249 6920 11438 
f 6476 9931 2758 
f 8242 894 6470 
f 11150 2396 1842 
f 2069 1687 1931 
f 2264 5389 6175 
f 6808 930 8898 
f 2533 8281 2509 
f 10548 4083 3657 
f 7530 4275 11168 
f 6543 9315 1770 
f 11450 7094 9628 
f 8686 8083 1031 
f 4672 5921 1547 
f 8058 783 348 
f 3810 2203 4776 
f 1156 891 6591 
f 6591 3544 1156 
f 11970 1676 3371 
f 7546 8388 7006 
f 5321 7810 9650 
f 8903 4844 9961 
f 6043 9878 10995 
f 706 9757 10337 
f 8451 1676 11970 
f 3422 4984 5661 
f 8771 12394 12005 
f 5623 4370 11430 
f 8610 4439 6241 
f 42 2697 7484 
f 6557 3192 10765 
f 8623 2803 5332 
f 5891 5931 874 
f 5120 6127 1044 
f 10506 10774 3317 
f 3267 3065 3492 
f 10113 10844 10847 
f 5076 7548 5 
f 5223 10868 12141 
f 7749 9578 3894 
f 7420 10480 6190 
f 8477 7055 6180 
f 9959 5639 8612 
f 12118 5541 8183 
f 537 300 12002 
f 3005 11176 1981 
f 5595 6632 5366 
f 11292 11706 11338 
f 1600 12354 1199 
f 11653 6088 9556 
f 10732 4302 1027 
f 2844 3058 3052 
f 1225 10096 8116 
f 5301 4398 806 
f 12446 7040 4831 
f 5832 1239 6208 
f 6515 11577 11302 
f 9763 10385 2154 
f 7197 3212 9074 
f 9579 26 32 
f 10096 1225 9578 
f 10520 10631 9312 
f 2447 10901 12090 
f 4687 4120 5366 
f 11939 3844 5083 
f 3616 5337 9117 
f 6712 7457 7727 
f 10594 9841 10223 
f 9265 8417 8699 
f 12458 3839 7257 
f 6939 10493 1922 
f 11183 8984 9881 
f 6331 10071 12045 
f 593 6944 7920 
f 12422 3420 11495 
f 11759 10984 12148 
f 9654 6851 7448 
f 9245 4653 7027 
f 4584 3751 2610 
f 7105 4345 7976 
f 1443 5214 5385 
f 10791 9709 11917 
f 1632 11925 10327 
f 10407 8265 7740 
f 11191 3516 12480 
f 10892 6886 1821 
f 6341 7940 11868 
f 443 5972 995 
f 11865 977 12484 
f 6489 6712 6483 
f 2352 7441 11094 
f 3475 7438 6370 
f 5423 7562 6074 
f 9708 1893 9604 
f 122 1170 2440 
f 7796 6784 7254 
f 9838 1645 2012 
f 4272 3253 4087 
f 4197 636 8152 
f 6494 416 2759 
f 11693 814 124 
f 3878 3459 3880 
f 11453 11447 10334 
f 4470 5701 6695 
f 7753 5422 12473 
f 7900 9044 8766 
f 11707 9008 9215 
f 1220 1124 1347 
f 4914 2727 2923 
f 4747 95 11135 
f 3601 3000 2452 
f 4414 2533 7706 
f 10965 5936 6772 
f 201 9088 2418 
f 9640 4156 5882 
f 2448 2039 8678 
f 1523 2461 5413 
f 7867 2735 8386 
f 12280 8938 7157 
f 6637 3089 5568 
f 330 394 263 
f 8479 8250 4469 
f 365 11069 3210 
f 3597 10428 2430 
f 1611 1251 1477 
f 8397 11711 10814 
f 6693 6166 7432 
f 2946 4952 6673 
f 6310 4339 4432 
f 1319 6280 4010 
f 10727 9250 8973 
f 4925 3996 6874 
f 1212 3295 4042 
f 1927 5458 8763 
f 6673 9645 9993 
f 6673 4952 9645 
f 2460 527 994 
f 7941 8237 7916 
f 8508 1671 4913 
f 9278 6626 11678 
f 4114 1224 1403 
f 3143 6535 5049 
f 7904 4997 1770 
f 5014 9530 4986 
f 2311 9522 12246 
f 11729 8809 2007 
f 60 12010 944 
f 11868 9131 6341 
f 4976 6581 7425 
f 1314 3560 8093 
f 2847 9059 2779 
f 8152 3732 4197 
f 11542 11584 10721 
f 8153 7972 3397 
f 10154 1429 4577 
f 2051 4333 202 
f 7621 7213 7443 
f 10465 3817 3416 
f 5807 114 1042 
f 8000 9079 271 
f 5282 5278 6134 
f 1970 9530 5014 
f 5551 10811 10959 
f 8593 3954 3766 
f 10189 7018 1197 
f 12251 2068 11048 
f 1182 9557 11724 
f 9939 12493 2281 
f 8569 8270 7715 
f 3864 3860 3433 
f 434 539 6453 
f 259 334 193 
f 2940 3823 12013 
f 7260 5213 7221 
f 2646 735 8 
f 4358 5236 3806 
f 9651 3803 3861 
f 9105 6539 9331 
f 2340 11377 8978 
f 3449 1905 141 
f 7132 8467 7433 
f 9006 2551 10803 
f 7929 6908 2593 
f 12255 10047 9288 
f 9188 11820 430 
f 6885 12384 9447 
f 4560 5921 2366 
f 511 9190 10947 
f 11102 165 6405 
f 2380 10299 1887 
f 1184 1691 4023 
f 11809 11191 1513 
f 7940 9846 4377 
f 4713 9594 10080 
f 569 3208 1550 
f 779 4007 2249 
f 899 3608 10236 
f 4504 1786 6480 
f 5076 9316 3442 
f 8737 9616 9624 
f 630 628 932 
f 3608 11922 11614 
f 12282 9275 11480 
f 5772 10522 4987 
f 8914 9548 6256 
f 10457 4046 3618 
f 6492 6058 6262 
f 3827 3000 4025 
f 5327 841 9580 
f 8155 11132 149 
f 6747 2872 10274 
f 3427 1110 8285 
f 6331 12045 11652 
f 8284 8288 9471 
f 7254 6784 6782 
f 9811 5880 4088 
f 9150 2845 11980 
f 7235 3217 11035 
f 8968 8105 7554 
f 724 357 432 
f 5206 3899 11986 
f 6153 6363 6152 
f 1490 3715 11161 
f 11744 949 12453 
f 10197 297 4357 
f 8034 8605 6729 
f 6904 11367 6819 
f 4437 4016 109 
f 6421 6442 5803 
f 9235 9952 1587 
f 6570 8415 12319 
f 8415 9422 12319 
f 4082 1102 1191 
f 8803 7633 9713 
f 8880 6078 4118 
f 5942 9960 1978 
f 5323 3598 7932 
f 2148 5979 8895 
f 340 9808 1526 
f 755 243 7188 
f 12012 3195 7867 
f 561 6592 8426 
f 9549 11833 853 
f 5271 11278 5219 
f 10012 165 11114 
f 6213 2867 3370 
f 792 4275 11765 
f 3749 8474 3505 
f 12319 3906 6570 
f 1293 711 3910 
f 4224 5693 5695 
f 5242 342 11983 
f 6484 1984 7291 
f 9144 10880 12071 
f 9682 8741 9004 
f 11827 509 5310 
f 3071 9797 2414 
f 2668 11486 5879 
f 1704 6025 11220 
f 7785 7769 10466 
f 9144 10175 10880 
f 1669 10273 6888 
f 3811 8806 2208 
f 2089 8203 11429 
f 11659 9513 8885 
f 5729 5430 1536 
f 3308 2902 2726 
f 47 10087 5117 
f 284 11885 11271 
f 10595 12105 6752 
f 6410 9440 10522 
f 6878 11906 11945 
f 6227 4037 4882 
f 9420 3819 8937 
f 8419 4970 9537 
f 8541 3831 8338 
f 930 11696 8898 
f 7923 8193 8514 
f 9731 12031 5860 
f 12347 11860 2614 
f 6228 11479 7597 
f 9144 6888 2052 
f 4845 4734 7552 
f 893 720 2189 
f 6224 6048 868 
f 6702 10405 2465 
f 10314 12364 7454 
f 3196 4360 4950 
f 11037 12290 9719 
f 10354 2604 431 
f 5794 5374 5786 
f 12235 7960 3512 
f 2958 10150 3575 
f 7220 6344 12412 
f 3874 3454 3459 
f 3752 4322 4323 
f 1875 2300 1773 
f 7652 3586 5436 
f 2833 924 8757 
f 12437 11768 4908 
f 1620 8435 10322 
f 3923 9829 9625 
f 2469 8340 8253 
f 603 3937 3840 
f 9857 11754 12121 
f 10572 373 4512 
f 6264 10373 2420 
f 5515 3715 2765 
f 2111 9539 7202 
f 11343 11338 11706 
f 2263 10018 5559 
f 999 3969 1234 
f 9862 295 4152 
f 10199 11860 12347 
f 7078 8454 6640 
f 5745 8910 11386 
f 8975 4912 11714 
f 4081 7788 8446 
f 6282 2356 8251 
f 1158 4276 7849 
f 11627 11272 11625 
f 4379 10922 6282 
f 8818 2751 5228 
f 529 1109 9474 
f 7849 10130 1158 
f 8714 7143 10167 
f 6941 738 6184 
f 8203 8859 6411 
f 5268 5699 6977 
f 11762 5097 7459 
f 3462 6840 10493 
f 12378 7863 20 
f 330 1576 913 
f 11331 2853 5948 
f 10256 8731 10929 
f 9943 8777 7244 
f 7154 8345 6832 
f 3514 2743 4054 
f 853 9439 4174 
f 2861 4667 3720 
f 11194 7697 3176 
f 6875 11979 8254 
f 8519 3882 11710 
f 9770 9136 8596 
f 6469 9524 9289 
f 8301 7738 8598 
f 10072 10118 99 
f 9222 3978 9474 
f 3115 11313 4629 
f 9735 7150 683 
f 5405 9354 4488 
f 5040 7611 14 
f 810 7017 171 
f 11101 9304 6925 
f 3978 12104 9474 
f 4477 11885 284 
f 7837 1410 7459 
f 6895 1636 2550 
f 11386 8910 9447 
f 1273 5516 9453 
f 3083 11870 5765 
f 6771 11703 8630 
f 9141 12479 5918 
f 4276 11773 10838 
f 7189 7114 8512 
f 3985 9343 8002 
f 10862 9027 2666 
f 3790 4683 8504 
f 4369 5035 8461 
f 11150 9797 5507 
f 9687 11121 10029 
f 1547 3017 9916 
f 3552 11181 8894 
f 3973 11137 4932 
f 11014 9579 32 
f 4933 906 9291 
f 1574 5636 10337 
f 6250 99 12393 
f 4921 5283 923 
f 5007 9922 258 
f 9102 11004 6495 
f 5686 12275 4468 
f 645 910 2049 
f 9756 4849 4474 
f 5573 12393 8875 
f 12393 5573 6386 
f 1803 7806 720 
f 10968 10914 5780 
f 4464 5037 3648 
f 1825 11368 8557 
f 1470 3623 7899 
f 1168 9102 568 
f 6424 6501 12453 
f 12028 1834 1079 
f 9079 8000 12201 
f 141 3746 6120 
f 12021 5210 122 
f 5526 1365 11216 
f 6155 6974 11523 
f 6567 6148 6568 
f 1758 7619 8073 
f 5051 2772 4767 
f 11662 1534 7589 
f 11602 7282 2124 
f 7066 11301 8419 
f 7009 11988 1316 
f 8161 9097 2438 
f 6859 1675 673 
f 809 878 451 
f 8875 3487 5573 
f 3881 658 9985 
f 6891 326 6485 
f 1454 6400 12196 
f 10417 9690 11136 
f 1326 6656 9767 
f 8407 7547 4517 
f 1591 12155 10374 
f 12130 4704 1384 
f 12020 4982 8835 
f 1308 2169 6946 
f 7093 6184 10429 
f 10315 10994 5323 
f 10151 10890 11607 
f 3729 4601 4595 
f 9066 8558 2203 
f 9822 9318 457 
f 12497 11924 11732 
f 6963 10973 3248 
f 10946 10973 4704 
f 4827 704 9928 
f 12049 5670 220 
f 7463 10072 6250 
f 2148 9701 7898 
f 379 328 10853 
f 6530 1804 4391 
f 1815 1722 2217 
f 974 9867 1654 
f 7634 7574 3349 
f 11983 6527 6339 
f 6963 3248 9649 
f 3590 3806 3593 
f 5760 5759 5333 
f 3838 10636 11963 
f 6856 6418 1344 
f 10244 3881 8731 
f 10755 2919 10875 
f 4368 4380 9251 
f 7181 1434 9293 
f 8578 10429 5157 
f 4891 9532 9581 
f 12200 3805 1488 
f 3453 7406 1041 
f 7594 6724 7196 
f 2386 4701 5881 
f 12111 4472 9503 
f 9022 12201 8000 
f 3294 10232 8501 
f 2701 3372 10759 
f 7406 11911 2301 
f 5719 11911 7406 
f 11776 2915 848 
f 6380 10888 1029 
f 939 11297 7296 
f 10837 4742 11854 
f 2790 9020 4299 
f 3121 5818 10542 
f 3305 1540 5094 
f 8110 5512 9048 
f 1275 5719 3426 
f 8424 1746 8468 
f 4869 11911 5719 
f 11983 10232 6527 
f 1032 1764 4445 
f 8180 1400 6575 
f 1485 3336 3527 
f 5828 857 5376 
f 4159 12162 8185 
f 1127 4024 6868 
f 8188 1102 4082 
f 3111 10528 11348 
f 6617 2519 2907 
f 420 11793 3342 
f 2864 6023 5991 
f 1143 1631 7353 
f 1354 1351 1339 
f 1393 10529 9451 
f 5139 7352 6862 
f 2454 8624 12465 
f 975 6542 3556 
f 7293 7842 7838 
f 8530 6573 4469 
f 12050 6260 275 
f 7604 11626 5839 
f 10068 4054 1608 
f 10149 1373 5403 
f 7922 1839 6799 
f 7233 459 9017 
f 1496 988 10053 
f 709 6881 11669 
f 5417 2330 4448 
f 7196 2649 1796 
f 10776 11647 815 
f 3559 617 6597 
f 1133 1233 1228 
f 9656 8929 340 
f 831 757 1662 
f 7148 10503 8088 
f 1848 7571 4287 
f 6923 10815 8645 
f 2472 10325 1047 
f 5020 10375 10160 
f 11552 9770 8883 
f 6534 258 9922 
f 3392 11080 8410 
f 417 9508 811 
f 11741 19 2192 
f 5643 11584 11542 
f 1734 9415 1918 
f 2472 11031 5384 
f 11271 3704 284 
f 8444 2341 8549 
f 8111 8688 8108 
f 9693 10741 7258 
f 479 2303 11119 
f 6581 3054 1561 
f 11592 7599 11245 
f 3726 379 4541 
f 3176 6839 11194 
f 7469 1213 9821 
f 7513 1466 2273 
f 935 1307 3915 
f 5459 7255 299 
f 5259 6362 10106 
f 11647 5128 11858 
f 510 8988 4385 
f 797 10241 1180 
f 8093 7865 9835 
f 1407 1250 7084 
f 11385 1571 8015 
f 9328 7561 2682 
f 7084 1250 8488 
f 8486 4929 4458 
f 7215 9502 475 
f 3128 2305 10751 
f 6932 7199 6492 
f 9285 8075 12316 
f 5445 11160 5191 
f 7525 12358 4603 
f 5384 5445 5191 
f 3945 4 1258 
f 3270 4277 2868 
f 789 10251 10511 
f 8153 8648 7972 
f 9083 1974 6870 
f 6903 8364 1985 
f 8208 6679 6681 
f 8799 2319 3990 
f 7416 2633 11632 
f 8925 6126 4245 
f 3154 3341 2943 
f 7978 8812 9689 
f 5196 3128 10751 
f 5966 10689 4515 
f 6585 673 10767 
f 7051 6823 7315 
f 10607 790 4694 
f 8930 6983 10820 
f 2211 8475 12183 
f 4607 789 7462 
f 5730 6777 8400 
f 1762 7994 11828 
f 3213 4232 4053 
f 281 2917 6318 
f 7488 12189 816 
f 6342 5792 7366 
f 4702 162 2215 
f 8502 3767 3756 
f 1527 4824 9451 
f 2553 2524 11629 
f 433 426 5363 
f 510 5191 11160 
f 21 6795 5711 
f 8879 7731 7739 
f 4604 8917 10005 
f 8575 3144 21 
f 10889 10136 4455 
f 11679 4588 273 
f 10114 6310 3981 
f 9380 3200 7048 
f 12160 128 1967 
f 7990 5194 10648 
f 812 5077 5814 
f 2466 6195 11429 
f 3574 5252 5950 
f 11075 8248 5441 
f 2396 4925 11393 
f 5823 1601 6774 
f 6131 10733 6817 
f 2336 12263 1888 
f 9472 2831 1510 
f 4601 11581 8177 
f 3903 10109 3503 
f 3707 11138 8904 
f 3988 8170 3998 
f 9086 9087 9680 
f 1924 7551 310 
f 1197 10065 3053 
f 9551 4217 7531 
f 1577 7646 8205 
f 855 8455 3240 
f 3933 423 768 
f 12336 10855 8773 
f 5711 10750 21 
f 796 6521 9694 
f 9958 8675 11212 
f 2717 1599 1473 
f 894 8242 2299 
f 1176 789 8396 
f 218 2617 2481 
f 3777 3138 2934 
f 2304 3097 3577 
f 4834 8821 2368 
f 4815 3395 9242 
f 4376 5312 9238 
f 9284 2842 8340 
f 523 385 594 
f 6442 8190 7120 
f 11981 11766 3461 
f 9319 4124 7663 
f 11532 10559 12171 
f 10030 10412 10411 
f 2055 978 3815 
f 9159 349 3622 
f 11343 11725 11699 
f 11826 31 5125 
f 7991 8270 8550 
f 10024 12394 7603 
f 2116 2101 2108 
f 7378 1579 12328 
f 1839 7698 9848 
f 2354 6982 7211 
f 4020 4314 6896 
f 5799 4849 9756 
f 4087 4658 4272 
f 1831 1287 1828 
f 11734 5408 6320 
f 1518 692 6797 
f 5650 3982 3352 
f 825 1173 957 
f 2297 2463 2462 
f 12119 10536 2308 
f 681 905 323 
f 2939 4002 6413 
f 5449 5663 5440 
f 12023 10945 11941 
f 2773 8542 2283 
f 8887 12318 3162 
f 4641 4334 9495 
f 9076 3619 9963 
f 8937 5987 2648 
f 9780 4399 6518 
f 11845 7718 3901 
f 2863 5003 7593 
f 6969 5721 3080 
f 7172 5500 5093 
f 2868 3880 2840 
f 2363 2035 6979 
f 17 5747 12295 
f 3073 5315 9093 
f 6559 5231 6593 
f 9942 2394 2662 
f 12042 3824 1805 
f 3659 3774 6151 
f 10569 723 5447 
f 11375 4357 9652 
f 11538 10706 3844 
f 7580 8136 8720 
f 1832 26 714 
f 5829 11484 1382 
f 8228 12217 761 
f 2110 548 6821 
f 10470 10088 9738 
f 4569 4215 3397 
f 1350 7768 6721 
f 7999 5439 4847 
f 5443 6277 4754 
f 5506 8039 364 
f 1443 7852 5214 
f 1674 1895 2157 
f 190 9419 8631 
f 566 629 7377 
f 3236 10826 9859 
f 9306 8082 7284 
f 3528 3445 10498 
f 6254 7435 6463 
f 3680 8923 498 
f 10572 11764 456 
f 1698 12355 5829 
f 2030 10616 2354 
f 3094 7982 10032 
f 2261 2416 1960 
f 10519 10895 10148 
f 12029 7383 9962 
f 6645 175 682 
f 5527 2870 2205 
f 4171 1062 5240 
f 8519 10224 373 
f 1904 2365 2180 
f 252 434 6414 
f 6399 496 2549 
f 10016 10080 5718 
f 2380 1887 1016 
f 3055 7251 9168 
f 11673 5240 5972 
f 1575 1174 5762 
f 1097 201 397 
f 9901 5368 652 
f 9740 6595 635 
f 9951 5535 2348 
f 9421 5895 10781 
f 1679 2074 3297 
f 3670 11170 12411 
f 9615 6142 8674 
f 10606 7277 2194 
f 3966 4007 3879 
f 2798 7949 9826 
f 5913 5912 6266 
f 7151 3091 5732 
f 5324 624 1570 
f 10514 8921 9622 
f 683 6689 705 
f 6014 12477 9392 
f 9073 7782 3900 
f 9665 10763 11090 
f 3053 4854 6910 
f 10897 3882 1257 
f 8531 6945 2272 
f 10799 3761 3902 
f 9180 4990 7965 
f 11517 10785 10427 
f 6013 6659 6435 
f 8348 9484 3146 
f 11297 84 7296 
f 6138 11867 5993 
f 12047 7676 10349 
f 11618 5717 2939 
f 10017 1143 10610 
f 4747 11135 10859 
f 10027 2795 11602 
f 5537 5737 5734 
f 6844 8781 7877 
f 5630 2965 9394 
f 6426 3074 788 
f 814 947 3208 
f 1540 5365 519 
f 669 10309 4727 
f 7935 8218 8204 
f 276 3660 8285 
f 7135 1520 6735 
f 6369 6818 6579 
f 3423 2810 4053 
f 5060 4828 4058 
f 11472 12044 12062 
f 8891 9180 1446 
f 10519 11610 10977 
f 7130 611 7173 
f 555 11596 3243 
f 3876 4580 2367 
f 2522 2186 635 
f 7150 9735 4408 
f 10859 11135 12122 
f 3183 7835 10666 
f 3798 8091 8045 
f 2684 11496 7017 
f 4511 782 3605 
f 1532 8976 2044 
f 845 2973 8958 
f 3059 2862 2173 
f 9051 11157 7850 
f 2019 10898 1095 
f 5898 9615 4238 
f 9567 6325 380 
f 417 11024 9508 
f 3509 675 5102 
f 8825 6120 2334 
f 1430 3986 7029 
f 12346 11717 2582 
f 7589 3456 2392 
f 8001 9384 9130 
f 8708 10084 10967 
f 110 1399 6461 
f 3627 1833 7363 
f 7299 4140 2493 
f 8157 3891 887 
f 3610 4136 10982 
f 43 6430 3419 
f 7025 2266 11289 
f 8248 8893 360 
f 9359 9762 4409 
f 377 1014 5053 
f 6559 5130 5231 
f 7025 6082 8734 
f 6180 2524 955 
f 9360 9676 6144 
f 11505 11516 1765 
f 11688 1820 9368 
f 10604 7033 2480 
f 1822 10309 669 
f 5688 7481 6098 
f 713 741 7091 
f 1833 8779 977 
f 12307 8697 10185 
f 5282 6337 5272 
f 12097 10938 10188 
f 2226 9283 10585 
f 10037 604 11992 
f 5209 5866 4980 
f 3098 3938 3730 
f 4627 2267 11619 
f 10655 4240 7206 
f 8890 4629 11426 
f 7662 9630 7618 
f 857 8508 11223 
f 2653 909 369 
f 3120 10147 2814 
f 7093 8578 9741 
f 11927 11940 11525 
f 2001 1719 3484 
f 1291 3396 5828 
f 6977 5700 6326 
f 10860 6956 1533 
f 5558 9893 12047 
f 5054 52 6588 
f 9737 9344 9241 
f 4413 6671 12276 
f 11536 6014 5623 
f 8487 9755 10717 
f 8999 8711 9003 
f 5058 6561 6349 
f 3072 2831 151 
f 11375 12156 4357 
f 4852 1666 10633 
f 11411 5550 7178 
f 9558 10868 5223 
f 6820 6451 7253 
f 6363 6793 6568 
f 11373 875 4318 
f 845 6974 6155 
f 80 8551 2665 
f 9595 11513 8013 
f 6599 361 8171 
f 10717 8293 9914 
f 6578 10637 11707 
f 5675 12100 4009 
f 7834 206 8813 
f 1550 1806 2938 
f 11577 11712 11302 
f 6287 10234 1142 
f 8320 3157 12191 
f 5117 2507 11408 
f 7430 3178 785 
f 11882 888 7825 
f 3290 9931 11232 
f 1745 11188 9219 
f 5536 677 12181 
f 1069 10538 9747 
f 9876 10457 9635 
f 1015 1023 4163 
f 10067 10265 4484 
f 7250 3061 5150 
f 538 10474 9531 
f 3244 9382 9342 
f 10405 12416 12414 
f 8609 5576 10128 
f 1000 1156 11519 
f 11066 10722 11067 
f 891 1000 775 
f 811 7986 1795 
f 3268 5569 8799 
f 10399 1507 7486 
f 6994 625 1377 
f 1718 12009 10458 
f 12284 4307 12216 
f 3365 11782 647 
f 9520 9525 8947 
f 2821 10260 5912 
f 40 849 9064 
f 9527 7562 6385 
f 3594 9375 8836 
f 8903 9961 7746 
f 5473 6465 10424 
f 39 11240 10570 
f 10402 11140 5746 
f 9253 3106 10433 
f 3124 11308 2694 
f 4307 11013 12216 
f 9188 9151 3716 
f 11051 2687 7470 
f 11716 2783 1793 
f 11766 11981 7068 
f 4930 5803 5628 
f 8046 1778 10848 
f 15 5036 3962 
f 9469 2218 12321 
f 2208 80 7784 
f 10522 9440 11097 
f 7123 12464 7184 
f 8187 8130 3375 
f 4303 5096 3062 
f 3530 8984 5550 
f 12384 11151 11386 
f 4746 4196 6277 
f 9944 11046 10687 
f 7894 8827 11057 
f 9487 8178 4133 
f 1740 1727 2314 
f 2280 10651 11395 
f 11639 1263 5494 
f 7779 6121 56 
f 12165 1061 7537 
f 7376 11661 2528 
f 7449 3428 12465 
f 6384 3970 11575 
f 905 902 594 
f 12474 3120 2814 
f 5571 3951 12099 
f 9566 11401 10469 
f 1507 470 6169 
f 1661 1312 1038 
f 5335 3024 7332 
f 10947 5560 3933 
f 7816 10363 12459 
f 3366 3159 3354 
f 3635 15 7088 
f 4222 4756 6669 
f 7224 7494 7491 
f 3331 1556 4078 
f 6177 6823 6378 
f 323 253 392 
f 5778 9724 8497 
f 2792 4017 11232 
f 1435 9758 3602 
f 6463 5419 5644 
f 11628 6191 7636 
f 1307 935 4045 
f 9027 6194 5547 
f 4054 10068 3364 
f 1376 7215 11361 
f 342 5242 1866 
f 8437 3418 11549 
f 11899 3286 1165 
f 798 1153 2374 
f 8017 11661 1746 
f 4924 2084 2642 
f 2865 11729 9280 
f 3535 3621 2250 
f 7338 2667 5949 
f 7018 3774 11567 
f 3934 9759 10174 
f 1538 1153 798 
f 7487 7217 8050 
f 3046 6387 11821 
f 6538 160 2322 
f 12260 1462 12305 
f 151 8245 8321 
f 2859 3595 9175 
f 8430 1521 11389 
f 7555 2508 7001 
f 4962 12071 350 
f 8214 8475 9355 
f 3591 8776 6307 
f 768 9822 10851 
f 4594 4606 5272 
f 6858 5620 12241 
f 2881 11555 12258 
f 9555 9963 751 
f 4308 4526 9485 
f 591 523 594 
f 9188 3716 2683 
f 6623 12460 10198 
f 4326 3385 3081 
f 9669 8324 3708 
f 7164 10328 678 
f 9762 9359 7198 
f 11671 11367 4243 
f 8450 8190 7887 
f 5554 6167 6369 
f 188 3612 4558 
f 8264 1748 9247 
f 9948 6251 11571 
f 5601 5508 12223 
f 4312 3738 2591 
f 10124 8962 9018 
f 1542 6719 3562 
f 5386 6458 6221 
f 12085 8264 11211 
f 2832 2842 9157 
f 4236 4801 5257 
f 1963 5827 5452 
f 2063 4586 5479 
f 10369 10264 4201 
f 757 747 1187 
f 6327 2011 7511 
f 213 5677 8385 
f 4551 10536 12119 
f 4862 9138 5876 
f 12232 1707 1801 
f 1050 30 10741 
f 2351 7873 5917 
f 5508 10257 182 
f 5991 11923 8491 
f 9896 5558 989 
f 155 9805 3257 
f 1213 5907 4368 
f 9163 8598 9154 
f 11914 3076 5856 
f 7798 10263 1308 
f 1761 3534 5365 
f 11797 133 6147 
f 10714 9953 9618 
f 536 313 596 
f 499 2213 4092 
f 7737 8004 9149 
f 12096 1845 7665 
f 2336 1888 11915 
f 1927 8763 12075 
f 759 3349 7445 
f 7309 8897 9717 
f 11964 4172 7568 
f 9261 7678 12223 
f 1860 8492 2680 
f 6420 4152 8337 
f 10611 10615 9868 
f 5736 217 1567 
f 4216 7675 11537 
f 6018 6986 3924 
f 1891 1352 9958 
f 1607 7049 7963 
f 4692 5230 12004 
f 1876 5072 10444 
f 11724 9557 3054 
f 3892 1447 10595 
f 4403 3841 4236 
f 2256 10347 3794 
f 3305 5094 6410 
f 11045 2421 11222 
f 9905 9930 9398 
f 11521 3782 12111 
f 12203 3056 6356 
f 2267 1924 12262 
f 5884 1096 3189 
f 7395 11723 6899 
f 9657 8765 8774 
f 2802 9449 12185 
f 131 11938 5019 
f 11559 6128 3280 
f 11701 123 9404 
f 10761 192 10265 
f 11234 11715 7745 
f 9920 7768 1350 
f 5863 4856 6320 
f 2747 10797 8039 
f 11786 9536 7851 
f 6066 11405 10422 
f 9546 2738 3419 
f 556 766 8474 
f 1946 2062 2248 
f 7543 754 3768 
f 5742 5096 4303 
f 7910 10783 6759 
f 4709 9500 6794 
f 11500 2469 4340 
f 8788 3767 8540 
f 272 2091 10564 
f 7760 2721 2766 
f 4617 2176 4019 
f 9567 1850 6301 
f 12448 12091 5629 
f 8355 8352 8659 
f 5474 6839 7477 
f 5459 299 11230 
f 11576 8471 8027 
f 8390 8373 8371 
f 10525 7787 12341 
f 1455 345 2006 
f 10478 8982 3468 
f 2106 2284 2101 
f 2795 9455 4854 
f 10932 6080 5124 
f 2846 5470 5587 
f 2462 2291 2297 
f 4241 11922 10262 
f 3598 715 8064 
f 7779 2602 6121 
f 7160 10000 108 
f 6534 9922 138 
f 11115 6989 12014 
f 10552 9979 3105 
f 2553 688 11862 
f 6192 5160 6215 
f 9489 1481 4496 
f 10906 10896 11397 
f 2127 7822 6524 
f 2662 6279 9942 
f 3852 3450 3226 
f 1781 414 3557 
f 2411 1780 5087 
f 8280 7988 10039 
f 3864 4411 3860 
f 1306 1258 9023 
f 4164 9356 5090 
f 4642 5549 5307 
f 1765 7830 11505 
f 6354 3443 574 
f 10514 7480 3336 
f 11351 4310 626 
f 11394 8496 6309 
f 4768 5869 5671 
f 8302 12087 9299 
f 7033 5899 2480 
f 2247 1637 1944 
f 2551 12315 11994 
f 1531 9621 6919 
f 5330 3977 8337 
f 4620 12399 8677 
f 1191 7912 10700 
f 9048 5660 8110 
f 11749 6487 4809 
f 12118 749 812 
f 11457 775 8070 
f 6085 6276 6068 
f 5302 5833 10770 
f 7131 7674 7122 
f 2851 2844 2484 
f 1927 1955 10560 
f 1783 2314 1727 
f 4508 11315 2164 
f 8023 9688 11318 
f 2459 3122 10769 
f 6258 122 2440 
f 8963 4509 8772 
f 10800 12050 4823 
f 10610 7073 10017 
f 7261 8923 582 
f 11229 1643 6529 
f 2620 7869 214 
f 10304 3994 1418 
f 12437 8079 856 
f 8496 6101 5483 
f 10373 8908 2420 
f 12470 11798 11681 
f 10186 11380 7300 
f 823 4103 12498 
f 2550 7446 6895 
f 3967 2105 4304 
f 213 3334 5677 
f 11418 4052 10418 
f 1205 1932 7663 
f 2865 11956 3328 
f 375 7565 3985 
f 7012 4618 5747 
f 5261 4230 10462 
f 11397 10896 10897 
f 1554 6572 11808 
f 5002 10885 2910 
f 5235 11364 9390 
f 11185 2865 8871 
f 6225 11944 443 
f 4052 4013 10418 
f 10036 9104 9374 
f 1496 10053 593 
f 2057 9423 10778 
f 7012 6475 3814 
f 1221 8358 12361 
f 4624 1373 4934 
f 6144 12117 8816 
f 7170 2703 5015 
f 12476 7492 7482 
f 3082 6475 7012 
f 8068 5317 2213 
f 10713 10312 6723 
f 9111 6381 5284 
f 5910 178 9575 
f 2470 7111 7854 
f 1068 10568 6971 
f 1642 11758 11731 
f 1783 6835 1829 
f 7830 2370 11505 
f 1955 5375 5467 
f 11813 1329 1368 
f 1070 2996 7628 
f 1192 3082 4547 
f 5153 2567 4230 
f 10484 3259 687 
f 11023 6816 6108 
f 9254 3415 8906 
f 4886 3668 5552 
f 3748 10908 522 
f 10117 10499 10127 
f 5467 10560 1955 
f 6361 1889 3723 
f 4062 4832 3852 
f 7409 2156 12452 
f 4776 12383 12168 
f 8802 11394 4910 
f 3322 11570 10187 
f 10042 8820 2894 
f 4587 5694 9113 
f 4814 4608 4598 
f 2849 2228 2259 
f 9537 8590 8419 
f 8031 4699 10669 
f 9104 8548 8826 
f 10368 7682 753 
f 5539 4928 8463 
f 2892 2765 4269 
f 5052 5897 4187 
f 6736 3416 2841 
f 5824 6454 5820 
f 4360 12197 4950 
f 8382 940 8442 
f 1830 2387 2224 
f 8533 10468 8060 
f 8145 5966 4515 
f 11804 2309 4346 
f 2456 3694 9698 
f 8597 4026 8233 
f 3413 5134 8068 
f 6311 3631 11345 
f 5104 8421 1680 
f 5029 5255 3834 
f 7603 2054 5911 
f 8233 4026 8842 
f 7754 6660 3050 
f 12374 5852 1174 
f 9035 4688 1579 
f 2837 1343 10658 
f 3382 2725 2765 
f 9482 2667 7115 
f 12457 12456 8957 
f 6025 8182 12485 
f 2816 2935 4810 
f 8738 8383 6438 
f 1792 8769 5101 
f 4780 511 9816 
f 3462 12125 9606 
f 9542 3164 11914 
f 5416 5275 1724 
f 4113 12167 8167 
f 8134 1786 7162 
f 12123 3674 7027 
f 5028 2704 389 
f 8134 8723 6387 
f 803 830 2613 
f 8890 3115 4629 
f 1298 455 11381 
f 4048 11699 4382 
f 10618 8582 5754 
f 5267 2149 8599 
f 7334 6291 12242 
f 6747 737 2026 
f 5161 10259 1428 
f 11724 7823 9547 
f 6685 6466 5831 
f 11583 11621 6165 
f 5110 7115 2667 
f 8636 10078 7185 
f 10231 2623 3686 
f 11073 10995 12425 
f 2033 8662 9722 
f 6359 581 4165 
f 7880 3315 8525 
f 10937 11748 4165 
f 10472 2564 8121 
f 6660 7754 1819 
f 3035 10617 7499 
f 6736 1744 3699 
f 9142 6764 5936 
f 5350 7443 2841 
f 11381 3332 739 
f 3477 3465 4084 
f 4362 158 3859 
f 5963 854 1544 
f 3986 3682 10272 
f 1747 9850 12083 
f 1894 2826 1428 
f 11256 9636 4128 
f 690 3881 9985 
f 12458 7257 8795 
f 11099 9078 10406 
f 6429 7859 311 
f 791 9692 7615 
f 4619 1019 9436 
f 7081 1677 2960 
f 5041 9579 5347 
f 6837 9919 4231 
f 966 968 1130 
f 4914 1910 12046 
f 6731 7168 4436 
f 10001 1844 6697 
f 9909 12304 11518 
f 9867 12479 1654 
f 2164 9499 4508 
f 320 10864 11592 
f 1386 10481 8125 
f 480 9549 2130 
f 11887 12318 11512 
f 6455 8742 10250 
f 9355 8854 3588 
f 11916 4040 6668 
f 2840 2638 2157 
f 5115 7792 7850 
f 2152 12064 6365 
f 1155 3583 6556 
f 5518 3418 8437 
f 12401 7418 1148 
f 1595 5638 8785 
f 11749 12048 9390 
f 11586 11290 7670 
f 2106 2291 2609 
f 103 3474 12336 
f 11111 10675 2442 
f 2309 11804 10181 
f 6016 6560 6919 
f 9136 10050 9120 
f 4880 10049 11712 
f 5902 5029 4236 
f 8341 8940 653 
f 6676 3212 3531 
f 6914 6040 5420 
f 11431 11434 12222 
f 6552 1377 9165 
f 9103 8824 8823 
f 10893 3109 4000 
f 6444 8522 2065 
f 5091 9981 9096 
f 12134 8584 535 
f 8207 8796 6679 
f 11040 2597 7438 
f 10240 1840 4806 
f 2493 10820 7299 
f 10058 11501 2095 
f 9096 2417 11836 
f 11836 11467 11078 
f 9750 2871 2236 
f 11055 5564 1549 
f 12103 4374 5727 
f 2193 2288 9842 
f 10938 12097 12199 
f 12022 12499 8115 
f 9899 4940 12087 
f 7938 9564 9289 
f 435 12490 461 
f 8570 8451 10359 
f 10985 12402 12152 
f 3820 12225 2990 
f 9554 1076 10893 
f 4150 11503 8594 
f 11624 10044 1723 
f 375 3941 12478 
f 10893 1076 2762 
f 10083 4405 2040 
f 11984 6112 4033 
f 12072 7671 1385 
f 10235 5506 8785 
f 12422 1381 11004 
f 2457 2040 4405 
f 2403 2381 3549 
f 3629 6835 12330 
f 8741 11476 10722 
f 3072 8321 7933 
f 5343 53 11197 
f 5437 7775 6950 
f 1406 11360 3371 
f 7505 11761 2042 
f 10307 10478 3233 
f 11765 12080 12205 
f 4887 11596 8952 
f 2457 1280 11360 
f 512 7350 4069 
f 6408 4714 10074 
f 2294 2810 2463 
f 3220 8150 4030 
f 6335 5937 7661 
f 9497 9799 10996 
f 4273 12401 1148 
f 10604 2480 2401 
f 8740 4080 1760 
f 12207 8554 8909 
f 1397 10788 3016 
f 7218 3283 11728 
f 5075 7017 11496 
f 11970 10359 8451 
f 11838 5876 438 
f 4579 2605 12030 
f 4022 6960 4252 
f 10436 2117 6278 
f 10730 6433 2962 
f 8825 2334 12311 
f 4636 12446 4831 
f 8537 321 4787 
f 11168 11989 7530 
f 1253 9539 267 
f 8527 1563 7242 
f 11970 3371 1280 
f 11227 8025 4386 
f 1859 8744 6920 
f 2611 2710 7645 
f 1630 7505 2042 
f 9403 4438 10804 
f 9931 6476 2778 
f 2822 12023 11941 
f 621 11098 580 
f 11683 7446 2378 
f 6920 8744 3497 
f 3690 2446 5626 
f 4811 3920 4674 
f 1072 9112 2342 
f 6219 2082 5835 
f 2112 2294 2119 
f 4783 639 7353 
f 8257 3522 11466 
f 807 5332 8466 
f 7831 7302 8105 
f 5397 9017 562 
f 12058 4981 3075 
f 384 2444 8756 
f 9740 6018 6595 
f 10810 11369 9353 
f 82 3419 6430 
f 10573 7000 10399 
f 8076 8635 1943 
f 4369 136 123 
f 10429 9921 5710 
f 972 12190 10964 
f 1676 3894 9578 
f 5163 6651 5160 
f 2949 10757 9325 
f 8174 3518 963 
f 2610 3751 1027 
f 8744 12436 12169 
f 8744 12169 3497 
f 7151 12449 12494 
f 6863 7100 7096 
f 10411 11509 11904 
f 3598 8064 9083 
f 4632 10426 7792 
f 8803 74 7633 
f 12436 2158 12169 
f 4793 2238 9728 
f 4468 12266 6927 
f 316 1633 5674 
f 383 5289 1452 
f 3238 6384 5313 
f 6779 772 3330 
f 7277 3964 2194 
f 1960 1661 2096 
f 312 10342 4396 
f 11823 373 10224 
f 5799 10710 9752 
f 8974 11685 3289 
f 7844 5364 9150 
f 4173 9560 8562 
f 8143 7902 2834 
f 2036 9340 1270 
f 7671 1254 12016 
f 11947 4194 8005 
f 12250 7983 12234 
f 11663 794 9533 
f 2868 4277 3261 
f 10243 9400 405 
f 10923 7059 10597 
f 5680 2743 356 
f 2960 6331 7616 
f 2073 1946 2251 
f 1424 1254 11039 
f 6829 6823 6177 
f 12487 7785 10466 
f 3901 6894 11845 
f 6666 5718 1562 
f 1175 4650 4300 
f 12373 10706 11538 
f 7973 10501 5983 
f 2203 3802 9066 
f 12112 1952 7760 
f 6002 11185 8871 
f 6518 4399 9659 
f 227 5634 12418 
f 12324 5561 1049 
f 8969 3735 3130 
f 3880 2836 2840 
f 11282 3602 4153 
f 857 9631 5376 
f 556 540 766 
f 9881 3530 2449 
f 1565 12349 5689 
f 4224 3630 4210 
f 8767 1221 12361 
f 4365 8804 11969 
f 9846 2245 2413 
f 10060 10598 1297 
f 6553 466 5939 
f 6480 11529 6757 
f 2715 11148 9885 
f 10465 11178 8684 
f 8653 6300 1992 
f 4300 3507 1175 
f 220 5670 6477 
f 416 4155 3572 
f 4107 2000 1161 
f 122 6258 5276 
f 9655 3392 8410 
f 1595 694 6504 
f 4832 5933 4411 
f 10339 5764 3222 
f 1905 1369 971 
f 7209 5867 10653 
f 11980 7844 9150 
f 10605 5034 2847 
f 9146 5034 10605 
f 11197 8265 11770 
f 1808 264 4436 
f 664 6698 6870 
f 1703 4838 5373 
f 4668 4117 4130 
f 2364 2555 8528 
f 1396 10786 9619 
f 3579 11390 4466 
f 296 809 294 
f 5454 2794 4389 
f 6630 5014 4986 
f 10539 2850 1476 
f 3035 7499 3243 
f 5839 2779 9059 
f 10605 2847 2779 
f 6645 8944 9971 
f 6230 5820 6229 
f 6721 7768 2328 
f 533 5810 4387 
f 6754 11609 8317 
f 5014 5213 1970 
f 3061 2674 5150 
f 5213 5014 10350 
f 3572 4155 11896 
f 3406 5213 7260 
f 2299 5226 5158 
f 6769 12227 6893 
f 5946 2358 2770 
f 11245 5631 2376 
f 8654 10216 11261 
f 537 530 10326 
f 5706 2491 554 
f 7489 2632 11978 
f 9352 2281 2698 
f 3611 7290 7911 
f 3187 3614 3393 
f 206 2384 8813 
f 8788 8540 8010 
f 8757 7346 2833 
f 1941 2303 479 
f 1754 1396 9619 
f 6120 3746 9126 
f 7272 8439 9424 
f 3347 6992 5038 
f 1311 10580 5720 
f 9495 4334 4588 
f 490 57 277 
f 3101 11528 2631 
f 736 10500 11545 
f 9415 3989 5910 
f 11032 8265 11197 
f 10556 889 5250 
f 6985 8342 8343 
f 9753 8279 10840 
f 6670 6425 7372 
f 6948 11909 6190 
f 2294 2809 2810 
f 5160 6192 3942 
f 5213 6306 7221 
f 11723 3403 7542 
f 1149 602 11766 
f 1847 1188 4074 
f 5187 4354 8529 
f 7260 7221 9422 
f 558 11173 4408 
f 8505 1214 7766 
f 9364 12356 2979 
f 7654 8092 3623 
f 9607 3580 6032 
f 3174 1373 9825 
f 6929 11785 1200 
f 11027 6578 7581 
f 11972 8567 10054 
f 4629 6115 11426 
f 7777 5451 1357 
f 8416 11489 5208 
f 7610 7260 9422 
f 11195 968 1940 
f 4141 8995 1348 
f 11825 7755 4238 
f 9116 2032 6364 
f 7249 4797 1500 
f 6694 4965 5655 
f 12128 8371 9839 
f 9019 3877 7461 
f 4909 11170 6200 
f 5337 6200 11170 
f 9422 5424 7610 
f 2192 2612 7631 
f 2293 9571 3801 
f 2698 7249 8840 
f 4177 4450 11112 
f 10145 3217 2705 
f 8291 10080 6423 
f 10210 11126 10870 
f 2851 3253 2844 
f 5424 8415 6570 
f 12023 1670 10945 
f 11209 11574 10895 
f 11544 11299 5287 
f 4627 4677 1378 
f 9732 135 7694 
f 3948 1500 7563 
f 6708 11621 11674 
f 8347 9278 1375 
f 3172 11318 5493 
f 5549 6369 6156 
f 2397 6287 11579 
f 9422 8415 5424 
f 1769 2427 2094 
f 3259 10674 3355 
f 10098 10082 9743 
f 3223 4946 9140 
f 9069 7642 4791 
f 5201 9733 9781 
f 6075 9887 10603 
f 10326 5812 537 
f 7402 12335 10698 
f 2350 11956 5667 
f 10523 12430 11610 
f 1789 10158 3424 
f 3269 9873 12393 
f 3764 8511 7242 
f 8194 4613 8590 
f 5837 6064 6513 
f 11336 11278 9005 
f 11161 11278 11336 
f 3137 7756 8016 
f 7676 5407 12480 
f 4678 12354 3895 
f 6491 5805 9483 
f 12093 8530 4469 
f 12324 8158 6672 
f 6083 8247 7670 
f 11496 2684 4209 
f 2437 2386 3571 
f 8023 12442 9203 
f 5588 4817 7401 
f 6727 450 1338 
f 1561 7425 6581 
f 8778 8512 7114 
f 2174 9005 6130 
f 10 9431 1863 
f 4883 11783 8269 
f 12123 4653 8173 
f 3226 3450 3026 
f 12469 3586 7652 
f 6064 10322 7240 
f 6901 6915 7175 
f 11090 5543 11871 
f 10790 1690 10328 
f 2460 493 6750 
f 9703 6678 4420 
f 5370 2142 3856 
f 11278 5271 9005 
f 10801 6790 6997 
f 9005 5271 6130 
f 10692 7708 3294 
f 12469 2174 6130 
f 11235 12199 9795 
f 6162 3924 6986 
f 4222 8128 4756 
f 24 64 49 
f 4679 9461 12013 
f 2950 5368 8098 
f 12469 6130 3586 
f 10273 10322 6888 
f 3948 2356 9252 
f 5352 2663 3968 
f 2542 19 10508 
f 5354 6173 6634 
f 3140 12043 7781 
f 11397 2306 4501 
f 3369 10107 238 
f 5886 11987 5928 
f 671 5297 6738 
f 9157 2860 2832 
f 6415 5389 3906 
f 5539 9815 9032 
f 9878 6043 4985 
f 9207 1714 8972 
f 6130 3491 3586 
f 9597 1123 418 
f 12063 9650 5311 
f 6929 6771 10881 
f 10322 8435 6888 
f 7507 4191 6054 
f 11645 10015 1355 
f 1755 4851 8309 
f 8746 5891 874 
f 5219 2507 5271 
f 3227 3234 4062 
f 296 525 586 
f 10717 9755 8293 
f 6063 9789 10472 
f 5800 2699 9780 
f 2639 5079 1022 
f 8482 8186 8775 
f 12069 430 989 
f 8770 6825 12334 
f 11855 11522 9022 
f 9222 4310 3978 
f 11448 9700 3247 
f 4617 4019 1340 
f 3491 10087 3586 
f 330 913 394 
f 9620 9176 4444 
f 5527 11250 12162 
f 5855 6065 6483 
f 4853 11688 4787 
f 8435 7652 2052 
f 6303 1974 1285 
f 6987 12260 12305 
f 9252 2356 1802 
f 1158 10130 5389 
f 12457 8957 8706 
f 5436 2052 7652 
f 7891 8119 3125 
f 1803 9294 7806 
f 2356 6282 1802 
f 11472 11105 11999 
f 6941 718 738 
f 11513 12485 8013 
f 8117 9215 9008 
f 4893 11002 3965 
f 3932 2510 1025 
f 3978 4310 10518 
f 9474 12104 10690 
f 1158 9397 4276 
f 1691 6643 4023 
f 9601 2366 2043 
f 6243 12188 8536 
f 7968 7128 7375 
f 4427 4850 5081 
f 926 10072 10922 
f 10072 7463 10922 
f 10229 1793 2420 
f 6511 1502 3909 
f 9650 7810 7720 
f 3265 8973 4726 
f 1838 9646 5135 
f 5560 10947 2504 
f 11981 8611 7068 
f 9222 1109 488 
f 9383 4372 7060 
f 5093 4011 2072 
f 1749 4396 10342 
f 1337 10971 436 
f 6001 1621 848 
f 5429 5785 5750 
f 9710 11939 9100 
f 10584 10690 5199 
f 12074 1925 400 
f 867 1129 6137 
f 9222 9474 1109 
f 3303 9734 8660 
f 2467 11886 3196 
f 1539 1846 1171 
f 6861 7617 6627 
f 5411 3901 7718 
f 7046 11840 11108 
f 1369 5674 1215 
f 1606 1477 1465 
f 2975 4896 6800 
f 11788 9196 7133 
f 3266 8067 8147 
f 9810 6756 619 
f 1105 1820 8977 
f 7593 7259 9896 
f 10977 115 9243 
f 6250 8123 11708 
f 1985 10479 91 
f 4187 6274 7681 
f 10085 3552 8894 
f 9284 12490 2842 
f 1838 11708 5199 
f 8987 5573 3487 
f 9474 10584 11924 
f 942 3519 5513 
f 11708 8123 8987 
f 11708 8987 5199 
f 2256 1626 6214 
f 3092 9741 4190 
f 6062 6664 4704 
f 8380 5872 2608 
f 9954 9310 9301 
f 358 4493 925 
f 2362 2383 9598 
f 12303 9708 9604 
f 2371 12462 7633 
f 8703 11924 10584 
f 238 5840 837 
f 403 6769 10240 
f 5573 8987 8123 
f 4554 240 5635 
f 11584 2085 8458 
f 6598 11327 5113 
f 6594 1829 3629 
f 12396 11839 8513 
f 11851 11260 9726 
f 8603 4978 4619 
f 7547 3898 7468 
f 11084 7453 2489 
f 514 7395 2123 
f 11856 5383 430 
f 4025 3806 5236 
f 1112 4631 6682 
f 3506 6365 9947 
f 9458 10151 9462 
f 2283 6993 2773 
f 3032 10752 8221 
f 3898 12440 7468 
f 12010 4528 1509 
f 1741 11947 11803 
f 4720 7135 1309 
f 4219 4705 2184 
f 2348 6465 8241 
f 2523 9208 7965 
f 12443 2953 5190 
f 11435 8110 8308 
f 9362 11075 7981 
f 2136 513 7896 
f 2505 2409 1964 
f 7441 1281 11094 
f 6465 5473 8241 
f 8895 5979 4744 
f 11497 6790 8978 
f 1828 1716 2221 
f 3645 280 6019 
f 5926 5724 6782 
f 8985 3070 4366 
f 9890 8965 9895 
f 4437 6841 10441 
f 9327 4864 10582 
f 9829 2127 6524 
f 4790 12201 12492 
f 2870 7685 721 
f 9444 11631 6663 
f 157 153 152 
f 7850 4755 5115 
f 10985 10158 8042 
f 7863 7862 3272 
f 328 3455 10853 
f 6069 1146 4461 
f 9332 8790 9999 
f 8000 11855 9022 
f 5366 5139 4687 
f 991 11244 203 
f 4517 7547 7468 
f 7373 782 9457 
f 10897 10896 5780 
f 8929 4613 428 
f 1396 1604 1630 
f 12001 1055 5456 
f 11117 4929 8486 
f 3659 9064 11304 
f 7286 10447 5082 
f 11083 9663 11085 
f 9965 9298 2185 
f 815 176 5627 
f 11049 9832 1247 
f 6636 4652 9302 
f 7155 8004 6466 
f 2257 4968 9049 
f 11911 4869 6398 
f 1717 5069 43 
f 9297 5658 3705 
f 8073 7619 1878 
f 10853 3455 9649 
f 2026 8135 6720 
f 6834 8700 1078 
f 2681 767 4557 
f 7569 2873 5005 
f 4710 1926 4344 
f 11831 1516 7684 
f 1414 3510 12145 
f 9007 10253 11723 
f 1746 7642 10990 
f 5836 6114 2124 
f 10205 7076 4868 
f 264 6731 4436 
f 176 4566 5627 
f 9088 10524 567 
f 9394 2965 8561 
f 1188 828 4415 
f 10968 5848 5801 
f 7117 4426 4866 
f 11647 10776 1250 
f 4408 9735 1453 
f 12329 10035 10785 
f 11065 6225 995 
f 2744 6545 12117 
f 11407 6033 351 
f 6568 6148 5537 
f 4894 8295 2047 
f 11923 5991 4842 
f 2684 6912 4209 
f 1317 5619 5647 
f 8935 9720 2324 
f 10698 4248 2655 
f 6329 12199 11235 
f 3865 4683 4837 
f 660 11931 521 
f 6579 7293 6804 
f 916 2121 12392 
f 12261 6299 5421 
f 379 3726 328 
f 9118 3998 8961 
f 5037 5027 6828 
f 116 2408 12150 
f 497 10325 2472 
f 3791 8100 6550 
f 3026 3045 2476 
f 10862 6249 1292 
f 491 6720 7129 
f 697 11742 9765 
f 10291 4841 175 
f 892 8223 3348 
f 1332 2477 168 
f 4871 7462 837 
f 10542 6960 9992 
f 2481 2617 10751 
f 10422 12265 4676 
f 551 980 1477 
f 1901 8663 7928 
f 5596 6174 2088 
f 1283 1287 1065 
f 6691 2565 9303 
f 664 1086 565 
f 9461 10753 8898 
f 6989 11115 11038 
f 1407 6336 3144 
f 6166 10123 2849 
f 6986 11239 10307 
f 7594 5074 8716 
f 4639 10370 11805 
f 10599 1250 1407 
f 3042 3229 3033 
f 11741 3460 9685 
f 4071 5219 5515 
f 3779 9592 3980 
f 3144 6795 21 
f 2677 7129 8135 
f 1645 8494 5196 
f 2359 2874 5567 
f 3286 11262 4852 
f 11262 1666 4852 
f 3726 4541 4245 
f 12035 9070 11779 
f 6795 3144 6336 
f 3165 5980 4470 
f 11612 5295 11854 
f 8255 2388 11250 
f 7775 8213 6950 
f 8993 3898 4705 
f 10824 8546 4296 
f 2546 7350 2107 
f 5023 11823 10224 
f 4702 644 3631 
f 9385 9697 9387 
f 5909 2433 6760 
f 2656 10969 3503 
f 2656 9323 10969 
f 10136 2886 4455 
f 3707 9395 11138 
f 11680 11976 9492 
f 11993 12321 11493 
f 2964 7357 4789 
f 1227 10093 7140 
f 10780 9690 10393 
f 10144 4609 487 
f 1528 7523 2513 
f 2643 11847 2218 
f 11388 1965 9193 
f 5962 2512 2558 
f 10751 2617 5196 
f 10502 405 5806 
f 167 225 357 
f 4377 8389 10037 
f 10259 3275 1894 
f 7866 10235 5265 
f 4074 11195 616 
f 1871 7148 9672 
f 5706 702 4392 
f 7347 11594 11899 
f 10146 3079 2750 
f 10806 10131 262 
f 8799 9526 2319 
f 10372 11103 10451 
f 12323 8181 9955 
f 978 5669 4076 
f 12158 12153 9723 
f 1336 11498 2146 
f 510 4385 10177 
f 10109 10177 3503 
f 7475 3153 12468 
f 3412 855 8410 
f 2748 8962 1997 
f 3217 6064 7240 
f 1232 6925 8805 
f 10446 1053 7722 
f 6795 6336 5711 
f 467 11931 4637 
f 2372 7045 6445 
f 7349 7579 4728 
f 1281 2955 12439 
f 1983 6776 12489 
f 4157 9053 5999 
f 10750 1736 21 
f 6581 6587 3054 
f 9060 9576 11114 
f 2578 3558 12285 
f 841 2787 10609 
f 11828 8865 3272 
f 5997 11891 9566 
f 9652 1438 1246 
f 1616 3183 2827 
f 7855 7326 5565 
f 1272 3991 7407 
f 8016 7024 7432 
f 11793 452 545 
f 10522 11097 5534 
f 11950 11546 10841 
f 6235 9549 480 
f 4522 2830 1932 
f 203 9089 11396 
f 11907 4077 3896 
f 8335 4677 4627 
f 9617 465 6980 
f 3512 9281 2595 
f 6380 10541 2287 
f 1913 5405 4436 
f 5439 7999 2675 
f 3950 6801 1049 
f 7032 6493 7769 
f 992 859 865 
f 8344 2532 3162 
f 55 33 57 
f 10019 5021 9773 
f 1932 4122 4522 
f 10288 870 2574 
f 2703 7170 5540 
f 10789 2186 8164 
f 6763 8461 5035 
f 4356 11585 4002 
f 9953 10714 11449 
f 7828 10531 9055 
f 1056 2311 1126 
f 3277 8016 7432 
f 11500 9146 9658 
f 8662 9308 11069 
f 3592 10157 7910 
f 4363 3371 240 
f 10808 10573 1853 
f 2924 5728 4865 
f 5960 6177 6171 
f 4437 11689 364 
f 3792 2939 6413 
f 9155 3792 12174 
f 410 8914 4580 
f 5850 3081 624 
f 1124 1226 1347 
f 2731 9263 1956 
f 5990 5716 10490 
f 2057 2145 2063 
f 2097 8033 11441 
f 612 5361 6302 
f 12303 6198 9708 
f 2277 10142 1805 
f 11990 3333 4529 
f 6243 9974 12188 
f 4206 6092 11247 
f 6179 11508 12428 
f 1805 557 3013 
f 3329 4781 9181 
f 9497 10996 1080 
f 1322 1564 1206 
f 9945 10498 11573 
f 6051 9757 8156 
f 7847 185 2181 
f 11461 9418 8888 
f 7004 6793 6363 
f 11829 2203 8558 
f 1222 11794 6460 
f 4267 5829 1382 
f 1382 4761 4267 
f 9076 2802 3619 
f 4316 1145 3158 
f 5388 5234 11082 
f 11796 5084 6739 
f 4267 4761 8112 
f 2357 6006 6333 
f 4586 2063 2145 
f 7022 879 5463 
f 6193 203 11244 
f 2411 224 9321 
f 3199 3841 3834 
f 7672 104 8465 
f 11673 2675 7999 
f 511 4780 9190 
f 6926 4284 6971 
f 4966 1261 3683 
f 1698 10793 12355 
f 8060 10468 4792 
f 9494 12113 8313 
f 12056 5358 11409 
f 2143 2129 5246 
f 10827 5345 542 
f 10680 7278 1375 
f 2620 214 11242 
f 9941 9526 5569 
f 11573 304 10164 
f 793 8992 4063 
f 10920 10546 10919 
f 9167 1670 1897 
f 5913 2821 5912 
f 4455 2665 10889 
f 11300 1084 2505 
f 7551 9760 310 
f 4812 11643 7356 
f 2638 1875 1674 
f 1732 8366 8440 
f 10586 5943 8669 
f 10552 1321 5513 
f 8524 8364 3523 
f 4163 11041 4207 
f 3656 9938 12417 
f 8366 1010 3871 
f 1732 8440 8420 
f 12427 1618 7972 
f 10050 12353 11935 
f 5663 5460 6297 
f 2765 2892 3382 
f 649 1010 1732 
f 1010 8366 1732 
f 5349 1559 9730 
f 4228 3423 4234 
f 7215 573 9502 
f 11353 8271 11240 
f 11576 389 8471 
f 2838 3465 2657 
f 11807 1898 3139 
f 6373 3463 12361 
f 1291 5828 5376 
f 10994 715 3598 
f 9760 10607 7189 
f 5810 533 6933 
f 8931 5314 9395 
f 2530 7594 1796 
f 12494 8673 4503 
f 4278 2796 8675 
f 11122 5674 1633 
f 1689 1704 12274 
f 9408 2373 7373 
f 12296 5907 7469 
f 6555 10544 10927 
f 10813 11772 10583 
f 8397 3428 10684 
f 8603 9436 4624 
f 12268 6159 5068 
f 1635 4913 4882 
f 8751 6161 1818 
f 1566 3979 3939 
f 10600 1963 5452 
f 4941 9279 10867 
f 5499 12348 6536 
f 3121 3912 5818 
f 2458 9139 7668 
f 6844 8318 832 
f 8045 11755 10859 
f 11913 2 8822 
f 11675 5045 12186 
f 10299 12496 4757 
f 7666 2722 2799 
f 514 2123 2382 
f 676 11055 458 
f 161 11593 251 
f 11135 11289 12122 
f 3879 8176 7802 
f 5048 8890 2818 
f 10194 11289 10491 
f 8817 7025 10194 
f 10019 6289 6217 
f 102 9820 2253 
f 2275 1755 2857 
f 3391 9713 7633 
f 8668 8475 8214 
f 4490 9780 2025 
f 11231 11246 12456 
f 121 1858 70 
f 5074 3129 8499 
f 1220 1206 1217 
f 6869 2900 401 
f 12131 7062 12010 
f 1012 10249 10142 
f 6762 4591 7314 
f 5502 8103 1791 
f 9253 4773 8808 
f 9822 7612 9318 
f 8942 3738 439 
f 11289 10194 7025 
f 1975 1936 10624 
f 10001 1082 1844 
f 7209 10653 6149 
f 4411 6346 3860 
f 12131 12010 10912 
f 10108 12209 8869 
f 8041 7336 4333 
f 12403 2410 6601 
f 5257 6531 4236 
f 6220 6089 6146 
f 8045 6658 3798 
f 8208 6681 8498 
f 11411 10084 8708 
f 6388 2803 924 
f 11905 4009 3215 
f 12112 12392 1952 
f 6132 6134 5278 
f 2867 4578 9164 
f 8779 12484 977 
f 10164 9564 6418 
f 4277 3880 3261 
f 11348 105 5465 
f 12109 5498 8081 
f 4209 11460 10221 
f 4854 9455 6910 
f 758 5054 197 
f 4755 4809 4839 
f 4715 204 6812 
f 607 7058 11957 
f 4726 7950 3265 
f 8015 1571 2579 
f 6099 6742 6096 
f 11257 2602 3488 
f 2899 5667 5446 
f 6031 8319 5792 
f 10353 11999 8663 
f 2355 1893 10762 
f 3668 1882 1336 
f 9811 6778 3955 
f 1675 4694 790 
f 52 6490 4214 
f 11125 11868 12286 
f 6000 9816 511 
f 5863 3249 4856 
f 4473 654 12027 
f 4457 1735 785 
f 3495 2510 8787 
f 9815 11040 9766 
f 5013 7026 615 
f 6678 4885 327 
f 8404 5507 9797 
f 4263 11619 2267 
f 8224 12438 8441 
f 4028 10162 463 
f 1976 788 3074 
f 2010 6947 11483 
f 3122 2459 11654 
f 7197 9074 1627 
f 5663 6065 5855 
f 3239 3010 1604 
f 8439 785 3178 
f 4361 3596 325 
f 6342 4785 12326 
f 3019 3433 3654 
f 12445 7190 12357 
f 7272 4317 8439 
f 9538 9531 4529 
f 4057 4138 4035 
f 3247 696 3805 
f 5311 8592 10934 
f 11006 5675 4009 
f 8743 9864 2959 
f 2642 5132 3232 
f 5694 8574 2903 
f 9443 10260 2821 
f 6378 6823 7051 
f 3774 9281 6151 
f 11366 11380 1847 
f 2959 9864 3859 
f 5646 11905 7309 
f 1694 2959 3859 
f 158 2924 129 
f 5246 4011 5928 
f 7523 2441 2455 
f 1694 3859 158 
f 7029 1195 7010 
f 5728 158 4362 
f 3730 4137 4309 
f 7748 9596 1581 
f 2331 1904 2180 
f 12387 9938 1137 
f 2896 7281 5766 
f 11311 778 1999 
f 12161 378 3262 
f 4367 5132 9695 
f 11704 7527 1436 
f 11704 4307 7527 
f 10128 8495 7890 
f 4056 6524 7822 
f 8356 1114 10229 
f 7904 9714 1516 
f 8 1315 8235 
f 7728 836 3634 
f 4367 9695 11499 
f 4367 11499 10758 
f 10143 8199 3551 
f 12432 5936 7204 
f 4367 10758 1028 
f 4687 4691 3922 
f 7825 2990 5795 
f 8532 7538 1841 
f 10139 8311 8307 
f 11700 2394 8287 
f 4911 1655 6073 
f 8952 12022 8687 
f 9603 3124 9659 
f 7197 12066 4735 
f 2228 5151 707 
f 1830 1390 1517 
f 10606 11117 7241 
f 10758 6847 1028 
f 5738 6733 12346 
f 12088 5118 9329 
f 8250 6404 8003 
f 5817 4374 248 
f 11645 1355 1741 
f 9480 3589 11148 
f 9958 6840 8675 
f 2547 2543 2911 
f 1886 1113 1568 
f 1677 4713 9473 
f 12246 3107 11532 
f 7356 11643 9544 
f 6394 2083 6830 
f 9641 9071 7653 
f 10166 10104 9011 
f 25 8266 921 
f 830 803 6330 
f 6565 5751 2668 
f 390 5395 3723 
f 5234 5490 12141 
f 414 4483 3557 
f 5792 8319 7366 
f 4174 7686 10196 
f 715 1776 2138 
f 12209 894 2299 
f 222 10328 6328 
f 6654 5568 10857 
f 11835 8266 9330 
f 12015 10675 2568 
f 7603 12394 8771 
f 7682 911 2654 
f 1614 1775 11072 
f 9588 2102 2316 
f 10625 9204 7556 
f 8517 9744 10221 
f 5404 5764 9075 
f 2134 3312 8268 
f 11966 4169 5004 
f 4144 6007 9210 
f 1682 5929 2005 
f 371 8236 12083 
f 2814 9582 12474 
f 10132 11562 2877 
f 936 3085 6595 
f 5006 866 2374 
f 866 6169 6512 
f 8872 5673 6904 
f 9812 6690 6826 
f 3535 2429 11569 
f 7065 7080 6843 
f 4938 5409 5169 
f 5247 4570 9026 
f 979 1456 330 
f 147 10986 4028 
f 1559 5444 9730 
f 1451 11657 12067 
f 3550 11384 3239 
f 10266 9093 5979 
f 831 314 536 
f 756 3535 2250 
f 6129 11030 6710 
f 3408 4570 1538 
f 8152 4331 9205 
f 10948 11319 10366 
f 799 6706 10986 
f 439 4312 10862 
f 9591 6974 8958 
f 5579 1538 798 
f 12290 4844 6103 
f 1917 4088 5880 
f 10332 8644 1715 
f 4706 7388 6021 
f 11515 10587 7598 
f 4250 5939 466 
f 7239 9896 989 
f 4537 6001 9763 
f 12491 8617 11880 
f 10850 6705 11716 
f 1582 9534 6520 
f 11721 76 10644 
f 2351 5726 3986 
f 7726 478 10233 
f 7987 2827 9563 
f 5621 5212 10282 
f 5441 6624 11824 
f 1535 8959 290 
f 120 10447 7286 
f 2453 5620 7183 
f 1369 316 5674 
f 7873 7479 8923 
f 1340 8473 11132 
f 11324 7963 7944 
f 5560 2504 7780 
f 8433 8429 8149 
f 1085 8296 564 
f 2711 3096 2717 
f 3268 2406 2398 
f 11520 6553 7998 
f 10423 4101 9966 
f 3357 7559 3685 
f 491 2872 6720 
f 6773 9297 4342 
f 3135 9184 8518 
f 4783 2713 5187 
f 4488 4204 12226 
f 3821 3609 4228 
f 7669 6907 7391 
f 11716 8950 2783 
f 5441 11824 11075 
f 5509 5273 5043 
f 3021 8954 3655 
f 4410 4828 5296 
f 4371 10587 11515 
f 11630 6797 692 
f 10962 300 5812 
f 9819 6749 3783 
f 7427 7403 7426 
f 1716 1814 2221 
f 8312 834 1083 
f 9580 841 3443 
f 787 2335 9501 
f 3811 2208 1728 
f 4950 1098 2616 
f 3322 10187 8400 
f 1074 3543 429 
f 5223 1522 7094 
f 10996 10401 2031 
f 9631 8649 242 
f 2679 10257 5601 
f 8070 3851 3914 
f 9315 11913 8822 
f 5601 10257 5508 
f 6751 740 2222 
f 11379 6686 12454 
f 3184 1242 7041 
f 6278 7963 11324 
f 4894 7812 8052 
f 11417 10532 2915 
f 2860 9157 435 
f 7041 5659 6038 
f 2688 5329 12108 
f 3356 5790 1304 
f 2233 7248 6396 
f 9484 5804 254 
f 6536 4781 3329 
f 12318 486 11512 
f 7584 11244 597 
f 1278 7234 12329 
f 646 5378 1362 
f 3214 11795 6753 
f 3657 3595 8294 
f 5736 3189 217 
f 1219 10882 9577 
f 1043 2406 3268 
f 5804 8348 12110 
f 8290 5951 2827 
f 7359 12137 7087 
f 10736 7883 10502 
f 10226 6714 12461 
f 3926 10244 11043 
f 3794 3186 12409 
f 4921 11003 749 
f 274 11119 11778 
f 6769 6893 6860 
f 5081 4271 4084 
f 7962 3108 5744 
f 3483 4990 8891 
f 12006 3498 3424 
f 4889 4256 4420 
f 3419 5528 9546 
f 3891 9744 903 
f 5381 6637 3587 
f 2335 4487 5370 
f 2428 9062 3892 
f 2352 6846 7933 
f 8728 9589 9602 
f 8601 3967 5761 
f 12090 2186 2447 
f 11331 2647 3866 
f 8715 839 4885 
f 4130 3942 6192 
f 4883 6272 11783 
f 1825 8557 4446 
f 2179 2671 3267 
f 1228 1347 1226 
f 7475 12468 11203 
f 6693 10443 6166 
f 528 2501 2538 
f 9220 8943 11319 
f 1560 8295 7778 
f 6163 6607 4401 
f 9948 11571 9221 
f 9356 4164 1767 
f 7724 7592 10886 
f 6362 10330 9072 
f 12441 6447 11059 
f 4485 624 5324 
f 5735 9917 8619 
f 2934 2927 3777 
f 6148 6368 5737 
f 2293 3504 9575 
f 7419 5107 8007 
f 3174 7564 5351 
f 5331 2402 7647 
f 8586 4994 2702 
f 143 9028 8539 
f 10144 83 9269 
f 3170 5022 9171 
f 10998 10630 9226 
f 3785 4205 4666 
f 2998 480 7619 
f 8608 8306 8607 
f 1496 3788 988 
f 4480 4393 3718 
f 1559 4079 6458 
f 124 171 5486 
f 4108 3258 888 
f 3213 2809 3007 
f 5138 8716 1138 
f 1047 10325 5071 
f 8442 10170 106 
f 5853 5841 6055 
f 470 5010 6512 
f 1700 12386 6293 
f 9132 11785 6929 
f 10627 3829 9962 
f 4922 10535 1724 
f 6785 6 1335 
f 9277 11487 2807 
f 10618 8211 2676 
f 7308 2769 9865 
f 7389 10720 6917 
f 4243 7194 11671 
f 9249 7831 8966 
f 11781 10943 11955 
f 3699 10939 6794 
f 5168 4169 10616 
f 6654 11163 3016 
f 8464 12498 10943 
f 933 10425 11903 
f 4254 6626 9278 
f 7248 11366 7210 
f 6457 8506 5238 
f 11193 1512 1003 
f 10391 10003 10382 
f 7329 8912 12191 
f 12383 742 1203 
f 4779 1817 3536 
f 6350 9370 8642 
f 2726 2224 3308 
f 6322 1549 5564 
f 10557 6758 984 
f 7869 6917 10720 
f 5502 4416 3639 
f 3915 9488 935 
f 10943 12498 4103 
f 697 9189 7809 
f 6230 6020 5820 
f 10546 10204 10919 
f 4391 5012 6751 
f 3168 11895 4100 
f 11297 939 449 
f 11337 6049 11880 
f 9840 9611 5274 
f 10487 11190 10857 
f 5157 9010 9572 
f 2269 12247 3479 
f 6731 5900 5082 
f 4013 4052 2400 
f 3853 1671 3324 
f 10783 3511 3568 
f 5446 5320 2899 
f 10951 2409 2268 
f 3276 3287 9158 
f 518 3543 4756 
f 3380 10006 10775 
f 232 4329 1380 
f 2338 1007 3469 
f 3681 4295 4343 
f 4618 7012 3814 
f 11579 5909 2225 
f 6750 5905 6026 
f 6982 2354 9950 
f 477 6978 3689 
f 3712 6966 2206 
f 4547 7012 5747 
f 8056 1181 4227 
f 9151 9188 1614 
f 5546 5144 6138 
f 8889 2206 2400 
f 9145 7996 8580 
f 2400 4052 8889 
f 2700 11635 11997 
f 7012 4547 3082 
f 6966 2400 2206 
f 11292 11283 11272 
f 8179 8395 2415 
f 6176 5760 5753 
f 9362 8893 11075 
f 11347 7225 871 
f 724 1157 865 
f 11453 12250 11447 
f 3809 11285 8018 
f 8092 9065 5661 
f 6936 9722 8662 
f 1192 4547 17 
f 3282 1192 17 
f 11951 704 5124 
f 3282 17 1557 
f 4131 12443 4218 
f 10060 9759 8032 
f 12160 12368 5531 
f 4647 11731 10215 
f 11541 10073 4521 
f 4716 3282 1557 
f 1726 1088 3319 
f 12296 9889 5907 
f 7934 307 5254 
f 10529 7747 1527 
f 6721 2328 3508 
f 8694 8374 8986 
f 7885 4716 2435 
f 4677 10091 10184 
f 4288 2407 5293 
f 11483 6477 12364 
f 4490 4364 9780 
f 7332 4774 1907 
f 3690 4629 11313 
f 10263 11088 614 
f 5356 5786 6199 
f 3709 6182 8286 
f 2408 7767 370 
f 9429 3802 2203 
f 3032 4346 10752 
f 10235 8216 11411 
f 2369 7334 9919 
f 10448 4632 1485 
f 9168 2938 8126 
f 729 786 1361 
f 732 7022 5463 
f 1206 1564 1572 
f 11092 4872 7069 
f 2148 12440 5979 
f 6994 1377 6552 
f 4237 11834 3188 
f 4064 3869 1422 
f 9534 12219 2361 
f 12468 5216 11203 
f 11894 12331 10768 
f 12124 5269 3886 
f 7836 7302 7831 
f 4877 5336 5758 
f 6767 10741 5634 
f 7588 9723 5400 
f 1430 7479 7873 
f 9187 9023 10641 
f 196 7756 4739 
f 2151 2515 7523 
f 5906 2627 3328 
f 1250 10776 8488 
f 10866 6291 6334 
f 5538 286 9729 
f 430 1775 9188 
f 4404 285 7958 
f 2813 3930 9047 
f 12209 8331 8869 
f 1013 5468 2223 
f 7866 10049 8039 
f 4585 2027 5733 
f 4774 700 1907 
f 2469 8253 2832 
f 6040 6922 7179 
f 9928 4876 4827 
f 10105 10127 10487 
f 200 4816 5903 
f 12035 11623 11616 
f 6693 9956 10443 
f 7233 9017 4428 
f 9390 4292 11749 
f 1107 4341 6996 
f 10873 4359 7953 
f 1574 2019 1095 
f 12283 8784 9293 
f 6562 10961 8166 
f 7171 10143 5326 
f 1652 8441 12438 
f 1958 8262 1520 
f 3369 4644 11808 
f 5422 6037 12473 
f 6079 8726 3420 
f 11612 4742 10963 
f 1622 2925 11068 
f 2751 6667 8351 
f 1655 4911 2307 
f 1379 1556 3331 
f 6443 6907 5816 
f 3660 3831 2056 
f 1374 703 10614 
f 668 298 4378 
f 5731 8382 8442 
f 8610 179 9959 
f 476 11831 11800 
f 11805 4836 4075 
f 311 7859 6945 
f 6225 443 995 
f 10984 11365 12148 
f 5046 11376 2972 
f 5469 4875 7961 
f 2627 2865 3328 
f 5973 5759 6842 
f 4006 1170 3788 
f 12242 3671 9919 
f 1879 1886 1568 
f 8754 12222 1413 
f 4040 11916 11769 
f 4661 8252 5513 
f 10842 2926 10854 
f 8400 10187 4892 
f 4971 8860 8758 
f 9068 5665 1305 
f 137 6522 11635 
f 4984 3422 6119 
f 5583 4135 1552 
f 7174 7515 5110 
f 8781 11599 6279 
f 4126 8125 4907 
f 10492 9885 4203 
f 10481 7418 8125 
f 12112 7770 9049 
f 426 10059 4390 
f 1217 1206 1208 
f 9066 3802 6744 
f 7418 10481 1148 
f 674 4721 8731 
f 7438 3475 9766 
f 5469 2560 11862 
f 10790 2406 1690 
f 6244 3504 2293 
f 7846 5483 6101 
f 1552 4135 12154 
f 9257 5660 811 
f 11769 6247 12154 
f 4000 2618 9554 
f 12112 9049 3386 
f 10481 1186 4996 
f 10699 9015 9265 
f 10481 1386 1186 
f 3249 1303 4856 
f 5159 4489 4916 
f 6808 4518 9750 
f 3204 7182 8602 
f 4000 3109 2618 
f 9453 5501 5924 
f 12395 11184 11982 
f 1095 624 5066 
f 12150 6665 861 
f 457 4859 1334 
f 8308 6178 8007 
f 2457 2236 2040 
f 2644 10817 6159 
f 34 58 57 
f 10517 8805 1605 
f 1295 1525 1539 
f 8130 6234 2999 
f 12008 1211 8877 
f 2398 2406 10790 
f 11682 11215 8697 
f 9982 2209 11295 
f 712 4748 626 
f 10114 7158 11930 
f 9569 9874 2928 
f 4944 6944 593 
f 4820 11139 8296 
f 3461 2604 7061 
f 460 942 5905 
f 1186 659 4996 
f 6427 11368 1825 
f 5701 9654 6027 
f 4124 9335 1205 
f 9782 2236 2457 
f 3913 5009 10199 
f 11036 7986 8411 
f 11243 8339 7823 
f 40 4708 849 
f 11115 12014 11173 
f 6549 4151 307 
f 4126 12 8125 
f 9778 4465 6815 
f 10893 2762 6635 
f 4802 9691 5377 
f 7948 1012 9977 
f 8379 3749 2028 
f 174 12053 11686 
f 1287 948 505 
f 12227 403 11062 
f 8413 2925 11745 
f 11839 7440 8513 
f 1402 1368 5149 
f 1056 4767 2772 
f 11470 5162 1859 
f 8980 6100 4954 
f 1031 708 6440 
f 11841 10509 3742 
f 4025 4015 3806 
f 7215 1376 1139 
f 3807 10902 1121 
f 12184 7380 8821 
f 1280 2457 4405 
f 2674 11051 2857 
f 4889 9178 6883 
f 5963 11788 1729 
f 3283 234 11728 
f 2419 2572 2934 
f 6303 6106 1086 
f 5058 6145 6561 
f 1859 6920 11470 
f 8180 3304 7852 
f 6373 4112 3195 
f 9285 634 1653 
f 1924 310 12262 
f 10360 904 9081 
f 12161 7567 5768 
f 8491 2864 5991 
f 1892 3643 6219 
f 10870 11305 2004 
f 3315 7880 7979 
f 6032 7413 252 
f 4777 8197 11691 
f 11360 1280 3371 
f 1630 9676 7505 
f 11373 11168 4275 
f 792 11373 4275 
f 7590 6295 1445 
f 895 7449 4092 
f 10475 9434 10455 
f 6163 7714 6607 
f 6290 5651 6930 
f 10875 11012 216 
f 4890 4897 8738 
f 6113 6123 8559 
f 9345 9058 9363 
f 7807 9535 8087 
f 10097 4407 9716 
f 8744 2724 12436 
f 5963 9764 854 
f 11349 8271 11353 
f 11354 10308 6412 
f 8702 2724 8744 
f 4197 5338 636 
f 11391 339 275 
f 53 11032 11197 
f 2736 2974 3869 
f 7257 9062 8138 
f 416 9192 4155 
f 12329 11509 10411 
f 4225 3721 4129 
f 315 2760 4967 
f 12314 12342 9692 
f 2607 11298 5415 
f 11965 2364 2207 
f 6892 6659 6670 
f 7105 7976 522 
f 9638 8896 8029 
f 7710 725 495 
f 1137 9938 583 
f 4360 6086 2647 
f 9578 10357 1676 
f 2979 2111 9364 
f 5897 5052 915 
f 9589 9267 9936 
f 3200 9380 3451 
f 9348 5218 8793 
f 7807 7545 7268 
f 2785 963 3518 
f 3146 11208 8348 
f 1653 1309 7135 
f 1119 6448 5393 
f 10007 5723 2231 
f 12024 2158 12436 
f 2231 4944 10007 
f 1789 3424 3498 
f 11576 6507 3947 
f 10265 2349 10761 
f 4149 2740 2399 
f 3837 7628 2996 
f 6028 9578 1225 
f 12427 10022 4172 
f 4766 11128 5676 
f 8459 12268 2327 
f 8933 9807 9209 
f 6909 10553 6973 
f 10732 1027 3751 
f 2835 11990 9467 
f 2115 6388 3714 
f 4843 10636 3838 
f 8819 4867 8124 
f 10900 600 93 
f 5766 7281 10733 
f 100 7050 1315 
f 740 5012 1185 
f 8380 9971 8944 
f 4564 9876 7355 
f 2707 532 9450 
f 887 3891 903 
f 7251 3055 11705 
f 4515 107 2315 
f 10885 5002 7156 
f 9148 1524 1811 
f 9099 1693 3958 
f 1606 1812 1814 
f 10954 9347 2757 
f 4375 8901 9775 
f 2901 3100 3734 
f 11141 9437 9440 
f 8724 8466 5332 
f 6866 6179 12428 
f 11933 5083 7735 
f 2515 5297 671 
f 49 223 231 
f 10620 10623 9870 
f 10328 222 265 
f 8447 7343 7313 
f 9774 5666 9416 
f 8785 6604 694 
f 287 10053 12021 
f 1992 6300 11205 
f 3846 3605 7373 
f 11049 75 8423 
f 3381 3721 3425 
f 8903 9388 6103 
f 6482 6255 7179 
f 1992 11205 11358 
f 1770 188 7904 
f 4182 7792 5115 
f 9251 4380 3508 
f 8720 9273 9003 
f 11358 5034 4340 
f 5217 4076 5669 
f 4986 1644 11322 
f 1988 1879 2161 
f 960 3441 5198 
f 6258 5713 5276 
f 4887 11183 5755 
f 45 13 24 
f 7007 6027 7028 
f 2999 6548 2212 
f 7756 7295 9956 
f 3308 3521 2902 
f 10403 6721 7364 
f 10233 4432 4805 
f 4222 11757 3246 
f 9284 415 1431 
f 5285 6981 12134 
f 11565 7448 3856 
f 2021 12309 9764 
f 11425 11310 4669 
f 944 8318 60 
f 5033 6667 386 
f 11574 11552 10510 
f 6235 2998 8093 
f 11346 3476 8191 
f 369 1146 2781 
f 5014 6630 808 
f 2029 6996 4341 
f 10660 300 337 
f 9747 10538 2141 
f 3892 12162 1447 
f 1819 7754 3546 
f 12182 3719 5239 
f 2974 10066 6127 
f 5669 2421 10138 
f 351 6033 11256 
f 2493 4140 11189 
f 3072 10330 6362 
f 2281 9352 2708 
f 11709 8297 4435 
f 12464 4656 1269 
f 5387 8592 2095 
f 8412 11519 1156 
f 2260 11005 10103 
f 7040 9287 10506 
f 10881 6771 7919 
f 684 5596 11644 
f 9641 5201 9071 
f 1517 1525 1637 
f 2275 11051 10909 
f 8632 8325 7502 
f 12040 8589 5267 
f 4355 4682 3988 
f 8684 3428 7449 
f 5634 3430 12418 
f 7134 4758 10452 
f 2698 2281 7249 
f 3713 4329 3310 
f 12434 10612 2093 
f 10905 5839 10171 
f 2877 12413 2596 
f 4890 3547 4933 
f 4699 12000 10669 
f 10927 11657 10913 
f 8598 7451 8282 
f 111 170 223 
f 648 1050 11193 
f 3183 10021 2811 
f 7426 7704 7427 
f 9288 272 10564 
f 2346 10495 11333 
f 6507 8148 10767 
f 4694 4044 10607 
f 4757 3359 10298 
f 8919 7922 8484 
f 10566 2538 2501 
f 3132 275 339 
f 2281 7901 7249 
f 2077 12479 9867 
f 2242 3954 8673 
f 5094 6867 650 
f 10990 6047 8468 
f 10174 12090 5025 
f 11873 6554 11875 
f 4659 5694 2903 
f 986 360 3310 
f 12012 7513 1915 
f 2854 8637 11810 
f 10171 5309 335 
f 1270 1306 9023 
f 1818 6161 8297 
f 772 9705 212 
f 7102 6800 9852 
f 2111 7202 11109 
f 6570 12041 5424 
f 9731 1582 6520 
f 3538 4494 4322 
f 6095 7664 12337 
f 7961 10504 2319 
f 7783 7611 8284 
f 10646 10279 8108 
f 10666 8290 3183 
f 7753 6232 4960 
f 6 81 9830 
f 3272 2016 7863 
f 1500 3948 3916 
f 10845 11510 2181 
f 6093 7747 10529 
f 6868 2304 3577 
f 9979 5513 8252 
f 4361 213 139 
f 313 249 451 
f 6932 7737 7199 
f 8947 8085 8955 
f 4740 2595 207 
f 10141 9836 11850 
f 6513 6064 3217 
f 3195 12012 7761 
f 11534 11543 10828 
f 2928 3897 6233 
f 9121 6838 4198 
f 7712 9678 5603 
f 2174 5691 11336 
f 4345 7105 11210 
f 8697 11215 10185 
f 5156 7354 7785 
f 2352 11094 6846 
f 11692 4330 9463 
f 7441 10704 990 
f 4905 4806 1840 
f 7824 8999 8693 
f 10352 5790 682 
f 7895 6848 7276 
f 8027 8471 10116 
f 8620 9628 10978 
f 10216 460 5530 
f 3266 3606 11664 
f 5837 10322 6064 
f 11134 4974 7009 
f 12469 7652 1620 
f 2549 996 6399 
f 3431 7171 5326 
f 7893 9908 11726 
f 9501 8486 1740 
f 3677 1620 5837 
f 3361 4946 3223 
f 6356 3056 7746 
f 1796 8323 2530 
f 11081 12297 11887 
f 437 54 508 
f 5215 9844 2582 
f 6531 6746 7228 
f 3523 1198 5882 
f 3677 12469 1620 
f 2803 8603 4766 
f 10878 8976 12125 
f 1609 12166 10638 
f 338 1899 5777 
f 5389 2264 3906 
f 4617 4217 4899 
f 6965 7224 7491 
f 11764 11823 5126 
f 5679 6757 10770 
f 3140 2791 3108 
f 11501 5990 2095 
f 1687 3655 1931 
f 10157 326 2016 
f 10878 6939 8976 
f 9370 9846 1667 
f 5808 6216 6013 
f 2488 2418 4816 
f 8322 743 3981 
f 10238 7748 2878 
f 6316 4008 6717 
f 3354 3159 3152 
f 10087 3491 5117 
f 2967 10482 1087 
f 7652 8435 1620 
f 11018 1158 6415 
f 9021 4831 7040 
f 4684 8269 11783 
f 10009 10589 12057 
f 6033 1730 11256 
f 11405 6066 11000 
f 4025 4232 3827 
f 4113 1395 3028 
f 8275 7698 10649 
f 12230 1800 11042 
f 6415 1158 5389 
f 11195 1940 5640 
f 10329 11447 10324 
f 8040 7473 8311 
f 6233 3669 12278 
f 1101 1919 10249 
f 751 2967 1087 
f 3190 3531 3212 
f 1802 6282 10922 
f 8789 7156 5002 
f 1802 10922 9892 
f 6184 1959 6941 
f 11096 5588 10258 
f 10310 7476 7829 
f 1786 8134 11529 
f 11575 390 1889 
f 8478 9512 5563 
f 12404 7447 8074 
f 11788 12046 1729 
f 7517 9802 9197 
f 7011 6990 10438 
f 11814 329 1706 
f 6469 11961 9524 
f 3653 4453 9837 
f 11921 11136 10780 
f 9963 3368 2967 
f 9892 10922 7463 
f 2732 2276 2178 
f 11387 11521 12111 
f 2036 1143 7353 
f 11595 10719 1510 
f 7159 7699 7696 
f 6551 10588 37 
f 5555 5956 5565 
f 4310 488 9397 
f 12059 10107 3369 
f 3555 4915 7439 
f 4974 4441 11988 
f 5347 9579 11014 
f 6080 10903 11951 
f 10690 12104 9646 
f 3978 9646 12104 
f 6930 5167 7396 
f 3450 4068 3864 
f 10614 11014 32 
f 7787 10525 9490 
f 4310 9222 488 
f 3965 1628 4893 
f 3079 7979 12060 
f 8310 130 5890 
f 6750 7536 2460 
f 6989 11012 2659 
f 10872 1493 10791 
f 5721 3799 3219 
f 3001 3191 3833 
f 3350 2598 3245 
f 2089 11429 3551 
f 7745 1453 1011 
f 1838 10690 9646 
f 6469 9289 7781 
f 449 4931 3793 
f 6179 2986 8262 
f 1435 5300 9758 
f 5103 11103 10372 
f 7595 8572 1120 
f 7824 8693 8099 
f 2329 2588 1906 
f 12200 7344 6110 
f 384 8756 7076 
f 1838 5199 10690 
f 4297 9467 9528 
f 6851 561 5370 
f 12057 10308 11354 
f 1965 214 9193 
f 11708 7463 6250 
f 10690 10584 9474 
f 2479 5437 1911 
f 3472 9967 8892 
f 5085 10102 824 
f 7308 9865 4187 
f 4091 4855 11274 
f 12032 11943 12274 
f 10525 12033 12045 
f 5199 8703 10584 
f 4217 10551 3907 
f 10339 2593 9075 
f 912 4425 11054 
f 9303 4961 11768 
f 759 11825 2801 
f 10008 12018 698 
f 9430 9441 9435 
f 4704 6664 1384 
f 4640 5854 8166 
f 6664 11260 1384 
f 3053 3250 1197 
f 11260 7795 9726 
f 5559 6656 4534 
f 9465 9787 9475 
f 11648 9235 12070 
f 2646 8 8235 
f 8993 1039 12217 
f 9426 4146 3509 
f 12463 1530 1760 
f 3575 10150 10787 
f 9337 8895 4744 
f 11730 7048 4118 
f 11056 4109 10365 
f 6443 7120 7391 
f 3882 8519 2487 
f 1482 9862 4152 
f 4960 4226 7753 
f 2889 3940 8196 
f 1729 12046 11245 
f 9932 8194 9537 
f 9507 7919 8630 
f 4212 9484 9515 
f 1571 4673 2579 
f 7776 7700 6404 
f 3619 3368 9963 
f 3829 2963 3471 
f 7686 4975 10196 
f 9753 10840 10470 
f 4687 3084 4120 
f 433 5363 10438 
f 9223 7540 4450 
f 1041 2301 2481 
f 3114 12472 4431 
f 5234 5388 5490 
f 4620 8677 1535 
f 5477 3733 11242 
f 8642 11215 11682 
f 8035 8663 9529 
f 166 1231 4072 
f 2395 4412 7504 
f 3873 6711 6209 
f 7604 3658 11626 
f 7060 12132 9383 
f 4808 12201 2172 
f 7023 6016 6919 
f 8853 11538 11535 
f 5627 4566 1275 
f 1275 11973 4869 
f 9685 3460 7167 
f 10423 4870 9287 
f 7985 11336 2426 
f 2481 2301 218 
f 3339 3565 4725 
f 1025 3495 3476 
f 812 719 5077 
f 5023 5587 11306 
f 1893 7679 9604 
f 55 111 64 
f 11171 10865 10852 
f 7382 10647 7354 
f 4611 951 2430 
f 11154 5944 11129 
f 9780 6518 9030 
f 11892 4749 4294 
f 10677 10313 9267 
f 8153 11827 5310 
f 213 8385 6848 
f 6058 6055 6262 
f 9280 6572 10296 
f 6615 2807 5103 
f 2441 2424 11531 
f 774 6030 11909 
f 11747 5971 1278 
f 11032 53 10737 
f 6206 10551 5371 
f 4869 11973 7153 
f 6548 2999 6234 
f 10796 10975 5251 
f 4908 10069 10009 
f 11807 4755 4605 
f 12282 11091 9275 
f 4478 3517 6593 
f 515 4081 10663 
f 7124 889 6263 
f 5922 3412 8410 
f 10356 10869 11900 
f 8109 7979 10146 
f 1289 4366 12367 
f 4698 3145 12203 
f 2213 5317 4092 
f 3486 691 3502 
f 9189 10227 11326 
f 2472 5384 497 
f 2548 9306 2988 
f 780 4239 11204 
f 7014 3664 9417 
f 2305 2481 10751 
f 9820 1784 1139 
f 2247 2399 2740 
f 8911 9197 9195 
f 1592 6979 10891 
f 136 8981 6879 
f 5719 1275 4869 
f 10352 11198 10107 
f 5156 7785 7216 
f 3013 9264 6880 
f 11106 6764 8625 
f 5384 9054 497 
f 1645 2617 6321 
f 8980 9389 6038 
f 10609 701 10288 
f 2659 10875 2919 
f 4784 1707 12232 
f 138 74 1777 
f 5698 7095 2603 
f 684 11878 5180 
f 11385 9293 1571 
f 5385 6426 938 
f 7089 2246 7814 
f 3283 11630 3338 
f 6579 6367 6369 
f 5388 11015 5580 
f 2831 9472 8245 
f 9564 1344 6418 
f 849 9204 7931 
f 12233 3583 1155 
f 700 3005 1907 
f 4824 3009 3826 
f 12222 3012 1413 
f 9729 6951 5538 
f 6851 9654 6638 
f 10152 8646 2788 
f 10650 2266 7025 
f 4153 3602 3637 
f 3616 8132 5337 
f 11693 3623 8092 
f 5314 8931 1407 
f 3078 2880 2862 
f 7694 1584 10193 
f 2663 6259 3968 
f 12308 11794 7231 
f 428 5685 8929 
f 11831 476 5340 
f 6238 3348 11477 
f 892 3348 6238 
f 4048 12086 11283 
f 6713 3990 2319 
f 7044 8503 1712 
f 1244 1136 1255 
f 11145 1743 11022 
f 9647 1412 6439 
f 105 11348 2128 
f 7815 8096 8097 
f 2767 5632 349 
f 4934 6879 11128 
f 9080 7111 11582 
f 11557 10857 12373 
f 5898 4238 9194 
f 493 8940 12151 
f 11110 7975 5924 
f 3134 9308 7754 
f 4038 6398 11243 
f 3797 7974 3710 
f 9641 7653 7950 
f 12472 8835 4018 
f 342 3589 8501 
f 1512 11193 1050 
f 514 9420 6468 
f 6176 5759 5760 
f 10109 510 10177 
f 5618 791 8460 
f 11618 3792 9155 
f 8028 7239 989 
f 3503 10177 4385 
f 2806 11477 1438 
f 1768 257 3905 
f 10114 8620 6310 
f 6838 9121 7053 
f 5879 11486 3580 
f 6464 991 11396 
f 10715 5925 1509 
f 3707 8904 9286 
f 2476 2468 3026 
f 230 11598 7480 
f 7812 4894 2047 
f 5548 6189 10007 
f 9340 639 1306 
f 8011 1029 10888 
f 348 12077 5253 
f 10650 8734 5208 
f 7277 9184 3135 
f 10626 4376 9238 
f 3730 5146 4471 
f 9652 1246 2196 
f 2196 1736 10750 
f 9159 3622 4035 
f 6367 6807 6156 
f 4073 9633 11355 
f 5853 6055 6271 
f 6324 10295 9914 
f 4689 12304 9909 
f 230 10514 6980 
f 10514 9617 6980 
f 2262 11009 1156 
f 2385 11901 6323 
f 8896 12413 1348 
f 9152 4376 12403 
f 5464 2563 11912 
f 12403 4376 10626 
f 12107 10626 7219 
f 6747 2026 6720 
f 10057 1929 5961 
f 827 340 1526 
f 1788 6471 5756 
f 5746 958 10402 
f 9438 10340 4121 
f 54 97 508 
f 3043 1085 6413 
f 11912 12065 5464 
f 40 6151 8172 
f 3692 6027 9654 
f 9285 5805 6491 
f 8109 10146 748 
f 10902 1165 8921 
f 10079 10026 7794 
f 6440 708 7812 
f 7516 2730 2426 
f 3748 7976 950 
f 1204 10888 6380 
f 9026 6431 5247 
f 10793 1698 9428 
f 12286 11868 7940 
f 3858 10633 11817 
f 2105 4508 4304 
f 7691 1689 5306 
f 3966 7802 5142 
f 3792 1085 8387 
f 6380 2287 1204 
f 3998 10421 8961 
f 6872 1940 4688 
f 10933 12008 11088 
f 6407 6609 4474 
f 8214 867 4998 
f 10142 1919 12042 
f 9745 7965 4990 
f 540 556 6056 
f 9684 9756 4374 
f 9854 9155 12174 
f 9264 7279 6880 
f 5665 4361 325 
f 10142 12042 1805 
f 4880 11712 11577 
f 3447 3875 2828 
f 2513 7523 2515 
f 12344 9887 6474 
f 2495 2398 10790 
f 1526 6596 827 
f 2599 4008 862 
f 592 747 596 
f 6880 2277 3013 
f 2277 1805 3013 
f 9618 8765 10734 
f 7999 4847 8210 
f 10050 11935 11127 
f 4761 9 8112 
f 3768 754 8492 
f 2133 9442 9978 
f 8195 2730 12490 
f 6171 5959 4863 
f 1489 1277 1058 
f 4631 8749 6682 
f 8210 4847 1553 
f 7098 5072 504 
f 5413 12133 1523 
f 2209 2817 4260 
f 2010 11483 12364 
f 5189 10168 95 
f 5240 1117 5972 
f 6996 2029 9859 
f 10011 2968 12460 
f 2672 9118 11877 
f 5972 2675 11673 
f 1554 6853 6572 
f 3105 10792 10552 
f 5732 3091 10793 
f 8914 6256 4338 
f 3280 6128 11141 
f 3812 5823 6774 
f 7759 1117 5240 
f 3241 5402 3578 
f 5625 1931 3655 
f 5399 3813 3316 
f 4686 7837 9177 
f 10133 5710 7604 
f 5961 492 333 
f 4216 11537 3808 
f 2300 2476 2144 
f 4172 10284 7568 
f 12098 2021 9764 
f 4774 8129 9350 
f 8629 9844 7344 
f 10058 9219 12423 
f 10576 8941 11332 
f 8094 10444 4447 
f 15 6918 5036 
f 3056 12203 3145 
f 7579 7349 9203 
f 3160 7579 9203 
f 10089 3908 4241 
f 8044 10679 4341 
f 3606 1860 2680 
f 11285 2917 8018 
f 2802 12185 10452 
f 3029 12412 2131 
f 3567 2573 2937 
f 10634 2544 6342 
f 10576 3508 2328 
f 2316 2102 11492 
f 3563 150 10152 
f 11868 11125 9131 
f 3683 7466 6211 
f 8140 8717 8728 
f 2893 12289 1446 
f 7238 8334 8071 
f 8333 8220 4681 
f 2965 3798 8561 
f 8781 6279 2662 
f 931 1259 1264 
f 834 8312 94 
f 5525 7072 6636 
f 10990 8468 1746 
f 1761 3533 1318 
f 8122 1032 4445 
f 11820 11540 11856 
f 9089 2949 11396 
f 2442 10953 2321 
f 1164 4937 56 
f 7082 2512 8586 
f 439 3738 4312 
f 9829 2045 2127 
f 6718 7734 6934 
f 3934 8476 1021 
f 1808 1252 264 
f 1702 1116 1790 
f 10095 11288 6656 
f 1312 905 681 
f 1825 11750 8381 
f 3896 3600 11907 
f 11650 2970 5477 
f 8897 7309 6212 
f 4723 10944 32 
f 8102 819 4004 
f 6997 6790 3913 
f 8216 3530 5550 
f 855 8627 446 
f 8887 3790 8504 
f 12316 5805 9285 
f 10143 7713 8199 
f 2595 9281 5285 
f 5185 3723 5395 
f 10254 10265 1684 
f 3346 8197 11077 
f 4240 6082 8817 
f 11657 11263 11655 
f 1962 4838 10669 
f 6154 86 120 
f 11881 3237 7020 
f 6118 3050 1885 
f 1360 9403 11664 
f 519 5094 1540 
f 5918 2077 8098 
f 1239 652 2883 
f 1858 121 401 
f 8559 5217 11461 
f 7715 7704 8278 
f 4913 3087 6822 
f 11462 12160 5173 
f 6437 4291 12065 
f 418 1548 6740 
f 12057 12437 10009 
f 12008 8834 11088 
f 3907 4899 4217 
f 572 10740 6710 
f 10760 10730 3761 
f 2093 177 10141 
f 5154 181 2204 
f 5108 1894 10046 
f 615 9550 10291 
f 7937 609 10473 
f 6836 3809 8018 
f 12212 9346 3474 
f 2407 3579 6437 
f 621 3627 6869 
f 3499 10482 5908 
f 3947 9328 11576 
f 907 8181 483 
f 3412 695 8627 
f 11528 2949 9089 
f 6082 7025 8817 
f 8779 1833 3627 
f 2518 4176 9935 
f 6909 1939 4168 
f 1412 12362 8184 
f 1405 1517 1288 
f 10647 7382 2437 
f 1822 7682 10368 
f 6891 20 7863 
f 701 12491 870 
f 2805 2462 3423 
f 4634 4265 4846 
f 9204 7416 7570 
f 2244 11839 10555 
f 4030 1479 7056 
f 7089 7814 3961 
f 9208 800 9198 
f 6697 1788 1628 
f 4162 10492 8191 
f 10530 11095 3526 
f 9265 9565 9927 
f 5814 5077 599 
f 11362 4902 11811 
f 669 911 1822 
f 8610 8612 1091 
f 7946 1154 6312 
f 7204 1073 12432 
f 10417 9384 9690 
f 3960 7044 10262 
f 1592 10888 10476 
f 5113 12233 1155 
f 1399 1681 6461 
f 10655 11238 4240 
f 7150 4408 3401 
f 1060 7412 1934 
f 12060 7063 3079 
f 3560 1480 12011 
f 557 1805 3824 
f 4099 5565 5339 
f 863 6270 6104 
f 4636 4831 9021 
f 4457 5584 1735 
f 2952 12017 3502 
f 7145 10230 727 
f 5857 5853 6271 
f 4993 449 10528 
f 6311 11345 9609 
f 1381 9074 3212 
f 10524 4880 567 
f 6561 7545 6789 
f 3652 3439 3440 
f 3651 8333 10031 
f 785 8439 5489 
f 1383 6730 7649 
f 4461 7264 9266 
f 7466 9924 11488 
f 6713 8557 3990 
f 9078 9086 9680 
f 2934 3138 2761 
f 3098 2200 3096 
f 3633 4122 7333 
f 9639 298 6268 
f 482 1749 12379 
f 7330 10981 6374 
f 8133 6798 6478 
f 5494 796 11639 
f 11124 10089 4241 
f 1535 290 1763 
f 5518 8437 12006 
f 8527 9875 8780 
f 3156 6836 5136 
f 137 3873 6209 
f 9520 10269 9525 
f 4315 2051 5782 
f 5106 3365 7527 
f 2924 11287 3365 
f 4307 11704 1853 
f 292 2913 5281 
f 4061 8939 7291 
f 2924 3365 129 
f 2924 158 5728 
f 4770 581 6359 
f 9924 5132 4367 
f 721 7685 8461 
f 8881 1471 11721 
f 5657 1352 8035 
f 10775 7515 3911 
f 9899 8302 9889 
f 1436 7527 3365 
f 6192 6215 6627 
f 1028 11146 9925 
f 7068 3731 10212 
f 3564 4367 1028 
f 8267 9120 8812 
f 9404 6494 2759 
f 11020 1230 12142 
f 11554 1135 256 
f 6314 12257 874 
f 153 156 145 
f 10215 11731 11758 
f 5012 12269 10981 
f 9958 5657 10493 
f 7561 9328 3947 
f 8357 4786 8386 
f 12221 10305 4498 
f 3064 9485 336 
f 1193 7778 7939 
f 3649 12397 11946 
f 6703 731 6123 
f 921 11835 2888 
f 5307 4846 4642 
f 5606 4916 4691 
f 6918 11092 10213 
f 3929 4838 1703 
f 5291 1359 1168 
f 126 490 637 
f 886 2560 11697 
f 7248 2233 11380 
f 10909 107 11249 
f 4954 6100 9067 
f 5328 5174 10479 
f 2000 7532 1854 
f 8406 3441 960 
f 1665 1591 10693 
f 5971 3581 843 
f 1507 10399 7709 
f 6364 2517 9116 
f 2290 4523 9855 
f 10575 802 6834 
f 5745 2188 8910 
f 7926 9349 3149 
f 3926 11043 5261 
f 9674 1618 12427 
f 2326 11751 11597 
f 5238 5316 4249 
f 10703 7984 9487 
f 5016 1083 834 
f 11366 7248 11380 
f 8277 1365 10070 
f 3982 5650 4732 
f 7968 7403 7991 
f 6593 11964 7568 
f 6512 6169 470 
f 284 9871 359 
f 1277 1489 1492 
f 6379 7659 7984 
f 2502 9322 6611 
f 8943 8355 9217 
f 4764 4498 10305 
f 2040 2871 6814 
f 2429 10305 11569 
f 8591 395 12452 
f 2131 713 667 
f 12345 4896 2975 
f 1830 2740 2387 
f 2250 11978 1874 
f 9996 11299 8345 
f 9156 8150 3220 
f 10545 798 2374 
f 11696 930 8851 
f 936 6595 617 
f 4087 2664 2331 
f 6168 3489 7519 
f 3727 8500 3656 
f 2429 3535 756 
f 4407 11269 202 
f 11886 8706 6086 
f 2541 2987 9593 
f 9674 12427 11964 
f 12350 11504 12320 
f 2639 5184 11084 
f 6609 6407 5817 
f 9335 1932 1205 
f 4496 1809 77 
f 2575 9746 9903 
f 1929 9153 4620 
f 765 472 255 
f 10163 4063 10122 
f 2265 10606 9501 
f 11807 4294 1898 
f 1095 5066 12103 
f 7424 12300 2137 
f 5852 12374 2045 
f 2415 3786 8179 
f 7555 7001 6657 
f 7001 7183 4065 
f 3439 4058 3447 
f 1555 1176 12306 
f 9206 2414 11312 
f 1253 4244 3634 
f 11588 11184 12395 
f 3971 8201 650 
f 7043 2748 1983 
f 4714 6408 10085 
f 9537 2444 11590 
f 8559 1935 3815 
f 11944 355 443 
f 8977 2812 6195 
f 1748 12085 5061 
f 12203 4156 4698 
f 11676 12067 11270 
f 8066 10228 9583 
f 671 6738 2561 
f 4840 2981 6450 
f 1794 2497 9311 
f 3754 9987 7011 
f 1606 1716 1611 
f 2915 11776 11417 
f 9210 6007 1928 
f 4313 12098 4590 
f 3742 6292 8666 
f 8379 8474 3749 
f 5163 3942 3540 
f 1580 10658 5292 
f 10646 8688 9910 
f 9918 4763 5883 
f 5061 12085 2679 
f 8878 6249 8593 
f 2045 4966 2127 
f 9686 11446 3374 
f 2002 12247 2269 
f 11575 3970 390 
f 8701 5061 2679 
f 2845 6498 3396 
f 2044 6939 1922 
f 10993 1950 3182 
f 9087 9094 9680 
f 5061 9334 1748 
f 4409 10999 9359 
f 9547 7823 8339 
f 3289 3787 8974 
f 2550 11740 7721 
f 5932 11824 1240 
f 7664 8361 7954 
f 489 545 452 
f 6650 3014 2176 
f 6390 1168 568 
f 4723 32 1832 
f 540 5976 766 
f 4125 6252 10477 
f 1558 9692 458 
f 10611 11365 10984 
f 5381 12486 5964 
f 12180 9582 6478 
f 2777 2962 4652 
f 1994 9603 9659 
f 8005 7970 7665 
f 5529 752 7103 
f 121 10311 401 
f 11370 8468 6047 
f 3089 6637 9338 
f 6061 2926 10842 
f 4881 5615 10921 
f 8013 12485 8182 
f 8666 3554 7947 
f 217 9261 6059 
f 4499 4582 4538 
f 8738 8299 8383 
f 11777 3347 5038 
f 7712 554 719 
f 9221 11571 1881 
f 8874 11641 11985 
f 3189 5736 5884 
f 2471 5383 2193 
f 3883 8870 11106 
f 7308 4187 446 
f 8560 190 7638 
f 8876 7263 8375 
f 8803 8202 74 
f 854 9764 12309 
f 7869 10720 9193 
f 4087 3260 4658 
f 9168 215 2660 
f 11819 5533 4861 
f 3748 522 7976 
f 2221 2543 2547 
f 11570 6310 3862 
f 10476 6979 1592 
f 9835 4495 8979 
f 6072 12445 5325 
f 7828 9055 9358 
f 4235 1870 11667 
f 5426 8383 8299 
f 865 1276 992 
f 1094 11734 1303 
f 7770 8862 9049 
f 10170 12185 106 
f 8972 1459 9612 
f 7393 9450 268 
f 9098 11664 9403 
f 594 825 746 
f 7427 7715 7991 
f 2311 1701 9522 
f 321 7814 4787 
f 4110 2141 4680 
f 12100 11113 7818 
f 10383 2285 1138 
f 9816 6000 11544 
f 5540 1837 2703 
f 7875 7542 281 
f 8442 106 6188 
f 12375 1958 88 
f 5220 9338 3559 
f 9752 447 11646 
f 4270 7877 6646 
f 8934 4571 5806 
f 3718 4567 10724 
f 12060 7979 7557 
f 5342 5595 4099 
f 7494 7762 7771 
f 11142 4788 12309 
f 11964 7034 9674 
f 12314 8935 12342 
f 2405 8874 670 
f 3436 7912 1040 
f 3991 1272 10695 
f 6446 4464 8449 
f 12000 4699 9817 
f 9100 11939 9687 
f 2920 11918 9336 
f 4722 9946 12378 
f 2819 4079 12360 
f 9503 727 5089 
f 1632 2831 6362 
f 11615 341 5741 
f 9765 11326 6286 
f 7669 8514 7431 
f 3233 10478 3678 
f 5353 9109 5619 
f 8425 4289 4315 
f 8880 2260 6078 
f 11051 7470 10909 
f 8136 7858 9600 
f 2325 11481 602 
f 1695 4657 6703 
f 11305 9039 11822 
f 8753 694 8836 
f 3327 8770 7656 
f 8097 7270 7815 
f 1252 11130 264 
f 462 2625 597 
f 3341 4959 3974 
f 2531 9828 8687 
f 1719 8880 3484 
f 11442 10389 11001 
f 12253 10420 3394 
f 1059 10362 7559 
f 10886 5997 9341 
f 6816 2909 11255 
f 11092 9776 9166 
f 639 8529 1002 
f 11884 10000 7160 
f 1521 8430 7042 
f 12340 3637 11199 
f 6508 7805 3087 
f 10784 5016 12294 
f 5588 11609 4817 
f 8375 2215 9111 
f 3925 82 6430 
f 4003 4752 3353 
f 4547 5747 17 
f 11092 9166 4872 
f 2964 9228 8391 
f 8290 10666 11906 
f 7878 12082 5340 
f 8705 7358 2139 
f 1942 4661 1756 
f 9191 9786 9785 
f 1897 221 1899 
f 6102 2458 5442 
f 4194 11947 118 
f 362 6959 11047 
f 6351 12466 12019 
f 10300 5414 4785 
f 2113 4398 12333 
f 996 3111 5465 
f 10123 2685 5151 
f 12416 10405 5681 
f 6141 6784 6564 
f 3442 8924 5076 
f 5248 6297 5471 
f 10148 9452 8034 
f 887 9644 8543 
f 5172 12302 8892 
f 7738 6482 7460 
f 804 1162 1288 
f 9627 10116 389 
f 12491 701 2787 
f 7427 7704 7715 
f 9242 5850 5127 
f 752 3 7103 
f 7710 8424 8468 
f 1503 10456 9263 
f 10088 10076 10075 
f 12454 7714 11379 
f 2467 12430 11231 
f 12181 3855 5536 
f 5820 5410 4947 
f 1964 3639 8833 
f 3264 8792 10022 
f 10637 9884 10269 
f 9827 10190 10204 
f 8550 8244 7968 
f 7071 612 10802 
f 6136 9791 11819 
f 4154 5322 10104 
f 7311 7577 7855 
f 5155 5808 5614 
f 4012 1623 2360 
f 269 2400 6966 
f 11583 388 6599 
f 5210 1170 122 
f 9629 10592 11410 
f 93 12139 2552 
f 3665 175 4841 
f 4565 3759 5153 
f 1380 10317 3664 
f 3747 1872 748 
f 1294 4533 2782 
f 4014 4054 3364 
f 11672 684 11644 
f 12364 6477 5670 
f 11901 2385 1332 
f 1705 6411 881 
f 4025 5236 4232 
f 7476 12137 1315 
f 11129 11021 6124 
f 2578 7826 8313 
f 1937 11371 7716 
f 5964 1433 8958 
f 10187 5105 8959 
f 11689 4437 10441 
f 8358 9940 4112 
f 8272 4994 9803 
f 3029 2131 2869 
f 11753 3005 10404 
f 6488 5145 10432 
f 1787 3959 8976 
f 10427 10785 9387 
f 3531 282 6676 
f 3707 10849 8931 
f 2695 1560 1051 
f 10446 11551 3077 
f 5207 9925 12027 
f 8930 2493 10155 
f 4914 2824 3254 
f 9931 12359 11232 
f 9339 3961 321 
f 1852 12348 5499 
f 6714 133 1421 
f 8363 8087 9232 
f 8479 8942 8250 
f 1635 4233 8062 
f 3625 11848 9763 
f 11872 5154 5134 
f 11671 7194 9160 
f 4354 7035 8243 
f 6067 1665 10693 
f 1969 8353 4371 
f 11229 12340 1643 
f 6296 6539 1515 
f 1264 1267 1147 
f 3370 2867 9009 
f 4575 2746 2142 
f 3728 370 7767 
f 3980 7301 4021 
f 9099 8644 1693 
f 7752 281 10450 
f 6648 6889 7116 
f 1284 11506 11910 
f 11199 10858 6641 
f 7550 7566 12189 
f 4781 9702 399 
f 9548 12051 6256 
f 8448 2132 7528 
f 11001 4502 11442 
f 5981 5679 12482 
f 6423 1090 8291 
f 4165 9491 6359 
f 4081 613 8739 
f 3266 5929 1682 
f 12100 9335 5232 
f 4435 5731 8442 
f 4323 3757 3752 
f 10041 6136 2155 
f 6887 7374 7434 
f 6098 7750 6085 
f 4105 3413 2213 
f 9658 12292 11500 
f 173 8088 10503 
f 12033 12431 11627 
f 11056 8852 11219 
f 10094 7725 2235 
f 733 572 4954 
f 2054 2139 7358 
f 8251 4332 11608 
f 3337 494 8247 
f 7877 8318 6844 
f 4435 2552 12139 
f 3891 8157 2092 
f 6837 6933 2369 
f 2257 7987 11264 
f 669 10379 911 
f 11739 1743 2731 
f 12243 7276 12055 
f 3203 7569 2237 
f 4809 8043 11749 
f 2372 7705 7045 
f 9743 9430 10113 
f 5363 11357 12076 
f 12278 12145 12335 
f 4597 1900 2511 
f 8399 8507 5401 
f 3273 8078 8912 
f 6922 6040 6914 
f 3771 2937 3353 
f 8166 10961 4640 
f 10882 10517 9577 
f 11748 5099 10581 
f 3509 4146 6384 
f 918 951 4662 
f 6642 9042 3343 
f 7584 6769 5577 
f 6399 5707 8521 
f 10581 4165 11748 
f 6621 360 11733 
f 9048 5524 8411 
f 6437 12065 11912 
f 9750 4518 455 
f 4743 10955 4652 
f 1236 1220 1235 
f 9884 9525 10269 
f 1595 4279 5638 
f 8507 8378 11345 
f 384 11909 6030 
f 5052 7681 9957 
f 4129 117 2689 
f 1108 9741 8578 
f 3992 10663 1613 
f 7994 8597 1973 
f 9606 3175 7132 
f 576 8480 11464 
f 7216 10441 6841 
f 11133 4482 4609 
f 4611 960 8552 
f 3160 188 4558 
f 445 6854 9122 
f 1584 1521 10193 
f 6108 11902 11352 
f 7750 8038 8034 
f 6770 518 8128 
f 7438 8776 6370 
f 9804 5763 9771 
f 10444 5072 4447 
f 5285 8641 2595 
f 4463 6320 5408 
f 4935 2060 12102 
f 550 9594 11463 
f 8073 6372 1758 
f 1481 4775 1809 
f 7625 1522 11757 
f 4393 6768 1914 
f 1552 6837 5583 
f 5697 7702 4706 
f 3185 3466 7017 
f 1284 12215 9969 
f 2942 5338 4197 
f 2520 8686 1031 
f 4178 4518 8898 
f 3098 2890 2200 
f 6952 7199 7473 
f 3511 5300 3568 
f 855 446 8455 
f 438 8180 11838 
f 6099 6741 6742 
f 6606 8776 3591 
f 1247 3080 4418 
f 10365 3510 1414 
f 5011 10919 11472 
f 10268 3435 4813 
f 10735 10240 7584 
f 4191 4643 6054 
f 12166 1609 4370 
f 880 9563 3951 
f 3332 11381 4518 
f 8323 1796 2649 
f 1200 9107 3755 
f 11855 8000 4184 
f 11604 607 11957 
f 6454 6696 7408 
f 1933 6786 10980 
f 12384 9004 7099 
f 5626 483 12323 
f 3201 4751 3479 
f 9801 9787 10527 
f 272 9288 10047 
f 3830 9172 10323 
f 10729 10479 1985 
f 7713 7171 8199 
f 1844 6992 3347 
f 11492 2102 6596 
f 1601 4976 4951 
f 2279 8746 1504 
f 3049 7629 6088 
f 5287 4780 9816 
f 11578 1634 11817 
f 8683 1193 7766 
f 11805 4075 292 
f 2434 2771 2431 
f 11002 1673 1721 
f 762 10662 10843 
f 7533 3649 8015 
f 9750 2236 9782 
f 8185 7257 3839 
f 7016 1239 2883 
f 4826 6349 5063 
f 10189 1197 1892 
f 5331 12141 5490 
f 3745 6011 4252 
f 11700 7562 2353 
f 5958 1140 1195 
f 2490 1998 1996 
f 315 4639 292 
f 3579 3650 11390 
f 1665 75 10725 
f 11470 659 5162 
f 10752 4346 9553 
f 2765 3103 4269 
f 6756 9810 803 
f 1978 12348 1852 
f 3183 2811 2820 
f 4854 4591 2619 
f 5091 9296 11765 
f 4899 9515 4617 
f 12152 2511 1900 
f 9316 1294 2782 
f 3176 2904 9916 
f 1279 9069 1003 
f 11339 7461 3877 
f 9296 792 11765 
f 5541 9372 4227 
f 3113 2630 8324 
f 2171 3750 7366 
f 10258 5588 4046 
f 7089 9803 5598 
f 1466 4902 2273 
f 3409 4952 2946 
f 1181 8183 4227 
f 10363 11972 12459 
f 4890 8738 3547 
f 2338 3469 8495 
f 12132 11816 6052 
f 10024 3736 12394 
f 196 7295 7756 
f 4809 4755 7850 
f 11180 959 5811 
f 9787 9801 9475 
f 8428 5811 11614 
f 5549 6156 5307 
f 4544 7937 11959 
f 6997 250 11314 
f 2634 946 7108 
f 1756 11751 10078 
f 9489 9982 154 
f 4495 8971 8979 
f 3702 4281 3270 
f 4177 4082 1191 
f 5471 5460 5225 
f 10228 11303 9583 
f 11178 10465 9500 
f 2076 6778 9811 
f 6830 11126 9562 
f 376 11044 7914 
f 3425 3721 11421 
f 11507 10766 1304 
f 6900 3545 5297 
f 10976 8347 7278 
f 2201 1908 2179 
f 4020 1043 4314 
f 7843 1937 9114 
f 11502 3763 4519 
f 1940 6526 5640 
f 9464 8618 8907 
f 2023 2136 440 
f 2022 6785 5211 
f 9507 1027 4302 
f 1872 5925 748 
f 11091 12282 8641 
f 10871 8763 5458 
f 10134 8101 8696 
f 7923 8190 8193 
f 11547 12322 1921 
f 12024 12436 11775 
f 4721 10244 8731 
f 10653 5525 9302 
f 1811 12124 9148 
f 2347 2377 8084 
f 4150 722 8631 
f 10190 10554 10919 
f 4907 6334 10950 
f 127 12439 8408 
f 11058 10976 1774 
f 12157 8675 2796 
f 5305 11404 1445 
f 1142 1480 3560 
f 4291 6377 9459 
f 6364 12258 11555 
f 7307 4665 8381 
f 3579 2070 4291 
f 485 1023 278 
f 4373 12335 9312 
f 1336 2146 8948 
f 4073 4992 6150 
f 5731 8297 4424 
f 1932 9335 7818 
f 7645 4350 2611 
f 12024 4973 2158 
f 1692 8205 9923 
f 886 2644 9381 
f 3634 7327 7728 
f 9133 3701 7951 
f 8297 5731 4435 
f 12240 2437 7382 
f 3592 613 10157 
f 5965 5393 9960 
f 4751 3113 3479 
f 8718 12358 10918 
f 1729 11245 2376 
f 3236 10899 10826 
f 1652 12438 11497 
f 825 594 902 
f 7589 8908 2497 
f 2674 7342 7374 
f 10726 11468 11480 
f 5621 4372 9383 
f 11709 12139 600 
f 6346 5724 3860 
f 5915 4794 11705 
f 7956 10340 650 
f 5426 7913 10612 
f 9418 1585 9406 
f 3617 1207 7852 
f 10914 3882 5780 
f 12468 3153 5352 
f 4964 5420 5652 
f 4586 2268 2409 
f 6614 6734 6699 
f 11328 2653 8276 
f 12067 6160 1451 
f 10801 4412 6790 
f 11358 4340 1992 
f 11615 1108 341 
f 9899 9889 12296 
f 332 7479 7010 
f 11219 5923 1533 
f 9278 11678 1375 
f 3688 2566 2610 
f 4963 11423 844 
f 6925 3744 1605 
f 6354 9580 3443 
f 1486 1265 1276 
f 9962 5685 7444 
f 5223 12141 5331 
f 8880 7048 3200 
f 3031 8073 3963 
f 10770 820 5679 
f 5222 11767 3780 
f 9255 4830 5610 
f 8928 3754 11098 
f 5552 11894 10768 
f 126 111 55 
f 11875 11395 10931 
f 9951 6301 12462 
f 8572 424 618 
f 5271 3491 6130 
f 10354 8565 1560 
f 5832 8037 652 
f 3547 6438 11589 
f 5217 3815 4076 
f 2079 12368 1967 
f 10609 10288 9598 
f 8030 6590 8730 
f 4417 4634 4623 
f 280 5371 6019 
f 3604 7112 8023 
f 4556 9282 6324 
f 6049 5470 12491 
f 885 839 8715 
f 2064 1403 1224 
f 7011 9987 6990 
f 7800 87 5785 
f 3750 1873 11900 
f 3575 9681 11262 
f 6651 5163 4327 
f 8060 8634 8920 
f 9080 1979 4195 
f 5068 10817 5469 
f 9182 4735 7169 
f 7014 1925 12074 
f 9982 11295 5739 
f 548 553 11599 
f 8762 12276 2122 
f 5442 2458 7668 
f 11880 10555 11772 
f 7299 3188 12477 
f 8406 1856 5192 
f 764 7161 4952 
f 5977 5565 8434 
f 2395 11217 4810 
f 8386 7851 11953 
f 6277 5443 5857 
f 8509 9078 8774 
f 4572 509 4364 
f 5634 227 6767 
f 9597 10940 2519 
f 10600 5452 5377 
f 9645 2705 3217 
f 10350 6306 5213 
f 1545 1543 1173 
f 4633 10905 10171 
f 5910 3504 2742 
f 658 8640 2895 
f 2723 5708 10424 
f 2458 1821 8830 
f 2207 1825 8448 
f 3440 3439 3229 
f 3097 947 1054 
f 9628 7625 10978 
f 4023 2098 352 
f 7221 6306 6236 
f 10306 12234 11415 
f 5940 3886 5269 
f 10369 4201 5360 
f 4168 12487 10553 
f 8297 6161 4424 
f 7728 6990 9987 
f 8496 2935 6309 
f 10127 10490 10487 
f 11254 1451 1696 
f 1392 1774 10680 
f 7748 3993 9749 
f 10931 1622 11875 
f 8105 7302 7280 
f 7618 9630 12178 
f 2873 6474 324 
f 623 630 157 
f 1190 141 1905 
f 11730 6798 10381 
f 11821 8723 1849 
f 3446 5390 11491 
f 5807 2122 114 
f 2769 9444 5144 
f 2215 162 7318 
f 6236 9422 7221 
f 10357 9578 9675 
f 4925 2220 11393 
f 11838 1443 3205 
f 5266 7347 10902 
f 9012 10152 2788 
f 6396 9773 5021 
f 3825 2993 5495 
f 2653 11328 12309 
f 8009 10358 2413 
f 9563 4948 11264 
f 820 10770 5833 
f 2688 8924 5967 
f 5757 4035 6582 
f 7733 1500 3916 
f 1451 6160 1696 
f 4756 8128 518 
f 679 11145 11022 
f 7985 11161 11336 
f 9689 8225 7978 
f 6236 12319 9422 
f 8543 805 8157 
f 7516 11336 5691 
f 9693 3466 448 
f 6151 9409 8172 
f 313 314 249 
f 9559 8151 2080 
f 731 1935 8559 
f 12319 6236 5678 
f 3747 1792 6864 
f 270 1020 2772 
f 3376 3171 3366 
f 11183 8638 8984 
f 9645 3217 7235 
f 1685 3367 3763 
f 6132 6547 6985 
f 1176 12254 12306 
f 11052 11456 9616 
f 6032 252 9607 
f 10218 1533 5923 
f 6881 1699 10043 
f 3038 5678 6004 
f 5032 2011 11843 
f 9558 7094 11450 
f 9098 10028 11664 
f 987 1259 931 
f 7760 1952 5612 
f 3451 11526 3200 
f 4101 12446 4355 
f 3149 2655 4248 
f 1050 648 6970 
f 6089 4439 2383 
f 1082 7087 172 
f 11511 1976 3074 
f 6510 7444 7030 
f 2548 2988 10701 
f 5128 5823 3812 
f 181 9469 2204 
f 8254 11979 9294 
f 11472 11999 10353 
f 8751 1818 11709 
f 11241 10583 9199 
f 2784 11826 6308 
f 3099 3022 5687 
f 9620 9033 7361 
f 5691 3677 6513 
f 8308 8110 9257 
f 6513 3677 5837 
f 1434 1571 9293 
f 7856 6034 3228 
f 9955 3300 4539 
f 2564 10404 1981 
f 8840 3296 10949 
f 4886 1882 3668 
f 4034 7018 11567 
f 5691 2174 3677 
f 2826 1327 1428 
f 2338 12239 5396 
f 3038 3906 12319 
f 33 13 34 
f 6872 6462 967 
f 11100 9983 10364 
f 7992 8409 1163 
f 2789 2284 2609 
f 9289 10164 4969 
f 9518 9245 7027 
f 11583 6599 6677 
f 7939 7778 10892 
f 2722 2702 2626 
f 5756 11684 1788 
f 2577 10086 5637 
f 6969 3799 5721 
f 4667 2861 2612 
f 66 3886 5532 
f 7906 10384 1286 
f 12150 496 6665 
f 2006 5572 12274 
f 1672 1673 11002 
f 9149 8280 10039 
f 964 10735 7584 
f 10505 12187 5514 
f 1597 1341 11549 
f 11187 7206 4240 
f 1620 10322 5837 
f 2418 397 201 
f 1052 2227 6186 
f 2985 3187 3191 
f 9694 6457 7 
f 393 4602 6311 
f 1467 10032 7510 
f 9844 10959 11997 
f 6671 6538 2322 
f 9021 7040 10930 
f 4348 3760 4736 
f 11501 10058 12423 
f 514 2382 3819 
f 2569 3388 10456 
f 12392 12112 3386 
f 3551 11429 10156 
f 6376 1751 3103 
f 563 2185 9298 
f 1207 11511 3074 
f 2279 1076 3381 
f 6987 2863 2690 
f 1335 12261 1603 
f 7399 6694 7696 
f 2329 1585 1245 
f 9799 9497 11442 
f 9866 9857 9843 
f 11473 4153 12340 
f 9797 383 2414 
f 6211 2127 3683 
f 4161 9696 4803 
f 1756 4661 6237 
f 4647 6354 574 
f 10061 10082 10073 
f 8209 10351 9470 
f 3162 2532 8887 
f 5969 10923 6000 
f 11897 9639 6901 
f 5135 10518 8273 
f 40 8172 2661 
f 6242 8702 9236 
f 8267 8596 9136 
f 9855 1350 2214 
f 5243 6049 11337 
f 10537 11448 10708 
f 720 893 6875 
f 9892 7463 11177 
f 11177 7463 7245 
f 4014 3364 374 
f 5725 8843 12458 
f 10373 6264 7519 
f 6049 5243 3644 
f 4157 5999 2718 
f 11816 12132 3904 
f 8352 8652 9209 
f 12296 7469 9534 
f 11953 160 8357 
f 1838 7463 11708 
f 10419 5243 5055 
f 8814 7216 6841 
f 284 359 4477 
f 746 825 957 
f 11079 11476 12320 
f 7441 2352 2910 
f 2893 7965 9208 
f 1331 1322 1330 
f 3914 8298 6689 
f 2636 4960 7943 
f 1426 3713 11733 
f 9001 695 5522 
f 8761 2156 7409 
f 9718 2729 10588 
f 594 385 905 
f 4330 11692 7193 
f 4375 4881 10745 
f 1128 3201 3672 
f 6664 7795 11260 
f 12473 6232 7753 
f 4083 5592 3657 
f 9650 4577 5321 
f 7660 4759 3836 
f 5892 6133 11076 
f 11661 10191 2528 
f 8891 10723 3483 
f 1039 8993 4219 
f 4138 4057 2685 
f 8761 3235 1141 
f 8548 11534 9414 
f 142 11249 107 
f 5315 12037 6452 
f 10315 680 10994 
f 712 7074 4748 
f 8079 12437 11354 
f 8614 12143 560 
f 4601 3729 2397 
f 10707 12094 5664 
f 12440 1310 10266 
f 9116 9633 4073 
f 1055 5821 4316 
f 3884 11103 5103 
f 9337 9701 8895 
f 9704 5488 9968 
f 3898 8228 12440 
f 6928 4944 6428 
f 8396 2645 1176 
f 7338 9482 5050 
f 8185 3892 9062 
f 1100 5062 9597 
f 8722 474 4147 
f 760 2130 853 
f 4366 3070 769 
f 3247 3805 7717 
f 5220 10706 3089 
f 1189 10541 10659 
f 4666 4205 10108 
f 11683 2341 4208 
f 7169 435 9182 
f 10108 8869 12272 
f 10147 2614 11515 
f 12106 10378 6881 
f 1622 11873 11875 
f 12492 174 5952 
f 9853 12290 1714 
f 4566 11973 1275 
f 165 6855 11114 
f 8506 6521 3789 
f 12159 1541 6998 
f 1097 9233 9088 
f 11598 4245 6126 
f 3777 3999 3138 
f 5758 6612 6827 
f 3462 1061 5653 
f 7607 8149 6620 
f 6076 2368 3895 
f 959 10236 11614 
f 11793 2723 3342 
f 9032 3475 8156 
f 8795 6546 9623 
f 7228 7496 7502 
f 242 4646 3370 
f 8872 5203 5182 
f 6174 8309 2216 
f 9892 11177 3743 
f 9051 7850 10426 
f 4241 3908 11922 
f 3459 2823 3047 
f 11882 2637 5858 
f 3001 3003 3002 
f 1912 1376 1367 
f 9475 8913 9465 
f 6634 8791 2344 
f 6759 1237 7910 
f 3276 2344 8791 
f 3515 8305 6667 
f 1059 7559 12124 
f 971 1190 1905 
f 1679 5746 7478 
f 2726 2217 2224 
f 218 6398 4038 
f 10568 2471 2193 
f 10075 7405 8244 
f 11652 12045 12033 
f 7346 190 10294 
f 9539 3569 7202 
f 2637 8002 7324 
f 12134 535 10515 
f 9065 1470 6272 
f 3253 4440 3470 
f 2796 11561 2581 
f 6533 7082 8586 
f 4456 6295 9459 
f 3592 1237 1588 
f 6622 6706 799 
f 4515 6704 107 
f 10043 1699 3686 
f 1430 7029 7010 
f 1873 3750 12293 
f 6573 8530 5833 
f 1439 5501 3493 
f 1624 3513 1986 
f 10633 3182 11806 
f 4467 12326 4785 
f 703 11639 7 
f 12458 4581 5725 
f 353 9316 2782 
f 5345 10827 4760 
f 12351 115 2474 
f 636 9595 3566 
f 8312 1083 5127 
f 10413 9689 8812 
f 4526 4987 4492 
f 8593 4957 3954 
f 12135 8130 8541 
f 8668 4255 7946 
f 11818 11995 589 
f 5024 6010 6336 
f 3383 3821 4200 
f 1327 2826 8922 
f 4451 1428 10500 
f 8330 3726 4245 
f 4355 3988 4101 
f 502 7190 9314 
f 4233 547 8611 
f 10090 10996 2031 
f 11600 10203 11270 
f 10205 4868 11301 
f 4763 3264 10022 
f 10969 497 9054 
f 11166 3021 12476 
f 3665 10513 11198 
f 10512 11926 10890 
f 12155 11049 1247 
f 9766 3475 5503 
f 2410 7003 3694 
f 10522 5534 4987 
f 3335 1642 2039 
f 2728 4505 5661 
f 12441 1048 4821 
f 9917 3843 12451 
f 3903 10969 9054 
f 12008 10933 1211 
f 7640 7100 7116 
f 5578 5973 5131 
f 1602 966 1629 
f 1543 1296 954 
f 8289 6352 11019 
f 11328 10508 11741 
f 7540 4509 4450 
f 1453 11715 8261 
f 29 10315 3192 
f 7271 3597 2430 
f 10092 10685 3062 
f 9156 9114 8150 
f 10969 3903 3503 
f 7471 5996 134 
f 1396 2042 11761 
f 12179 938 1771 
f 4341 10679 4051 
f 10670 1627 7323 
f 12300 10810 2137 
f 4044 10449 10607 
f 9206 11104 5887 
f 12402 2312 1501 
f 8931 9395 3707 
f 11403 3876 6649 
f 2177 2868 2840 
f 6550 10258 4564 
f 9814 9852 9810 
f 4968 2257 2603 
f 230 5425 11598 
f 11598 10281 4245 
f 8051 8697 12307 
f 5443 4543 5433 
f 3414 4331 8152 
f 9037 2625 10051 
f 8463 4762 10600 
f 760 1878 2130 
f 10041 11794 12308 
f 9297 7673 5658 
f 6065 5663 6297 
f 8452 482 548 
f 3561 7294 2690 
f 2618 11748 9554 
f 3428 8684 11178 
f 3490 27 5521 
f 3448 4949 2013 
f 3283 5120 11630 
f 7899 5486 4684 
f 11961 5622 2801 
f 7219 9238 3095 
f 8754 7184 11790 
f 805 5581 8184 
f 8600 1438 9652 
f 10753 9042 4178 
f 11327 6873 5425 
f 7836 8394 7315 
f 8785 5638 10235 
f 4388 5597 5871 
f 87 10095 5785 
f 1759 747 1753 
f 4418 3080 11642 
f 6420 8337 7917 
f 512 7830 11440 
f 8749 12009 4202 
f 1381 11495 7323 
f 9313 5543 10435 
f 3835 3280 6410 
f 6980 465 9152 
f 1094 12279 11734 
f 9308 8662 2033 
f 3815 5217 8559 
f 1017 878 1295 
f 793 5881 10297 
f 8220 8333 5048 
f 6573 8942 8479 
f 9170 10433 1112 
f 753 1518 6797 
f 9989 11087 9679 
f 10784 12294 11843 
f 5905 5530 460 
f 9499 6050 4508 
f 1769 2094 1662 
f 10603 324 6075 
f 3468 8982 10789 
f 5411 4067 3901 
f 11463 1961 550 
f 2869 2131 545 
f 1085 3792 6413 
f 10577 11585 4356 
f 165 3257 3464 
f 5062 3583 6980 
f 5480 8408 3392 
f 7496 7765 8054 
f 1944 2412 2247 
f 3360 8934 3294 
f 10521 8827 1282 
f 7968 7385 7403 
f 4155 3632 12323 
f 9155 9854 4761 
f 2106 2101 2116 
f 1919 2287 12042 
f 9820 102 6724 
f 6536 9511 4781 
f 8087 7799 7804 
f 1958 1520 4720 
f 4761 1382 9155 
f 9558 5288 5234 
f 8329 8054 7763 
f 4693 2867 3271 
f 5390 8453 11491 
f 9893 1663 5582 
f 577 3395 8718 
f 8466 8724 3899 
f 4100 7586 11028 
f 12209 2422 11503 
f 11290 5305 301 
f 1012 2277 6880 
f 6371 6344 3251 
f 2068 9561 11048 
f 3548 4327 4149 
f 8501 3589 9480 
f 11954 2678 11687 
f 8848 1700 3231 
f 2110 8452 548 
f 6474 6075 324 
f 3464 3257 9805 
f 485 278 345 
f 2849 2259 1060 
f 7279 1012 6880 
f 2531 3314 9828 
f 7279 5439 2675 
f 3928 7655 7868 
f 12119 9984 2909 
f 7285 3899 7339 
f 4212 4899 12488 
f 9162 3395 4815 
f 3681 11594 4295 
f 12202 12100 5232 
f 11545 8922 3977 
f 1857 12270 7287 
f 8609 11845 6894 
f 3363 1693 10332 
f 8666 7947 9405 
f 10547 10250 6623 
f 8370 8097 8096 
f 4664 4641 9755 
f 7376 280 3645 
f 4327 3548 2929 
f 9281 12299 6151 
f 10458 8917 10320 
f 9857 10222 9843 
f 5586 8685 2450 
f 1066 8868 4539 
f 2003 3910 711 
f 6164 3775 6755 
f 4851 1755 2275 
f 9758 10858 11199 
f 8296 3043 11585 
f 8036 11839 2244 
f 5828 1671 8508 
f 2204 12321 11993 
f 10364 9983 9626 
f 9490 10525 12251 
f 9123 11268 7066 
f 7359 10001 3130 
f 6508 7061 164 
f 10112 6715 10844 
f 6484 6222 12177 
f 9463 606 11692 
f 6177 5960 4658 
f 1494 10769 3122 
f 8079 4031 856 
f 3871 1010 1459 
f 2451 11998 9795 
f 6967 1610 5112 
f 8954 7840 5625 
f 2502 929 11784 
f 9972 6775 11420 
f 2043 8789 4600 
f 1216 6689 7150 
f 3620 3624 4221 
f 6767 227 10165 
f 9277 12001 4160 
f 9108 7941 7674 
f 1105 9368 1820 
f 1367 8552 8323 
f 8045 10859 6658 
f 9102 6079 12422 
f 2930 6811 11043 
f 3712 3032 6966 
f 1807 9383 6052 
f 3866 8706 8957 
f 9204 849 7556 
f 736 2150 10500 
f 10416 11571 6251 
f 7587 1791 8103 
f 4184 6438 12249 
f 8055 983 6293 
f 4762 7505 9360 
f 9784 11213 11218 
f 6042 611 7130 
f 3961 4266 8272 
f 11824 5932 9085 
f 1835 1864 8227 
f 6042 3912 611 
f 10859 6727 6658 
f 4035 4138 6582 
f 11123 2781 9266 
f 2023 9413 513 
f 4825 5487 7336 
f 12312 12122 11289 
f 8807 8011 6316 
f 7720 3673 9650 
f 4282 3478 3470 
f 615 3570 2100 
f 7634 6402 7574 
f 10921 1383 2704 
f 8671 1782 9319 
f 9897 3861 6158 
f 3879 7802 3966 
f 7313 4563 5796 
f 8932 11916 6668 
f 10364 11079 11100 
f 9838 2012 2875 
f 9514 10929 3262 
f 3372 9254 3251 
f 11432 4679 8209 
f 10187 3862 5105 
f 8802 4910 997 
f 2648 5987 8058 
f 1546 8255 6129 
f 170 641 223 
f 8586 5962 5598 
f 1774 1392 7833 
f 4428 5608 7233 
f 507 7571 1848 
f 1282 6076 10521 
f 4657 1935 731 
f 1635 11981 6508 
f 8960 7757 5027 
f 921 8266 11835 
f 3265 3437 8973 
f 3506 8862 7452 
f 788 3387 1495 
f 11847 16 11530 
f 6272 1470 11783 
f 4370 11893 11430 
f 2759 416 3572 
f 7025 8734 10650 
f 3820 2990 10126 
f 860 2207 3438 
f 9506 2786 10185 
f 716 10563 9964 
f 9818 389 10839 
f 5419 6239 5178 
f 10867 1657 5101 
f 5340 476 7878 
f 10392 4103 6355 
f 1683 2166 1785 
f 70 3912 3121 
f 415 8340 12292 
f 5162 2588 1859 
f 5130 10837 5231 
f 10390 9937 4821 
f 11919 7735 7582 
f 10424 6465 2723 
f 12439 127 1281 
f 11441 8033 7271 
f 6697 8969 3130 
f 6266 5912 3993 
f 3134 7754 3050 
f 10147 11515 11207 
f 7981 8822 9362 
f 5054 758 52 
f 7121 3306 2640 
f 10379 1881 911 
f 2134 9476 4475 
f 6912 8517 11460 
f 3784 9378 7576 
f 2673 4739 3137 
f 6461 11238 10655 
f 9738 10075 9125 
f 2814 3230 9582 
f 8209 4679 10351 
f 4793 10129 2238 
f 1114 8356 6087 
f 52 7821 6490 
f 8816 62 5791 
f 1064 3314 8022 
f 8722 1009 387 
f 9478 1202 8462 
f 6108 6816 9806 
f 11642 5345 4418 
f 2680 754 2596 
f 7004 8672 7546 
f 12468 5352 3968 
f 4479 8549 2378 
f 10882 2489 10517 
f 5171 1252 11026 
f 10540 9807 10533 
f 5043 4592 5268 
f 5136 4454 1890 
f 3869 12041 1422 
f 546 9864 8743 
f 8017 4317 4924 
f 6886 8295 4894 
f 6604 5506 364 
f 9298 5091 563 
f 4924 2642 3232 
f 1653 8263 1309 
f 4924 3232 4562 
f 11097 4630 7357 
f 11411 7178 10084 
f 1151 3931 7021 
f 8021 4562 3232 
f 10944 1478 1411 
f 1460 4352 906 
f 9609 393 6311 
f 1961 11699 12144 
f 10748 7214 299 
f 7867 8386 4786 
f 763 10044 7914 
f 11414 1282 7894 
f 3427 2999 9833 
f 7387 2952 691 
f 10234 2397 3729 
f 7986 5660 9048 
f 5434 11317 11569 
f 3232 5132 9924 
f 11167 11483 6947 
f 8205 5067 9923 
f 4585 5733 8594 
f 11180 10570 959 
f 3035 7211 5682 
f 9309 8770 12334 
f 1171 1017 1539 
f 6594 3629 9483 
f 8239 7945 8238 
f 2601 4867 1686 
f 4842 7576 9378 
f 6769 7584 10240 
f 1436 3365 11287 
f 11825 9615 2540 
f 10008 12197 4360 
f 603 3840 6596 
f 9606 7113 8230 
f 8696 9020 1284 
f 7475 3211 3153 
f 1916 5916 10963 
f 7437 7581 11707 
f 10277 3647 3744 
f 7420 384 7076 
f 9039 6931 2083 
f 2316 11492 11918 
f 814 1054 947 
f 5067 598 11700 
f 7646 1111 4270 
f 6847 11146 1028 
f 246 305 296 
f 12327 5015 5978 
f 1059 66 8974 
f 470 1507 7709 
f 10577 8296 11585 
f 11013 4307 1853 
f 5994 4098 5246 
f 7630 9019 8800 
f 5868 4667 3638 
f 4414 3613 8283 
f 6360 10608 6766 
f 5440 5855 5655 
f 11557 10830 10857 
f 7101 12120 6962 
f 10397 3576 8061 
f 11833 11316 853 
f 7440 11839 10370 
f 16 11847 2643 
f 5822 4448 10115 
f 11835 8798 2888 
f 10686 10011 12460 
f 7633 8346 3391 
f 11145 4767 2731 
f 1756 6237 11751 
f 8923 7261 498 
f 8689 9096 12205 
f 6244 9202 5147 
f 57 33 34 
f 3244 3689 9382 
f 8068 6865 10883 
f 10682 5291 1046 
f 4556 9914 2303 
f 3107 934 78 
f 10305 2429 4764 
f 7064 6612 5336 
f 12248 9911 2306 
f 8986 9259 8694 
f 11239 635 10789 
f 10899 2304 4024 
f 2971 11222 978 
f 10478 7572 3678 
f 6585 10767 8820 
f 20 11622 638 
f 2291 2106 2120 
f 12026 6725 3902 
f 10545 2374 866 
f 2157 1895 1797 
f 6512 5010 866 
f 10000 11884 11735 
f 599 5077 2491 
f 7386 8459 6185 
f 1538 5579 3408 
f 12331 8449 11926 
f 4137 3938 4489 
f 9895 9244 10667 
f 1874 2429 756 
f 4338 8727 3843 
f 4609 5529 10239 
f 4772 3542 3764 
f 9039 2103 3691 
f 3328 11956 2350 
f 6537 6858 12241 
f 9810 2606 9814 
f 8158 11747 6048 
f 2322 11719 4085 
f 6035 6486 3718 
f 2317 7149 10764 
f 7288 3230 661 
f 2263 2858 4031 
f 2809 3213 2810 
f 318 9433 10688 
f 4198 6838 2737 
f 5645 8268 10297 
f 7489 7555 6657 
f 5791 4762 9360 
f 7001 4065 6657 
f 2504 5392 4047 
f 6414 11353 11240 
f 3530 5638 2449 
f 2136 9469 181 
f 11984 10027 11602 
f 2210 10621 9137 
f 10502 4571 8787 
f 1746 8424 8017 
f 1460 906 4953 
f 8524 4156 6356 
f 6644 5722 5641 
f 10781 2670 6322 
f 8537 11688 9368 
f 9338 5220 3089 
f 329 7077 10831 
f 11835 4741 8401 
f 4741 3584 8401 
f 4394 9052 10988 
f 2872 491 3057 
f 8599 9893 5995 
f 1169 291 5492 
f 2827 3183 8290 
f 8393 4864 1370 
f 5468 5574 11540 
f 3625 4796 8304 
f 3219 842 9466 
f 4596 5115 4423 
f 1331 1351 1674 
f 6879 5351 123 
f 11040 5539 9691 
f 6506 5248 6096 
f 8626 8063 8050 
f 2434 3163 2771 
f 6196 7442 5709 
f 777 11580 4811 
f 673 6585 7404 
f 4072 8353 1969 
f 9757 12495 8156 
f 8941 5998 11332 
f 1721 1955 12075 
f 10134 8696 101 
f 670 3936 4260 
f 11543 11958 11171 
f 2020 9541 11791 
f 5246 2129 4011 
f 11182 4328 12390 
f 2679 1498 8701 
f 1714 9207 9853 
f 8632 8911 8325 
f 6021 1726 5421 
f 3844 5220 9715 
f 8363 9232 8955 
f 6204 1791 7587 
f 7246 1593 1094 
f 6337 8647 7521 
f 11407 10730 6441 
f 1902 10092 2692 
f 7158 11646 10268 
f 12454 12444 3148 
f 5601 12223 7678 
f 5601 7678 1902 
f 2559 8934 5806 
f 5645 10297 956 
f 6014 3711 5623 
f 4400 2970 6313 
f 9261 217 3480 
f 3480 217 3189 
f 3517 5353 1317 
f 5496 10604 2377 
f 7481 5688 5255 
f 3472 8892 6338 
f 6789 6988 6347 
f 3378 3155 4015 
f 3385 4344 1926 
f 4690 3650 8139 
f 9957 6274 8918 
f 7464 2581 11326 
f 10830 10819 10818 
f 3878 4265 3459 
f 5617 11325 2097 
f 7905 8774 8765 
f 9333 11543 11534 
f 11375 9652 5195 
f 6717 8897 6212 
f 11972 6639 7134 
f 11335 5968 11400 
f 9570 239 11873 
f 8706 11886 12457 
f 3635 11736 9776 
f 4551 12119 6728 
f 12398 9468 8692 
f 2460 9173 527 
f 2097 11441 5617 
f 9213 4749 65 
f 1340 9551 7531 
f 6392 1907 11029 
f 2310 10806 7789 
f 1476 2850 3219 
f 11361 11365 9863 
f 10804 4438 7133 
f 8491 6908 11284 
f 3718 6486 4567 
f 10505 425 12187 
f 10263 5774 1308 
f 9445 9898 11763 
f 5386 11938 131 
f 6261 2531 8687 
f 5064 10701 6921 
f 3078 2862 3481 
f 7425 10045 4951 
f 10972 5111 11026 
f 10090 3937 3935 
f 5090 4686 7360 
f 11187 4240 8817 
f 4953 11853 7115 
f 8488 5024 7084 
f 759 2801 3349 
f 8692 12167 4113 
f 7017 810 2684 
f 7305 8772 10312 
f 2916 9940 1221 
f 6057 12380 5044 
f 2221 1814 2901 
f 1966 1765 11516 
f 9723 7588 5334 
f 9205 4331 7841 
f 2391 236 9660 
f 241 183 11252 
f 1555 3157 8320 
f 4276 10838 8777 
f 6723 9223 1493 
f 10321 984 6758 
f 970 7472 4971 
f 10728 4759 7660 
f 11763 576 5133 
f 11136 11927 11525 
f 4442 2531 1843 
f 8063 8065 6977 
f 9408 3457 2373 
f 3398 6185 8459 
f 1659 10027 11984 
f 178 5910 3989 
f 6580 7013 7292 
f 2708 3040 1268 
f 9741 3092 1959 
f 6499 6729 6496 
f 4792 8510 8060 
f 2504 4047 2135 
f 162 10592 7318 
f 8418 7702 5697 
f 2749 2404 2922 
f 4830 8213 2276 
f 4386 9228 4603 
f 1457 1208 1578 
f 10242 10979 11361 
f 4360 3196 6086 
f 5925 14 646 
f 711 1293 1128 
f 668 10482 3499 
f 4528 10715 1509 
f 6177 6378 6171 
f 6723 665 10713 
f 4222 3246 8128 
f 1329 11813 2753 
f 11540 5574 2288 
f 1674 2157 2638 
f 10465 6794 9500 
f 8678 2039 574 
f 704 10903 10345 
f 9372 4389 7688 
f 3681 4795 9143 
f 574 2039 11731 
f 9691 10600 5377 
f 82 5528 3419 
f 9521 2141 10327 
f 12033 9366 12431 
f 3780 1651 7515 
f 2663 12231 4100 
f 4963 3914 1216 
f 2666 8564 4722 
f 6819 5203 8872 
f 3509 5102 11267 
f 7869 2620 5600 
f 9724 4523 1647 
f 1602 11281 12328 
f 5039 5421 5893 
f 8481 7252 6724 
f 2671 1998 2496 
f 7541 6346 6558 
f 2696 2669 4786 
f 9648 4941 10867 
f 7580 7031 6818 
f 6991 6782 6346 
f 3490 4192 27 
f 5793 6976 7296 
f 9878 12425 10995 
f 3464 9923 5067 
f 9732 7694 3281 
f 10479 6302 91 
f 8933 9209 8652 
f 8490 2085 11803 
f 1358 4855 3778 
f 9611 11364 5235 
f 8864 4708 9570 
f 5319 5347 4249 
f 823 4618 2295 
f 2226 11604 9013 
f 188 1646 3612 
f 1778 6034 10848 
f 8207 6679 8208 
f 777 5218 9348 
f 4647 574 11731 
f 7348 10132 2877 
f 3267 3492 3703 
f 1618 1248 7972 
f 1001 6918 10213 
f 2438 4712 1122 
f 3295 12114 304 
f 1253 3634 9539 
f 4475 10934 5387 
f 11056 10365 8852 
f 695 9001 11631 
f 9707 6897 11163 
f 2890 1458 1599 
f 2870 4159 8185 
f 2594 4013 10276 
f 6391 8339 7153 
f 4013 2400 269 
f 2107 3292 1835 
f 7512 1600 2086 
f 4103 823 2295 
f 6765 8107 2050 
f 2524 4452 11629 
f 8904 8494 9286 
f 7240 11035 3217 
f 7891 2133 4568 
f 2133 9978 4568 
f 4359 2337 11707 
f 1576 330 1456 
f 2384 11029 2564 
f 10122 5681 10405 
f 4951 10045 10861 
f 6011 1977 4022 
f 2743 9673 356 
f 5103 2807 3884 
f 2442 10736 10953 
f 4217 4617 7531 
f 9997 10567 1269 
f 12380 6057 10243 
f 4823 12129 11273 
f 1044 7377 753 
f 47 5117 9376 
f 2303 72 4556 
f 5770 5977 7070 
f 9164 6092 4206 
f 5355 9840 5318 
f 3712 11804 3032 
f 10680 1774 7278 
f 9529 8663 11999 
f 3670 1342 7396 
f 8113 1950 3501 
f 3801 9571 11271 
f 5395 11767 11464 
f 9478 7816 12459 
f 8360 7998 6553 
f 4514 4091 4320 
f 5686 993 685 
f 3152 3565 3142 
f 3723 11383 4802 
f 10430 1615 8710 
f 1814 1716 1606 
f 5438 10898 3591 
f 7231 1302 9342 
f 6310 3399 1923 
f 4193 4525 4543 
f 12207 9303 11768 
f 10950 6291 9000 
f 10352 682 3665 
f 3642 12349 6087 
f 11260 12130 1384 
f 3301 11376 9336 
f 958 3297 2786 
f 11601 6095 7334 
f 2525 2179 3267 
f 3934 5607 8476 
f 5397 562 11116 
f 9612 9207 8972 
f 4051 5015 8750 
f 10950 6334 6291 
f 568 9102 3434 
f 9491 4165 10581 
f 7859 6429 6400 
f 7334 9000 6291 
f 3847 12040 5267 
f 6819 8872 6904 
f 8385 10467 6848 
f 11867 11083 11085 
f 4972 11163 6897 
f 7334 2369 11601 
f 3339 4725 4729 
f 1444 8031 6267 
f 791 7615 8460 
f 11723 10253 3403 
f 4796 9763 6001 
f 2430 8470 4611 
f 9409 6739 8172 
f 6297 6489 6065 
f 4867 7649 6730 
f 5057 9225 12135 
f 6037 5422 1977 
f 11887 10780 10393 
f 6642 8221 10752 
f 3233 3678 3437 
f 7056 1063 983 
f 4295 9213 3776 
f 6361 3723 9706 
f 4493 4579 3653 
f 2712 4150 8631 
f 885 11582 839 
f 9886 10637 10654 
f 3493 6084 1413 
f 2086 7622 7512 
f 1764 1032 12116 
f 6164 5947 7394 
f 10107 11198 5505 
f 9637 7848 5466 
f 3316 4116 7845 
f 9619 10786 520 
f 6737 6952 7217 
f 10332 1715 12285 
f 8649 4646 242 
f 2411 10010 3039 
f 8340 415 9284 
f 1543 1545 1752 
f 1526 9808 7002 
f 8799 5569 9526 
f 5127 5850 8312 
f 3974 5178 4510 
f 6208 5153 48 
f 906 2891 9036 
f 8759 5543 1135 
f 7700 8003 6404 
f 9102 2432 6079 
f 5107 3625 6801 
f 7392 9282 11274 
f 206 5793 11029 
f 11692 11969 3122 
f 4034 10065 7018 
f 4070 194 7043 
f 3442 11568 10727 
f 9042 6642 4178 
f 1065 1277 1283 
f 7083 3908 11252 
f 6642 3332 4178 
f 11836 5091 9096 
f 8671 7663 2830 
f 1318 2815 1761 
f 3953 5099 11748 
f 11212 5702 11681 
f 3379 6962 4519 
f 9689 10413 10020 
f 11131 3120 12474 
f 9996 6393 6253 
f 7450 11056 11219 
f 3741 4143 4494 
f 11972 10054 12459 
f 10587 4371 8192 
f 4093 11381 739 
f 7517 7772 6761 
f 6341 9131 9137 
f 3817 3285 5765 
f 11535 3844 11939 
f 11895 6259 4100 
f 12051 9548 1772 
f 10612 177 2093 
f 1092 12363 7397 
f 865 1157 1394 
f 5718 6921 2988 
f 4828 5926 5296 
f 1529 6645 871 
f 5527 12162 4159 
f 8184 2954 11636 
f 3306 7416 9204 
f 12 1386 8125 
f 7401 10601 3618 
f 3528 770 12212 
f 7582 8089 742 
f 1080 10996 3471 
f 7557 7880 1549 
f 10275 11957 1418 
f 149 4791 7642 
f 2237 3168 3203 
f 6406 8066 9583 
f 38 848 1621 
f 6862 4691 5139 
f 4178 3332 4518 
f 6775 4381 6351 
f 3696 8490 6875 
f 10639 4408 1320 
f 7579 6972 1024 
f 4428 5397 8633 
f 1386 12 3302 
f 7438 2597 3133 
f 11948 7595 3405 
f 8029 11898 9638 
f 9593 2987 5519 
f 2618 8573 10206 
f 10489 8028 2471 
f 11217 2395 7504 
f 1019 4336 5261 
f 1335 6 9830 
f 1885 1911 5437 
f 9951 12462 2371 
f 10118 12393 99 
f 3132 339 6500 
f 8736 5228 1711 
f 4821 9937 6447 
f 8898 4518 6808 
f 2312 12402 8042 
f 11621 6708 6165 
f 2413 1667 9846 
f 11489 11533 9761 
f 10444 11521 11387 
f 7069 11508 6179 
f 6830 9562 6394 
f 9083 1285 1974 
f 9706 3723 4802 
f 4779 10660 337 
f 8345 8120 10597 
f 11495 10670 7323 
f 2884 11870 3083 
f 10316 6361 9706 
f 7711 3558 11307 
f 5586 8138 9062 
f 5025 10380 1980 
f 7158 10114 743 
f 763 200 10044 
f 7790 4004 11863 
f 8413 11745 11637 
f 9130 9432 9154 
f 1552 12154 6247 
f 1343 10695 10239 
f 2457 4363 8851 
f 1443 5385 3099 
f 11196 10034 9041 
f 8161 1122 2494 
f 563 5091 11836 
f 1825 2207 6427 
f 8690 1939 6909 
f 4069 2546 5021 
f 6704 4515 10689 
f 4814 5278 4608 
f 5490 5580 5331 
f 3138 3999 3150 
f 4892 8677 8400 
f 659 8535 7106 
f 3326 8196 3940 
f 393 9609 991 
f 7119 7636 7939 
f 4228 4200 3821 
f 9056 11108 11566 
f 10866 12401 8376 
f 1421 133 11797 
f 2352 5002 2910 
f 9363 9668 9345 
f 7800 6545 7915 
f 1636 6661 6516 
f 3737 9296 9298 
f 7314 4034 7222 
f 4014 5885 2891 
f 1751 738 7534 
f 3383 3181 3609 
f 1406 2457 11360 
f 8478 4624 9436 
f 832 944 5378 
f 4588 10081 273 
f 4102 9187 8020 
f 11370 1184 9796 
f 4945 7479 332 
f 7577 8127 7855 
f 12345 2975 4516 
f 9035 1462 11797 
f 2198 9880 3832 
f 6920 2652 11470 
f 1251 1045 1477 
f 3991 10695 11175 
f 12318 8344 3162 
f 9836 10246 3064 
f 3666 1510 2831 
f 2589 792 9296 
f 12418 8801 4883 
f 3642 3337 12349 
f 7746 9961 1345 
f 14 5925 5040 
f 9267 9574 10672 
f 1415 4827 4876 
f 6256 8727 4338 
f 6849 928 11410 
f 8744 9236 8702 
f 10831 308 1706 
f 3862 1923 9358 
f 662 9730 5444 
f 5020 10409 10375 
f 4511 1299 9021 
f 3213 4053 2810 
f 9054 5384 5191 
f 8576 7387 691 
f 8677 10187 8959 
f 2082 4614 5835 
f 267 9539 2111 
f 7627 8979 8971 
f 7775 2276 8213 
f 9507 4302 4318 
f 2625 462 8378 
f 8 1503 8405 
f 11511 3617 3846 
f 2487 10572 4353 
f 11007 11784 10635 
f 3800 4958 5152 
f 10311 10542 9992 
f 5597 4378 1496 
f 4919 1437 5355 
f 9465 8626 8902 
f 5893 10137 6514 
f 10036 9998 11118 
f 3939 6810 4343 
f 9653 10393 9690 
f 3974 4510 3136 
f 4501 2306 5874 
f 5193 67 1009 
f 4359 5416 7953 
f 12320 236 9333 
f 3195 3463 6373 
f 1961 11463 4382 
f 2147 7290 1697 
f 5970 4668 6187 
f 7356 5805 6747 
f 6937 1949 1990 
f 11775 68 12024 
f 9119 11535 9710 
f 7726 5730 12371 
f 8841 4363 240 
f 9515 9484 2176 
f 9614 4817 3920 
f 3266 3141 8067 
f 6982 5682 7211 
f 8428 6146 5811 
f 20 4722 12378 
f 9665 11090 10382 
f 6565 2668 5846 
f 9511 9350 9702 
f 4606 4598 4608 
f 10385 6104 1439 
f 2035 9640 5882 
f 4123 11541 11093 
f 8028 10489 7239 
f 11302 8708 10967 
f 10932 5030 6080 
f 2007 5790 10352 
f 9446 5954 1626 
f 1030 9113 3721 
f 11579 6287 4262 
f 5971 8304 3581 
f 10001 6697 3130 
f 2610 12061 3688 
f 10254 1684 5827 
f 9002 9274 11889 
f 7803 3228 3943 
f 3700 10835 2774 
f 6207 784 642 
f 12079 11627 10010 
f 4922 5659 11053 
f 833 1325 3347 
f 7923 7120 8190 
f 9196 3976 7971 
f 3849 4973 12024 
f 11298 2607 10809 
f 5967 10264 10369 
f 1739 6005 12381 
f 8218 9058 8204 
f 5454 10397 4462 
f 6403 7064 5344 
f 12488 4899 3907 
f 1613 9084 8673 
f 11525 11147 10455 
f 10833 8307 9149 
f 6828 5027 7757 
f 8711 7580 8720 
f 10493 10878 12125 
f 5186 7922 8919 
f 1040 7912 1191 
f 6600 6222 6484 
f 4709 4820 4274 
f 9049 6053 2257 
f 4104 4461 1146 
f 4886 5552 11867 
f 11772 10555 12396 
f 8527 7242 10574 
f 9524 7938 9289 
f 1644 2566 3688 
f 3999 4358 3806 
f 666 10415 7118 
f 1347 1209 1220 
f 1217 1235 1220 
f 7351 7887 8190 
f 4952 3409 764 
f 2046 11714 4912 
f 6220 6146 8428 
f 10888 862 6316 
f 8277 890 12483 
f 7161 1731 10129 
f 5074 4169 8716 
f 360 986 11830 
f 1599 1241 1473 
f 8943 9220 8354 
f 10687 10293 9933 
f 2486 2064 3004 
f 1291 5376 6958 
f 11640 10884 10650 
f 4529 9531 11990 
f 3277 6787 7152 
f 189 263 394 
f 4291 9459 12065 
f 4793 4952 7161 
f 2668 9769 11486 
f 3971 7273 8201 
f 1403 2064 2486 
f 10060 1297 5360 
f 5025 12218 10380 
f 1762 4026 8597 
f 3623 11693 124 
f 2705 4952 4793 
f 5014 808 10350 
f 1001 6405 6170 
f 6306 10350 3018 
f 808 3018 10350 
f 9181 9367 8877 
f 3486 3446 11491 
f 5517 1464 8549 
f 10091 8901 1713 
f 428 7444 5685 
f 9979 8252 4502 
f 3610 3525 1015 
f 10613 9146 10605 
f 769 3070 9701 
f 109 4548 8814 
f 3169 3181 3353 
f 384 6030 2444 
f 4506 9053 11998 
f 6014 9392 9099 
f 6983 8427 10703 
f 10613 10605 2779 
f 5800 9780 9030 
f 5539 10600 9691 
f 8468 11370 9796 
f 5592 9800 3657 
f 10613 2779 10905 
f 1268 2064 2708 
f 6471 7072 5756 
f 10876 3288 970 
f 9802 7521 10913 
f 9288 12250 12255 
f 6006 6587 6333 
f 9961 4844 11037 
f 1328 4830 9255 
f 8691 3918 3776 
f 5464 12065 9459 
f 398 8885 6270 
f 2038 12317 5093 
f 6444 2889 2812 
f 7649 2704 1383 
f 6306 3018 12419 
f 7569 5005 10201 
f 781 3259 3355 
f 6770 7647 2402 
f 778 1426 4667 
f 4921 1040 5283 
f 3356 7331 5790 
f 6273 5849 5650 
f 8106 8022 3314 
f 4460 10248 9532 
f 3325 2458 6102 
f 8836 9375 8753 
f 4407 1647 9716 
f 4070 7043 6762 
f 5641 2333 6644 
f 7706 2603 4414 
f 3970 6384 3238 
f 11905 12202 7309 
f 897 2049 910 
f 8935 12270 1857 
f 5808 6013 6435 
f 657 6236 8667 
f 1824 4195 2077 
f 8887 5692 486 
f 9995 5668 11651 
f 11343 11706 11727 
f 3572 6610 7023 
f 3331 9443 10278 
f 7748 1581 3993 
f 9867 4635 1824 
f 11905 3215 12202 
f 3810 3924 2203 
f 11331 5948 2647 
f 8021 11962 10191 
f 8871 1417 2921 
f 865 357 724 
f 7267 434 7413 
f 4006 9560 4173 
f 6127 8069 7377 
f 3027 1949 11565 
f 8840 10949 2698 
f 11022 1743 6961 
f 4633 10171 335 
f 5524 2482 9837 
f 11552 8883 10510 
f 2951 10764 605 
f 4039 5427 7780 
f 4459 3743 8362 
f 6496 6277 6275 
f 9465 8902 9462 
f 9897 864 4670 
f 951 8552 4662 
f 10156 8511 3551 
f 1621 1972 5056 
f 5058 5299 6145 
f 7457 7731 7727 
f 7321 3031 8456 
f 12291 9349 4211 
f 2794 12129 4823 
f 1823 794 9926 
f 8086 6988 7799 
f 8840 8712 3296 
f 7985 1490 11161 
f 2296 12496 10299 
f 10156 7242 8511 
f 9293 3756 12283 
f 6513 10145 7516 
f 10766 6816 3351 
f 7659 3870 7984 
f 8191 11888 11346 
f 7745 11715 1453 
f 2800 9378 3456 
f 4045 2436 4049 
f 7733 3916 610 
f 3363 9748 2987 
f 2954 3804 11636 
f 3038 12319 5678 
f 6595 3085 11352 
f 4537 288 1621 
f 9813 12425 1441 
f 6497 9879 11003 
f 10168 1137 2952 
f 3916 3948 4459 
f 3737 7751 5616 
f 5395 390 5843 
f 10063 9789 2283 
f 1566 10278 3979 
f 3421 3110 11226 
f 11136 11921 11927 
f 6005 1739 12410 
f 267 3258 10033 
f 4139 9501 2314 
f 3293 2706 3084 
f 11853 9052 4394 
f 7019 7302 7303 
f 3906 3038 6090 
f 11058 7529 4254 
f 9641 7950 4726 
f 1549 7880 211 
f 12389 9970 10782 
f 10207 10190 9827 
f 4459 9252 2918 
f 2483 2102 3773 
f 10966 6415 1896 
f 11515 7598 11207 
f 6301 9260 11034 
f 7201 5030 10932 
f 2473 1982 1572 
f 1560 2047 8295 
f 7071 4783 7353 
f 6209 1514 137 
f 9280 10296 163 
f 3312 5387 11224 
f 4201 10264 12313 
f 1855 2600 9450 
f 11171 10828 11543 
f 4440 4654 4282 
f 10809 6460 3507 
f 1589 3011 11474 
f 6347 6346 5933 
f 6618 8891 1446 
f 11009 8412 1156 
f 12034 5294 3202 
f 3103 1751 3088 
f 712 6415 10966 
f 5789 9559 2983 
f 3439 3652 4058 
f 9927 10654 11042 
f 1922 10493 9660 
f 3163 3173 3362 
f 11018 6415 712 
f 11772 11337 11880 
f 10497 4764 4689 
f 12361 10159 8767 
f 9749 2878 7748 
f 8006 8273 11494 
f 3901 4067 6894 
f 3967 8601 2048 
f 11156 10828 11171 
f 2271 5021 2546 
f 9304 2325 10277 
f 5559 4534 2263 
f 6010 6753 5195 
f 4713 10080 10016 
f 8394 8707 8140 
f 1042 736 11545 
f 2876 12374 1174 
f 9470 10351 6123 
f 2434 2094 2427 
f 2212 6548 6528 
f 12118 1356 5541 
f 9961 5328 1345 
f 9470 6123 7227 
f 784 3868 492 
f 524 8908 7589 
f 10518 11351 8273 
f 8006 5135 8273 
f 2402 5331 12226 
f 3381 5771 5931 
f 10634 7366 3750 
f 9726 7795 4219 
f 7571 507 967 
f 802 4865 10590 
f 3561 2690 2863 
f 4105 2213 8624 
f 6302 5174 612 
f 6348 5675 3209 
f 1158 11018 9397 
f 3655 1687 620 
f 9397 11018 712 
f 8006 7245 5135 
f 11323 2068 6331 
f 11329 2375 575 
f 9448 4293 1535 
f 4542 7757 11605 
f 3988 3998 2672 
f 3573 8835 3114 
f 7333 4274 4820 
f 4985 9972 11186 
f 10361 8577 11613 
f 7995 8001 6922 
f 9575 2856 3704 
f 11993 1723 7236 
f 3938 3096 3293 
f 7255 2535 7967 
f 4644 8912 3679 
f 8114 8394 7836 
f 8673 3992 1613 
f 1806 3208 3236 
f 7463 1838 7245 
f 10318 4979 7752 
f 11250 5527 8849 
f 7245 1838 5135 
f 11042 10699 9927 
f 9778 9673 3380 
f 4555 2769 5144 
f 9572 10863 3537 
f 9712 9586 11207 
f 10708 4160 10537 
f 11723 6468 9007 
f 3037 6662 1619 
f 4219 8993 4705 
f 5722 8601 5761 
f 1130 4074 1188 
f 10915 5087 943 
f 1039 4219 7795 
f 10794 9552 2944 
f 840 7701 6097 
f 11414 952 2966 
f 6062 7795 6664 
f 9936 9602 9589 
f 4244 10298 3359 
f 6576 10115 4448 
f 8952 8687 9828 
f 10518 5135 9646 
f 1371 1815 1813 
f 6598 590 4073 
f 7927 4181 7144 
f 3898 8993 12217 
f 10668 3180 10973 
f 12440 10266 5979 
f 10279 10642 11010 
f 9107 1933 9477 
f 4319 12005 11738 
f 566 7377 8069 
f 2755 879 6613 
f 8058 5987 2980 
f 6752 8520 8685 
f 9779 10853 9179 
f 6553 9671 9477 
f 10685 2118 5742 
f 675 6361 10316 
f 4813 3435 11869 
f 3177 10668 6963 
f 12382 10910 11279 
f 12440 8228 1310 
f 5475 9547 6391 
f 6846 11094 7808 
f 4318 875 5183 
f 2359 9647 2874 
f 4983 12133 12420 
f 11884 7160 8080 
f 7908 11175 3855 
f 858 490 859 
f 1167 28 7294 
f 8564 11821 1849 
f 7019 7280 7302 
f 321 8537 9339 
f 1870 9584 11798 
f 4807 5504 4804 
f 8305 4154 9034 
f 6435 6008 5614 
f 1369 5414 316 
f 6398 4869 7153 
f 9025 367 3780 
f 8656 5988 11914 
f 3556 6542 10095 
f 3173 2969 2961 
f 9269 9186 8469 
f 3595 2859 8294 
f 5062 12403 6601 
f 11430 6335 11536 
f 1057 992 1276 
f 3319 1088 6719 
f 3198 5961 1929 
f 10429 5533 1026 
f 6279 553 11436 
f 8076 10890 4464 
f 4988 10564 2091 
f 7419 4910 2945 
f 5037 8960 5027 
f 617 5813 6597 
f 2301 6398 218 
f 3048 12187 6161 
f 8728 9602 8737 
f 3534 7956 8232 
f 4808 174 12492 
f 4992 3455 328 
f 1705 881 5172 
f 5639 7501 1091 
f 2114 1793 11760 
f 7988 8280 8004 
f 4992 328 3726 
f 112 3980 577 
f 1826 10629 7558 
f 4992 3726 8330 
f 9398 2881 9905 
f 1520 7135 4720 
f 10093 2195 1697 
f 1576 1194 913 
f 6781 7246 1094 
f 10525 12341 9366 
f 1407 3144 5314 
f 11971 7581 7437 
f 1745 12400 11188 
f 11081 11074 11480 
f 7213 10408 12346 
f 5766 10733 12238 
f 12404 435 7169 
f 2082 6910 4614 
f 4132 3697 10997 
f 952 6298 2966 
f 1989 1645 6321 
f 892 6238 2343 
f 958 1679 3297 
f 6525 5894 7224 
f 5198 4901 6511 
f 593 7920 5871 
f 10410 11935 3350 
f 2956 7453 3923 
f 8330 4245 10281 
f 8204 8790 8189 
f 6542 6045 9767 
f 4878 5679 820 
f 2811 10021 9947 
f 10583 1763 10813 
f 1111 7646 1577 
f 2320 7793 1956 
f 8494 1645 9838 
f 2634 8590 946 
f 8568 9414 11534 
f 4304 2464 473 
f 2896 3021 7281 
f 3903 9054 10109 
f 11186 1804 12038 
f 5105 3862 9055 
f 7159 6694 5655 
f 5268 7238 7243 
f 3092 7194 4243 
f 915 446 5897 
f 9286 8494 9838 
f 1438 8600 2806 
f 4528 8109 10715 
f 332 7010 5958 
f 1922 9660 11620 
f 12150 2408 370 
f 9473 4713 7284 
f 12094 12179 1771 
f 6885 236 6353 
f 8067 3458 10283 
f 9631 857 11223 
f 8055 6293 12386 
f 9828 9620 6791 
f 7394 7304 3193 
f 4023 352 7275 
f 6146 6089 5944 
f 10626 12107 7003 
f 7219 3095 3313 
f 1769 1662 1187 
f 8645 4551 2973 
f 12040 4834 6298 
f 3656 583 9938 
f 8531 2272 1096 
f 12155 9425 10374 
f 7571 6147 4287 
f 5618 5564 11055 
f 6580 7292 6813 
f 4188 6139 11025 
f 4653 4810 1150 
f 935 9488 481 
f 6273 6496 6718 
f 4579 10467 4453 
f 5465 6399 996 
f 11801 10672 12204 
f 2691 6571 4144 
f 9692 1558 12314 
f 3024 1271 11297 
f 3378 3601 2452 
f 4143 3734 4703 
f 1385 6824 1079 
f 2014 10442 1766 
f 6574 10989 6197 
f 11603 12416 4983 
f 3096 2711 3293 
f 1782 965 9319 
f 965 4124 9319 
f 1848 7871 507 
f 4124 1205 7663 
f 7896 9469 2136 
f 4714 1415 2784 
f 11666 276 9686 
f 2038 2072 7871 
f 3792 8387 12174 
f 8678 346 2448 
f 11533 12108 9761 
f 13 45 63 
f 3138 3150 3155 
f 8007 11435 8308 
f 4034 7314 10065 
f 10840 11171 10852 
f 7157 8938 1939 
f 5165 5352 3153 
f 4246 5874 8946 
f 5252 7092 5950 
f 4682 4511 3725 
f 11969 606 4365 
f 7871 1848 7097 
f 1354 1895 1351 
f 9521 8918 2141 
f 2287 1919 1204 
f 11124 11799 5053 
f 5190 1201 4979 
f 6014 11536 12477 
f 763 7914 11044 
f 10729 8364 8524 
f 4301 4675 5593 
f 4601 10270 11581 
f 171 814 569 
f 11848 6104 10385 
f 9906 8983 9249 
f 8387 4080 9854 
f 9 4761 9854 
f 9595 1587 3566 
f 11917 9709 9471 
f 3786 2415 8500 
f 9156 7884 7843 
f 7542 3403 10450 
f 9367 5229 8877 
f 4495 2853 10225 
f 4821 1048 2635 
f 12118 812 1356 
f 4199 8112 9 
f 12475 11151 8534 
f 3499 9460 4695 
f 11502 8834 12008 
f 10103 11131 12474 
f 2003 8819 3910 
f 7214 4083 6243 
f 3578 9428 7330 
f 7526 6319 7390 
f 3770 6227 4882 
f 1742 2061 2062 
f 3206 545 10287 
f 2987 5815 5519 
f 771 1596 8856 
f 3346 10371 11890 
f 10561 1117 3889 
f 6737 6964 5894 
f 7900 8454 8457 
f 9551 6019 5371 
f 6009 2289 2498 
f 3241 3578 7330 
f 3545 6738 5297 
f 7422 3723 5185 
f 8574 9926 794 
f 11267 10067 2302 
f 2115 2803 6388 
f 1957 1951 7384 
f 3889 1117 7759 
f 6207 3868 784 
f 5259 3240 8455 
f 3158 5456 1055 
f 9615 5898 6142 
f 4709 10939 12463 
f 10222 11320 10562 
f 468 3318 5417 
f 4335 9813 5251 
f 9687 11939 11121 
f 2248 2404 2251 
f 4624 8478 5563 
f 9576 9060 195 
f 9237 8676 8672 
f 6351 12019 6775 
f 8912 8078 1555 
f 6114 5836 873 
f 4032 12406 11558 
f 9453 5516 5501 
f 5084 239 2661 
f 7065 7601 8162 
f 8440 8366 3871 
f 11475 8920 8634 
f 7417 5769 3871 
f 11750 1925 11123 
f 3556 544 975 
f 3427 3375 2999 
f 6913 9342 3093 
f 3358 3272 8865 
f 11172 1243 5406 
f 1636 6704 10689 
f 11305 5362 12000 
f 4222 6669 11617 
f 1241 1124 1131 
f 1851 9450 2600 
f 6563 5988 2182 
f 9797 1842 383 
f 2149 1663 8599 
f 1710 9294 11947 
f 10205 3392 7076 
f 6775 12019 7130 
f 9234 5089 727 
f 10849 9286 2357 
f 7279 2675 10220 
f 9463 4330 7261 
f 1781 3557 8760 
f 8179 2738 1664 
f 2125 2297 2120 
f 7701 331 6097 
f 3767 12283 3756 
f 10857 10830 10105 
f 9792 11246 11231 
f 10309 7145 4727 
f 2497 6876 3222 
f 8590 2634 8419 
f 3472 11943 9967 
f 3798 8839 5406 
f 5741 5570 11615 
f 7001 2453 7183 
f 4672 10885 7156 
f 1617 12393 10118 
f 1828 1287 1283 
f 5640 6526 11340 
f 3798 6658 8839 
f 8827 10521 1256 
f 6649 3876 3020 
f 11090 7876 5543 
f 10133 4861 5710 
f 6018 617 6595 
f 444 12193 2439 
f 10469 9341 5997 
f 224 10915 5840 
f 752 11984 2124 
f 2044 3256 1787 
f 5612 5496 2347 
f 10783 10680 6759 
f 9312 9569 4373 
f 2129 11310 2072 
f 11456 11052 207 
f 5468 2683 2223 
f 6381 7906 5861 
f 10572 456 4220 
f 9179 11157 9051 
f 11050 7936 6048 
f 4814 4598 4592 
f 12142 1230 4536 
f 3463 852 10159 
f 11356 7504 2037 
f 6537 9351 3994 
f 10089 5935 3908 
f 3699 12463 10939 
f 9569 2928 4373 
f 10697 8456 3963 
f 6383 6937 3321 
f 6201 11114 9576 
f 7225 2015 871 
f 2331 3260 4087 
f 621 6869 401 
f 4005 197 6701 
f 8989 8688 8111 
f 6206 1575 5762 
f 5800 380 2699 
f 5208 8734 8416 
f 931 932 987 
f 3472 6338 3288 
f 4240 10425 6082 
f 4532 11182 4630 
f 7950 7653 9851 
f 7906 6381 10384 
f 2380 2087 842 
f 195 10228 8066 
f 9845 9865 11437 
f 5333 4654 5760 
f 12484 6701 8783 
f 4895 3702 4471 
f 3742 8666 3676 
f 720 6875 8254 
f 7096 5786 6863 
f 825 1545 1173 
f 10063 12424 10472 
f 8236 663 2202 
f 2583 976 8289 
f 5822 1626 2256 
f 10140 52 758 
f 7925 7367 7136 
f 8012 7821 12092 
f 8978 6790 2944 
f 4493 2605 4579 
f 1681 11238 6461 
f 6120 8825 141 
f 1399 7265 352 
f 11527 7428 7110 
f 7780 2504 4524 
f 2655 12291 8350 
f 6941 1959 8372 
f 9142 5936 10965 
f 6431 3522 10040 
f 8715 4885 6678 
f 4718 172 50 
f 8288 4927 243 
f 1292 8540 11946 
f 2650 8740 740 
f 1286 1513 11191 
f 6767 6029 7258 
f 1572 1564 2473 
f 9014 9944 9590 
f 7275 5584 4457 
f 6666 1562 11649 
f 7455 8017 4924 
f 2958 10238 9929 
f 2365 1813 2217 
f 8439 4317 8017 
f 9350 12348 5393 
f 8017 5489 8439 
f 5489 495 785 
f 9006 12315 2551 
f 495 4457 785 
f 1694 158 647 
f 3123 10867 5101 
f 3612 1024 6972 
f 11812 1766 10442 
f 6668 6359 10454 
f 293 10823 412 
f 3612 7981 11824 
f 4972 12341 1397 
f 6372 2433 5909 
f 4234 4395 5248 
f 10781 5618 9421 
f 4454 345 278 
f 6382 8755 9362 
f 8620 3399 6310 
f 8505 8649 1214 
f 8747 1035 7477 
f 1822 911 7682 
f 3240 5480 9655 
f 3859 9864 3323 
f 11869 10746 10795 
f 10027 4614 6910 
f 3859 3323 4362 
f 9508 8308 9257 
f 9613 9121 7724 
f 5759 5578 5114 
f 1867 829 12327 
f 8577 9708 6198 
f 11119 2303 7624 
f 6347 6558 6346 
f 9482 3695 10962 
f 8286 3086 3709 
f 3750 11900 11668 
f 7182 2127 6211 
f 9571 2293 3704 
f 3232 9924 2897 
f 1883 6139 12075 
f 6331 2960 11323 
f 12108 5329 9761 
f 8910 236 6885 
f 11117 8486 7241 
f 3466 9693 10941 
f 3277 8263 6787 
f 10405 6702 9529 
f 7023 6919 2759 
f 1680 605 10764 
f 7518 7517 6544 
f 582 7479 4945 
f 11436 339 11391 
f 2315 7470 46 
f 3546 522 10908 
f 4554 8841 240 
f 6614 8579 10771 
f 10504 2982 90 
f 654 4473 12311 
f 6224 358 925 
f 928 1020 11975 
f 1496 4378 4320 
f 10397 6603 8077 
f 152 145 193 
f 11013 10573 10399 
f 7660 11044 12271 
f 2502 6611 929 
f 2090 7572 6024 
f 10213 7412 1060 
f 10573 11013 1853 
f 10865 11184 11588 
f 8907 9191 9785 
f 1160 2529 6743 
f 1528 2513 4429 
f 11711 10549 10814 
f 9563 880 7362 
f 9314 7190 6072 
f 10975 5738 5382 
f 3404 2135 4047 
f 11361 12148 11365 
f 7838 8999 7824 
f 5904 8441 6831 
f 12103 6417 1095 
f 9740 635 11239 
f 1809 4775 8423 
f 4405 10083 1280 
f 921 11146 25 
f 6649 7015 7605 
f 668 3499 6915 
f 6990 426 433 
f 8813 11214 2710 
f 9860 3113 1497 
f 5928 5093 5886 
f 4963 1216 4349 
f 682 5790 7331 
f 10221 6424 1691 
f 8370 7807 7268 
f 4667 2612 778 
f 3850 7801 192 
f 5139 6640 7900 
f 9421 4004 7191 
f 10149 9825 1373 
f 4976 1601 7692 
f 1739 8067 5613 
f 5064 2608 10701 
f 4374 12103 4710 
f 1953 2416 2412 
f 9677 3498 8437 
f 336 11850 3064 
f 7503 8401 3584 
f 6099 6519 6741 
f 4922 6763 10535 
f 1881 11571 2654 
f 3584 12221 4498 
f 12067 11657 11655 
f 2217 2902 2365 
f 2429 1874 4764 
f 4062 5063 4832 
f 1586 1799 1904 
f 3771 3353 4965 
f 10658 1580 2837 
f 5555 5737 6368 
f 8005 1710 11947 
f 9380 7048 6924 
f 10208 8411 5524 
f 7321 2433 3031 
f 8375 9111 10202 
f 11838 3205 5779 
f 8737 8162 8728 
f 11281 7380 11291 
f 3132 8056 7688 
f 9340 7353 639 
f 4125 6706 6622 
f 5579 798 10545 
f 9307 440 11872 
f 3839 8843 2870 
f 552 974 4001 
f 9808 12029 7002 
f 10076 10064 10075 
f 2250 7555 11978 
f 801 10986 147 
f 12070 1973 8597 
f 3659 11567 3774 
f 6335 11430 11893 
f 10746 4576 2601 
f 3842 4197 1705 
f 2543 3104 2911 
f 10536 4551 8645 
f 5335 7332 1907 
f 3889 5769 7208 
f 4575 8650 2746 
f 9618 6541 2336 
f 3231 1700 1063 
f 11978 7555 7489 
f 11190 10487 11188 
f 9739 9108 10819 
f 5878 10827 8670 
f 8282 8001 9130 
f 3832 9880 12345 
f 1889 390 3723 
f 9168 7138 215 
f 9921 738 1751 
f 3644 5372 6049 
f 9704 9485 9699 
f 5558 10349 12069 
f 11886 6086 3196 
f 3270 2868 2693 
f 1347 1330 1209 
f 10031 5119 2930 
f 9666 10483 4387 
f 11641 417 4903 
f 1174 9240 2876 
f 7272 4924 4317 
f 5644 6254 6463 
f 7096 7907 7903 
f 4309 4137 4489 
f 4672 7156 7398 
f 3009 7747 6093 
f 5697 4683 8169 
f 9205 10926 6411 
f 8701 359 5061 
f 5480 3240 9877 
f 9394 8561 649 
f 4622 441 9775 
f 6278 11324 4782 
f 11941 10945 1590 
f 1512 4383 1003 
f 10439 2915 8304 
f 2502 3263 9322 
f 8747 3076 1035 
f 4365 2020 8804 
f 7247 309 2183 
f 2098 6643 7860 
f 4937 2832 2860 
f 5501 5516 6084 
f 6136 11819 4861 
f 2477 6308 168 
f 7352 7639 7107 
f 8782 7423 9498 
f 5930 5740 6979 
f 7498 7223 6109 
f 5601 1902 1498 
f 1902 2692 1498 
f 4978 2803 2115 
f 1097 723 9233 
f 3730 4309 5146 
f 90 2982 2503 
f 3893 9636 11256 
f 7879 846 4513 
f 846 5605 4513 
f 3154 2943 3171 
f 6217 6289 4400 
f 1902 9261 3480 
f 4861 5533 5710 
f 2574 870 2846 
f 5605 7049 1607 
f 3876 119 4116 
f 11675 11669 5045 
f 11039 8729 10217 
f 2529 11908 9343 
f 5605 846 7049 
f 631 7879 1494 
f 8609 9980 5576 
f 7780 5427 3933 
f 12435 12431 12341 
f 631 846 7879 
f 11519 8070 775 
f 4531 5172 8892 
f 6617 4737 2519 
f 9463 7261 10558 
f 6890 10845 2181 
f 4365 5945 2020 
f 4249 6457 5238 
f 7041 9389 3184 
f 7904 1516 9029 
f 468 11994 12315 
f 10233 7819 4685 
f 128 12160 11462 
f 264 11130 711 
f 517 9091 4491 
f 1821 6886 8830 
f 11898 8029 8393 
f 1957 2243 2744 
f 7582 11890 11919 
f 11690 9842 7320 
f 9519 11405 8558 
f 435 461 9182 
f 5945 10773 2020 
f 10756 8531 9809 
f 2904 1547 9916 
f 6423 10080 6172 
f 10455 9434 9432 
f 11851 9772 11260 
f 4184 11589 6438 
f 1319 1550 6280 
f 5603 10062 7712 
f 10033 3258 471 
f 9626 10348 10722 
f 10669 12000 1962 
f 646 9369 5301 
f 10858 10437 9271 
f 6758 4712 10321 
f 4032 12370 12406 
f 7054 6187 6620 
f 3472 1455 11943 
f 1922 2188 2044 
f 10724 11716 6705 
f 10749 7300 7328 
f 5386 6221 744 
f 11716 10724 4567 
f 11314 250 11005 
f 3078 3481 4283 
f 4983 1523 12133 
f 5105 5834 290 
f 3176 1190 10723 
f 11612 463 10162 
f 7243 7238 8071 
f 7441 990 2955 
f 8047 257 1768 
f 1561 3054 12352 
f 12163 1291 6958 
f 6756 11690 391 
f 6758 2494 4712 
f 1227 2317 10764 
f 8819 5111 10972 
f 4079 2819 6221 
f 11563 5 6345 
f 9016 2928 6233 
f 665 6809 1657 
f 3917 11942 10285 
f 2601 4576 9627 
f 7020 3237 3057 
f 9078 8509 9086 
f 11781 11955 6705 
f 10872 11917 6809 
f 8100 11096 6550 
f 3842 4531 9967 
f 8292 5868 3638 
f 8586 2512 5962 
f 10498 3445 4042 
f 4845 10784 2931 
f 7869 4690 6917 
f 12148 7252 8481 
f 11415 9895 10667 
f 2258 3418 4261 
f 11069 9308 3134 
f 389 10116 8471 
f 1210 3175 8976 
f 4797 7249 7901 
f 728 5919 8240 
f 2534 2525 3100 
f 4925 11421 2220 
f 10567 9997 9399 
f 7231 9342 9382 
f 7131 6892 7128 
f 9752 10710 447 
f 11262 9681 1666 
f 10929 9514 10256 
f 2770 8858 5946 
f 1666 9681 10633 
f 5250 10414 1610 
f 5721 11642 3080 
f 4189 3355 10674 
f 8029 8896 1033 
f 2300 2144 1773 
f 625 6994 8406 
f 12064 9947 6365 
f 10930 3317 9420 
f 765 1194 1568 
f 10922 4379 926 
f 5600 2620 2594 
f 12026 10924 6725 
f 8234 823 12498 
f 5370 3856 6851 
f 8119 11210 7105 
f 1557 10782 1987 
f 1962 5373 4838 
f 7059 10923 5969 
f 5682 11812 10442 
f 2085 5643 11803 
f 1632 7732 3666 
f 9452 10895 10510 
f 9969 9007 11506 
f 991 462 11244 
f 6978 9230 9010 
f 3565 3136 4510 
f 6909 4168 10553 
f 11808 6572 5059 
f 6206 3907 10551 
f 823 8234 12039 
f 5643 2085 11584 
f 10265 10254 6523 
f 5129 6710 11030 
f 4572 4490 2025 
f 5600 2594 10276 
f 9186 7911 7290 
f 1244 1371 979 
f 11650 5021 10019 
f 702 10798 5647 
f 11447 12234 10324 
f 586 525 588 
f 7625 11757 11617 
f 11259 4005 5519 
f 11952 11937 10445 
f 1827 10212 1442 
f 3331 4078 9443 
f 9887 1823 10603 
f 10625 7556 8864 
f 7115 11853 4394 
f 6866 3291 10550 
f 5803 6003 6421 
f 7230 7650 8719 
f 186 10276 4013 
f 777 9348 11580 
f 6540 6903 9216 
f 488 1109 11773 
f 12295 10396 17 
f 1697 2195 9834 
f 6928 5781 10657 
f 9772 9227 1011 
f 6416 6441 6833 
f 1734 11230 299 
f 11456 10344 9616 
f 7328 2271 2546 
f 4712 2438 10321 
f 1557 17 10396 
f 6824 12028 1079 
f 5178 6239 5824 
f 6682 10974 7667 
f 972 10964 3708 
f 1715 6949 11280 
f 1036 4974 4422 
f 5256 4386 4603 
f 9569 10631 12245 
f 7638 8757 12277 
f 6173 2494 6634 
f 2402 7316 6770 
f 5099 11265 771 
f 10631 9569 9312 
f 699 882 5266 
f 2273 3374 12017 
f 7307 9266 7264 
f 5204 852 583 
f 4616 12449 10032 
f 341 5751 5741 
f 8025 11227 3128 
f 12077 8533 8920 
f 12109 9225 3119 
f 7212 6742 6955 
f 10371 10747 11890 
f 11102 6405 1001 
f 7414 6185 9212 
f 1622 11068 11873 
f 7089 3961 9803 
f 9518 10794 4412 
f 771 10581 5099 
f 6211 8602 7182 
f 1639 1737 1742 
f 6914 5816 6907 
f 4081 8739 7788 
f 4676 11852 8197 
f 10454 6359 7656 
f 599 4392 5070 
f 1987 10782 11363 
f 1431 7985 9043 
f 5562 8919 8484 
f 10055 10818 9108 
f 12318 11887 12297 
f 343 4325 3983 
f 8538 9795 9053 
f 9996 6253 11299 
f 1585 9418 11461 
f 11949 8975 11950 
f 9616 8737 9602 
f 6220 6241 4439 
f 9417 11123 1925 
f 8020 9761 5329 
f 10029 11121 10400 
f 9909 11518 6071 
f 3709 2963 6182 
f 12325 11148 1866 
f 9331 1491 9105 
f 11363 562 1987 
f 8395 8179 1301 
f 2961 2587 3167 
f 5719 7406 11107 
f 2887 9559 2080 
f 11866 6763 4922 
f 4614 1659 5104 
f 1401 4163 2163 
f 994 7506 5804 
f 5942 1978 8964 
f 3300 1656 9718 
f 5827 1684 10316 
f 3258 4108 471 
f 10977 9243 9498 
f 754 7543 10132 
f 3715 9711 3103 
f 6304 9406 1906 
f 9551 3645 6019 
f 7513 3613 1466 
f 562 11363 11116 
f 6352 643 11122 
f 3151 3167 3169 
f 2500 4313 12152 
f 9034 10104 9327 
f 210 302 5783 
f 11311 4329 1426 
f 4762 8463 11761 
f 11116 8633 5397 
f 3418 2980 4261 
f 3343 8221 6642 
f 4931 939 9140 
f 11538 10832 12373 
f 10700 7912 11379 
f 10764 6434 1227 
f 11567 11341 4034 
f 1703 5373 11020 
f 10821 5787 1180 
f 11433 5270 9370 
f 10947 9190 2504 
f 9006 10099 6039 
f 6550 7355 28 
f 7601 8728 8162 
f 4870 9966 2984 
f 3710 3330 3797 
f 11883 11904 843 
f 7397 10530 1088 
f 9491 10581 771 
f 9484 4212 3146 
f 4595 5379 10212 
f 11554 5143 8759 
f 4488 12226 1826 
f 12483 11216 8277 
f 12000 5362 4536 
f 10398 3872 7693 
f 12172 6212 965 
f 7507 4733 862 
f 5648 6044 5841 
f 10783 3568 10680 
f 2479 3050 6660 
f 8205 1692 1577 
f 6163 10700 11379 
f 9027 5547 2666 
f 1218 1217 1208 
f 10018 198 5750 
f 1106 2796 4278 
f 2836 2638 2840 
f 5099 3953 11265 
f 189 145 263 
f 9675 11257 5635 
f 2191 11250 8849 
f 9767 1573 1326 
f 9209 10540 12052 
f 1759 1187 747 
f 4226 10311 9101 
f 6334 4907 7418 
f 11148 3589 1866 
f 2132 1825 8381 
f 9041 10034 10206 
f 1988 1886 1879 
f 9749 3993 5912 
f 10338 3117 9581 
f 988 3788 5210 
f 7085 5776 6199 
f 9678 6497 3782 
f 3540 3942 3309 
f 10997 8664 4132 
f 3414 3566 3555 
f 1887 4757 10298 
f 7418 4907 8125 
f 4634 5299 4826 
f 4677 8335 10091 
f 4210 3393 3614 
f 1893 4145 10762 
f 12333 4398 5301 
f 7430 9496 8899 
f 607 10585 11633 
f 11290 11586 3784 
f 10328 265 678 
f 12454 6607 7714 
f 1185 4199 9 
f 9111 2215 6381 
f 10527 9787 11218 
f 542 1385 11427 
f 3439 2828 3229 
f 4904 4649 5013 
f 7099 2227 9131 
f 3384 1364 5752 
f 12099 4981 5057 
f 3969 3093 1302 
f 11379 7714 6163 
f 8947 9525 7796 
f 6493 11320 12121 
f 6152 6363 6568 
f 11769 11916 6247 
f 3554 8666 1730 
f 8961 438 5876 
f 11748 2618 3953 
f 8133 10586 2925 
f 1186 8535 659 
f 1602 1629 4678 
f 9315 8822 1646 
f 10843 12102 762 
f 1552 6247 7729 
f 6787 12330 7152 
f 7607 8433 8149 
f 9826 7949 3299 
f 6477 7180 1836 
f 2906 8116 2155 
f 12350 10036 11118 
f 5870 6118 11120 
f 2969 3173 3378 
f 71 8936 5140 
f 9638 11475 5466 
f 8936 71 11078 
f 9459 6377 4456 
f 885 8715 1979 
f 5951 4981 12099 
f 5003 1089 7593 
f 12033 11283 11652 
f 10504 962 2982 
f 3109 6635 8573 
f 11952 4123 1615 
f 5958 10773 9320 
f 903 8639 887 
f 2583 8289 11019 
f 10538 4693 8260 
f 10256 9514 10031 
f 5966 5604 10689 
f 10206 8573 9041 
f 11196 8573 6635 
f 9540 8679 8965 
f 2027 4115 5733 
f 10449 4044 7114 
f 2695 2604 10354 
f 10569 12244 723 
f 1976 3457 3387 
f 9090 6745 908 
f 1798 8121 7623 
f 782 7373 3605 
f 7782 12473 3900 
f 1373 3174 4934 
f 7262 8672 7004 
f 10928 9814 2995 
f 4891 9581 317 
f 10891 5740 7507 
f 10358 6117 11140 
f 4302 11168 11373 
f 1065 505 223 
f 1115 2199 4463 
f 5091 9298 9296 
f 9265 9015 8417 
f 9642 7369 7599 
f 10034 11196 6635 
f 10034 6635 2762 
f 6811 1019 5261 
f 7116 6863 6648 
f 10034 12143 8614 
f 11137 7902 12178 
f 3993 1581 6266 
f 2616 4233 4037 
f 6530 12038 1804 
f 3796 3352 3161 
f 2607 5415 999 
f 5119 10031 8333 
f 8145 8084 5604 
f 8143 816 12189 
f 9187 10641 8020 
f 557 1553 3013 
f 2457 8851 9782 
f 640 5330 295 
f 409 9759 3934 
f 8579 4045 4049 
f 310 10640 12262 
f 1783 1829 8650 
f 485 1455 3288 
f 4059 3863 4066 
f 7594 1502 3129 
f 10516 12430 12351 
f 4521 11680 2948 
f 2762 1076 1504 
f 7933 8321 5431 
f 1504 10034 2762 
f 8084 4898 5604 
f 1899 10754 9167 
f 8862 6053 9049 
f 12271 3679 7660 
f 9361 12415 4936 
f 2976 7497 11516 
f 9916 3017 7477 
f 5068 2319 2327 
f 445 10161 6854 
f 1770 7980 6543 
f 5515 8837 3715 
f 1096 2272 838 
f 4095 10552 10792 
f 11551 7764 5316 
f 4470 6638 5701 
f 12173 2532 11469 
f 9914 8293 7839 
f 9730 662 6680 
f 5280 5085 7415 
f 3250 3643 1197 
f 2279 3381 5931 
f 8837 11278 11161 
f 7345 533 4824 
f 792 2589 11373 
f 10850 2114 11760 
f 11110 11659 398 
f 510 10109 5191 
f 6122 10163 4443 
f 10604 5496 5612 
f 5931 5891 2279 
f 3587 3016 11048 
f 6251 923 6283 
f 1951 2744 12117 
f 6325 9567 6975 
f 8932 10376 11916 
f 11843 12294 5032 
f 8402 9362 3638 
f 1368 1402 11813 
f 7930 7287 10912 
f 5478 6099 5690 
f 1400 8180 8786 
f 6884 6695 6027 
f 4129 3721 3381 
f 9543 1329 2753 
f 509 5901 5310 
f 12143 10034 1504 
f 3425 5771 3381 
f 2504 2135 10550 
f 9150 6498 2845 
f 5399 10821 8215 
f 9999 9668 10747 
f 3553 4323 4717 
f 2842 3255 9157 
f 5450 5771 3425 
f 2827 7987 1616 
f 9199 10583 8513 
f 8104 12036 4140 
f 8565 10354 2240 
f 2946 4973 3409 
f 7594 7196 1796 
f 9517 4155 9192 
f 9507 4507 1027 
f 5096 10656 1420 
f 310 8512 10640 
f 12002 4223 9679 
f 9259 10654 9565 
f 11552 11980 12353 
f 402 7551 1924 
f 11976 6715 6 
f 277 859 490 
f 2021 2500 11142 
f 3280 11141 9440 
f 1005 12051 3036 
f 6589 7580 6818 
f 10646 11774 11011 
f 4444 5448 920 
f 9976 8533 12077 
f 9116 590 1155 
f 9863 10242 11361 
f 10917 5938 5444 
f 4622 4751 3201 
f 12093 9986 12455 
f 9767 6656 11288 
f 8405 100 8 
f 9408 12186 4730 
f 9208 12289 2893 
f 12186 9408 11675 
f 9113 1991 3721 
f 8911 9195 8325 
f 11943 11220 3842 
f 3155 3590 3593 
f 4414 8283 8281 
f 8316 10338 10248 
f 7 11639 9694 
f 639 1002 3945 
f 3721 3919 1030 
f 9105 9585 5982 
f 342 10232 11983 
f 8462 10608 9478 
f 5060 5724 5926 
f 3849 8585 44 
f 7824 6804 7293 
f 5382 8249 5251 
f 11352 11902 7067 
f 1030 1551 10509 
f 11818 589 4778 
f 6045 10102 5085 
f 7916 7918 7370 
f 8596 8883 9770 
f 5211 6205 11840 
f 5554 6369 5549 
f 7218 622 5120 
f 8446 10663 4081 
f 10956 3911 1651 
f 6675 7641 1920 
f 7188 243 5040 
f 2118 10685 12196 
f 3363 10332 9748 
f 12144 550 1961 
f 10113 9435 10112 
f 3330 5097 11762 
f 1164 2219 6300 
f 8114 7831 9249 
f 10244 6600 658 
f 1122 8161 2438 
f 12464 9399 7184 
f 10917 7485 5938 
f 3316 6445 6748 
f 6839 9916 7477 
f 10152 150 8797 
f 1651 3780 11767 
f 4561 9724 10907 
f 8558 11405 11000 
f 1731 3409 1178 
f 9139 3110 3421 
f 6754 8317 10846 
f 11350 1644 3688 
f 764 3409 7161 
f 8090 10115 6576 
f 9690 9092 9653 
f 8271 11349 899 
f 9161 4880 11577 
f 8833 3639 3868 
f 7492 620 7482 
f 11524 9949 10975 
f 11985 4903 8104 
f 10764 7484 1680 
f 3473 2583 2160 
f 6499 6085 6503 
f 1114 6087 9292 
f 5867 7209 6709 
f 10446 3077 1053 
f 11599 6821 548 
f 9469 12321 2204 
f 11877 9118 9400 
f 686 4803 10957 
f 684 11672 11878 
f 9218 324 9132 
f 10449 7114 10607 
f 9241 8767 7109 
f 11175 10695 3855 
f 164 8683 7805 
f 11570 3862 10187 
f 366 8174 6832 
f 4416 5502 5684 
f 8846 8844 9739 
f 7185 7757 8636 
f 4333 2051 4315 
f 2868 2177 2693 
f 3136 3341 3974 
f 847 406 159 
f 8958 2973 8709 
f 8108 7554 8111 
f 3264 4763 11034 
f 4804 5504 5700 
f 1906 9406 2329 
f 6630 11322 808 
f 11508 1082 172 
f 9039 11305 10870 
f 2098 2905 6625 
f 588 525 523 
f 11025 3388 2569 
f 755 6809 243 
f 1224 2708 2064 
f 1787 8976 1532 
f 12173 8418 8169 
f 9919 6837 2369 
f 9218 1177 1474 
f 10811 11997 10959 
f 3409 4973 1178 
f 1692 155 1708 
f 12377 3018 808 
f 6906 1914 6850 
f 6145 5299 5307 
f 3501 10787 7683 
f 12276 114 2122 
f 980 917 1116 
f 8146 559 8832 
f 954 957 1173 
f 7349 5073 9203 
f 9135 9739 10819 
f 8667 6306 12419 
f 9243 6957 9498 
f 636 3566 3414 
f 9597 2519 4737 
f 5134 8443 6865 
f 12419 3018 12377 
f 6443 7391 6907 
f 10306 10671 9270 
f 7940 4377 10037 
f 2708 9352 3040 
f 10629 1252 7558 
f 4260 2817 670 
f 354 8760 7485 
f 7516 10145 2730 
f 9870 10623 9866 
f 1657 755 6864 
f 3040 2698 10949 
f 9352 2698 3040 
f 6236 6306 8667 
f 8176 9580 6354 
f 4067 5411 8940 
f 6170 6918 1001 
f 5772 4308 11174 
f 10812 9977 355 
f 12495 9556 8156 
f 304 12114 7781 
f 7164 8231 2558 
f 945 1157 724 
f 2138 618 1 
f 9860 2269 3113 
f 10432 73 6488 
f 1913 6154 7325 
f 9886 9237 8956 
f 5203 10488 1484 
f 2146 11498 12266 
f 9993 2913 4075 
f 8487 10717 10295 
f 1766 7433 8467 
f 10294 190 722 
f 3317 7040 10506 
f 4173 1941 9456 
f 2988 6921 10701 
f 4371 11515 2499 
f 5587 5023 5624 
f 4772 7264 3542 
f 7130 10834 6775 
f 12374 4966 2045 
f 447 11721 10268 
f 12290 11037 4844 
f 278 1023 1890 
f 10560 5458 1927 
f 5531 12368 7643 
f 3910 8819 8124 
f 11824 6624 1240 
f 699 3139 1898 
f 8587 7074 10966 
f 335 1490 7985 
f 9116 1155 2032 
f 4606 4819 5272 
f 3705 4991 5582 
f 8160 7607 7613 
f 3014 5566 4019 
f 11061 11837 11067 
f 1134 5510 4739 
f 9482 4394 3695 
f 8712 7733 610 
f 1113 472 1568 
f 10428 5702 10904 
f 8049 7977 4637 
f 1915 7513 2273 
f 5733 4115 251 
f 7516 2426 11336 
f 8740 1530 7274 
f 11791 7007 7028 
f 3424 7142 12006 
f 11471 9670 2647 
f 11622 20 6891 
f 3440 3229 3042 
f 8283 2669 8314 
f 9305 10712 7858 
f 8200 4843 5095 
f 1159 6571 2691 
f 4927 7611 5040 
f 744 4001 4027 
f 3378 3173 3163 
f 2245 10621 2210 
f 12287 9350 5393 
f 2416 2576 2573 
f 3952 1779 4060 
f 8082 9306 6923 
f 9548 410 1772 
f 5598 9803 4994 
f 8790 9345 9999 
f 3948 9252 4459 
f 2454 8397 3209 
f 610 4459 8604 
f 8924 12313 10264 
f 6139 1883 11025 
f 1670 12224 10945 
f 12370 4032 6743 
f 775 2254 891 
f 12288 7884 9156 
f 3647 5122 464 
f 8736 4479 7917 
f 12460 6623 4664 
f 4647 10215 8571 
f 3024 5335 1271 
f 10963 10636 11612 
f 9984 2308 10960 
f 12317 7097 4107 
f 6088 7587 3049 
f 8604 4459 8362 
f 1439 8885 9513 
f 5164 9067 3263 
f 2469 12292 8340 
f 6912 11460 4209 
f 2606 2995 9814 
f 6862 5606 4691 
f 8456 10697 8635 
f 1476 11253 1834 
f 360 6621 3310 
f 7730 3667 7811 
f 7730 7811 6911 
f 2979 888 3258 
f 8327 4481 12267 
f 9325 6464 11396 
f 2990 12225 3985 
f 6004 10966 1896 
f 5658 5008 4991 
f 5797 7811 3667 
f 1524 9148 10513 
f 10199 250 3913 
f 4997 7904 9029 
f 8346 2770 3391 
f 12135 9225 8081 
f 6911 3224 11485 
f 9235 4915 9952 
f 7970 5358 12056 
f 6602 11948 10215 
f 3367 8026 10261 
f 6642 739 3332 
f 2081 6015 2541 
f 5301 5378 646 
f 10881 7919 1177 
f 12175 8107 11001 
f 6887 884 7374 
f 5502 1791 5684 
f 6062 1039 7795 
f 12219 3011 1589 
f 5434 10305 12221 
f 5137 2326 11155 
f 4333 4315 4289 
f 2434 2431 2094 
f 2955 990 5540 
f 5746 11140 6117 
f 8272 2626 2702 
f 5100 10910 8384 
f 6913 477 3689 
f 8794 9998 9374 
f 10478 3468 7572 
f 6911 7811 11494 
f 9786 9191 9195 
f 3418 783 2980 
f 5094 2719 3835 
f 9866 10623 11378 
f 11177 7811 5797 
f 7869 9193 214 
f 11705 12365 5915 
f 462 991 9609 
f 10754 1899 338 
f 2640 661 7121 
f 7827 8362 3743 
f 3224 11351 4748 
f 8061 11478 6706 
f 4748 8587 3224 
f 2521 2715 4162 
f 10739 10978 7625 
f 10292 5103 10372 
f 903 9744 8517 
f 2218 11493 12321 
f 6517 11462 5173 
f 4568 11800 8119 
f 12471 7388 1092 
f 9887 12344 794 
f 11023 2909 6816 
f 3594 7785 12487 
f 6848 10467 12030 
f 6398 7153 11243 
f 9725 208 11150 
f 3743 11177 7827 
f 9228 2964 4789 
f 2183 5354 2344 
f 8260 4693 3271 
f 661 2633 7121 
f 12482 9986 5249 
f 10437 9758 4145 
f 9189 689 7809 
f 86 6154 1913 
f 8024 2002 9860 
f 3604 1223 7112 
f 11955 4480 6705 
f 5304 6289 6269 
f 11493 11624 11993 
f 4704 10973 3180 
f 4022 9992 6960 
f 10724 6705 4480 
f 1652 8978 6831 
f 2465 10405 12414 
f 8285 1110 276 
f 11765 9981 5091 
f 4995 7697 3746 
f 3839 2870 8185 
f 7054 9933 7832 
f 879 11739 1956 
f 7893 9951 9908 
f 9093 5315 6479 
f 11666 3660 276 
f 5607 1980 8768 
f 11376 12331 2972 
f 8478 9436 10935 
f 1956 7793 879 
f 6661 1636 4208 
f 6908 7643 9975 
f 2001 10801 10591 
f 6776 1983 1997 
f 7705 7773 5787 
f 8101 10134 10675 
f 9701 4535 769 
f 1616 2257 1598 
f 10807 4123 11093 
f 6843 6395 6842 
f 12146 12153 12158 
f 5558 9896 7259 
f 3580 11486 6032 
f 9616 10331 11052 
f 11 4041 1807 
f 9143 3286 11594 
f 7674 7941 7916 
f 4843 463 11612 
f 5979 9093 4744 
f 12196 838 1454 
f 12366 2343 11412 
f 4366 769 8431 
f 9140 939 3223 
f 2350 2899 7073 
f 176 5475 4566 
f 5475 11973 4566 
f 5481 4224 4210 
f 4375 1713 8901 
f 11549 912 9677 
f 11547 4996 7310 
f 8828 9108 7674 
f 1444 6009 2498 
f 725 9796 1184 
f 1457 1218 1208 
f 753 7682 1518 
f 2288 2193 11856 
f 6977 6326 8063 
f 12236 10698 12335 
f 508 505 948 
f 10090 3935 3471 
f 10112 10475 10841 
f 4338 3843 5735 
f 6654 9707 11163 
f 378 1625 3452 
f 3477 4084 4271 
f 1723 200 5903 
f 8020 11640 10650 
f 1541 5194 7990 
f 11352 5964 8709 
f 8786 12084 1400 
f 1454 6945 7859 
f 4889 10272 3682 
f 5193 5526 67 
f 8006 7811 11177 
f 11042 11837 11061 
f 6991 7541 7797 
f 11643 7744 7641 
f 9393 11226 8052 
f 10192 8289 976 
f 9477 9671 3755 
f 6070 6410 10522 
f 7153 8339 11243 
f 3311 2764 2485 
f 5204 3656 8500 
f 11522 8223 2343 
f 11855 8223 11522 
f 5097 3728 9177 
f 704 4827 5124 
f 404 259 472 
f 84 11297 1271 
f 2660 215 1649 
f 4751 2630 3113 
f 2529 1160 3651 
f 2941 815 11647 
f 2834 7902 2879 
f 6004 7139 10966 
f 4794 11514 9644 
f 10500 2150 2775 
f 4501 5874 4246 
f 2612 2861 7631 
f 19 11741 10508 
f 8638 920 5448 
f 1638 12002 11792 
f 5267 8599 1089 
f 6508 164 7805 
f 5648 4525 5418 
f 137 5258 6522 
f 7084 5024 6336 
f 5015 4051 10679 
f 9601 4600 8245 
f 1948 1612 1883 
f 5915 11514 4794 
f 6008 5374 5614 
f 10589 1945 7768 
f 5606 6216 5391 
f 4544 718 10335 
f 10472 9789 10063 
f 7538 3883 914 
f 12465 8624 499 
f 9907 4685 8322 
f 12408 5716 12407 
f 979 1586 1456 
f 4091 4514 4855 
f 12227 4574 6893 
f 9888 9882 9232 
f 5546 4555 5144 
f 3984 8409 7992 
f 10570 11240 8271 
f 422 10694 10398 
f 5233 4670 7407 
f 7567 5743 690 
f 11598 6126 7480 
f 8144 7975 11110 
f 5098 12107 7219 
f 9307 11006 11905 
f 1513 1286 10414 
f 10991 8057 1419 
f 3196 4950 115 
f 11352 7067 6595 
f 3717 852 3463 
f 10784 10409 2931 
f 4478 5295 5353 
f 6345 7967 2535 
f 7679 8865 11828 
f 11612 8583 5295 
f 6873 11327 6150 
f 6158 762 11553 
f 8367 7924 5976 
f 4281 5336 4877 
f 8618 7223 7498 
f 12336 9346 840 
f 265 3326 3940 
f 9702 212 9705 
f 8521 496 6399 
f 9541 2020 10773 
f 5190 2953 1201 
f 8202 3389 1437 
f 5312 2756 363 
f 5612 46 7470 
f 4154 3515 10046 
f 9739 9135 8846 
f 588 523 591 
f 1473 2017 2717 
f 5246 4098 2143 
f 1395 10503 7148 
f 6270 863 11394 
f 4802 11383 2597 
f 5098 3313 3928 
f 2461 10122 4063 
f 9393 3607 11226 
f 8487 9214 9755 
f 7624 273 11119 
f 812 749 719 
f 6176 7601 7057 
f 8622 12179 2936 
f 8850 8855 9743 
f 11159 7003 12107 
f 7573 6813 7292 
f 230 6980 12233 
f 6545 8816 12117 
f 9799 1942 1756 
f 7028 1528 4429 
f 8943 8354 8355 
f 4839 6487 10026 
f 1986 1499 5942 
f 1415 4876 2784 
f 8841 4750 4363 
f 6235 9835 11833 
f 11241 4293 10583 
f 10519 11209 10895 
f 11876 3140 3231 
f 3457 9408 3275 
f 4268 8144 3067 
f 9540 9890 9888 
f 2916 10707 5664 
f 11164 10346 6781 
f 2510 3495 1025 
f 2148 7468 12440 
f 1915 12017 2952 
f 11529 5302 10770 
f 7149 5482 10764 
f 2877 578 12413 
f 4074 616 1847 
f 11465 10712 11064 
f 8871 2865 1417 
f 3445 12212 3474 
f 10143 3551 8511 
f 493 2460 653 
f 6587 6581 6333 
f 10195 6509 3236 
f 3312 2134 4475 
f 12093 8003 2799 
f 6273 6277 6496 
f 1370 11475 11898 
f 10020 12332 10763 
f 3377 4497 11300 
f 1550 2938 6280 
f 8098 8715 2950 
f 6110 7344 7578 
f 10600 4762 5791 
f 8275 6231 11056 
f 12262 4263 2267 
f 1933 11738 2554 
f 11149 11733 8893 
f 3506 9947 8862 
f 5632 1692 1708 
f 7138 9168 8126 
f 6399 5465 5707 
f 12433 10697 9070 
f 409 3934 1021 
f 12167 11674 8167 
f 4148 2362 10288 
f 1794 3489 6876 
f 6741 6519 6954 
f 6274 9845 8918 
f 3800 12214 6533 
f 6462 4688 2478 
f 8457 8454 9326 
f 3262 10929 5743 
f 4404 7958 8250 
f 8796 7146 6679 
f 12272 8869 8560 
f 5769 3889 7759 
f 11019 2544 4625 
f 6374 3241 7330 
f 9315 1646 1770 
f 7303 7302 7315 
f 1397 12341 7787 
f 11302 10967 4500 
f 11752 377 12211 
f 2676 8211 2869 
f 99 6250 10072 
f 11203 4397 4888 
f 8085 7797 7541 
f 4199 9428 8112 
f 11686 8488 174 
f 339 11436 6500 
f 1078 8700 3524 
f 12463 3699 1530 
f 11720 10319 1968 
f 680 29 1120 
f 4928 9032 10786 
f 4458 7790 1372 
f 5372 9268 10336 
f 5402 5732 3578 
f 3970 5843 390 
f 1128 11269 5900 
f 8894 10932 5124 
f 3094 5732 5402 
f 714 26 113 
f 11503 4150 2712 
f 3022 3099 5385 
f 3241 6653 5451 
f 6627 6620 6192 
f 3750 11668 10634 
f 9817 734 6429 
f 6171 6378 5959 
f 11284 2079 3822 
f 1831 2061 1742 
f 8914 4338 5735 
f 4880 10524 10049 
f 10614 10944 1374 
f 2217 2726 2902 
f 3656 5189 3727 
f 3387 3457 3275 
f 12273 2886 7926 
f 7926 10649 12273 
f 3303 7450 6956 
f 7417 3871 8972 
f 2008 9420 8937 
f 2664 2161 2166 
f 4381 6775 9972 
f 4936 10295 9361 
f 3664 12096 7665 
f 6555 8343 10544 
f 1845 6409 5244 
f 1405 1288 1162 
f 8561 3798 1243 
f 8841 5291 4750 
f 2752 9377 2312 
f 11556 4605 4839 
f 3798 5406 1243 
f 3871 1459 8972 
f 3390 3620 4559 
f 1459 1243 9612 
f 11571 10416 2654 
f 4572 9918 10388 
f 8086 8363 8955 
f 11690 6756 803 
f 12466 10742 6042 
f 9482 5949 2667 
f 1881 2654 911 
f 6727 10859 12122 
f 5547 3046 11821 
f 7948 2363 10249 
f 8996 993 5686 
f 12269 6653 6374 
f 10230 7145 10237 
f 8365 5096 1861 
f 10542 121 3121 
f 6098 6085 5457 
f 8263 7432 1309 
f 121 70 3121 
f 6993 2283 9789 
f 5958 7010 1140 
f 6383 5346 6937 
f 7309 9717 5646 
f 1787 1532 2044 
f 10311 121 10542 
f 6501 3804 11744 
f 11340 11366 1847 
f 8070 11519 3851 
f 1322 1773 1564 
f 1086 664 6303 
f 4644 1249 11808 
f 10985 12152 1900 
f 10311 750 401 
f 4395 3423 4053 
f 7897 7903 8764 
f 3542 5326 8511 
f 1801 9826 5170 
f 10888 1592 862 
f 7863 2016 326 
f 6213 9634 541 
f 7719 7989 7699 
f 629 566 10309 
f 8065 8063 8626 
f 3587 5568 3016 
f 3231 3140 3295 
f 750 11098 401 
f 9502 573 7252 
f 7298 7266 9381 
f 11098 621 401 
f 7347 11899 1165 
f 5823 5128 3284 
f 9991 2881 2067 
f 2894 8027 1471 
f 10306 9273 10683 
f 9085 5932 4161 
f 4441 1037 4460 
f 2425 8227 1600 
f 9210 7878 9978 
f 7164 10790 10328 
f 10380 3663 8809 
f 2930 674 10031 
f 6393 9996 6203 
f 4078 9479 9443 
f 4005 758 197 
f 8809 11729 2865 
f 3507 2126 11298 
f 11308 3124 9603 
f 8965 8679 8681 
f 733 3904 10740 
f 3345 12092 10140 
f 9898 8480 11763 
f 3999 4980 4358 
f 4698 11944 3145 
f 8868 10588 6551 
f 7821 10140 12092 
f 2461 4063 5413 
f 1087 7920 10657 
f 11398 8767 9241 
f 6528 9211 9496 
f 8047 2856 9575 
f 1353 11032 10737 
f 7361 9033 10408 
f 6162 11200 9429 
f 11238 10425 4240 
f 2270 5327 4836 
f 946 8590 9656 
f 7772 7771 6761 
f 8327 12092 3345 
f 7288 10586 6478 
f 9391 4731 9585 
f 4959 5419 5178 
f 9800 11903 2905 
f 5083 8089 7735 
f 7250 7342 3061 
f 7751 9965 2237 
f 11843 11656 10784 
f 6487 4292 10026 
f 7275 7265 5584 
f 10154 4607 1429 
f 279 5809 2495 
f 10425 11238 11903 
f 8327 8012 12092 
f 2362 9598 10288 
f 7962 2994 6469 
f 161 3929 191 
f 9211 6528 11294 
f 11019 4625 8493 
f 5296 4638 4257 
f 6060 10823 11656 
f 4184 12249 10579 
f 8896 7848 2596 
f 10410 10020 10413 
f 546 3524 9864 
f 3323 9864 3524 
f 841 5327 2787 
f 3087 7805 6822 
f 7951 12243 9133 
f 662 11505 6680 
f 333 10057 5961 
f 3502 691 2952 
f 669 4727 10379 
f 3205 9737 1409 
f 8928 750 10311 
f 11174 7125 6070 
f 757 831 536 
f 7369 4597 5631 
f 4923 5901 5883 
f 2897 9924 7466 
f 7767 4164 3728 
f 4312 6194 9027 
f 11359 4577 943 
f 10517 1232 8805 
f 8142 3128 11227 
f 6241 11252 183 
f 11842 2040 6814 
f 10360 11248 904 
f 2583 11832 2160 
f 2223 2683 1712 
f 7289 7020 10214 
f 646 1509 5925 
f 8264 12085 1748 
f 2150 736 1475 
f 4702 2215 8375 
f 9247 6537 12241 
f 1380 3664 232 
f 8489 10003 10391 
f 10360 9821 11248 
f 12386 10167 8055 
f 8651 10559 78 
f 9167 12452 2156 
f 11287 2621 1436 
f 8350 1436 2621 
f 9729 12021 122 
f 2621 11287 4865 
f 1462 12260 1421 
f 5924 11659 11110 
f 1342 2128 6930 
f 6077 6404 7442 
f 11872 11006 9307 
f 11274 9282 72 
f 6322 5564 10781 
f 2201 2534 1812 
f 2189 7961 4875 
f 1231 677 10916 
f 11245 12046 11592 
f 3349 7574 7445 
f 6798 12180 6478 
f 11099 9990 9657 
f 292 4075 2913 
f 9453 7975 1273 
f 6403 8175 7892 
f 7149 27 4192 
f 118 9040 6586 
f 6260 108 11335 
f 12302 8859 2089 
f 97 54 24 
f 10499 10877 10490 
f 9995 3402 266 
f 1608 4121 10340 
f 1129 3588 8854 
f 12161 3262 7567 
f 12339 4044 5348 
f 5380 9536 11786 
f 9891 12164 5538 
f 999 5415 2975 
f 4666 10108 12272 
f 5606 5159 4916 
f 10305 5434 11569 
f 5914 5848 11021 
f 4222 11617 11757 
f 1270 1143 2036 
f 4506 10275 5177 
f 7201 10932 11181 
f 2911 1930 2547 
f 7900 6640 8454 
f 10409 10628 10375 
f 2440 7683 4305 
f 2561 6738 3696 
f 8161 226 9097 
f 10873 6560 2337 
f 4993 10528 3111 
f 861 1855 11413 
f 8452 12444 4396 
f 4753 5067 8205 
f 9075 2593 11923 
f 470 5854 5010 
f 518 456 22 
f 10947 3933 768 
f 12105 10595 12182 
f 5438 5395 11464 
f 398 2816 3067 
f 2218 4643 2643 
f 10012 9721 5036 
f 12237 11434 11449 
f 6889 7122 7370 
f 5593 4675 5131 
f 9413 4733 6054 
f 3253 3470 3058 
f 6260 12050 10800 
f 837 7462 10511 
f 11933 11121 11939 
f 9830 6299 12261 
f 12373 12385 3089 
f 10757 5965 5942 
f 10545 866 6616 
f 8319 1132 7366 
f 5315 726 6479 
f 6274 9957 7681 
f 6091 5866 6288 
f 6943 5985 3182 
f 10207 10562 10554 
f 7799 8087 8363 
f 638 6249 2666 
f 11446 3486 12017 
f 2143 9568 7210 
f 7921 7902 11137 
f 3204 5207 4445 
f 3841 3848 4236 
f 9425 6916 10374 
f 7340 12268 8459 
f 10710 5799 8881 
f 3100 3267 3703 
f 7195 4553 8212 
f 12417 9938 12387 
f 6886 4894 8830 
f 8733 7098 12232 
f 5528 82 10534 
f 8310 10347 2032 
f 11828 8842 4026 
f 7403 7690 7426 
f 9705 1685 399 
f 10854 2926 10431 
f 3005 1981 10404 
f 10340 10068 1608 
f 11967 8861 7402 
f 2711 2706 3293 
f 3562 3526 1542 
f 3347 11777 833 
f 4320 4378 4514 
f 7489 6657 2632 
f 3290 7752 1201 
f 8593 638 4957 
f 7843 9114 9156 
f 11592 12046 1910 
f 9901 8098 5368 
f 7183 5620 2034 
f 2034 5620 6858 
f 11878 11672 5150 
f 9821 11332 5998 
f 5574 7320 2288 
f 6928 6944 4944 
f 11537 3603 3808 
f 8504 969 5692 
f 7424 5049 12300 
f 7131 7405 7674 
f 7667 10974 8146 
f 7980 3458 8067 
f 2219 6028 1225 
f 8056 9372 7688 
f 9508 9257 811 
f 10879 5821 7202 
f 4572 10388 509 
f 4092 4500 895 
f 10121 8467 6711 
f 7787 9490 10788 
f 4238 9941 9194 
f 5061 359 9334 
f 407 6735 2986 
f 7169 4735 12066 
f 7508 1447 1546 
f 10674 6660 1819 
f 278 1890 4454 
f 9529 4443 10405 
f 9870 9868 10620 
f 5257 4801 5695 
f 5591 7876 10440 
f 1102 1040 1191 
f 7170 12439 2955 
f 1968 10319 8905 
f 6819 10488 5203 
f 4348 4185 3777 
f 5679 4878 12482 
f 6660 2776 8886 
f 8395 5204 2415 
f 11909 6948 4610 
f 4282 3065 3478 
f 9400 4862 405 
f 6716 7509 7410 
f 3188 10820 4237 
f 1498 2692 3062 
f 7816 2580 4707 
f 7229 10777 8725 
f 1182 9547 5475 
f 6195 2466 8977 
f 3166 2768 2771 
f 4198 2737 7453 
f 12453 6501 11744 
f 6668 4770 6359 
f 10467 8385 5677 
f 7521 9802 7518 
f 1765 1966 365 
f 12329 10785 11517 
f 6110 11487 12200 
f 7963 7049 7055 
f 5954 9446 2190 
f 11045 11222 2971 
f 8531 1096 5884 
f 3422 5661 9065 
f 8454 7070 7882 
f 8361 3826 3009 
f 9143 11262 3286 
f 7830 1765 11120 
f 6032 3537 10863 
f 1852 5499 5166 
f 3630 3393 4210 
f 2314 1783 8650 
f 59 3285 4500 
f 8437 3498 12006 
f 11550 9402 1614 
f 4027 1654 11938 
f 9865 9845 6274 
f 4806 11968 6852 
f 4929 819 8102 
f 2247 2412 3548 
f 4110 4680 7732 
f 9372 5541 1356 
f 9809 8531 5884 
f 4661 1942 8252 
f 11853 4953 11589 
f 9822 5969 10851 
f 6058 5457 6068 
f 8183 1181 10342 
f 2275 1159 2691 
f 9260 4800 11034 
f 679 565 4767 
f 8531 9357 6945 
f 11806 3182 5985 
f 2796 7464 12157 
f 780 10086 4239 
f 7322 7621 5350 
f 4596 4423 3807 
f 9904 11997 11635 
f 11938 3944 5019 
f 1654 3944 11938 
f 6254 6934 7177 
f 2231 6428 4944 
f 5053 1014 11124 
f 8719 5678 7230 
f 7332 10333 7635 
f 7679 2041 9604 
f 9659 3124 10825 
f 11938 5386 4027 
f 149 7642 10178 
f 10436 4782 11427 
f 6690 10263 7798 
f 12293 7304 10356 
f 11716 4567 8950 
f 6821 11599 6844 
f 2587 2585 2101 
f 8074 10670 56 
f 12306 12254 5109 
f 2302 4484 10907 
f 9167 2156 12224 
f 9468 8655 1325 
f 6489 6726 7457 
f 7071 7353 1631 
f 11656 10628 10784 
f 8293 6116 11849 
f 3423 2462 2463 
f 10598 10060 8032 
f 2151 1071 2515 
f 1414 12278 3669 
f 5613 5704 5453 
f 2897 7466 11638 
f 7607 8160 9014 
f 5858 7324 898 
f 8076 3648 8635 
f 6191 7939 7636 
f 4425 1789 11054 
f 7148 4743 3028 
f 9926 8574 4587 
f 3203 3168 11028 
f 11915 11449 10714 
f 9242 5127 4815 
f 1179 9610 6647 
f 9125 9753 9738 
f 7289 10214 8727 
f 9862 5807 640 
f 5076 8924 7548 
f 10747 10371 9999 
f 7498 6109 5902 
f 9181 8877 1211 
f 3590 3150 3999 
f 6006 2357 2875 
f 2819 12360 3956 
f 7502 7498 5902 
f 4690 3956 12360 
f 11383 3133 2597 
f 10095 87 3556 
f 2256 3794 5822 
f 1332 168 8713 
f 9141 5877 12479 
f 11929 4620 1535 
f 3093 9342 1302 
f 6611 9224 5275 
f 12108 3888 5 
f 8985 1289 4900 
f 5844 5472 1499 
f 547 4233 2616 
f 8947 8955 9226 
f 9210 12082 7878 
f 5988 11143 11722 
f 2553 11629 688 
f 7214 3467 7695 
f 6811 5261 11043 
f 2030 1816 10616 
f 6218 2575 9869 
f 9801 10533 8926 
f 1629 966 10267 
f 3545 6900 2085 
f 10340 7956 10068 
f 3877 7630 11339 
f 10331 10696 11052 
f 5209 4980 4185 
f 4406 11781 579 
f 5372 5470 6049 
f 8088 173 8171 
f 11564 8814 4548 
f 6563 2182 5773 
f 4582 8451 8570 
f 2560 2553 11862 
f 5063 6349 4832 
f 2152 7488 12064 
f 1065 1287 505 
f 6278 5865 5605 
f 4188 735 2646 
f 12193 6928 6428 
f 7482 9692 12342 
f 5031 3649 7533 
f 2818 575 5048 
f 4414 8281 2533 
f 5767 10337 6051 
f 3032 8221 9172 
f 11876 1479 3140 
f 3521 4130 4117 
f 3405 1120 29 
f 3122 11654 1424 
f 10794 2385 9552 
f 6174 3957 8309 
f 6563 11143 5988 
f 10071 12251 10525 
f 3133 5438 6307 
f 743 3765 7158 
f 6270 2816 398 
f 11109 4628 8051 
f 4601 11579 10270 
f 5376 256 6958 
f 3313 7655 3928 
f 2843 2490 1996 
f 9493 8682 1664 
f 8485 2777 11275 
f 4550 11666 2514 
f 138 9922 74 
f 8043 12048 11749 
f 10593 4379 10716 
f 5763 9804 1472 
f 4285 10188 12365 
f 6534 12140 3037 
f 2742 1918 5910 
f 9842 6971 2193 
f 9396 11698 4203 
f 327 10339 6366 
f 2685 4939 5151 
f 130 1155 5890 
f 1036 8209 9470 
f 5776 5356 6199 
f 12064 7488 816 
f 11259 5815 209 
f 1966 8326 365 
f 10499 10117 10125 
f 7456 2631 6203 
f 2998 6235 480 
f 4013 269 186 
f 11966 7809 1106 
f 10583 12396 8513 
f 2864 8491 11284 
f 1747 12083 12003 
f 12069 10349 430 
f 6915 6268 668 
f 4618 9754 5747 
f 12161 2562 1625 
f 8232 7956 6867 
f 4154 10104 9034 
f 4390 154 9982 
f 6560 7437 2337 
f 8275 10649 7881 
f 713 6371 741 
f 1244 1255 1371 
f 6916 11452 5247 
f 2644 11697 10817 
f 10745 11634 1924 
f 2074 3820 10126 
f 5092 186 269 
f 10788 1397 7787 
f 1270 9023 10598 
f 9303 824 6691 
f 3218 6137 4086 
f 7883 12015 2568 
f 5360 8164 10060 
f 5172 881 8859 
f 10455 9432 10434 
f 3541 11756 8398 
f 3256 2044 7042 
f 2411 5087 10915 
f 3166 3173 2961 
f 10229 11760 1793 
f 6966 9172 3830 
f 7804 6789 7807 
f 10310 50 12137 
f 483 2446 10183 
f 5544 5737 5555 
f 7488 2152 7550 
f 2437 3571 10647 
f 8504 3865 969 
f 9505 169 729 
f 10061 10445 11937 
f 2348 9260 6301 
f 10933 9812 1211 
f 7203 7644 10130 
f 6236 657 5678 
f 9616 9602 10331 
f 12332 10440 10763 
f 8037 2083 6394 
f 8106 11717 8022 
f 3638 9362 8755 
f 6132 5509 6547 
f 9866 9843 9510 
f 9639 6268 6901 
f 10920 7207 8033 
f 8856 9491 771 
f 6579 6818 7293 
f 3819 5987 8937 
f 10396 10782 1557 
f 1235 1473 1236 
f 9001 4258 12266 
f 6700 6088 7629 
f 7005 7270 7268 
f 10468 7142 4792 
f 7387 10168 2952 
f 7637 3131 8705 
f 1613 10663 8446 
f 3243 7499 555 
f 2972 1336 8948 
f 10292 4589 5103 
f 3537 6032 11486 
f 9683 6569 9061 
f 3946 3925 877 
f 5755 9881 3035 
f 9060 9527 195 
f 11750 1825 4446 
f 3337 5520 12349 
f 3925 3946 82 
f 10490 5716 12408 
f 7282 2795 2619 
f 11048 9591 11060 
f 1068 4284 3791 
f 4353 12248 2487 
f 10782 9970 11363 
f 1167 1068 3791 
f 4144 6571 12372 
f 9588 4468 946 
f 8221 6655 9172 
f 8669 5943 10625 
f 4006 4173 9456 
f 4386 8142 11227 
f 283 11601 2369 
f 4836 9993 4075 
f 5755 11183 9881 
f 9863 10611 9868 
f 3427 8285 3375 
f 3356 1304 10766 
f 7965 9745 2523 
f 1636 11740 2550 
f 10460 2691 4144 
f 7543 3768 1300 
f 2920 5046 8996 
f 11046 11434 10687 
f 7016 7190 502 
f 3860 5724 4066 
f 3385 624 3081 
f 8895 9701 2148 
f 3959 1787 1514 
f 3979 5913 3939 
f 283 2369 6933 
f 9606 7132 7433 
f 6521 8506 9694 
f 4126 10989 3706 
f 11116 11363 4476 
f 9745 4990 3483 
f 6973 12170 6909 
f 6930 7396 1342 
f 11758 5639 6602 
f 357 225 432 
f 3289 11685 12079 
f 6732 7474 6954 
f 2361 1589 12382 
f 4526 4492 5784 
f 625 9765 11233 
f 10958 3691 8829 
f 653 994 2252 
f 3638 7971 3976 
f 2113 7783 12444 
f 2507 5117 3491 
f 10854 4504 6757 
f 5793 84 1271 
f 11069 365 8326 
f 2074 10183 3941 
f 2691 10460 2216 
f 1642 5639 11758 
f 1574 5767 6606 
f 10845 6562 8166 
f 431 454 2240 
f 9821 1213 4368 
f 4271 5565 4099 
f 11547 5941 4996 
f 9125 8550 8270 
f 8757 924 8623 
f 12327 7170 5015 
f 8608 9441 8879 
f 1791 6204 5602 
f 4170 4150 8594 
f 11080 3392 10205 
f 4022 4252 6011 
f 142 6704 6571 
f 4553 7195 2807 
f 5787 6748 7705 
f 1777 1402 12140 
f 12188 2359 5567 
f 12359 2792 11232 
f 3706 12 4126 
f 4692 12004 4349 
f 5635 240 3371 
f 404 917 980 
f 2297 2291 2120 
f 2061 1930 2557 
f 6578 11707 7581 
f 11883 843 3581 
f 10053 988 12021 
f 6587 6006 4132 
f 4964 5652 5209 
f 34 13 63 
f 5108 2826 1894 
f 891 1156 1000 
f 2790 4299 6456 
f 6185 3398 7755 
f 8996 2316 11918 
f 5558 7259 5995 
f 215 7138 11832 
f 696 3247 7943 
f 806 832 5378 
f 4500 6515 11302 
f 3706 3117 2720 
f 6128 3708 11141 
f 5603 3048 10062 
f 4382 5476 7616 
f 6663 1882 9444 
f 12027 654 5207 
f 1071 6383 6900 
f 3305 3533 1540 
f 9437 8335 4627 
f 9599 8136 9600 
f 2007 8809 11507 
f 12461 7355 9876 
f 2913 9993 7235 
f 11191 4991 5008 
f 11078 11467 5608 
f 11600 11263 10533 
f 9866 11754 9857 
f 9629 11410 928 
f 157 159 153 
f 9683 2168 6569 
f 4613 9656 8590 
f 8423 9832 11049 
f 4428 8633 5140 
f 11378 10992 12170 
f 2720 3302 12 
f 1552 7729 10709 
f 6449 3461 11076 
f 3330 3710 9794 
f 5048 2375 8220 
f 12018 10008 9670 
f 11332 9821 4368 
f 12322 6920 2249 
f 10206 3953 2618 
f 11858 5128 3812 
f 2202 1640 737 
f 1166 1295 878 
f 3600 3896 9911 
f 9110 812 5814 
f 1411 1374 10944 
f 3302 7959 8535 
f 200 2488 4816 
f 2720 7959 3302 
f 11129 11180 11154 
f 11078 71 563 
f 6875 893 5432 
f 12053 9373 2556 
f 3941 10183 12478 
f 2221 2901 2543 
f 5155 5374 5146 
f 5649 6934 6254 
f 914 10206 8614 
f 10206 914 5748 
f 2452 2112 2282 
f 4971 8199 7171 
f 10111 4707 5145 
f 10274 4812 7356 
f 5140 11572 71 
f 1196 163 10296 
f 4689 9909 7394 
f 8535 7959 7106 
f 1661 1865 2096 
f 5505 5840 10107 
f 10726 9632 10344 
f 553 482 6500 
f 563 71 2185 
f 9414 7993 8548 
f 10144 8469 4609 
f 11829 5188 4776 
f 10722 11476 10364 
f 7239 3561 7593 
f 9782 6808 9750 
f 11359 7810 5321 
f 5777 571 2798 
f 2313 7103 3 
f 1779 2774 3066 
f 5673 8872 6691 
f 10074 4714 6308 
f 2850 5345 11642 
f 5123 3670 7396 
f 1334 7623 7059 
f 8614 10206 10034 
f 4626 4532 12078 
f 6762 7043 873 
f 11966 10616 4169 
f 8851 930 9782 
f 6144 1951 12117 
f 7679 3358 8865 
f 5643 9664 11803 
f 4326 4344 3385 
f 624 3385 1926 
f 6359 9491 7656 
f 1233 1354 1228 
f 9460 10363 4695 
f 6081 5514 9678 
f 6721 10403 1350 
f 7896 2218 9469 
f 10825 11810 4097 
f 3737 2589 9296 
f 1598 10021 3183 
f 2457 1406 4363 
f 12020 421 4982 
f 12143 1504 8746 
f 10658 1343 8613 
f 4213 810 8517 
f 12255 11458 12259 
f 7059 7623 10597 
f 4004 819 7191 
f 4336 4230 5261 
f 142 1159 11249 
f 8200 5095 147 
f 2710 1569 7645 
f 4902 3374 2273 
f 7362 4989 5698 
f 5304 9568 6094 
f 12287 6448 11445 
f 2609 2291 2805 
f 1531 1724 10535 
f 9592 12339 5348 
f 6789 7804 6988 
f 8820 10042 6585 
f 1406 3371 4363 
f 10349 1775 430 
f 10540 9209 9807 
f 10812 355 11944 
f 227 8269 10165 
f 6518 9082 9030 
f 12036 8104 4903 
f 3371 1676 10357 
f 7023 2759 3572 
f 10082 10098 10073 
f 6432 6327 9025 
f 4491 11954 11687 
f 3817 5765 5350 
f 10607 10664 4765 
f 5931 5771 874 
f 12232 5888 4784 
f 11382 11734 5720 
f 9141 10303 11126 
f 9398 11355 9633 
f 6877 5771 6874 
f 5494 1263 5788 
f 5194 1541 7536 
f 4 8020 10641 
f 595 1293 3910 
f 8860 7171 3431 
f 2589 875 11373 
f 2421 2724 8702 
f 9675 5635 10357 
f 12220 9295 7960 
f 10644 11869 3435 
f 3214 12053 2556 
f 1918 9415 5910 
f 9578 6028 9675 
f 3640 4236 3848 
f 10960 2308 10536 
f 9749 10260 2878 
f 361 6599 6406 
f 3763 10261 4519 
f 5450 3425 11421 
f 3745 835 6037 
f 3390 4559 4768 
f 11983 6339 9861 
f 12095 10910 5100 
f 95 6422 5189 
f 4181 1434 7144 
f 8131 7661 5937 
f 9886 10654 9912 
f 6246 5648 5831 
f 7395 6899 10982 
f 3433 3450 3864 
f 7906 5008 5861 
f 10016 7284 4713 
f 5487 1647 4407 
f 8804 7742 631 
f 9524 11961 7938 
f 11671 9160 11367 
f 7452 8862 2766 
f 6692 3206 4843 
f 466 3688 12061 
f 1300 2066 570 
f 1030 10509 9113 
f 10698 12236 5412 
f 1876 11387 2852 
f 8767 11398 2936 
f 11473 12340 3932 
f 9400 9138 4862 
f 2372 11167 11409 
f 6988 6558 6347 
f 9812 3329 9545 
f 832 6821 6844 
f 8646 10152 8797 
f 6300 8653 1164 
f 3437 3265 3233 
f 4545 7819 6688 
f 513 9413 4643 
f 3333 11888 8191 
f 12485 11513 5338 
f 2332 10173 983 
f 8052 11226 6792 
f 10066 3384 8069 
f 4597 2511 5631 
f 2923 3606 1425 
f 3467 3888 11533 
f 9003 9270 8999 
f 12271 376 6853 
f 11841 1403 3818 
f 10103 6078 2260 
f 3482 7301 3762 
f 4977 4786 2669 
f 307 4151 5254 
f 1992 4340 2469 
f 6998 648 10816 
f 7333 11711 4274 
f 3818 1403 2486 
f 290 8959 5105 
f 7597 8634 8510 
f 3953 11330 4419 
f 5120 1044 6797 
f 9879 9678 7712 
f 7998 1644 11350 
f 2785 8121 2564 
f 8444 7166 11562 
f 3409 1731 7161 
f 6785 1335 5211 
f 971 9745 3483 
f 6279 11436 9942 
f 6975 9918 4572 
f 8638 5448 8984 
f 1268 7021 3931 
f 1475 1042 114 
f 9813 1441 12038 
f 745 6551 2492 
f 7596 7162 11439 
f 5429 5750 198 
f 7232 317 10025 
f 2386 12240 4701 
f 12099 3951 2827 
f 7258 6029 10941 
f 5204 8395 1301 
f 7324 1625 2562 
f 128 11912 1967 
f 12151 8940 5411 
f 1417 11624 2921 
f 3519 12301 4661 
f 5839 10905 2779 
f 12287 11445 963 
f 7152 8016 3277 
f 4645 369 909 
f 9945 6418 770 
f 11339 6259 11895 
f 11939 9710 11535 
f 5382 2582 9844 
f 2025 6325 6975 
f 1790 1903 1702 
f 12377 808 7575 
f 3962 9721 6201 
f 7550 12189 7488 
f 2009 4120 3084 
f 10592 10384 7318 
f 10207 9827 10222 
f 90 12074 400 
f 12377 10024 5911 
f 10389 7942 8801 
f 9900 10613 10905 
f 10471 12022 8115 
f 1268 3931 11344 
f 10325 497 10969 
f 7436 9076 9038 
f 8358 4112 6373 
f 5125 3811 8713 
f 11525 11940 11949 
f 5023 11710 5624 
f 2614 3120 11131 
f 6445 11483 2372 
f 3164 2366 2298 
f 5033 386 5517 
f 4423 699 3807 
f 9876 4564 10258 
f 8717 8707 9267 
f 5330 1042 11545 
f 10696 12229 11052 
f 11521 10444 6081 
f 9681 3575 10787 
f 12203 6356 4156 
f 1447 7508 10595 
f 9900 10905 4633 
f 9514 3262 378 
f 9219 10058 8592 
f 10797 2747 9233 
f 11023 6108 6728 
f 3105 11001 228 
f 2970 11650 6313 
f 3626 937 12051 
f 9114 1937 3887 
f 4109 11694 3510 
f 9775 4751 4622 
f 10135 4908 4961 
f 3661 7101 10494 
f 1721 6139 6898 
f 1996 1998 1884 
f 5374 6863 5786 
f 3296 7774 10949 
f 7873 5325 5917 
f 2752 2312 8042 
f 4468 6927 7861 
f 8866 4352 9673 
f 1052 9137 2227 
f 3950 1049 5561 
f 7226 3025 4884 
f 1529 1090 6423 
f 7226 10949 7774 
f 9151 7044 3716 
f 3175 9606 12125 
f 3115 12478 11313 
f 11503 8331 12209 
f 3679 12271 6853 
f 11712 10049 8708 
f 1000 11519 775 
f 7557 7979 7880 
f 9353 7079 11482 
f 9318 10580 457 
f 8068 2213 3413 
f 4339 11570 4805 
f 10410 11127 11935 
f 232 3664 7665 
f 7733 8712 8840 
f 11720 1968 12434 
f 10031 9514 3651 
f 1346 7225 11347 
f 4047 4049 2436 
f 10874 11603 12420 
f 12344 6474 11104 
f 3138 3155 2761 
f 5678 657 7230 
f 11131 11005 2614 
f 5642 6618 1547 
f 9252 1802 2918 
f 8622 2936 11398 
f 5537 6152 6568 
f 10562 11320 11276 
f 9009 5143 11554 
f 3296 1125 7774 
f 7774 1125 2741 
f 3449 4785 5414 
f 1218 2009 1235 
f 3240 10106 9072 
f 8669 11068 2925 
f 2334 654 12311 
f 3296 8604 1125 
f 8712 8604 3296 
f 1404 270 6106 
f 8712 610 8604 
f 4374 5817 5727 
f 5830 8964 11164 
f 12326 5792 6342 
f 7124 7039 1285 
f 5998 6628 11248 
f 8774 7367 8509 
f 6838 7758 2737 
f 9132 324 10603 
f 3317 10774 12213 
f 299 7214 8536 
f 3795 5673 824 
f 12240 956 4701 
f 5659 4922 1724 
f 1125 3667 1391 
f 3560 4262 1142 
f 7456 11445 6448 
f 10275 1418 5177 
f 587 8821 7380 
f 11494 3224 6911 
f 4521 2948 11541 
f 3560 1314 4262 
f 11047 3627 580 
f 2628 10484 687 
f 8880 4118 7048 
f 8604 8362 1125 
f 10056 12279 1593 
f 5907 5175 4368 
f 9597 418 4857 
f 7730 1391 3667 
f 4976 11606 6581 
f 7410 7810 9707 
f 10304 11957 7058 
f 3034 1125 8362 
f 3375 3660 8187 
f 10822 6911 11485 
f 8980 6038 9224 
f 1207 3617 11511 
f 5032 12294 5016 
f 10549 11711 7333 
f 9472 10719 8245 
f 2259 707 1001 
f 5413 5387 2095 
f 4922 11053 11866 
f 9793 3118 10702 
f 8587 10966 8719 
f 7139 8719 10966 
f 3667 3034 5797 
f 12181 3669 3855 
f 8838 8256 9119 
f 4459 2918 3743 
f 7979 8109 3315 
f 5446 1985 5320 
f 6811 2930 10935 
f 931 1255 1136 
f 8153 3397 444 
f 4609 8469 11133 
f 11733 360 8893 
f 7882 10348 9626 
f 1641 2100 1529 
f 5602 5575 7077 
f 4201 12313 2090 
f 340 7383 9808 
f 5867 5525 10653 
f 9240 5715 11962 
f 1108 11615 4190 
f 12000 9817 11305 
f 2017 2711 2717 
f 9930 6938 10668 
f 5950 12073 12102 
f 8362 7827 5797 
f 3224 8587 11485 
f 12423 12407 11501 
f 8146 8832 7667 
f 7150 4692 1216 
f 6648 6863 6008 
f 7216 2423 10441 
f 5119 8333 7591 
f 8686 9304 11101 
f 5797 7827 11177 
f 6454 6229 5820 
f 7372 7107 7368 
f 6090 1896 6415 
f 11494 8273 11351 
f 7074 8587 4748 
f 10920 10919 5011 
f 4426 2069 1931 
f 4704 3180 6062 
f 2878 822 10238 
f 6044 6055 5841 
f 8410 11080 5922 
f 1039 6062 6938 
f 833 12167 8692 
f 3295 8848 3231 
f 3682 3986 5726 
f 12298 10645 11417 
f 91 10942 2899 
f 3404 481 407 
f 12101 10894 4036 
f 9093 1349 3073 
f 1248 7436 4215 
f 8420 8440 7759 
f 5754 7680 10618 
f 11543 9333 2391 
f 11259 209 10140 
f 3177 3455 4992 
f 3395 8053 9242 
f 2812 8977 1820 
f 1992 2469 8653 
f 1749 10342 1181 
f 8731 3881 10929 
f 10919 10554 12062 
f 3722 8431 769 
f 9128 3177 4992 
f 11743 7626 9165 
f 6902 7813 10228 
f 4132 6006 2875 
f 3795 10102 9746 
f 2067 7707 761 
f 3898 12217 8228 
f 761 12217 9991 
f 3653 925 4493 
f 1177 9218 9132 
f 8562 2379 813 
f 12279 1094 1593 
f 6479 4744 9093 
f 10385 1439 288 
f 6669 4756 1074 
f 1947 6473 8769 
f 11402 5982 4731 
f 9098 6382 11913 
f 4867 2601 7649 
f 5390 1110 3427 
f 11822 9039 3691 
f 1139 1784 7215 
f 1026 5533 11819 
f 3215 12100 12202 
f 1641 5013 2100 
f 10548 3657 8294 
f 4668 4658 3260 
f 3316 3813 410 
f 10974 6682 8749 
f 1401 912 11549 
f 2941 176 815 
f 11228 1200 11695 
f 695 3412 5922 
f 1723 5903 7236 
f 1947 2750 3079 
f 761 7707 1366 
f 10882 2639 2489 
f 8824 9103 9385 
f 773 1244 979 
f 761 1310 8228 
f 10986 11478 4028 
f 9367 4781 399 
f 7089 5598 8231 
f 761 1366 1310 
f 3360 8501 3949 
f 1349 7707 7137 
f 4595 4601 8177 
f 9386 5078 3927 
f 3704 2293 9575 
f 3504 6244 2742 
f 4748 11351 626 
f 105 7393 5465 
f 450 3615 4822 
f 7002 12029 3471 
f 11860 2499 11515 
f 3853 6227 3770 
f 8418 5697 8169 
f 11401 1035 3076 
f 8584 1680 7484 
f 3690 655 6115 
f 886 11697 2644 
f 12367 3218 8643 
f 2083 2103 9039 
f 723 10797 9233 
f 7106 5162 659 
f 5425 6873 10281 
f 7137 3073 1349 
f 10466 7769 6493 
f 11647 10599 5128 
f 11243 1989 4038 
f 6150 8330 10281 
f 2953 2758 1201 
f 9662 5435 8551 
f 9208 9198 990 
f 9458 8311 10512 
f 3048 5603 5514 
f 108 10000 6265 
f 2260 10591 11314 
f 997 11024 6101 
f 5303 6936 8326 
f 10099 12343 6039 
f 982 1052 2389 
f 3284 10599 1407 
f 3505 766 544 
f 9910 8688 8989 
f 3354 3781 3995 
f 10446 501 11551 
f 11271 9571 3704 
f 8732 12208 10155 
f 3697 2012 1989 
f 8931 3284 1407 
f 3284 8931 10849 
f 9481 3662 8316 
f 8637 2854 7820 
f 10626 7003 12403 
f 12336 3474 9346 
f 6261 8687 10471 
f 12155 1591 10725 
f 7861 5522 9123 
f 1625 378 12161 
f 12144 5532 11746 
f 820 12455 4878 
f 4909 2707 7393 
f 11192 10174 9759 
f 6407 308 5817 
f 10007 4944 5290 
f 3713 3310 6621 
f 3578 10793 9428 
f 9597 6601 1123 
f 8690 7157 1939 
f 7286 10403 120 
f 7461 11864 4738 
f 4923 12427 7972 
f 10523 9785 9786 
f 4168 10383 9375 
f 3882 10897 5780 
f 2684 810 4213 
f 4350 7296 6976 
f 6147 133 6714 
f 524 8356 10229 
f 7259 7593 1089 
f 9838 2875 9286 
f 1644 4986 2566 
f 11076 6133 6449 
f 716 96 10563 
f 2657 2153 1982 
f 3573 12020 8835 
f 5057 8541 5571 
f 4979 1201 7752 
f 534 6676 282 
f 1074 11960 6669 
f 6277 5857 6275 
f 774 517 4491 
f 4538 10991 4499 
f 4429 2513 2515 
f 3863 3857 3440 
f 9161 4816 10252 
f 10233 4805 7726 
f 2269 9860 2002 
f 729 103 8773 
f 8938 2285 1939 
f 5020 7483 4734 
f 3755 9107 9477 
f 11067 11063 11061 
f 11011 10642 10279 
f 2288 11856 11540 
f 1767 1569 2710 
f 2044 1810 7042 
f 4527 2806 8600 
f 10023 7180 119 
f 11320 10647 11276 
f 4816 9161 8443 
f 6671 2775 2150 
f 8267 7435 7177 
f 6980 9152 5062 
f 3754 10301 580 
f 3095 5312 363 
f 10006 10688 10775 
f 6246 6466 7176 
f 2926 9368 1105 
f 6871 5865 2459 
f 8807 965 1782 
f 3315 8109 7062 
f 10870 11126 6830 
f 9632 8450 9624 
f 3968 6259 11339 
f 8975 11940 969 
f 2419 2934 2761 
f 3490 11095 10530 
f 3219 3799 842 
f 2004 311 10210 
f 9475 9801 8927 
f 1045 1487 932 
f 2545 6030 774 
f 10888 6316 8011 
f 431 2604 6449 
f 7944 5864 1324 
f 10678 10854 10431 
f 8007 6178 997 
f 4375 10745 10691 
f 4263 12262 10640 
f 6114 12489 5292 
f 9971 2608 11649 
f 2729 2393 37 
f 3011 12219 9081 
f 2079 1967 3822 
f 7916 7122 7674 
f 6514 11950 5039 
f 11556 10026 10079 
f 2516 287 11859 
f 3359 4757 12496 
f 608 9271 11613 
f 3297 2074 10126 
f 330 406 979 
f 7783 2113 7611 
f 6406 309 361 
f 7677 5744 3887 
f 1276 865 1394 
f 294 246 296 
f 1012 10142 2277 
f 176 2941 5475 
f 9937 5637 368 
f 5954 12258 1626 
f 3588 8214 9355 
f 127 7808 1281 
f 937 7289 8727 
f 2512 8674 2558 
f 10625 8864 8669 
f 699 5266 10902 
f 1891 9958 11212 
f 1770 4997 3458 
f 4416 5684 266 
f 5793 6392 11029 
f 6682 9170 1112 
f 6230 6685 5831 
f 4830 1328 8213 
f 2477 10074 6308 
f 2105 5895 11315 
f 1449 2544 2059 
f 10220 2675 5972 
f 9351 8258 6181 
f 5944 4148 5914 
f 1679 7478 907 
f 860 222 6328 
f 5402 7857 3094 
f 3889 7208 10561 
f 10026 4292 7794 
f 10277 3744 9304 
f 10561 5972 1117 
f 7672 5429 198 
f 5451 7104 3241 
f 3031 3963 8456 
f 5273 5509 6132 
f 1497 3113 8324 
f 5769 7759 8440 
f 7982 3094 7857 
f 10153 7982 7857 
f 5232 9335 4124 
f 12122 3615 6727 
f 822 9929 10238 
f 1714 7417 8972 
f 1408 4169 5168 
f 1665 10725 1591 
f 10367 8764 10371 
f 12086 4048 7616 
f 8307 7737 9149 
f 7395 4261 2123 
f 10324 12234 10683 
f 5628 5803 6442 
f 7194 5343 9160 
f 4177 1191 4401 
f 6188 2584 4798 
f 3777 2927 3760 
f 5862 4299 1448 
f 6103 1714 12290 
f 9972 11420 7982 
f 12057 11354 12437 
f 819 4929 11117 
f 6727 8839 6658 
f 159 156 153 
f 7035 5406 3890 
f 7177 8596 8267 
f 8293 9755 9495 
f 6720 8135 7129 
f 162 4602 10101 
f 7454 12364 5670 
f 5406 7035 11172 
f 3954 3992 8673 
f 10591 6997 11314 
f 5114 5578 5131 
f 1099 2992 4905 
f 7509 7720 7410 
f 6382 8438 8755 
f 8438 6382 9098 
f 7596 11648 12070 
f 6483 6712 5851 
f 8475 6312 12183 
f 12055 11093 12243 
f 665 6723 1493 
f 362 6317 6959 
f 7605 9061 6649 
f 9627 389 2704 
f 6727 1338 8839 
f 4963 8070 3914 
f 9824 2869 261 
f 2781 6069 9266 
f 5773 11595 1510 
f 8828 7674 7405 
f 10674 1819 4189 
f 12312 4822 3615 
f 1523 4983 12416 
f 4607 10154 12405 
f 11082 5234 5121 
f 5416 6611 5275 
f 12312 3615 12122 
f 7201 11181 11466 
f 9471 8288 11917 
f 2204 7236 8443 
f 8598 8282 9154 
f 4837 5697 2046 
f 2425 10186 7300 
f 2003 711 6226 
f 3451 9380 12464 
f 3594 12487 9375 
f 3477 3059 3465 
f 4036 2979 12356 
f 8750 2703 1837 
f 4268 2816 4810 
f 9862 4898 9262 
f 4620 11929 1929 
f 7908 3803 11175 
f 12411 10836 1342 
f 11162 776 9987 
f 3012 3825 5495 
f 8710 11874 7936 
f 2259 2228 707 
f 9641 2292 9733 
f 1565 9292 6087 
f 8508 4913 6822 
f 1903 1998 2179 
f 6734 6684 12003 
f 664 6870 1974 
f 3627 6959 8779 
f 4166 4998 5974 
f 3563 11581 10270 
f 7400 6701 8779 
f 6687 1248 1618 
f 45 132 63 
f 3532 3338 1954 
f 904 10407 9081 
f 8780 8196 2555 
f 3682 12357 2883 
f 3341 3154 3352 
f 1458 2177 1797 
f 11102 1001 707 
f 1573 6045 5085 
f 5504 6761 6326 
f 6740 1548 2330 
f 2584 12185 9449 
f 8394 8983 8704 
f 11636 2092 8157 
f 9582 3230 7288 
f 6356 7746 1345 
f 1439 9513 5501 
f 3333 4203 4529 
f 8713 168 11826 
f 4037 4233 4882 
f 2702 8661 8586 
f 9190 4780 10771 
f 3151 2763 2768 
f 12185 2584 106 
f 862 1592 10891 
f 3346 12383 11691 
f 6145 5307 6803 
f 11028 7569 3203 
f 2974 1364 10066 
f 7544 7964 4954 
f 6596 2102 2483 
f 7911 11237 10285 
f 2905 2098 11392 
f 3459 3454 2823 
f 8724 5676 8981 
f 12455 12482 4878 
f 4326 3081 2241 
f 3388 1612 1948 
f 605 1680 8421 
f 637 490 858 
f 2035 1198 5930 
f 10149 260 11329 
f 10648 9127 6765 
f 10191 4562 8021 
f 11820 11856 430 
f 3806 4015 3593 
f 12384 11386 9447 
f 12410 396 12372 
f 4944 10053 5290 
f 6564 7262 6363 
f 10590 3323 8700 
f 5260 9341 10469 
f 11966 5004 7809 
f 3323 10590 4362 
f 3161 3352 3154 
f 5728 4362 4865 
f 7348 2877 2596 
f 2358 11364 9611 
f 7788 9347 9246 
f 4865 4362 10590 
f 8021 3232 2897 
f 7280 7554 8105 
f 8649 8505 4646 
f 2652 11547 7310 
f 7295 4138 9956 
f 10811 900 2700 
f 492 11241 784 
f 10108 408 7957 
f 7027 3674 9518 
f 12459 1202 9478 
f 8787 10953 10736 
f 8609 10128 11845 
f 4944 593 10053 
f 2330 3496 6740 
f 1007 2433 7321 
f 8517 810 8639 
f 2282 2969 2452 
f 11670 5201 3719 
f 12286 10037 11125 
f 5381 5964 3085 
f 2521 3949 9480 
f 10103 11005 11131 
f 3157 5109 4016 
f 209 5815 7711 
f 6548 6234 601 
f 4028 11478 10162 
f 11704 1436 8350 
f 10587 8192 8962 
f 4262 1314 11579 
f 180 132 45 
f 9628 11930 11450 
f 8260 11143 6563 
f 11936 6908 7929 
f 2173 2862 2880 
f 7392 9783 5181 
f 7657 3400 585 
f 5163 5160 3942 
f 10445 11541 11952 
f 10718 11925 5259 
f 1814 1812 2534 
f 2976 11516 11505 
f 4467 9925 11146 
f 6669 1923 11617 
f 5140 8800 9019 
f 248 6609 5817 
f 11073 12200 9073 
f 1499 10757 5942 
f 4937 8653 2832 
f 2844 3253 3058 
f 9242 3081 5850 
f 10042 7404 6585 
f 970 4971 8758 
f 11789 10501 7973 
f 1826 5331 5580 
f 1255 1265 1486 
f 2125 2294 2463 
f 11156 10840 8279 
f 12324 6672 5561 
f 3199 3834 3624 
f 3782 11521 9678 
f 4134 4700 3938 
f 6965 7763 7765 
f 2511 4590 5631 
f 4469 8250 8003 
f 10889 2181 185 
f 1132 8798 7503 
f 183 8610 6241 
f 1365 442 9861 
f 3834 4403 5029 
f 1058 1267 1489 
f 9545 3329 9181 
f 7086 2024 1995 
f 8989 7832 9933 
f 1782 4719 8807 
f 11504 9994 11100 
f 12358 7525 10918 
f 4553 7578 8212 
f 5047 7497 2976 
f 6616 866 5010 
f 4855 4514 3778 
f 8824 9385 9094 
f 1238 8094 10280 
f 7994 1973 9229 
f 3228 3973 4932 
f 11921 10780 11512 
f 8772 6723 10312 
f 3888 3467 6345 
f 2408 116 1767 
f 5579 10545 4111 
f 8607 9163 9169 
f 10493 5657 7886 
f 585 9988 8771 
f 3410 3411 3609 
f 4958 7666 7776 
f 5951 3075 4981 
f 9856 9841 10242 
f 3408 5579 5030 
f 6601 2410 1123 
f 7224 7487 7494 
f 9883 1874 11978 
f 2034 2536 4065 
f 11105 9529 11999 
f 12265 10047 12259 
f 2473 2144 2475 
f 9882 8955 9232 
f 7936 11050 12338 
f 10400 11919 11890 
f 11724 9547 1182 
f 97 231 508 
f 11136 11525 10434 
f 1048 12208 8732 
f 5614 5374 5155 
f 1853 12291 10808 
f 6390 3823 1046 
f 2632 6657 4065 
f 6160 2853 11331 
f 6537 1748 3905 
f 451 592 313 
f 7770 2766 8862 
f 2837 10916 677 
f 6221 9742 744 
f 5432 3696 6875 
f 1456 1586 1683 
f 9762 6940 4409 
f 1748 9871 3905 
f 1748 9334 9871 
f 7407 83 1272 
f 12026 4906 1658 
f 9762 6916 6940 
f 10316 1684 5102 
f 4020 6896 6328 
f 4863 5753 4654 
f 2191 3184 8255 
f 8861 10520 7402 
f 2951 6112 11133 
f 7994 2041 11828 
f 3635 9776 15 
f 8670 4782 4409 
f 9689 10020 9365 
f 4782 11324 4409 
f 215 8493 1649 
f 8432 8289 10192 
f 10652 11774 10646 
f 1990 3321 6937 
f 11877 6057 4096 
f 3367 6779 8026 
f 6373 12361 8358 
f 9734 5562 8660 
f 9130 9384 10417 
f 5346 11531 7448 
f 12021 988 5210 
f 10365 4109 3510 
f 3116 11269 10097 
f 2736 1364 2974 
f 5016 9445 7511 
f 3062 1420 1498 
f 4289 356 8041 
f 9894 4530 5752 
f 1227 6434 2195 
f 9714 7904 188 
f 7879 4513 1494 
f 9169 9163 10475 
f 1447 12162 1546 
f 5294 6781 1303 
f 8148 11576 8027 
f 1972 1413 5056 
f 8163 10571 8566 
f 7126 5588 2078 
f 5223 7647 3246 
f 5653 12165 9950 
f 10059 3359 4390 
f 1999 778 2612 
f 9645 4952 2705 
f 9572 9230 10863 
f 8531 10756 3944 
f 7283 7554 7280 
f 5870 3050 6118 
f 11792 10660 3536 
f 6116 8293 9495 
f 6231 4109 11056 
f 7564 3174 9825 
f 9707 6716 7410 
f 5703 8751 5262 
f 2523 800 9208 
f 11580 10601 9614 
f 7453 11084 10048 
f 12213 9420 3317 
f 4442 9844 5215 
f 7055 8477 7963 
f 723 12244 10797 
f 6928 10657 6944 
f 2632 10179 11978 
f 10212 3729 4595 
f 9568 9773 6396 
f 6069 2781 1146 
f 7955 8256 8238 
f 1501 3311 11416 
f 8327 546 8012 
f 5011 1901 4235 
f 5454 4389 6603 
f 11594 3286 11899 
f 11613 6198 4218 
f 2947 1508 11008 
f 12208 12441 11059 
f 7119 10892 1821 
f 760 12228 9276 
f 8950 4567 6486 
f 8326 6936 8662 
f 4904 7588 4649 
f 8723 9946 1849 
f 10899 3236 2304 
f 9036 3106 9291 
f 3281 10193 8847 
f 9954 9301 10699 
f 5673 3795 6904 
f 4027 5386 744 
f 4154 10046 5322 
f 10664 2682 4765 
f 5868 3720 4667 
f 5269 12124 1811 
f 12229 12220 12235 
f 10196 9070 12228 
f 8831 7957 408 
f 8181 1656 3300 
f 2174 11336 9005 
f 12229 11424 12220 
f 12418 12175 11001 
f 6821 832 806 
f 2819 9742 6221 
f 3189 1096 3480 
f 4468 12275 12266 
f 5690 6096 5248 
f 6270 8885 6104 
f 6487 11749 4292 
f 4735 503 7197 
f 6022 8095 3116 
f 11298 2126 1419 
f 11422 3673 7720 
f 4577 1429 943 
f 7876 5591 1135 
f 5328 10802 5174 
f 10400 10747 9668 
f 1793 2783 2420 
f 9742 2819 3956 
f 7756 9956 7024 
f 8919 7784 80 
f 7444 2728 10627 
f 9287 10774 10506 
f 6127 7377 1044 
f 10738 7908 3855 
f 7438 9766 11040 
f 2521 9480 2715 
f 6705 3417 11781 
f 4220 4353 10572 
f 7291 8939 2895 
f 3345 11307 5017 
f 12158 5334 12146 
f 5354 11884 6173 
f 1754 9619 1975 
f 7631 2861 3628 
f 11936 7643 6908 
f 12499 12022 555 
f 2874 8258 178 
f 7293 7031 7842 
f 9186 11133 8469 
f 11517 10427 12338 
f 6022 2214 8095 
f 4703 3734 5394 
f 2433 1007 6760 
f 7376 1746 11661 
f 9265 9927 10699 
f 3407 7172 4107 
f 8049 4637 1720 
f 3090 5430 16 
f 2435 1987 562 
f 10111 6488 9486 
f 6967 1020 961 
f 9194 9941 5569 
f 2885 3521 4117 
f 67 11889 1009 
f 12145 11694 12236 
f 2575 11367 1313 
f 1610 10384 10592 
f 12498 8464 8234 
f 8871 2921 2914 
f 12339 3779 4789 
f 12391 11980 11574 
f 11781 4406 8464 
f 9570 11873 8864 
f 8444 1300 2341 
f 833 11777 11674 
f 6046 3650 4690 
f 4406 8234 8464 
f 7567 11251 5768 
f 11781 8464 10943 
f 5668 5602 9915 
f 6631 7080 6419 
f 4662 1376 10979 
f 372 249 246 
f 11997 11103 3884 
f 9173 6650 2176 
f 6796 10415 7313 
f 5845 1115 5427 
f 6793 7006 6568 
f 7656 9491 8856 
f 9836 3064 11850 
f 751 10657 5781 
f 7580 6589 7312 
f 670 8874 3936 
f 6216 5606 6425 
f 12125 8976 3175 
f 2174 12469 3677 
f 10662 6158 2140 
f 12346 10408 11717 
f 751 1087 10657 
f 2693 3274 3270 
f 2835 6281 11990 
f 6223 7413 10863 
f 4874 2628 11968 
f 5526 5193 5242 
f 8936 5608 4428 
f 7446 6420 4479 
f 9172 6966 3032 
f 5574 391 7320 
f 4288 6517 5173 
f 8455 446 915 
f 7317 2091 9427 
f 4406 2071 8234 
f 2360 5224 2333 
f 5264 11682 604 
f 6191 1193 7939 
f 8738 4897 8808 
f 7943 9258 2636 
f 5537 4850 6152 
f 8384 10910 12382 
f 9850 7129 381 
f 9758 5300 4145 
f 9990 11099 11490 
f 4833 5063 4062 
f 4406 11265 2071 
f 11355 4992 4073 
f 8858 2770 8346 
f 8850 10061 8823 
f 9501 2335 2265 
f 11128 6879 8981 
f 3066 2774 10835 
f 3303 3772 9848 
f 615 2100 5013 
f 10186 2425 828 
f 9052 10705 247 
f 4406 1596 11265 
f 7846 6101 11024 
f 2225 5396 12239 
f 2473 3033 3229 
f 9475 8065 8913 
f 9994 9044 11100 
f 3817 10465 3285 
f 3448 4778 589 
f 4417 4265 4634 
f 8788 8784 12283 
f 6935 7524 1914 
f 10302 6956 10860 
f 10317 2781 9417 
f 1511 10612 12434 
f 4877 4277 4281 
f 12448 7371 12091 
f 11244 5577 6193 
f 3247 10708 11448 
f 10485 2355 10783 
f 9165 1377 11233 
f 8249 8629 5251 
f 11286 12039 8234 
f 7302 7836 7315 
f 1596 771 11265 
f 7978 8225 6681 
f 12445 5917 5325 
f 955 2553 5864 
f 956 10297 4701 
f 6612 9973 9305 
f 3592 11678 8739 
f 6008 6863 5374 
f 8909 5280 7415 
f 1776 8572 618 
f 9223 4450 4401 
f 10276 10025 6574 
f 221 571 5777 
f 9402 11799 11124 
f 9754 12295 5747 
f 7836 7831 8114 
f 5901 509 10388 
f 10466 10553 12487 
f 4069 6583 512 
f 9907 8322 3981 
f 2005 5929 12381 
f 11627 3039 10010 
f 2109 4689 7394 
f 8220 11372 4681 
f 3333 2058 11888 
f 12039 11286 9142 
f 7043 9018 2748 
f 1896 3038 6004 
f 1837 12194 8750 
f 9998 9667 9994 
f 267 2979 3258 
f 11285 3525 3610 
f 3294 8934 2559 
f 8547 3830 11134 
f 5092 269 8547 
f 8396 9476 2134 
f 578 4141 12413 
f 2074 3941 3820 
f 5092 10025 10276 
f 9798 2637 11882 
f 8217 8226 7690 
f 863 6104 11848 
f 8236 3915 1307 
f 7429 781 3355 
f 11436 11391 9942 
f 3757 4323 3553 
f 10280 5072 10245 
f 10559 8405 12171 
f 5417 3496 2330 
f 2293 3801 6244 
f 8092 7654 9065 
f 3481 2862 3477 
f 11491 11991 8526 
f 7431 6914 6907 
f 5126 10336 11764 
f 9550 5940 5269 
f 4295 7347 5266 
f 8775 8766 9044 
f 11779 8555 12467 
f 279 8674 6142 
f 2093 11720 12434 
f 2071 11286 8234 
f 7971 3638 10169 
f 270 2772 5051 
f 7513 7867 4786 
f 1869 2519 10940 
f 11710 3882 10914 
f 3068 10414 5250 
f 6358 6005 6571 
f 9863 9509 9510 
f 7005 7268 7545 
f 3126 6998 10816 
f 429 7723 11960 
f 10712 9600 7858 
f 7502 5902 7228 
f 10369 11406 5967 
f 3407 1161 6788 
f 5501 6084 3493 
f 7703 8226 8548 
f 5347 5319 5041 
f 4235 12470 5542 
f 10211 2097 11325 
f 4545 8322 7819 
f 5547 11821 8564 
f 34 63 58 
f 4772 3764 2239 
f 6683 9219 11188 
f 7402 10698 2655 
f 6241 6220 11252 
f 2071 11265 11258 
f 11286 11258 4419 
f 2071 11258 11286 
f 1854 1161 2000 
f 11421 4925 5450 
f 3448 11377 4949 
f 6859 7741 3482 
f 9029 11831 5340 
f 3881 10244 658 
f 9165 9765 11742 
f 7053 7812 708 
f 4167 8773 343 
f 10400 9668 10029 
f 437 876 804 
f 7326 9015 8434 
f 10906 9964 10896 
f 4268 3067 2816 
f 7461 11339 11895 
f 11681 9584 1891 
f 49 231 97 
f 6375 6368 6584 
f 1535 8677 8959 
f 3488 7779 3420 
f 8302 9354 9889 
f 12191 3157 10172 
f 6586 4194 118 
f 4556 72 9282 
f 6159 10817 5068 
f 8745 11402 8404 
f 6213 541 1709 
f 170 637 641 
f 5635 3371 10357 
f 8548 9104 11534 
f 1663 2149 5582 
f 4419 4298 11286 
f 92 5893 81 
f 3040 7021 1268 
f 11523 9591 9561 
f 1752 1960 1953 
f 7526 4167 343 
f 2930 5119 10935 
f 6998 1541 7990 
f 10661 1565 5689 
f 10025 8553 6574 
f 10831 7077 706 
f 4320 8562 9560 
f 12192 6537 10304 
f 12414 10496 11588 
f 5755 11596 4887 
f 11601 283 6095 
f 28 1167 3791 
f 10120 2636 11162 
f 10569 4437 12244 
f 10293 11431 8754 
f 9692 676 458 
f 12068 4298 4419 
f 5605 1607 6278 
f 8127 8417 7855 
f 9555 751 5781 
f 11628 541 9634 
f 5108 6667 2751 
f 6574 8553 7493 
f 12105 5239 6752 
f 6574 7493 10989 
f 6289 10019 6269 
f 7325 9354 1913 
f 3630 3191 3393 
f 10645 506 10532 
f 680 10315 29 
f 4946 8132 3616 
f 12452 9167 10754 
f 5535 9951 7893 
f 5754 8582 2933 
f 4247 10169 8438 
f 6207 315 4967 
f 10879 3569 5018 
f 4369 123 11701 
f 9172 6655 10323 
f 10771 5392 9190 
f 9214 10686 4664 
f 9205 10431 2926 
f 3243 5755 3035 
f 1052 1800 2389 
f 3566 9952 3555 
f 6197 10989 4907 
f 8819 6226 5171 
f 10154 12063 3872 
f 6423 6172 1641 
f 6684 6614 6467 
f 8311 8616 8040 
f 10496 10874 10499 
f 10989 7493 3706 
f 348 9976 12077 
f 2386 5881 6122 
f 1803 720 8254 
f 12380 10502 7883 
f 10188 4285 3216 
f 10505 6081 10444 
f 9393 7812 9613 
f 8932 10454 9309 
f 10358 11140 2413 
f 7635 10333 996 
f 5303 5596 6936 
f 1254 12072 11039 
f 9255 8399 5401 
f 3808 10241 4242 
f 4090 7126 2078 
f 852 5204 1301 
f 10082 10061 8850 
f 7985 4633 335 
f 9970 6806 11363 
f 6026 5905 1321 
f 9733 2292 2390 
f 11258 3953 4419 
f 503 3190 7197 
f 8257 10040 3522 
f 5566 3014 12159 
f 3007 2112 2452 
f 3102 8221 3343 
f 11716 1793 2114 
f 3706 2720 12 
f 5529 7103 2313 
f 1504 1076 2279 
f 3401 5230 4692 
f 10651 11010 11395 
f 3369 238 837 
f 8831 408 10464 
f 9651 3991 11175 
f 9827 10211 10223 
f 10802 11037 2713 
f 3256 7042 8430 
f 11363 6806 4476 
f 9036 5885 6183 
f 12329 7234 11509 
f 7763 7491 7494 
f 4670 11658 7407 
f 423 3933 4463 
f 10586 7288 2640 
f 4422 3494 6655 
f 6719 1088 3562 
f 8397 10814 3209 
f 11863 8460 1372 
f 424 5935 618 
f 11905 11006 4009 
f 8225 9365 9665 
f 8307 10833 10139 
f 5047 8760 3557 
f 5685 9962 7383 
f 10678 7841 4331 
f 6025 1704 2792 
f 545 2131 667 
f 6668 10454 8932 
f 6161 8751 3048 
f 7470 2315 10909 
f 11180 5811 11154 
f 6655 8221 3102 
f 4151 5274 5254 
f 752 2124 3 
f 6603 9372 9110 
f 10230 1707 12281 
f 6258 2440 4305 
f 461 382 9182 
f 1547 5921 3017 
f 7450 3303 9848 
f 323 392 831 
f 5679 5981 6757 
f 10313 9936 9267 
f 6984 8212 7578 
f 8370 7268 8097 
f 5654 4813 11930 
f 12070 8597 7596 
f 11229 11111 2442 
f 4727 9503 10286 
f 11532 3107 10559 
f 7786 4503 8673 
f 9436 1019 10935 
f 1114 11760 10229 
f 1971 6319 3983 
f 5751 6565 10896 
f 806 5378 5301 
f 10109 9054 5191 
f 11559 2719 9669 
f 3701 5211 3596 
f 4297 2835 9467 
f 11730 12180 6798 
f 2992 2732 4905 
f 2257 6053 1598 
f 12430 10516 11610 
f 5975 10609 9598 
f 5490 5388 5580 
f 7124 919 7039 
f 154 12496 9489 
f 2602 2219 1164 
f 5661 4505 8092 
f 2617 1645 5196 
f 1034 11423 8165 
f 6756 391 11591 
f 12325 9885 11148 
f 67 5526 11216 
f 9372 6603 4389 
f 10199 5009 2445 
f 1939 2285 4168 
f 5923 11219 10952 
f 11568 9316 353 
f 10500 1428 11545 
f 479 9456 1941 
f 12429 12433 11616 
f 10091 1713 10184 
f 7632 3801 11271 
f 7647 5223 5331 
f 2738 6590 8030 
f 1635 6508 3087 
f 1121 8921 7817 
f 11362 2514 11666 
f 11916 10376 6247 
f 1441 9878 12038 
f 5565 7311 7855 
f 11875 6554 11395 
f 6412 7801 11354 
f 12187 3048 5514 
f 2254 775 11457 
f 3065 2671 2848 
f 3397 12193 444 
f 2207 8448 11965 
f 438 8961 8786 
f 2720 6248 7959 
f 7740 8265 1353 
f 8898 10753 4178 
f 665 1493 10872 
f 9088 9233 10524 
f 10429 9010 5157 
f 9640 2035 2363 
f 11330 5748 914 
f 9937 10390 5637 
f 9399 9997 10652 
f 9219 5889 1745 
f 1356 812 9110 
f 11595 5773 2182 
f 6896 4314 11368 
f 2033 7105 522 
f 4319 9201 11228 
f 10148 9464 10523 
f 482 12379 6500 
f 8602 3564 5207 
f 1686 7038 10795 
f 189 394 255 
f 601 5498 1778 
f 1928 6007 396 
f 11664 3606 2923 
f 7056 983 10173 
f 3179 4316 10879 
f 1063 7056 11876 
f 4919 5274 4151 
f 9217 8945 8943 
f 1120 1776 8621 
f 2844 3052 2843 
f 11846 2402 4204 
f 7889 1971 69 
f 10976 7278 1774 
f 8025 3128 5196 
f 10103 12474 12180 
f 7626 5074 6552 
f 7251 11705 4794 
f 2798 571 7949 
f 9404 123 5351 
f 1541 6650 7536 
f 4295 11594 7347 
f 627 1423 12270 
f 10942 7073 2899 
f 9201 11738 9107 
f 7487 7762 7494 
f 7106 1906 5162 
f 2617 218 4038 
f 4415 1199 1188 
f 8309 5180 1755 
f 3141 11913 9315 
f 6295 6041 9459 
f 7518 6544 5920 
f 4184 10579 5428 
f 2778 12359 9931 
f 1823 9926 7657 
f 11872 440 5154 
f 2990 7825 10126 
f 4363 10682 8851 
f 4363 4750 10682 
f 2588 9236 1859 
f 12147 11586 494 
f 1893 10361 10437 
f 6498 5828 3396 
f 4463 3933 1115 
f 2271 6396 5021 
f 10013 9555 3397 
f 2969 2282 2585 
f 9364 11109 8051 
f 11551 501 7229 
f 5118 8991 9329 
f 11511 2373 1976 
f 4065 7183 2034 
f 692 1954 3338 
f 1070 1223 3604 
f 12031 11309 4940 
f 5371 5715 1575 
f 8864 11873 11068 
f 2535 5076 11563 
f 5047 2976 7485 
f 3737 5616 2589 
f 9660 7886 2391 
f 7629 10778 9423 
f 1944 1543 1752 
f 10682 4750 5291 
f 10289 11140 11433 
f 867 3588 1129 
f 10013 9963 9555 
f 5173 11071 4288 
f 8676 7546 8672 
f 2198 8100 4284 
f 11533 11489 3467 
f 5811 959 11614 
f 875 2589 5616 
f 6031 4467 11146 
f 366 10597 7623 
f 3246 1522 5223 
f 7613 6620 6627 
f 6001 2915 10439 
f 11132 8473 3126 
f 4318 1177 7919 
f 7895 139 6848 
f 6364 11555 2517 
f 768 10851 10947 
f 11701 6763 5035 
f 7069 5038 11508 
f 9932 9537 11590 
f 10643 4379 10593 
f 1979 8715 8098 
f 3577 9091 1127 
f 2414 5398 11312 
f 8470 625 8406 
f 6604 364 11689 
f 2958 4795 9596 
f 9255 5401 8876 
f 11271 11885 6009 
f 8544 7618 12178 
f 4732 5419 4959 
f 6489 6297 6726 
f 8686 11481 9304 
f 8351 5033 5517 
f 3583 5062 1100 
f 6314 6877 208 
f 5416 4359 9215 
f 246 249 253 
f 3110 6792 11226 
f 1801 2798 9826 
f 2017 1235 2009 
f 10233 9907 4432 
f 2362 6089 2383 
f 11015 5388 11082 
f 474 9002 8168 
f 3578 5732 10793 
f 9038 9963 10013 
f 5148 5155 5146 
f 790 10607 4765 
f 7614 11672 1862 
f 7366 1132 11934 
f 3342 2723 5007 
f 2576 2937 2573 
f 5450 6874 5771 
f 6964 7487 7224 
f 2843 3051 2848 
f 204 4730 12186 
f 2421 11775 2724 
f 6839 5474 11194 
f 1434 4829 4673 
f 10033 1253 267 
f 2129 2072 4011 
f 2478 4688 11797 
f 1434 4181 4829 
f 2220 11421 3721 
f 460 10216 12301 
f 7451 8001 8282 
f 11811 4902 1466 
f 10272 6168 7029 
f 7155 7146 8229 
f 9998 9994 11118 
f 10411 10412 12329 
f 7315 6823 6829 
f 11139 564 8296 
f 5633 2138 6783 
f 3558 12113 10571 
f 8567 11972 7134 
f 10196 853 4174 
f 1520 8262 6735 
f 2742 2977 5226 
f 3191 3630 3833 
f 1137 583 3717 
f 9753 9125 8569 
f 10980 6553 9477 
f 1393 10483 1260 
f 1991 2220 3721 
f 6516 6704 1636 
f 7449 499 4092 
f 6115 9825 4583 
f 6186 11066 11067 
f 8311 10139 10512 
f 1867 8408 829 
f 2560 5864 2553 
f 4250 466 12061 
f 5299 4634 4846 
f 2219 2602 6028 
f 3849 68 8585 
f 8510 6228 7597 
f 5341 8333 1160 
f 3818 10509 11841 
f 11127 10410 10413 
f 3613 7513 4977 
f 783 9976 348 
f 5691 6513 7516 
f 9213 65 3776 
f 4226 4960 2636 
f 1425 3606 2680 
f 8756 4970 4868 
f 3540 3309 2740 
f 10099 11802 5890 
f 8969 3965 6898 
f 6107 5022 3170 
f 4478 5353 3517 
f 4569 3397 7972 
f 466 11350 3688 
f 7066 2634 7108 
f 10041 2155 1175 
f 7021 3040 1151 
f 9216 6903 5446 
f 5220 3559 6597 
f 11545 1428 1327 
f 9894 2615 395 
f 1245 1585 10138 
f 498 1984 6072 
f 358 8867 4493 
f 1165 3286 9063 
f 9945 770 3528 
f 10111 5145 6488 
f 5156 7216 8814 
f 5260 3607 7724 
f 5362 11822 10958 
f 44 922 7997 
f 2172 12201 9022 
f 11696 2940 9461 
f 2391 9333 236 
f 2759 9621 9404 
f 5438 11464 10898 
f 11254 10913 11657 
f 6060 1179 10823 
f 9133 2022 5211 
f 11500 4340 9146 
f 6240 871 6645 
f 4461 9266 6069 
f 11339 3529 3968 
f 12317 4107 7172 
f 9561 8259 9473 
f 2600 5707 1851 
f 6645 682 7331 
f 8139 3579 2407 
f 11322 7998 8360 
f 5266 882 4295 
f 2379 1941 813 
f 9398 9633 2517 
f 2490 2848 2671 
f 9937 368 6447 
f 11719 4451 4085 
f 7451 7460 7179 
f 9038 9076 9963 
f 4703 4930 4494 
f 10613 9658 9146 
f 5953 6375 5956 
f 6707 12183 6312 
f 9663 8796 8489 
f 7028 6027 1528 
f 2736 5752 1364 
f 8489 8796 8207 
f 6340 6134 6555 
f 2705 9728 7874 
f 6501 2092 11636 
f 9903 8367 2075 
f 667 713 7091 
f 3956 8139 4288 
f 10260 9749 5912 
f 7207 5542 3597 
f 9901 10303 8098 
f 3088 3749 4269 
f 10385 288 2154 
f 11867 5552 11083 
f 2109 4498 10497 
f 8615 9376 10247 
f 1147 1265 1264 
f 10317 1380 9129 
f 2064 1268 3004 
f 9038 10013 3397 
f 5680 4121 2743 
f 4928 10786 1396 
f 6437 3579 4291 
f 12479 2077 5918 
f 1425 2680 2596 
f 11361 10979 1376 
f 12377 7575 10024 
f 2247 1738 1637 
f 6533 8586 8661 
f 10108 4205 408 
f 2893 9180 7965 
f 10921 10745 4881 
f 952 10202 6773 
f 9426 9724 5778 
f 6531 5257 6315 
f 374 5885 4014 
f 10271 10728 7329 
f 3564 9925 5207 
f 7772 8911 8329 
f 9327 10582 9034 
f 11174 6070 5772 
f 5049 3931 1151 
f 8112 1698 4267 
f 5575 706 7077 
f 2395 9245 9518 
f 4290 4895 5344 
f 6501 11636 3804 
f 1707 4784 12281 
f 11645 9664 5643 
f 1769 1187 1759 
f 3488 2602 7779 
f 7710 495 8424 
f 6040 5652 5420 
f 10217 11789 7193 
f 4460 1037 10248 
f 1431 9900 4633 
f 11936 7929 327 
f 2060 9494 8313 
f 7873 8923 5325 
f 10145 7874 382 
f 3842 11220 2942 
f 2029 10355 9859 
f 5752 4530 3384 
f 11357 426 4390 
f 2565 5998 4961 
f 7328 2107 10749 
f 2498 2289 1861 
f 3143 3025 7079 
f 1790 1884 1998 
f 4854 3053 4591 
f 2705 7874 10145 
f 1151 7226 4884 
f 4253 11349 2230 
f 7008 2767 349 
f 9492 11976 6 
f 2854 2694 7820 
f 595 4549 1383 
f 9402 11124 4241 
f 7192 6317 362 
f 10903 6616 10345 
f 6575 3617 3304 
f 4321 4769 8667 
f 2418 9088 567 
f 10145 382 2730 
f 8280 9149 8004 
f 9672 8171 7247 
f 5049 1151 4884 
f 7985 1431 4633 
f 8088 8171 9672 
f 4267 1698 5829 
f 10070 9546 5528 
f 8419 11301 4868 
f 1101 6979 10476 
f 8929 5685 7383 
f 4769 7230 657 
f 657 8667 4769 
f 10114 11930 8620 
f 2907 6039 6617 
f 2910 10704 7441 
f 7436 9038 4215 
f 804 945 180 
f 7226 7774 2741 
f 7226 2741 3025 
f 2828 2838 2641 
f 7079 9353 11369 
f 306 385 523 
f 1248 4215 4569 
f 7181 7144 1434 
f 5115 11807 4423 
f 11655 11263 11270 
f 7079 3025 11482 
f 9681 10993 3182 
f 4164 5090 7360 
f 6914 5420 5409 
f 931 630 932 
f 3674 12123 2229 
f 3793 5167 5651 
f 7340 8459 7386 
f 2041 7994 9229 
f 2522 2447 2186 
f 10856 1717 6577 
f 6594 9483 1469 
f 3025 2741 11482 
f 3466 10941 6029 
f 4448 2330 6576 
f 2124 7282 5836 
f 5545 8763 10871 
f 7474 6955 6954 
f 3831 11666 8338 
f 5678 8719 7139 
f 2741 1391 11482 
f 6780 6141 5926 
f 183 179 8610 
f 7263 4702 8375 
f 2741 1125 1391 
f 8378 462 9609 
f 3744 464 1605 
f 11482 1391 7730 
f 4800 2348 8665 
f 6460 10809 1222 
f 6505 7273 9438 
f 9020 2790 6456 
f 237 11459 7884 
f 11353 6414 6453 
f 11353 6453 11349 
f 2712 9419 8331 
f 10931 11395 10642 
f 10822 11482 7730 
f 11877 9400 6057 
f 11179 1467 8863 
f 7868 2211 3928 
f 8010 8863 1467 
f 8668 6312 8475 
f 5088 8906 3415 
f 8587 8719 11485 
f 674 8731 10256 
f 9818 5028 389 
f 7385 7368 7690 
f 10267 1188 1199 
f 11455 12384 7099 
f 8620 11930 9628 
f 5525 5867 11684 
f 9880 6926 830 
f 8362 5797 3034 
f 9151 9402 7044 
f 2338 8495 5576 
f 2994 7677 5622 
f 9666 6933 10709 
f 10325 10969 5071 
f 8302 9899 12087 
f 3291 6866 12428 
f 4282 5114 4675 
f 6052 9066 1807 
f 9930 10668 3177 
f 9737 3585 1409 
f 7032 10647 11320 
f 6504 8753 10383 
f 7813 11335 11303 
f 7730 6911 10822 
f 11502 8877 3763 
f 1450 607 11633 
f 4646 8505 11628 
f 12447 1193 6191 
f 3039 12435 4711 
f 9700 10537 9768 
f 10433 374 2815 
f 4744 6479 9337 
f 167 132 225 
f 9337 6479 4535 
f 4535 3722 769 
f 8836 694 11689 
f 3999 4185 4980 
f 8881 2894 1471 
f 9273 9599 10324 
f 10486 1170 1950 
f 2717 2200 1599 
f 10433 3106 6183 
f 6391 11973 5475 
f 1602 1579 966 
f 2697 8584 7484 
f 10932 8894 11181 
f 7966 6881 709 
f 7589 2392 8356 
f 10527 10533 9801 
f 1056 6849 2311 
f 3908 5935 241 
f 6391 7153 11973 
f 1964 2409 3639 
f 10362 3787 3685 
f 9930 9128 9398 
f 8600 3885 4527 
f 11832 10355 2160 
f 6201 9721 11114 
f 9374 8826 8794 
f 2024 8601 1995 
f 3461 6449 2604 
f 8705 8332 7637 
f 7706 2533 916 
f 2563 1967 11912 
f 3092 9869 1959 
f 12311 4785 8825 
f 8003 7700 2799 
f 1764 7822 7182 
f 273 10081 11778 
f 9863 9510 9856 
f 6357 1754 1975 
f 8108 10279 8968 
f 7996 7989 7719 
f 4724 6752 5239 
f 5474 4056 12116 
f 8456 2978 7321 
f 8101 6529 1448 
f 3604 8023 11318 
f 5808 5391 6216 
f 4798 2802 7436 
f 1901 10353 8663 
f 8986 9912 9259 
f 4366 5974 12367 
f 3942 4130 3308 
f 3584 4741 12025 
f 11507 3663 6816 
f 4192 4706 7702 
f 5977 8434 7070 
f 8520 12115 3785 
f 12354 1600 7512 
f 4228 3609 3411 
f 11333 7143 2346 
f 4193 4183 4525 
f 11036 11444 235 
f 10550 2135 9095 
f 4185 3999 3777 
f 1631 612 7071 
f 5246 5928 5994 
f 6893 12003 6860 
f 10594 10223 11325 
f 7631 3628 3460 
f 2275 2691 4851 
f 2823 3026 2468 
f 1865 973 1662 
f 4108 872 1016 
f 3829 6182 2963 
f 8630 11703 4250 
f 9790 11231 12430 
f 10128 7890 11845 
f 11852 9973 10367 
f 6873 6150 10281 
f 8498 9665 10003 
f 4998 4255 8214 
f 12253 4593 1323 
f 11839 8036 2270 
f 11857 4605 11556 
f 8411 7986 9048 
f 397 2418 2488 
f 9998 8794 9667 
f 688 5432 893 
f 3367 10261 3763 
f 7823 8664 10997 
f 11598 5425 10281 
f 11719 160 9536 
f 10009 12437 4908 
f 2408 4164 7767 
f 421 5369 8994 
f 12165 7537 9950 
f 5939 9671 6553 
f 9440 9437 12078 
f 5206 11986 7685 
f 3697 1989 10997 
f 6167 6589 6369 
f 4798 7436 1248 
f 3929 251 5147 
f 9551 5371 10551 
f 4495 9835 7865 
f 7440 10370 6105 
f 1506 1693 6015 
f 3906 6090 6415 
f 9177 7459 5097 
f 12272 8560 7638 
f 1645 1989 2012 
f 10512 10890 9458 
f 6385 5968 6902 
f 6462 2478 967 
f 7196 10711 2649 
f 11113 6348 10814 
f 650 2719 5094 
f 11159 12107 5098 
f 5902 6109 5029 
f 6533 7666 4958 
f 3098 3730 4471 
f 9230 6978 477 
f 6598 6150 11327 
f 6349 6789 6347 
f 10341 7211 3035 
f 7890 7718 11845 
f 12037 5098 7341 
f 12083 6734 12003 
f 3900 693 11073 
f 3694 7003 11159 
f 4605 11857 11892 
f 3785 12115 5714 
f 6801 11435 5107 
f 6238 2806 4527 
f 8560 9419 190 
f 422 10398 7693 
f 10907 4484 6412 
f 6327 367 9025 
f 10161 11850 4651 
f 1779 9410 4106 
f 9183 8618 9464 
f 1674 1875 1331 
f 11276 10554 10562 
f 5460 5663 5449 
f 5440 5663 5855 
f 8643 4086 2756 
f 3218 4086 8643 
f 7200 6665 5707 
f 10093 11095 3490 
f 1578 1880 1982 
f 12233 5425 230 
f 10391 9663 8489 
f 2420 524 10229 
f 11178 9500 10176 
f 2876 1261 4966 
f 45 24 54 
f 7003 2410 12403 
f 8334 8065 9475 
f 6010 5195 5711 
f 1217 1218 1235 
f 3949 8501 9480 
f 8411 2577 11036 
f 8593 6249 638 
f 2042 1396 1630 
f 1784 7252 573 
f 1286 10384 10414 
f 3728 5097 9794 
f 5062 9152 12403 
f 10401 9799 10078 
f 12219 7469 9081 
f 3920 6754 8057 
f 8600 4357 3885 
f 9290 3621 5491 
f 880 5571 8338 
f 4517 7468 2148 
f 7818 10387 4122 
f 3357 5840 2686 
f 5993 5546 6138 
f 4937 2860 56 
f 9976 12006 8533 
f 4122 1932 7818 
f 3382 2538 2725 
f 8300 10438 5363 
f 2944 4412 10794 
f 5499 9812 9777 
f 11239 10789 8982 
f 6722 7803 2866 
f 9459 6041 5464 
f 4149 4327 5163 
f 8994 8735 421 
f 4193 4754 4196 
f 287 5290 10053 
f 7517 6761 6544 
f 1290 948 1519 
f 1468 1355 7705 
f 9173 2460 6650 
f 3071 9206 4920 
f 5255 5688 4221 
f 11803 11947 11979 
f 2427 2761 3155 
f 9090 3360 3949 
f 3108 2791 3887 
f 12202 965 6212 
f 1083 4815 5127 
f 12102 12073 4935 
f 11251 1834 11253 
f 12490 2730 5847 
f 2800 3456 1534 
f 7630 3877 9019 
f 6764 9142 4298 
f 564 8387 1085 
f 2461 1523 5681 
f 4129 4430 117 
f 12375 6179 8262 
f 1085 3043 8296 
f 3619 10452 4758 
f 11202 2884 8984 
f 6253 5287 11299 
f 6942 8831 11932 
f 8769 1792 1947 
f 8616 8311 8902 
f 6955 7474 8301 
f 5411 7718 11261 
f 4080 9 9854 
f 12182 10282 5212 
f 8527 10574 9875 
f 7588 4904 5334 
f 6853 376 6572 
f 5843 3970 3238 
f 9046 5633 6783 
f 3012 5495 1413 
f 12429 1943 12433 
f 2386 6122 11105 
f 4545 6407 8322 
f 175 6645 3570 
f 6932 8004 7737 
f 3629 634 9483 
f 10545 10903 4111 
f 11588 2465 12414 
f 11247 12369 9845 
f 443 10220 5972 
f 11847 11530 11493 
f 10235 5638 8216 
f 8286 6119 9065 
f 10737 5570 5741 
f 3241 6374 6653 
f 7417 7208 5769 
f 6444 3940 2889 
f 5819 4622 3201 
f 6977 8065 7238 
f 11332 3508 10576 
f 4120 3078 3698 
f 3749 3088 11959 
f 5109 3157 12306 
f 11057 1328 8876 
f 11663 8574 794 
f 949 7860 6643 
f 2584 2802 4798 
f 7104 7777 5402 
f 7736 11186 9972 
f 7982 7736 9972 
f 11433 1667 10289 
f 11186 7736 10153 
f 2126 11144 10991 
f 10153 7736 7982 
f 11053 5659 7041 
f 8327 12267 546 
f 6492 6044 7176 
f 11656 11843 6060 
f 8781 6844 11599 
f 1519 948 1287 
f 4961 8941 10135 
f 12324 5971 11747 
f 4031 2858 856 
f 8795 2450 6546 
f 9520 10632 10269 
f 3019 3023 3433 
f 8246 10241 3808 
f 3781 4183 3995 
f 11820 2683 11540 
f 831 1662 973 
f 12064 2820 2811 
f 4051 8750 11153 
f 10400 11121 11919 
f 2393 982 2389 
f 11867 11086 5993 
f 4974 3494 4422 
f 515 6891 6485 
f 3986 10272 7029 
f 4575 2142 5370 
f 9207 11172 9853 
f 4192 7702 7149 
f 9358 1923 7828 
f 11658 3114 4431 
f 4795 3681 11451 
f 11335 12176 5968 
f 2121 5612 1952 
f 6042 12019 12466 
f 3890 8839 1338 
f 2167 3060 3746 
f 5592 7648 933 
f 8839 3890 5406 
f 4203 11698 9538 
f 478 12371 7819 
f 3063 8759 11247 
f 8596 7177 8595 
f 200 1723 10044 
f 10274 7356 6747 
f 3868 333 492 
f 9312 12335 7402 
f 587 7380 4678 
f 4626 12078 9437 
f 8629 7344 4335 
f 10742 6960 5818 
f 1149 11581 3563 
f 3615 450 6727 
f 6354 4647 6389 
f 9328 2682 11576 
f 11015 11026 10629 
f 11559 3280 3835 
f 4066 5724 5060 
f 252 6414 11240 
f 575 11426 11329 
f 332 5958 9320 
f 7653 9429 9851 
f 2584 9449 2802 
f 8080 7160 10800 
f 12312 10884 4822 
f 2789 2805 3008 
f 5305 6093 301 
f 10600 5791 1963 
f 11176 963 2785 
f 10694 422 9476 
f 5671 3614 4768 
f 7070 5775 5770 
f 362 1008 7192 
f 456 518 3984 
f 9723 5334 12158 
f 2207 860 6427 
f 4375 10622 1713 
f 718 8372 10335 
f 8538 9053 4157 
f 6137 3218 4998 
f 3627 621 580 
f 2538 3556 528 
f 5557 8048 12076 
f 10442 10617 3035 
f 7552 7483 4660 
f 3265 11200 6162 
f 7992 1163 8377 
f 5865 12016 2459 
f 11814 9915 7077 
f 12289 10704 10885 
f 8324 972 3708 
f 4932 11137 12178 
f 9955 4539 6610 
f 9329 1916 12088 
f 11861 4005 6701 
f 11206 4798 1248 
f 7908 10738 6233 
f 4190 9741 1108 
f 6687 11206 1248 
f 2011 5032 7511 
f 5621 10282 4372 
f 2856 9871 284 
f 6959 7400 8779 
f 12194 10192 12081 
f 5441 5523 10314 
f 157 630 159 
f 11259 758 4005 
f 1741 118 11947 
f 1277 641 637 
f 3872 5311 7693 
f 5200 6343 7661 
f 8460 11863 5594 
f 1401 1341 4163 
f 3700 12070 3641 
f 5943 2640 3306 
f 8017 8424 5489 
f 5695 5693 5696 
f 4972 6897 12435 
f 7388 12363 1092 
f 7275 352 7265 
f 7289 11881 7020 
f 353 543 11568 
f 4454 5572 345 
f 11685 11706 11292 
f 10052 11937 10430 
f 12362 1412 9974 
f 6172 550 4904 
f 10408 9033 11717 
f 4787 11688 8537 
f 1740 4458 1725 
f 7264 5326 3542 
f 10763 9665 10020 
f 10169 3638 8438 
f 3936 5937 4917 
f 8669 8864 11068 
f 4262 6287 1142 
f 8303 6577 8730 
f 8621 680 1120 
f 10972 11015 5121 
f 94 9898 834 
f 130 8310 2032 
f 2906 7553 11205 
f 7058 2034 12192 
f 2298 2366 9601 
f 8190 8450 8193 
f 3107 78 10559 
f 1290 1519 1639 
f 7653 6744 9429 
f 10367 8175 7897 
f 7820 2694 2518 
f 5565 5977 5339 
f 8951 4978 2115 
f 12269 1804 1357 
f 5749 4266 10842 
f 5924 7975 9453 
f 5708 8991 5473 
f 5590 8404 3071 
f 4163 4207 2163 
f 4321 7358 3131 
f 1578 1208 1880 
f 8424 495 5489 
f 3105 4502 11001 
f 8350 12291 11704 
f 8556 3436 1040 
f 10176 4709 4274 
f 9121 4198 7592 
f 5154 2136 181 
f 5807 1042 640 
f 8005 7665 1845 
f 11806 11778 10081 
f 11662 7589 2497 
f 11486 5157 9572 
f 902 1312 1545 
f 10487 12408 11188 
f 8899 3178 7430 
f 11404 11290 3784 
f 3214 2556 3069 
f 8700 6834 10590 
f 2808 6083 11290 
f 11192 2186 12090 
f 4415 2425 1600 
f 9145 8855 7996 
f 1335 1603 3753 
f 8077 3576 10397 
f 9568 2143 4098 
f 2746 5308 11565 
f 2895 7973 3194 
f 9106 11216 12483 
f 11644 10386 1862 
f 3068 8680 5053 
f 8792 3264 10284 
f 5350 5765 7322 
f 8438 3638 8755 
f 8780 2364 8527 
f 2733 1003 4383 
f 1998 2490 2496 
f 4367 3564 11488 
f 8861 11967 8350 
f 7218 5120 3283 
f 12243 11093 10182 
f 2276 2732 2992 
f 7928 9584 1870 
f 3501 10993 10787 
f 9405 6252 8906 
f 1613 8446 9084 
f 10329 9599 9600 
f 203 11396 991 
f 10607 9760 10664 
f 3696 6738 8490 
f 7085 6629 5776 
f 10801 2037 7504 
f 2634 7066 8419 
f 10573 10808 4211 
f 304 4969 10164 
f 888 4036 10894 
f 10590 6834 802 
f 11433 11140 9506 
f 6084 3451 7123 
f 6712 6489 7457 
f 6575 1400 3846 
f 3794 12409 5822 
f 591 746 588 
f 9009 242 3370 
f 4489 5148 4309 
f 7847 7709 7000 
f 30 1050 6970 
f 3200 4434 8880 
f 7000 10573 4211 
f 9029 1516 11831 
f 6188 106 2584 
f 8610 1091 4439 
f 4795 3575 11262 
f 1892 5298 10189 
f 5010 10345 6616 
f 1591 5589 10693 
f 921 2888 6031 
f 4712 2494 1122 
f 1097 10728 5447 
f 1296 1543 1637 
f 943 5087 11359 
f 835 3745 6043 
f 726 3722 6479 
f 1311 7269 6946 
f 12376 6715 10112 
f 4129 3381 1076 
f 10164 9289 9564 
f 7411 11684 5867 
f 6244 7632 9202 
f 1132 2888 8798 
f 7611 12333 9369 
f 8300 7011 10438 
f 10445 10073 11541 
f 8401 7503 8798 
f 10805 6671 4413 
f 2683 5468 11540 
f 10995 11073 693 
f 5018 3569 9539 
f 11924 8703 11732 
f 8826 8222 8794 
f 6813 7577 7311 
f 2025 2699 6325 
f 12054 1132 7503 
f 9083 7932 3598 
f 5724 6346 6782 
f 8014 10956 1651 
f 5584 2734 6845 
f 10768 12331 10039 
f 3485 4911 6073 
f 917 404 472 
f 4988 7317 7964 
f 7687 6675 2746 
f 3974 4959 5178 
f 6202 496 370 
f 12083 381 371 
f 10545 6616 10903 
f 9184 10606 2265 
f 7067 2447 2522 
f 2090 6024 4201 
f 11167 2372 11483 
f 8683 1214 7805 
f 786 6459 4042 
f 10358 2729 9718 
f 8928 4226 10120 
f 2536 2632 4065 
f 11149 8893 8402 
f 3878 4089 4860 
f 9648 3123 5224 
f 10787 10150 303 
f 8754 1413 11169 
f 8578 341 1108 
f 5783 302 924 
f 11878 5150 2857 
f 6092 9747 12369 
f 10304 6537 3994 
f 12173 10515 2537 
f 12148 9502 7252 
f 3826 8361 7664 
f 8324 9669 1497 
f 11832 7138 6509 
f 8592 11422 9219 
f 9623 7638 4581 
f 6639 10363 9460 
f 8402 8893 9362 
f 7202 3569 10879 
f 9428 1698 8112 
f 2952 3717 1915 
f 12304 10179 11518 
f 6834 12421 12073 
f 10294 5783 7346 
f 624 4485 5850 
f 12483 890 9024 
f 1677 11323 2960 
f 12363 7388 4192 
f 4209 3845 11496 
f 6023 7576 5991 
f 11422 7720 5889 
f 12106 348 896 
f 1081 11206 6687 
f 2986 10550 9095 
f 2125 2119 2294 
f 4204 2402 12226 
f 11254 11657 1451 
f 9819 368 780 
f 5714 7205 3785 
f 6157 12208 11059 
f 884 2721 2687 
f 6337 6555 8647 
f 5024 11686 6010 
f 6970 648 7990 
f 2529 3651 11908 
f 4958 7776 6077 
f 1350 10403 2214 
f 11113 10814 10549 
f 8661 2702 2722 
f 11548 1542 3526 
f 8758 8860 2764 
f 2645 12254 1176 
f 4243 11367 6218 
f 9681 10787 10993 
f 6584 6813 6375 
f 4725 4510 4947 
f 1548 2456 9698 
f 1420 8701 1498 
f 5917 12445 12357 
f 9147 12164 1994 
f 4250 11703 5939 
f 3285 10465 8684 
f 4483 11644 9272 
f 7678 9261 1902 
f 11969 8804 1494 
f 10921 4599 11634 
f 3062 2692 10092 
f 2848 3051 3478 
f 1598 3183 1616 
f 2928 9874 5252 
f 7188 5925 1872 
f 5597 668 4378 
f 8269 227 4883 
f 6916 5247 10374 
f 3359 10059 4244 
f 9540 9888 9535 
f 2393 2245 982 
f 2857 5180 11878 
f 2940 1046 3823 
f 6719 11840 6205 
f 7760 7770 12112 
f 1770 1646 188 
f 10769 1494 4513 
f 1363 8066 388 
f 2763 2261 2431 
f 3761 11407 351 
f 542 2850 10539 
f 2885 4117 4668 
f 600 12139 93 
f 8789 8321 4600 
f 9986 2799 2722 
f 2050 6970 6765 
f 5140 8633 8800 
f 8531 3944 9357 
f 12263 11776 38 
f 4815 4845 7552 
f 3324 7423 3853 
f 6794 10939 4709 
f 4543 4525 5433 
f 3368 4758 5908 
f 2552 8442 6188 
f 6480 1786 11529 
f 6983 10703 9487 
f 896 5253 4449 
f 6332 309 6406 
f 7011 10301 3754 
f 2146 12266 12275 
f 4221 3834 5255 
f 1730 6292 3893 
f 7219 3313 5098 
f 8096 8679 8370 
f 4575 5370 4487 
f 1081 2552 11206 
f 12063 4577 9650 
f 1358 4055 5181 
f 12490 3255 2842 
f 6800 3093 999 
f 4492 2964 8391 
f 11940 8975 11949 
f 3104 3739 3741 
f 640 295 9862 
f 10232 3294 7708 
f 7194 3092 4190 
f 6667 8305 386 
f 5188 4777 11691 
f 3331 10278 65 
f 5165 3153 6296 
f 7008 1111 1577 
f 3719 12115 4724 
f 6638 4470 5980 
f 11594 3681 9143 
f 7047 12164 9891 
f 8180 6575 3304 
f 5345 4760 4418 
f 12433 12035 11616 
f 10952 12181 5923 
f 3512 4740 12235 
f 8124 4867 4549 
f 10078 8636 2031 
f 1475 736 1042 
f 12116 3006 5474 
f 3659 40 9064 
f 5995 7259 8599 
f 4180 3335 2448 
f 1926 4710 5066 
f 4785 1449 10300 
f 4782 8670 10827 
f 9742 4001 744 
f 11071 3956 4288 
f 7635 996 2549 
f 297 3885 4357 
f 1517 1157 1288 
f 11283 12033 11625 
f 3133 8776 7438 
f 11996 705 656 
f 6705 10850 3417 
f 8031 1444 2498 
f 11071 9742 3956 
f 10430 12338 10427 
f 93 2552 1081 
f 9239 93 1081 
f 6557 8857 29 
f 8474 8379 10473 
f 1977 9992 4022 
f 10956 10775 3911 
f 3417 10850 9292 
f 7034 9239 1081 
f 9808 7383 12029 
f 2549 496 11296 
f 1294 9316 1067 
f 10064 10076 8828 
f 7828 6669 11960 
f 3850 4031 8079 
f 10103 12180 4118 
f 4889 4420 9178 
f 10661 3417 1565 
f 9917 4574 8619 
f 1196 10044 11624 
f 6832 963 11445 
f 5569 5672 9194 
f 12349 5520 5689 
f 704 11951 10903 
f 7778 8295 10892 
f 2321 2510 3932 
f 689 2581 11561 
f 9456 479 6943 
f 12338 8710 7936 
f 2384 2564 12424 
f 12072 1385 1079 
f 2213 499 8624 
f 6987 11291 12184 
f 3044 8445 9932 
f 4970 8756 2444 
f 119 3876 11403 
f 6627 6215 6651 
f 6825 6083 2808 
f 9696 1240 795 
f 10039 12331 11926 
f 9728 382 7874 
f 8186 8482 7639 
f 1185 5012 4199 
f 3568 1392 10680 
f 9794 3710 6202 
f 11743 9165 11742 
f 3384 566 8069 
f 1500 7733 7249 
f 11107 7406 1638 
f 11623 11218 11616 
f 4690 5600 6046 
f 8147 1739 12381 
f 8853 9135 10832 
f 7320 391 11690 
f 4940 11309 2443 
f 4343 11451 3681 
f 10812 4698 4156 
f 579 5689 6968 
f 9790 9786 9195 
f 11812 7433 1766 
f 8918 9521 9957 
f 10704 12289 9208 
f 3651 1160 8333 
f 3361 4350 4946 
f 6206 5371 1575 
f 4814 5273 5278 
f 9390 4557 767 
f 7439 10854 10678 
f 11568 543 10727 
f 4715 10046 1894 
f 7193 11660 7261 
f 1596 579 6968 
f 6523 62 104 
f 1596 6968 8856 
f 8487 10295 4936 
f 4789 12390 12339 
f 7630 6806 5216 
f 1855 7200 2600 
f 11862 688 4875 
f 2297 2125 2463 
f 4532 11619 8778 
f 5600 10276 6574 
f 7261 582 10558 
f 11986 8724 136 
f 10863 7413 6032 
f 5600 6574 6046 
f 7703 7993 7704 
f 2258 1597 3418 
f 974 4635 9867 
f 12298 11883 10645 
f 8974 5532 11706 
f 4278 6840 5653 
f 11002 4893 1672 
f 3133 11383 7422 
f 5915 6329 11514 
f 10025 5092 7232 
f 5192 4901 3441 
f 6133 8916 454 
f 7166 8444 1464 
f 3197 1023 1015 
f 4249 5316 5319 
f 7232 5092 8547 
f 10358 9718 6117 
f 2653 4788 2485 
f 8856 5520 7495 
f 2416 2573 2571 
f 6220 8428 11252 
f 11640 8020 4 
f 2605 4493 8867 
f 6046 6574 6197 
f 6046 6197 7620 
f 8568 7993 9414 
f 12337 4466 10950 
f 8493 215 2583 
f 4100 12231 7586 
f 8626 8913 8065 
f 7346 7638 190 
f 8095 7286 5082 
f 12244 4437 10797 
f 12307 2786 12356 
f 9330 4741 11835 
f 2727 4914 12046 
f 3826 6095 7345 
f 8547 269 3830 
f 6607 12454 9709 
f 4639 642 6105 
f 5984 2774 3952 
f 302 6388 924 
f 4805 4432 4339 
f 6606 6370 8776 
f 2411 10915 224 
f 8545 187 1669 
f 742 6597 1203 
f 11473 11888 2058 
f 8497 1647 5487 
f 918 11325 5617 
f 5898 5672 5809 
f 10816 11587 4791 
f 8856 7495 3327 
f 10998 9226 10635 
f 7764 11551 7229 
f 904 11248 6628 
f 6095 12337 9000 
f 6499 6276 6085 
f 8162 9624 8450 
f 1969 10199 2445 
f 12295 9754 10965 
f 1144 10310 7829 
f 3324 9150 5364 
f 1172 5283 8188 
f 3445 3528 12212 
f 5170 12232 1801 
f 9745 8432 10192 
f 8442 2552 4435 
f 4472 10379 10286 
f 9379 2454 3209 
f 7254 7535 7796 
f 8020 5329 4102 
f 10334 11458 11453 
f 527 7506 994 
f 10846 11298 1419 
f 101 8696 1284 
f 5951 8290 6878 
f 10651 8966 11010 
f 10862 11946 285 
f 3205 3099 9737 
f 7701 840 9346 
f 2197 1163 8409 
f 2525 3267 3100 
f 10865 10125 10852 
f 8356 3642 6087 
f 11229 3921 12340 
f 8016 7152 3137 
f 10913 7521 8647 
f 6603 9110 8077 
f 10251 1176 1555 
f 1786 4504 11439 
f 11255 2909 143 
f 8071 8334 8336 
f 7808 11094 1281 
f 8786 10421 12084 
f 11207 7598 9712 
f 10950 9000 12337 
f 8202 1777 74 
f 4581 7638 7285 
f 3900 11073 9073 
f 5359 9051 10970 
f 11165 4907 10950 
f 4298 9142 11286 
f 1529 871 2015 
f 11494 7811 8006 
f 5838 1861 5742 
f 4618 823 12039 
f 4099 3477 4271 
f 9192 6494 9517 
f 10372 10451 7118 
f 11377 7602 6831 
f 11144 2126 4300 
f 11770 904 6628 
f 8206 6825 3327 
f 551 1045 623 
f 3830 10323 11134 
f 1660 1774 7833 
f 3710 7974 11296 
f 10749 2107 8227 
f 7174 9025 5141 
f 4800 8665 8991 
f 3865 4912 8975 
f 6626 9416 2757 
f 283 7345 6095 
f 566 4530 10237 
f 11419 6945 9357 
f 2076 9811 4088 
f 6971 9842 2613 
f 8033 7207 3597 
f 9229 3952 4060 
f 2326 5137 7608 
f 8341 653 2252 
f 5805 817 6747 
f 7456 6448 1119 
f 4955 3771 4965 
f 5984 3952 1973 
f 10280 4447 5072 
f 1661 1038 973 
f 7046 11108 9056 
f 31 8806 5125 
f 3868 6207 4967 
f 10435 5993 11086 
f 2999 2212 9833 
f 5045 9011 5322 
f 7339 7685 146 
f 12343 4737 6039 
f 6552 5074 8499 
f 9794 5097 3330 
f 11258 11265 3953 
f 5183 1474 1177 
f 6655 3102 4422 
f 7600 8697 4628 
f 9485 3064 4308 
f 10317 369 2781 
f 9145 9430 9743 
f 10104 5322 9011 
f 9309 10454 8770 
f 8294 12362 9974 
f 1045 628 623 
f 7957 4533 894 
f 6468 11723 7395 
f 3849 1178 4973 
f 4265 4642 4846 
f 4096 2984 9966 
f 1928 396 12206 
f 5877 11126 11419 
f 10216 5530 5411 
f 3397 5781 12193 
f 8679 9535 8370 
f 5683 5894 5481 
f 5737 5544 5734 
f 10709 6933 6837 
f 1206 1572 1208 
f 4678 7380 11281 
f 5656 3920 8057 
f 4345 11210 1223 
f 317 8553 10025 
f 889 10556 6263 
f 7493 8553 317 
f 7633 74 2371 
f 5432 688 3696 
f 10320 11174 4308 
f 4397 11203 12389 
f 317 9581 7493 
f 9890 9895 11007 
f 12392 4968 916 
f 5337 11170 9117 
f 9044 9326 9983 
f 10332 12285 7711 
f 1556 4176 9479 
f 936 5381 3085 
f 11735 2183 309 
f 9581 3706 7493 
f 7940 10037 12286 
f 9821 5998 11248 
f 4419 11330 12068 
f 5161 1495 10259 
f 1367 10711 102 
f 8546 10824 10477 
f 1901 1870 4235 
f 4514 4378 298 
f 5556 8932 9309 
f 9043 9284 1431 
f 6285 6488 73 
f 4546 9717 8897 
f 5462 6091 6099 
f 1690 4020 6328 
f 8651 8405 10559 
f 75 1665 10 
f 5562 11995 7784 
f 3900 6037 835 
f 8173 2817 2209 
f 4413 8281 10805 
f 9935 7820 2518 
f 5871 5597 1496 
f 477 6223 9230 
f 10159 852 1301 
f 11679 6116 9495 
f 2873 11104 6474 
f 2597 11040 4802 
f 10320 12310 11174 
f 3543 10336 429 
f 3892 10595 2428 
f 12316 817 5805 
f 1539 1639 1846 
f 5430 3090 3523 
f 429 10336 9268 
f 1332 2385 2477 
f 12376 11546 6514 
f 8816 8465 62 
f 8722 12325 1009 
f 12133 5413 12420 
f 3117 3706 9581 
f 8854 9355 7868 
f 8633 4476 8800 
f 8042 12402 10985 
f 10507 4486 5989 
f 3397 9555 5781 
f 8534 11455 10037 
f 8625 3883 11106 
f 4476 6806 8800 
f 7154 7456 9996 
f 10989 4126 4907 
f 2925 10586 8669 
f 11814 11651 9915 
f 31 9928 5435 
f 7188 3747 6864 
f 8158 12324 11747 
f 2268 2145 10951 
f 196 5510 7295 
f 3343 9042 3102 
f 8077 9110 8949 
f 7127 1673 2622 
f 3350 12332 10410 
f 10376 7729 6247 
f 2129 7187 11310 
f 4320 4006 1496 
f 7950 11200 3265 
f 3820 375 12225 
f 8816 5791 6144 
f 6447 368 6379 
f 7903 7907 9332 
f 4255 4998 4166 
f 602 9012 2788 
f 9516 3761 351 
f 503 9182 9728 
f 11754 10466 12121 
f 6270 11394 6309 
f 5363 426 11357 
f 11330 3953 5748 
f 4898 9862 5604 
f 2564 10472 12424 
f 7861 9123 9902 
f 3024 10333 7332 
f 171 7017 5486 
f 11357 11295 5557 
f 5749 10842 10854 
f 7995 9384 8001 
f 7126 8317 11609 
f 5516 1273 11526 
f 8086 8085 7541 
f 1104 6397 1018 
f 4330 7193 7261 
f 7068 10212 5379 
f 2791 1479 4030 
f 8379 2028 10473 
f 11048 11060 12486 
f 5947 10356 7304 
f 6491 634 9285 
f 219 914 3883 
f 2181 10889 6890 
f 5416 929 6611 
f 2720 3117 6248 
f 630 623 628 
f 716 1093 96 
f 816 2834 2820 
f 12148 8481 11759 
f 7165 7932 6698 
f 8115 12499 2014 
f 6087 12349 1565 
f 6248 3117 3828 
f 11277 3396 2598 
f 1773 2473 1564 
f 8594 5733 11593 
f 8322 4849 3765 
f 2031 8636 10772 
f 12046 4438 1360 
f 3949 2521 6745 
f 10870 6830 2083 
f 9920 6412 10308 
f 10236 10570 8271 
f 10052 9385 9103 
f 9019 11572 5140 
f 7461 11572 9019 
f 11742 697 7809 
f 11764 4512 373 
f 11328 8276 9129 
f 7057 7065 6842 
f 571 10432 5145 
f 9185 8299 4773 
f 3391 5355 9713 
f 10664 9760 10839 
f 7271 951 5617 
f 9908 2371 74 
f 9113 10509 3818 
f 6753 6010 3214 
f 11487 1077 12200 
f 11021 5848 10968 
f 3003 3199 2991 
f 12491 5470 2846 
f 2075 10335 8372 
f 11910 10774 9287 
f 7388 12471 6021 
f 10039 7988 10014 
f 1409 3585 6339 
f 7211 2030 2354 
f 8727 10214 549 
f 3874 3459 4265 
f 10675 10134 2568 
f 7106 7959 1906 
f 10914 5801 2574 
f 9226 10632 9520 
f 7538 914 8614 
f 10851 5969 6000 
f 11046 9944 9300 
f 8514 9384 7431 
f 8163 4481 10571 
f 3329 5499 6536 
f 7954 8361 6377 
f 612 1631 1143 
f 7279 9977 1012 
f 265 2065 678 
f 5776 4895 5356 
f 275 347 12050 
f 8691 3776 65 
f 209 3345 10140 
f 3443 346 574 
f 1454 2272 6945 
f 9788 5714 12115 
f 1926 5066 624 
f 12375 11092 7069 
f 9802 9195 9197 
f 7362 4948 9563 
f 7893 5007 5535 
f 9819 11204 6749 
f 1093 11397 4501 
f 10733 7930 6817 
f 4574 9850 1747 
f 7878 476 4568 
f 6002 9216 11956 
f 5537 5734 4850 
f 10193 3646 8847 
f 7538 560 1841 
f 10 6067 9431 
f 3413 4105 11872 
f 7611 4927 8284 
f 6550 28 3791 
f 10812 9640 9977 
f 8921 1165 9622 
f 4728 4161 4803 
f 1269 10381 10180 
f 8569 9125 8270 
f 2480 9262 2401 
f 1721 12075 6139 
f 7047 9603 12164 
f 10721 4216 3808 
f 3307 11881 3603 
f 2958 9596 10238 
f 1841 560 12143 
f 6953 5285 12134 
f 7734 8605 8595 
f 12257 1841 8746 
f 6862 7107 6425 
f 874 12257 8746 
f 3770 1671 3853 
f 7190 7016 2883 
f 10147 11207 9586 
f 7102 9814 10928 
f 9127 10792 3693 
f 10176 9500 4709 
f 1887 471 1016 
f 4188 3735 8969 
f 5813 1203 6597 
f 9646 3978 10518 
f 5195 6753 11795 
f 11444 11189 12036 
f 362 11047 1483 
f 6877 6314 874 
f 818 953 1017 
f 8340 2842 8253 
f 1070 7628 950 
f 1344 9615 5080 
f 10250 11780 6623 
f 389 11576 2682 
f 8117 9008 929 
f 8965 9244 9895 
f 8985 4366 1289 
f 12037 5315 3073 
f 3559 9338 6637 
f 2475 3019 3033 
f 11542 11645 5643 
f 4189 10908 3355 
f 1929 11929 4293 
f 5639 1642 3335 
f 6874 5450 4925 
f 9800 5592 933 
f 1301 1664 10159 
f 1397 11163 4972 
f 9729 5276 6951 
f 372 451 249 
f 7310 4996 659 
f 3256 8430 2278 
f 7919 9507 4318 
f 6369 6367 6156 
f 8027 76 1471 
f 8150 2791 4030 
f 12264 8888 9481 
f 3882 2487 1257 
f 5306 12274 5136 
f 1257 2487 2306 
f 6877 874 5771 
f 2372 9040 7705 
f 685 2146 12275 
f 3163 3362 2771 
f 12156 11375 5195 
f 4299 9020 8696 
f 5801 5848 4148 
f 7024 9956 6693 
f 4210 4771 5481 
f 5138 1138 8938 
f 2324 10733 7281 
f 4507 8630 12061 
f 6656 1326 4534 
f 1834 12028 1476 
f 8298 656 6689 
f 9687 9363 8239 
f 9675 6028 11257 
f 1395 7148 3028 
f 3848 3841 3003 
f 972 8324 2630 
f 10729 1345 10479 
f 11045 8585 68 
f 1664 7109 10159 
f 4889 3682 4256 
f 9513 5924 5501 
f 1585 11461 10138 
f 1082 6992 1844 
f 1168 2432 9102 
f 8738 8808 8299 
f 9257 8110 5660 
f 4283 3481 4099 
f 817 12316 672 
f 7327 3634 4244 
f 4877 6167 4860 
f 4063 8992 11224 
f 9564 2540 1344 
f 3302 8535 1186 
f 393 1537 6849 
f 984 10321 3554 
f 5799 4344 10042 
f 6243 10548 9974 
f 11793 5708 2723 
f 10366 11316 7627 
f 12350 12320 9333 
f 9736 10246 1505 
f 44 1178 3849 
f 651 2234 9819 
f 11092 12375 2286 
f 2220 1991 11393 
f 9725 11402 4731 
f 9619 1936 1975 
f 1768 9871 2856 
f 3818 4587 9113 
f 717 12134 10515 
f 9618 8160 8765 
f 9108 8828 10055 
f 11825 7938 11961 
f 1164 56 6121 
f 3147 2145 2057 
f 6596 2483 827 
f 1266 2913 2345 
f 2710 2611 7834 
f 7997 10129 1731 
f 649 8561 1010 
f 11520 11350 466 
f 8075 481 672 
f 44 7997 1731 
f 2486 4587 3818 
f 8667 12419 4321 
f 4587 2486 9926 
f 698 1827 1442 
f 8617 12491 2787 
f 4172 10022 8792 
f 4305 7683 303 
f 8561 1459 1010 
f 7129 371 381 
f 5107 11435 8007 
f 6786 1933 3736 
f 11520 7998 11350 
f 10063 2283 11214 
f 1898 4294 4749 
f 7983 3955 12234 
f 6045 1573 9767 
f 4606 4594 4598 
f 6074 9527 9060 
f 1389 2050 8107 
f 5934 7532 2000 
f 2838 3875 3465 
f 11473 2058 1660 
f 929 10630 10998 
f 7575 808 11322 
f 12160 11582 7111 
f 7062 7287 1423 
f 11935 2598 3350 
f 7702 8418 4158 
f 1481 2296 4775 
f 3021 2896 7840 
f 11789 7973 8939 
f 10519 10523 11610 
f 7911 9186 9269 
f 11527 5086 4918 
f 9830 81 6299 
f 9035 11797 4688 
f 6014 9099 3958 
f 2929 3758 4943 
f 8100 2198 2078 
f 4814 4592 5043 
f 4057 3622 1708 
f 197 8783 6701 
f 10662 3574 10843 
f 4401 1191 6163 
f 3424 1900 4597 
f 4662 8552 1376 
f 6344 6371 713 
f 329 11814 7077 
f 5519 4005 11861 
f 4913 3770 4882 
f 8346 12462 1850 
f 503 9728 2238 
f 3732 8152 9205 
f 8646 8797 11208 
f 10986 801 799 
f 4491 9091 11954 
f 10316 5102 675 
f 11495 3420 10670 
f 8360 7575 11322 
f 8582 10618 2676 
f 11118 9994 11504 
f 6959 6317 9593 
f 4036 888 2979 
f 12054 2109 11934 
f 2802 9076 7436 
f 11503 2422 8594 
f 8453 9661 10077 
f 3716 7044 1712 
f 7230 4769 7637 
f 4237 6983 9487 
f 8695 9644 7606 
f 11440 3292 2107 
f 10594 11325 918 
f 4540 9407 4879 
f 11344 3004 1268 
f 2919 11665 869 
f 10470 9738 9753 
f 368 2234 6379 
f 3454 4833 4062 
f 7562 9527 6074 
f 3736 7575 8360 
f 663 2677 1640 
f 3440 3042 3863 
f 11473 11346 11888 
f 6231 8275 7881 
f 4729 5418 4525 
f 1726 3319 3753 
f 407 7135 6735 
f 4657 6390 1935 
f 1855 9450 532 
f 4349 12004 8506 
f 836 9768 1145 
f 11624 1723 11993 
f 2666 5547 8564 
f 275 11400 11391 
f 3142 3339 3781 
f 5101 8769 3123 
f 928 6849 1056 
f 2054 4321 12419 
f 4243 6218 9869 
f 5709 7442 6404 
f 12081 10192 976 
f 10386 11644 2527 
f 7358 4321 2054 
f 4578 4693 1069 
f 5847 2730 382 
f 1470 7899 11783 
f 39 3580 9607 
f 5049 7424 11344 
f 8209 1036 4422 
f 10404 2564 11753 
f 5762 10048 11084 
f 1869 12315 2907 
f 3315 7062 8525 
f 10801 7504 4412 
f 5072 6073 10245 
f 9805 9923 3464 
f 5757 2896 12238 
f 8877 5229 1685 
f 11759 10620 10987 
f 9437 11141 8335 
f 10595 7508 2651 
f 1837 9198 800 
f 4884 3025 3143 
f 11480 11468 12282 
f 1918 11230 1734 
f 2344 7247 2183 
f 7528 2132 4665 
f 9150 3324 6498 
f 8367 9746 7924 
f 3463 7761 3717 
f 12258 6214 1626 
f 7985 8195 9043 
f 7284 2988 9306 
f 9914 4556 6324 
f 7200 1855 861 
f 149 10178 3645 
f 1184 4023 725 
f 9136 10453 10050 
f 3817 5350 2841 
f 5037 6828 3648 
f 1445 4456 7163 
f 11719 4655 4451 
f 10262 9402 4241 
f 3041 3119 7952 
f 7637 4769 4321 
f 7276 7951 7895 
f 7819 8322 4685 
f 7517 7518 9802 
f 960 8470 8406 
f 7044 9402 10262 
f 10746 2601 10795 
f 10227 6286 11326 
f 6403 5776 6629 
f 2874 9647 8258 
f 2426 2730 8195 
f 5181 5116 7392 
f 8672 8956 9237 
f 2279 5891 8746 
f 7085 6199 5786 
f 4842 9378 2800 
f 5401 644 7263 
f 1248 4569 7972 
f 7835 11906 10666 
f 3631 4602 162 
f 5650 3796 4746 
f 6694 5176 4955 
f 6174 5596 3957 
f 1521 7042 3646 
f 9983 11100 9044 
f 11482 10822 9353 
f 1983 12489 7043 
f 5200 8131 8874 
f 886 10999 1324 
f 6025 2792 8182 
f 3558 10571 11307 
f 6912 2684 4213 
f 5089 504 2852 
f 7222 11304 4070 
f 5818 3912 6042 
f 9642 10864 320 
f 6213 1709 3271 
f 2681 3914 3851 
f 6201 7088 3962 
f 7655 363 1129 
f 4021 7301 7741 
f 7650 11485 8719 
f 10822 11485 7650 
f 2688 12108 7548 
f 3952 2774 1779 
f 11993 7236 2204 
f 4535 6479 3722 
f 9741 1959 7093 
f 11925 1632 6362 
f 11279 10910 4246 
f 10167 7143 4142 
f 12280 6724 7594 
f 9436 8603 4619 
f 6678 327 4420 
f 3734 5593 5394 
f 2667 7338 7174 
f 9930 9905 6938 
f 6938 9905 1039 
f 1514 5258 137 
f 9905 9991 1039 
f 10333 3024 4993 
f 1147 1057 1276 
f 3411 2805 3423 
f 7922 4455 12273 
f 4059 5060 4058 
f 2743 3514 9673 
f 7254 6782 7535 
f 2280 5084 11796 
f 5536 1343 2837 
f 11100 12320 11504 
f 5113 1155 590 
f 8750 11399 11153 
f 7496 8632 7502 
f 796 3789 6521 
f 10593 6662 10643 
f 10991 5656 8057 
f 5546 5993 3063 
f 3711 6014 1506 
f 9930 3177 9128 
f 2678 11693 8092 
f 8857 8571 3405 
f 9249 10651 11787 
f 9215 4359 11707 
f 11897 10777 9639 
f 717 6953 12134 
f 11872 4105 11006 
f 11380 10186 1847 
f 5974 4366 8431 
f 2780 10094 529 
f 6881 7966 1699 
f 5012 4391 12269 
f 6943 1170 4006 
f 3344 7926 3149 
f 2954 2859 3804 
f 12053 174 4808 
f 3395 577 8053 
f 9668 9999 9345 
f 2298 8656 3164 
f 7760 5612 7470 
f 1255 1486 1371 
f 5471 4200 4228 
f 2203 6162 9429 
f 10891 7507 862 
f 10165 4684 6767 
f 8949 3576 8077 
f 6478 10586 8133 
f 2067 8090 7707 
f 2980 783 8058 
f 9022 11522 9373 
f 8996 4468 9588 
f 4998 3218 12367 
f 1637 1543 1944 
f 9869 8372 1959 
f 5300 1435 11282 
f 2848 2490 2843 
f 2171 12293 3750 
f 9975 11284 6908 
f 8183 8556 12118 
f 10235 11411 5265 
f 1230 1962 4536 
f 3400 2486 3004 
f 897 910 7036 
f 1345 5328 10479 
f 10370 11839 2270 
f 6744 11 1807 
f 5129 11030 9389 
f 7821 8012 6490 
f 10912 12010 60 
f 7724 10886 5260 
f 4648 12330 6835 
f 6965 7491 7763 
f 257 8047 9575 
f 6600 10244 3926 
f 8431 4166 5974 
f 11555 2881 9398 
f 1953 1944 1752 
f 4205 7205 9781 
f 3933 5560 7780 
f 2270 8036 5327 
f 2202 737 817 
f 9169 10112 9435 
f 6023 3784 7576 
f 1468 9040 118 
f 8827 1256 11057 
f 9704 9968 4651 
f 2069 4426 1727 
f 2799 7700 7776 
f 9069 10990 7642 
f 8193 8450 9653 
f 11243 10997 1989 
f 6330 9880 830 
f 406 199 159 
f 1013 2230 5574 
f 313 536 314 
f 11555 9398 2517 
f 5398 1452 11663 
f 1448 4299 8101 
f 6042 7130 12019 
f 4604 4631 9077 
f 8795 7257 8138 
f 11554 12138 9009 
f 4085 10500 2775 
f 318 10688 10006 
f 10333 4993 3111 
f 7339 3899 5206 
f 7721 1482 6420 
f 4671 9024 877 
f 8080 4823 11273 
f 1913 9354 5405 
f 10616 1816 5168 
f 2172 12053 4808 
f 8497 5487 5778 
f 12470 4235 11667 
f 3276 2777 3287 
f 1525 1517 1405 
f 3533 12310 9077 
f 10400 11890 10747 
f 8886 5437 2479 
f 5699 4592 4804 
f 2829 3582 1506 
f 5813 617 6018 
f 9082 5367 9030 
f 7802 6389 5142 
f 4193 4543 4754 
f 2436 4045 481 
f 1344 2540 9615 
f 11658 3675 3870 
f 7039 919 961 
f 11750 4446 1925 
f 5044 7883 2568 
f 9683 781 7429 
f 3861 2140 6158 
f 3151 2937 2763 
f 4033 2951 605 
f 10704 9208 990 
f 5531 11936 839 
f 8030 43 3419 
f 1706 329 10831 
f 3076 7668 9139 
f 9591 11523 6974 
f 6562 9928 10961 
f 4151 6549 4919 
f 11029 11753 2564 
f 7524 6995 11791 
f 9921 3658 5710 
f 1320 4408 11173 
f 7013 8388 7573 
f 3117 10338 3828 
f 7224 6965 6746 
f 12473 7782 6232 
f 10870 2083 6931 
f 2196 10750 5195 
f 12265 11064 4676 
f 5500 5886 5093 
f 8092 11687 2678 
f 10463 9837 4999 
f 170 126 637 
f 10270 2225 12239 
f 3309 2387 2740 
f 7655 3095 363 
f 5131 5973 6395 
f 4577 12063 10154 
f 18 13 33 
f 10511 8078 3273 
f 11789 10217 10501 
f 12206 7909 1928 
f 8639 171 1319 
f 9724 11267 2302 
f 3476 4162 8191 
f 8486 9501 10606 
f 6759 1375 1588 
f 1802 9892 2918 
f 1486 1815 1371 
f 1655 10245 6073 
f 3953 10206 5748 
f 1737 1287 1831 
f 6323 11377 9552 
f 4766 8603 4624 
f 7940 10621 9846 
f 3069 2556 11522 
f 5005 2873 9218 
f 11036 10390 11444 
f 11949 11147 11525 
f 3652 4059 4058 
f 6233 12278 9016 
f 10753 9461 4679 
f 8231 2065 8522 
f 11852 4676 11064 
f 2485 4645 909 
f 1328 1256 10983 
f 10476 1204 1919 
f 4412 2944 6790 
f 3430 10741 30 
f 1582 12296 9534 
f 1822 10368 6125 
f 10283 5704 5613 
f 4068 3450 3852 
f 507 7871 11425 
f 3155 3378 3163 
f 6822 8649 11223 
f 12341 4972 12435 
f 11825 4238 9615 
f 1767 4164 2408 
f 4806 11062 403 
f 8630 4507 9507 
f 6200 5337 11413 
f 5052 9957 10327 
f 818 451 953 
f 2786 10402 958 
f 3500 11158 2883 
f 10249 1919 10142 
f 6989 11038 11012 
f 570 4208 1300 
f 5201 9781 9788 
f 12101 2786 3297 
f 2516 5290 287 
f 458 11055 1549 
f 11434 11046 11449 
f 9700 9768 776 
f 2491 5706 4392 
f 9967 4531 8892 
f 3764 3542 8511 
f 6288 6732 6091 
f 3031 2433 6372 
f 6278 2117 5865 
f 5012 10981 4199 
f 7032 7769 7354 
f 10197 12366 297 
f 5209 5652 6288 
f 8111 7554 7283 
f 12496 2296 1481 
f 10962 5812 9482 
f 11633 6071 1450 
f 11597 11155 2326 
f 3418 5518 9976 
f 11617 10739 7625 
f 3861 9897 4670 
f 5164 2076 4088 
f 1357 5451 6653 
f 7722 11771 9639 
f 12351 12430 2467 
f 7777 7857 5402 
f 8608 7465 7212 
f 5618 676 791 
f 10561 995 5972 
f 8704 8707 8394 
f 7810 11359 6897 
f 9332 7907 8790 
f 12022 10471 8687 
f 10904 5702 4926 
f 6208 7016 502 
f 1954 5283 4306 
f 6881 10043 12106 
f 11377 2340 9552 
f 553 6279 11599 
f 10884 12312 10650 
f 3917 8994 11566 
f 5879 6124 11021 
f 3772 3303 8660 
f 6609 248 4474 
f 3787 10362 8974 
f 3713 1426 4329 
f 9468 833 8692 
f 15 9776 6918 
f 10884 8529 4822 
f 377 8414 1014 
f 11820 9188 2683 
f 5640 11340 616 
f 6293 1063 1700 
f 8454 7882 9626 
f 10286 9503 4472 
f 1243 9207 9612 
f 9350 8129 9702 
f 1863 9431 10074 
f 1243 11172 9207 
f 10773 5958 6486 
f 3141 7980 8067 
f 4999 9837 4453 
f 9064 194 11304 
f 3172 11527 7110 
f 3776 4343 4295 
f 11172 7035 3769 
f 5121 1686 4867 
f 3775 710 6071 
f 3890 1338 8243 
f 2119 2116 2108 
f 4251 4176 11308 
f 9134 11677 1308 
f 11076 3461 5892 
f 450 8243 1338 
f 3893 10509 1551 
f 8495 3469 11155 
f 906 11589 4953 
f 9917 9850 4574 
f 9116 2517 9633 
f 4046 10457 9876 
f 11677 9134 5774 
f 91 5361 10942 
f 3040 7226 1151 
f 11695 1823 7657 
f 3156 1890 3197 
f 12409 468 5417 
f 5799 9684 4344 
f 12032 11220 11943 
f 11092 2286 10213 
f 9415 2874 3989 
f 10453 12353 10050 
f 8270 7991 7715 
f 6860 12003 6684 
f 10744 10515 11469 
f 11620 2188 1922 
f 7891 7888 2104 
f 9095 2135 3404 
f 10877 12420 5990 
f 1750 12073 12421 
f 7455 10191 11661 
f 9234 12281 5089 
f 1088 1726 12471 
f 6068 6276 6271 
f 9538 4529 4203 
f 3689 3244 6913 
f 7803 7856 3228 
f 3060 1032 8122 
f 8617 2787 8036 
f 3950 5512 7743 
f 12074 12096 7014 
f 4270 6646 7646 
f 598 7646 6646 
f 11645 11542 10015 
f 6815 356 9778 
f 12052 10540 10527 
f 6535 11369 12300 
f 11677 6993 4859 
f 3048 5703 10062 
f 6736 7443 7213 
f 5051 4767 6106 
f 3784 11586 9378 
f 11259 10140 758 
f 5017 4481 8327 
f 12297 9275 8344 
f 4812 3237 11643 
f 4982 4018 8835 
f 2059 2544 10665 
f 7536 6750 6026 
f 2657 1982 2641 
f 8802 6101 8496 
f 3345 5017 8327 
f 4663 9920 1350 
f 6164 7394 710 
f 11638 11962 8021 
f 6963 3455 3177 
f 10321 2438 8546 
f 5692 11927 11921 
f 8546 2438 4296 
f 4498 2109 12054 
f 8219 11238 1681 
f 5289 2903 1452 
f 11785 9132 10603 
f 10415 9454 7313 
f 1835 3292 11120 
f 5556 10483 10376 
f 4469 6573 8479 
f 2920 8996 11918 
f 11952 11541 4123 
f 9390 5263 4292 
f 8646 3647 10277 
f 541 7636 7119 
f 12240 11564 4548 
f 12148 11361 9502 
f 12182 10595 10282 
f 10934 7693 5311 
f 5115 4596 4182 
f 7455 11661 8017 
f 6049 12491 11880 
f 7455 4562 10191 
f 11213 10151 11607 
f 6205 1335 3753 
f 7596 8233 8723 
f 10467 5677 4999 
f 8700 3323 3524 
f 1995 6473 1947 
f 7772 7763 7771 
f 1033 1348 8995 
f 5571 12099 5057 
f 2615 9894 5752 
f 11101 8083 8686 
f 4303 3062 10685 
f 7864 7856 6722 
f 2665 8551 6890 
f 6443 5816 5628 
f 1717 43 8030 
f 4636 4355 12446 
f 7735 8089 7582 
f 12004 5238 8506 
f 4865 11287 2924 
f 1604 1396 1754 
f 8506 6457 9694 
f 584 2439 2231 
f 6749 421 3783 
f 11488 8602 7466 
f 8148 8027 8820 
f 11299 8120 8345 
f 8919 80 2665 
f 11638 7466 1261 
f 9098 9403 4247 
f 11180 11129 6124 
f 7799 6988 7804 
f 10801 2001 2037 
f 11709 4435 12139 
f 41 8061 6706 
f 9955 8181 3300 
f 954 1173 1543 
f 3419 2738 8030 
f 9408 9457 11675 
f 7847 7000 185 
f 11804 4346 3032 
f 6148 6802 6368 
f 7426 7690 7703 
f 254 7506 9173 
f 8680 3068 5250 
f 9067 7544 4954 
f 4286 1008 144 
f 11069 8326 8662 
f 7179 6922 7451 
f 6647 9610 11087 
f 1839 10649 7698 
f 8861 802 10520 
f 5870 3210 3050 
f 9143 4795 11262 
f 10783 2355 3511 
f 4865 802 2621 
f 11915 2993 12237 
f 6551 37 11971 
f 871 6240 11347 
f 802 8861 2621 
f 8029 1033 8995 
f 10216 6237 12301 
f 4941 10312 9279 
f 9969 12215 10253 
f 1534 5404 4842 
f 6776 7583 10916 
f 8350 2621 8861 
f 5405 1808 4436 
f 8481 12280 7157 
f 12291 1853 11704 
f 7926 2886 9349 
f 6687 1618 9674 
f 579 11781 10661 
f 3389 5355 1437 
f 6687 9674 7034 
f 6317 2081 2541 
f 12246 5001 3513 
f 10437 4145 1893 
f 1649 8493 4625 
f 4387 10483 1393 
f 11592 1910 3254 
f 2655 8350 11967 
f 2228 10123 5151 
f 10451 5258 11389 
f 11702 2396 11393 
f 1498 2679 5601 
f 10147 9586 2814 
f 9028 9984 10960 
f 890 10534 3946 
f 970 8137 10876 
f 39 10570 11180 
f 9439 8555 4174 
f 4903 1795 12036 
f 1733 1877 2494 
f 6371 3251 9254 
f 8132 4350 7645 
f 4216 10721 1993 
f 8743 10495 6490 
f 4909 7393 105 
f 6978 1026 9382 
f 3023 3019 2629 
f 8901 2630 9775 
f 11714 11950 8975 
f 1097 5447 723 
f 1132 8319 2888 
f 11693 1054 814 
f 7004 6363 7262 
f 377 5053 12211 
f 11553 762 2060 
f 4020 2406 1043 
f 8319 6031 2888 
f 4743 7148 10955 
f 7297 7037 7054 
f 5070 9109 11539 
f 12171 8405 1503 
f 3265 6162 3233 
f 4562 7455 4924 
f 3069 12366 10197 
f 11548 3917 11566 
f 10547 728 8240 
f 4753 7646 598 
f 12011 2853 7865 
f 6357 3239 1754 
f 10345 5010 4640 
f 4640 5010 5854 
f 11389 7118 10451 
f 8403 9833 2212 
f 1354 1797 1895 
f 1510 7732 4680 
f 10374 5247 6431 
f 5801 10914 10968 
f 8314 10805 8283 
f 1588 11678 3592 
f 3304 3617 7852 
f 11216 1365 8277 
f 5567 2874 9415 
f 7503 4498 12054 
f 2797 9718 1656 
f 291 12483 9024 
f 4689 4764 9883 
f 10808 12291 4211 
f 1874 9883 4764 
f 1868 1694 647 
f 12160 5531 11582 
f 2646 3735 4188 
f 1480 1142 9670 
f 6060 2011 1179 
f 3522 9026 5030 
f 10060 8164 9759 
f 770 12214 5277 
f 7360 4686 9177 
f 5123 9140 4946 
f 4674 5656 4538 
f 41 79 4462 
f 4498 4764 10497 
f 837 10511 3369 
f 11236 8579 6614 
f 1733 6833 1877 
f 10892 8295 6886 
f 1904 1799 2365 
f 11087 9610 530 
f 5128 10599 3284 
f 8427 6379 7984 
f 10884 1002 8529 
f 435 9157 3255 
f 9314 6072 1984 
f 2216 4851 2691 
f 9883 11978 12304 
f 12304 11978 10179 
f 6940 6916 9425 
f 4425 10158 1789 
f 6537 12192 6858 
f 4985 6351 4381 
f 5351 4934 3174 
f 5241 2482 5512 
f 8069 6127 10066 
f 12189 7566 8544 
f 221 1897 2822 
f 2672 4096 4101 
f 4534 1326 2858 
f 9026 3408 5030 
f 6445 3316 7845 
f 48 3691 5832 
f 2536 2034 7058 
f 5619 1317 5353 
f 3582 3711 1506 
f 9394 6577 8303 
f 9369 646 14 
f 4611 8470 960 
f 8218 7935 7945 
f 2390 353 3987 
f 8670 4409 5878 
f 7639 8482 7690 
f 8508 6822 11223 
f 2244 10555 11880 
f 252 11240 9607 
f 6001 10439 4796 
f 3721 4225 3919 
f 6778 2076 2887 
f 6940 5878 4409 
f 6429 311 2004 
f 3689 6978 9382 
f 5902 6531 7228 
f 3199 3003 3841 
f 4915 4504 7439 
f 2916 1221 2936 
f 8701 10656 359 
f 12091 4462 79 
f 10836 11170 4909 
f 10382 10003 9665 
f 6514 11546 11950 
f 6337 5282 6340 
f 8717 9589 8728 
f 1096 10092 3480 
f 4652 6636 4743 
f 3626 1005 3603 
f 5816 4938 5628 
f 101 2984 10134 
f 5242 5193 1866 
f 8032 409 10602 
f 9263 4767 1056 
f 7267 2606 434 
f 23 10111 9486 
f 10722 11066 8741 
f 6265 11335 108 
f 8182 10835 3700 
f 8176 6389 7802 
f 12287 5393 6448 
f 8304 4796 10439 
f 4476 8633 11116 
f 12425 3867 11073 
f 6081 9678 11521 
f 6790 11497 3913 
f 4513 6871 10769 
f 4827 1415 8894 
f 5605 6871 4513 
f 1988 2484 2843 
f 2701 10377 12493 
f 2607 999 1234 
f 6587 8664 3054 
f 11697 5469 10817 
f 12261 1726 1603 
f 1487 1045 1251 
f 448 1512 1050 
f 11610 10516 10977 
f 7788 9246 5717 
f 10152 9012 3563 
f 8877 11502 12008 
f 2699 2025 9780 
f 3624 3620 2991 
f 8028 989 5383 
f 971 1369 9745 
f 8991 8665 5473 
f 6410 5094 3835 
f 7351 7080 7887 
f 5959 6378 6176 
f 2763 2937 2576 
f 8713 11901 1332 
f 6659 6889 6435 
f 12229 10313 10677 
f 3950 7743 11435 
f 2192 7631 11741 
f 9037 964 597 
f 6553 10980 6786 
f 3489 1794 7519 
f 3773 2102 9588 
f 9320 5945 4365 
f 1023 11041 4163 
f 8254 9294 1803 
f 10809 2607 1234 
f 5945 9320 10773 
f 1366 7707 1349 
f 526 4923 5883 
f 3691 10958 11822 
f 8942 439 285 
f 9709 12454 3148 
f 9509 9863 9868 
f 2648 12106 10043 
f 3944 10756 5019 
f 4175 10226 9635 
f 4980 5866 5462 
f 10435 11086 9313 
f 8823 10061 9103 
f 10930 7040 3317 
f 6174 2133 2104 
f 7537 8230 7113 
f 1654 4027 974 
f 9913 9910 8989 
f 8334 9475 8927 
f 1214 8683 7766 
f 10641 1258 4 
f 1152 12246 11532 
f 2927 3553 3760 
f 12360 7389 6917 
f 49 64 223 
f 10739 11617 1923 
f 5619 702 5647 
f 143 2909 9984 
f 1726 6021 12471 
f 5423 3464 2353 
f 592 596 313 
f 359 10656 4477 
f 8571 11948 3405 
f 12026 4129 4906 
f 631 1494 8804 
f 8572 427 424 
f 10765 5142 6557 
f 4001 11071 552 
f 11127 10413 10050 
f 10261 7837 3379 
f 1037 6113 12264 
f 5036 9721 3962 
f 5221 1093 4501 
f 11474 9081 10407 
f 10045 12352 1182 
f 7337 5950 7092 
f 8549 11683 2378 
f 9886 8374 9237 
f 9336 3840 3301 
f 8298 660 656 
f 3956 4690 8139 
f 445 10319 11720 
f 127 9877 7808 
f 3417 10661 11781 
f 12204 10672 9574 
f 2569 8 735 
f 7849 4276 9943 
f 1565 3417 9292 
f 11880 8617 2244 
f 4617 1340 7531 
f 2767 7008 1577 
f 8485 2962 2777 
f 6623 4641 4664 
f 6428 2439 12193 
f 9068 6749 11204 
f 2299 4585 2422 
f 3087 4913 1635 
f 1914 6906 6935 
f 7561 4765 2682 
f 2318 7581 11971 
f 1441 12425 9878 
f 2147 1697 11133 
f 10208 10463 2577 
f 9879 6497 9678 
f 3926 10462 6222 
f 3432 226 8161 
f 1999 2192 19 
f 847 1136 773 
f 2347 8145 4515 
f 10556 6967 6263 
f 8623 12277 8757 
f 9949 6530 4391 
f 12409 4448 5822 
f 4152 6420 1482 
f 1462 7378 12305 
f 8433 7607 9014 
f 3683 1261 7466 
f 4018 11237 12472 
f 117 4430 9516 
f 913 1194 765 
f 7692 5823 3284 
f 7620 3650 6046 
f 76 11721 1471 
f 878 809 1296 
f 2926 6061 9368 
f 1823 9887 794 
f 6117 7478 5746 
f 9660 10493 7886 
f 9316 11568 3442 
f 4726 2292 9641 
f 3008 3411 3410 
f 349 5599 7008 
f 9882 10635 9226 
f 1329 2262 1156 
f 3650 7620 11390 
f 8565 2047 1560 
f 3566 1587 9952 
f 11071 4001 9742 
f 1695 3823 4657 
f 5905 942 1321 
f 748 2750 3747 
f 2368 6076 6298 
f 2714 6532 6118 
f 7954 2070 12337 
f 8606 7387 8576 
f 8021 2897 11638 
f 1089 5003 7458 
f 12429 11218 11213 
f 6968 5689 5520 
f 8044 10480 5978 
f 9213 882 1898 
f 1180 10241 8215 
f 7544 9067 5164 
f 5565 4271 5555 
f 7034 4119 9239 
f 6360 9826 3299 
f 6377 2070 7954 
f 3928 6608 7341 
f 10993 3501 1950 
f 5226 2027 5158 
f 7066 11268 11301 
f 7928 8663 8035 
f 8206 7495 8247 
f 10299 4757 1887 
f 1778 2323 6034 
f 2070 4466 12337 
f 7398 5921 4672 
f 6852 2628 687 
f 7881 7926 3344 
f 11637 10180 11428 
f 2825 10958 8829 
f 4325 10855 8072 
f 11871 9313 11086 
f 1940 6872 6526 
f 10916 4612 1231 
f 797 4520 10241 
f 11625 11272 11283 
f 12337 7664 7954 
f 4849 9752 3765 
f 2338 5396 1007 
f 9087 8815 8824 
f 8279 8568 11156 
f 5715 5371 2528 
f 683 7150 6689 
f 2466 10926 1105 
f 7620 6197 11390 
f 8611 11981 8062 
f 12382 6520 2361 
f 6712 7719 7159 
f 9230 9572 9010 
f 11909 384 6190 
f 10033 1887 10298 
f 9906 9574 8983 
f 11512 486 11921 
f 10306 9003 9273 
f 11390 6197 11165 
f 1966 5303 8326 
f 8235 1315 12137 
f 9510 9509 9870 
f 8841 8726 1359 
f 6742 7212 6506 
f 8322 6407 4474 
f 1240 9696 4161 
f 8050 8616 8902 
f 6893 1747 12003 
f 3870 3675 7984 
f 2033 3125 7105 
f 5600 4690 7869 
f 1233 1458 1354 
f 11892 4294 4605 
f 3922 4134 3084 
f 9009 12138 242 
f 625 7464 11326 
f 12215 10318 10450 
f 2343 8223 892 
f 3457 1976 2373 
f 6020 5410 5820 
f 6197 4907 11165 
f 10252 567 9161 
f 1725 1687 1727 
f 5633 9046 7124 
f 10042 4344 4326 
f 7197 1627 12066 
f 1738 2247 2740 
f 4504 4915 11439 
f 12295 4956 10396 
f 1200 3755 9847 
f 1262 1111 7008 
f 9840 5355 3391 
f 3429 1707 10230 
f 7056 1479 11876 
f 4176 4251 7047 
f 12062 11105 11472 
f 9566 1035 11401 
f 10131 3082 1192 
f 8999 7838 8711 
f 9997 11774 10652 
f 5575 9757 706 
f 10454 7656 8770 
f 11329 850 2375 
f 12408 12407 12423 
f 11337 10813 10394 
f 6922 6914 7431 
f 10782 10396 12389 
f 9754 9142 10965 
f 12234 11447 12250 
f 10318 5190 4979 
f 4956 12295 10965 
f 5069 4671 877 
f 4277 4089 3880 
f 12039 9142 9754 
f 5433 4525 5648 
f 7296 84 5793 
f 6766 8733 12232 
f 533 7345 283 
f 11931 2681 1720 
f 3568 11282 1392 
f 1018 984 1730 
f 3129 5192 1856 
f 8367 540 6056 
f 1066 3300 9718 
f 10192 800 2523 
f 273 7624 11849 
f 12329 11517 11050 
f 1020 1056 2772 
f 4343 3776 3939 
f 3852 4832 4068 
f 5571 880 3951 
f 8547 11134 7009 
f 7294 7306 1421 
f 7232 1316 4891 
f 8547 7009 7232 
f 3 2124 5292 
f 11090 11871 10382 
f 10093 1227 2195 
f 9763 11848 10385 
f 7900 8457 9044 
f 4399 1994 9659 
f 12215 10450 3403 
f 8991 5118 3264 
f 4587 8574 5694 
f 7164 678 8231 
f 3465 4264 4427 
f 4213 8517 6912 
f 7537 6982 9950 
f 1316 7232 7009 
f 2446 3690 11313 
f 317 7232 4891 
f 5978 5015 8044 
f 6584 6368 6580 
f 6229 6679 6230 
f 7589 8356 524 
f 12399 8400 8677 
f 3139 4423 11807 
f 4035 3622 4057 
f 9050 8542 2773 
f 11134 3494 4974 
f 10323 3494 11134 
f 8812 9120 10413 
f 11429 6195 10156 
f 10322 10273 7240 
f 2705 4793 9728 
f 6285 3687 9486 
f 500 687 7605 
f 7303 7315 6829 
f 3967 2048 2105 
f 11203 9970 12389 
f 12001 9277 6615 
f 9250 543 2292 
f 5660 7986 811 
f 786 729 169 
f 10846 8317 5415 
f 56 2860 12404 
f 8754 11169 7184 
f 8321 3072 151 
f 9813 10796 5251 
f 4010 7251 9644 
f 4891 11988 9532 
f 1678 9847 3755 
f 9297 5284 7673 
f 11787 9906 9249 
f 9130 10434 9432 
f 2255 6662 10593 
f 6806 9970 11203 
f 12079 11272 11627 
f 3577 11954 9091 
f 3680 5325 8923 
f 992 1058 858 
f 2735 5202 8386 
f 41 4125 10038 
f 74 11726 9908 
f 11998 9013 4506 
f 6619 608 5862 
f 2053 1232 1461 
f 4298 12068 8625 
f 725 4023 7275 
f 3805 696 6232 
f 7118 10415 10292 
f 1305 325 9056 
f 4397 12389 4956 
f 3565 2943 3136 
f 6447 6379 11059 
f 517 774 4610 
f 3048 8751 5703 
f 3678 2090 3437 
f 1253 10033 11920 
f 3605 3725 4511 
f 2843 3052 3051 
f 2338 5576 9980 
f 11086 11867 11085 
f 7337 12073 5950 
f 442 1365 5242 
f 9263 1126 12089 
f 625 11326 9765 
f 193 145 189 
f 2959 1694 7500 
f 11619 4263 8778 
f 4821 2635 11444 
f 2263 4031 4615 
f 10462 3926 5261 
f 6606 5767 6051 
f 11392 3595 3657 
f 6263 6967 961 
f 7411 5867 6709 
f 7930 5599 6817 
f 7740 1353 10563 
f 9720 7930 10733 
f 2520 11481 8686 
f 11586 12147 9378 
f 5556 10376 8932 
f 2160 2029 11153 
f 9266 11750 11123 
f 1116 1113 1884 
f 268 9450 1851 
f 8432 1215 5674 
f 10753 4679 11432 
f 10097 2290 6022 
f 10760 10799 10653 
f 12120 11088 8834 
f 1421 2690 7294 
f 11330 219 12068 
f 10348 11067 10722 
f 12068 219 8625 
f 6525 6315 5894 
f 1737 1519 1287 
f 7968 7375 7385 
f 7057 7601 7065 
f 6643 2098 4023 
f 11901 2013 4949 
f 6463 7435 6696 
f 2454 12465 8397 
f 2966 6298 6076 
f 10648 7536 4095 
f 12215 5190 10318 
f 10753 11432 9042 
f 11741 854 11328 
f 11751 7185 10078 
f 11330 914 219 
f 2986 9095 407 
f 10614 703 2526 
f 9115 8793 5218 
f 608 4299 5862 
f 4759 10728 1097 
f 1551 1030 3919 
f 4903 417 1795 
f 5244 1710 1845 
f 6996 10899 4024 
f 11696 9461 8898 
f 8774 9078 9657 
f 10338 8316 3828 
f 1997 7583 6776 
f 5376 9631 12138 
f 1448 6619 5862 
f 5176 6651 4327 
f 3828 3662 6248 
f 175 3665 682 
f 10561 7208 11065 
f 3782 6497 9221 
f 3129 5074 7594 
f 8367 9903 9746 
f 5042 4524 4186 
f 2263 4615 8997 
f 8528 2555 3326 
f 3448 7602 11377 
f 11230 1918 8242 
f 4674 3920 5656 
f 6709 1672 4893 
f 4424 425 5731 
f 4893 7411 6709 
f 11491 8526 691 
f 11758 6602 10215 
f 8718 3395 12358 
f 1906 6248 3662 
f 4134 3938 3293 
f 3227 4062 3852 
f 9481 6304 3662 
f 1284 9969 11506 
f 2712 8331 11503 
f 7897 7085 5786 
f 9806 10901 11902 
f 2059 10665 11152 
f 6800 999 2975 
f 3737 9298 7751 
f 10515 10744 717 
f 124 7899 3623 
f 5249 4266 5749 
f 71 11572 4738 
f 9298 9965 7751 
f 8372 9869 9903 
f 12497 9474 11924 
f 3810 4776 12168 
f 71 4738 2185 
f 3662 3828 8316 
f 7461 4738 11572 
f 6264 5958 1195 
f 3628 10936 3460 
f 9866 11378 11754 
f 1203 12168 12383 
f 12368 2079 9975 
f 9133 5211 3701 
f 5815 2987 9748 
f 1760 1530 8740 
f 11913 3141 10028 
f 308 6407 6688 
f 1750 8566 12113 
f 11397 10897 8970 
f 4650 11144 4300 
f 2205 2870 721 
f 7899 124 5486 
f 2304 947 3097 
f 2322 2775 6671 
f 2240 8916 2908 
f 9014 9587 8429 
f 11711 10684 11178 
f 3762 7301 9592 
f 11514 6439 9644 
f 318 10006 1460 
f 6456 5190 12215 
f 2162 5165 8745 
f 2122 5807 9262 
f 5098 12037 11159 
f 2056 3831 8541 
f 9391 9585 8532 
f 3490 2317 7140 
f 9269 83 4431 
f 12449 2242 12494 
f 12257 8532 1841 
f 8532 12257 9391 
f 10268 11721 10644 
f 4579 4453 3653 
f 9023 9187 10598 
f 5307 5299 4846 
f 10571 5017 11307 
f 5544 5081 4850 
f 7585 9063 2165 
f 208 6877 6874 
f 679 4767 11145 
f 3276 11275 2777 
f 611 3912 2274 
f 6314 4731 12257 
f 3675 9897 6158 
f 3668 1336 2972 
f 5579 4111 5030 
f 2588 2329 1245 
f 2927 3757 3553 
f 6133 2520 8916 
f 5610 4830 2992 
f 4731 9391 12257 
f 10121 900 8115 
f 10401 10078 2031 
f 1883 6613 1948 
f 5616 5183 875 
f 1245 10138 6242 
f 6954 6519 6091 
f 6804 7815 7270 
f 8723 8134 7162 
f 8702 6242 2421 
f 5183 5616 10201 
f 4731 208 9725 
f 6771 8630 7919 
f 1682 1860 3266 
f 31 9662 8806 
f 7416 8962 10124 
f 3338 11630 692 
f 12460 4664 10686 
f 6295 7590 6041 
f 2864 6041 7590 
f 2162 8404 5590 
f 178 8258 9351 
f 5846 2668 5879 
f 11045 68 11775 
f 1525 1295 1166 
f 6864 755 7188 
f 3488 4554 11257 
f 8068 5134 6865 
f 7105 3125 8119 
f 1474 5183 10201 
f 1891 9584 1352 
f 11579 2225 10270 
f 9594 550 6172 
f 9056 11566 5369 
f 208 6874 3996 
f 2357 9286 2875 
f 6556 3583 12343 
f 8288 8284 4927 
f 10646 9910 10652 
f 10303 9562 11126 
f 7313 5796 8447 
f 5434 11201 11317 
f 2110 4398 2113 
f 9932 7539 8194 
f 6590 3786 6422 
f 4017 7691 10209 
f 5238 5230 3077 
f 10733 2324 9720 
f 5289 1842 11702 
f 8359 7796 7535 
f 11257 4554 5635 
f 11110 398 3067 
f 11611 6524 4056 
f 484 1175 2155 
f 6563 4680 8260 
f 1968 1511 12434 
f 4592 4598 4594 
f 11796 1650 12204 
f 6804 7270 6803 
f 9991 12217 1039 
f 1091 2383 4439 
f 9811 3955 5880 
f 4250 12061 8630 
f 10569 10172 4016 
f 5339 5977 5770 
f 11045 11775 2421 
f 8729 1834 10501 
f 7401 3618 4046 
f 9189 3636 10227 
f 3991 5233 7407 
f 1930 2061 1831 
f 5017 10571 4481 
f 2602 11257 6028 
f 795 12049 9696 
f 7381 10673 2968 
f 3006 3060 2167 
f 5235 3851 5254 
f 6231 3344 5412 
f 6605 6829 5970 
f 6910 9455 10027 
f 4148 5848 5914 
f 7738 8301 7474 
f 9387 10035 9094 
f 9825 655 7564 
f 12181 677 5923 
f 5235 5254 9611 
f 12405 10694 789 
f 6610 3572 11896 
f 6595 2522 635 
f 7099 9004 2227 
f 1262 7008 5599 
f 10482 668 4388 
f 6484 7291 8640 
f 2368 8821 587 
f 5639 3335 7501 
f 4072 10218 166 
f 10937 9554 11748 
f 12419 12377 5911 
f 5990 10490 10877 
f 5272 5920 6544 
f 3531 8585 282 
f 2908 2047 8565 
f 12292 2469 11500 
f 11557 10819 10830 
f 1427 8584 12134 
f 6080 4111 10903 
f 11759 8481 7157 
f 8793 6788 1161 
f 2602 1164 6121 
f 5935 10089 1014 
f 6286 10227 3636 
f 3186 10347 8310 
f 754 2680 8492 
f 9990 11490 10734 
f 11881 3626 3603 
f 2519 1869 2907 
f 7442 840 6097 
f 3950 5561 5512 
f 9955 11896 12323 
f 4943 4327 2929 
f 9161 11577 10883 
f 6985 6555 6134 
f 11925 5052 10327 
f 1376 1912 1139 
f 5461 4559 3620 
f 1164 8653 4937 
f 2302 10907 9724 
f 1014 10089 11124 
f 6138 5144 1882 
f 2469 2832 8653 
f 3576 11539 8061 
f 4886 6138 1882 
f 3190 3212 7197 
f 3224 11494 11351 
f 3249 5294 1303 
f 1575 9240 1174 
f 9945 3528 10498 
f 11504 12350 11118 
f 4841 1524 3665 
f 6553 11520 466 
f 11854 4742 11612 
f 2238 10129 7997 
f 7997 922 3531 
f 12351 3196 115 
f 8658 8652 8352 
f 8918 12369 9747 
f 1871 2777 10955 
f 1879 1568 1194 
f 4153 3637 12340 
f 6938 6062 3180 
f 8444 7543 1300 
f 1166 1637 1525 
f 3190 503 7997 
f 11305 9817 7379 
f 4345 1223 7976 
f 9212 7445 7414 
f 11605 3937 10772 
f 7435 6254 7177 
f 7657 9926 3400 
f 12111 3782 4472 
f 3701 7895 7951 
f 7997 503 2238 
f 11556 10079 11857 
f 2927 2934 2572 
f 10890 8076 1943 
f 11745 319 11637 
f 11981 7061 6508 
f 3946 9024 890 
f 2243 3740 528 
f 6302 10479 5174 
f 4928 11761 8463 
f 3288 10876 485 
f 2860 435 12404 
f 10105 10818 10076 
f 6076 1282 2966 
f 1724 1531 7953 
f 4496 77 2229 
f 6226 11130 1252 
f 445 11720 883 
f 5474 11891 4056 
f 8155 3645 9551 
f 270 1404 10290 
f 8062 11981 1635 
f 1644 7998 11322 
f 3400 3004 585 
f 6055 6058 6271 
f 11229 2442 2321 
f 9781 3987 11932 
f 10613 9900 9658 
f 11870 2884 7322 
f 7196 102 10711 
f 11722 1709 6102 
f 2689 9516 351 
f 5049 6535 12300 
f 7059 5969 457 
f 3191 3002 2985 
f 8624 2454 9379 
f 7633 12462 8346 
f 5509 5268 6547 
f 6401 6631 6419 
f 3675 6158 11974 
f 2412 2571 2929 
f 5482 7484 10764 
f 4136 3610 1015 
f 8905 12249 1968 
f 461 5847 382 
f 9477 1933 10980 
f 8961 10421 8786 
f 3709 8998 2963 
f 4632 7792 4182 
f 1137 3717 2952 
f 356 4289 5680 
f 5394 6003 5803 
f 7351 6442 6421 
f 8647 10927 10913 
f 4934 11128 4624 
f 9740 11239 6986 
f 1856 8406 8499 
f 2997 8418 2537 
f 5481 5894 5693 
f 6700 10786 9556 
f 8884 2054 9988 
f 7603 5911 10024 
f 9988 7603 8771 
f 11349 4253 899 
f 7172 5093 12317 
f 3231 1063 11876 
f 844 11457 4963 
f 3339 4183 3781 
f 4825 7336 4465 
f 5847 461 12490 
f 5693 5894 6315 
f 7716 7677 3887 
f 12451 549 7129 
f 8950 6264 2783 
f 8560 8869 8331 
f 7026 5940 9550 
f 11803 6875 8490 
f 9388 11065 4229 
f 9847 1678 6771 
f 9988 2054 7603 
f 11386 11151 8847 
f 8795 9623 12458 
f 6088 11653 7587 
f 10859 11755 4747 
f 3851 5235 767 
f 12145 12278 1414 
f 3161 3154 3171 
f 728 10673 5919 
f 7482 620 7615 
f 6553 6786 8360 
f 8613 10239 5529 
f 2561 3696 688 
f 11344 2137 8884 
f 144 1483 8300 
f 2014 10617 10442 
f 9743 8855 9145 
f 9577 10517 1605 
f 6681 6454 6905 
f 10336 22 11764 
f 4835 7076 2175 
f 5049 11344 3931 
f 1134 2673 5625 
f 5369 11566 8994 
f 590 6598 5113 
f 5827 10316 9706 
f 12420 11603 4983 
f 7097 1848 4175 
f 7892 9973 7064 
f 8884 2139 2054 
f 7573 7292 7013 
f 5768 11251 11253 
f 8059 8188 4082 
f 8733 6073 7098 
f 5852 9829 3923 
f 2935 5483 1150 
f 2891 4054 4014 
f 5754 2255 7680 
f 9788 9781 7205 
f 6535 3143 7079 
f 8501 3360 3294 
f 5203 1484 5182 
f 72 2379 11274 
f 634 3629 12330 
f 7528 4665 2239 
f 7358 8705 3131 
f 11062 500 12227 
f 11510 8166 7847 
f 9035 7378 1462 
f 5440 4965 4752 
f 9844 6984 7344 
f 861 6665 7200 
f 10054 1202 12459 
f 9284 9043 8195 
f 10509 6292 3742 
f 8272 4266 5249 
f 12140 1402 5149 
f 811 1795 417 
f 4655 11719 9536 
f 1800 1052 6186 
f 5049 4884 3143 
f 9020 6456 1284 
f 6719 3753 3319 
f 2593 8491 11923 
f 6166 2849 1309 
f 5425 12233 11327 
f 7650 9353 10822 
f 6471 4621 12398 
f 1875 2468 2300 
f 11726 74 9922 
f 6322 2670 7086 
f 10549 7333 10387 
f 2991 3620 3390 
f 5814 599 8949 
f 11180 6124 39 
f 1424 11692 3122 
f 5895 2670 10781 
f 11369 6535 7079 
f 904 11770 8265 
f 9911 8946 5874 
f 3963 9070 10697 
f 7985 2426 8195 
f 7036 3112 897 
f 2945 11848 3625 
f 4571 3495 8787 
f 1373 11372 5403 
f 6900 3321 1993 
f 11858 5475 2941 
f 11969 11692 606 
f 4667 1426 11149 
f 8332 7650 7230 
f 4874 10484 2628 
f 7958 12397 6196 
f 6675 9544 7641 
f 7941 8844 8237 
f 2751 3977 8922 
f 8513 7440 9199 
f 8699 9259 9565 
f 5599 7930 1262 
f 5909 6760 2225 
f 3690 6115 4629 
f 4686 7101 7837 
f 9853 3769 12290 
f 1263 7689 1274 
f 8111 7297 7832 
f 10589 10308 12057 
f 4008 6316 862 
f 10473 556 8474 
f 1562 11347 11649 
f 11679 9495 4588 
f 10743 36 7381 
f 12005 12394 2554 
f 4992 11355 9128 
f 3529 11339 7630 
f 10378 12126 10166 
f 4766 4624 11128 
f 11233 9765 9165 
f 8965 8681 8099 
f 8010 4311 8788 
f 11355 9398 9128 
f 7650 8332 9353 
f 11946 12397 285 
f 4387 1393 9451 
f 2626 8272 9986 
f 7565 12370 6743 
f 1464 5517 5957 
f 4455 2886 12273 
f 2091 272 98 
f 8166 11510 10845 
f 3685 9321 224 
f 1397 3016 11163 
f 9544 9483 5805 
f 4834 2368 6298 
f 10218 4072 2445 
f 6539 9105 5982 
f 11340 1847 616 
f 2053 708 8083 
f 790 7561 3947 
f 287 286 11859 
f 9835 8979 11833 
f 2894 8820 8027 
f 8812 7978 8267 
f 2067 2881 5954 
f 6870 7932 9083 
f 1566 3918 8691 
f 6272 4883 8801 
f 3489 6366 10339 
f 7307 8381 11750 
f 9057 620 1687 
f 5103 4589 6615 
f 2172 9373 12053 
f 9022 9373 2172 
f 7080 6631 6843 
f 1480 5948 12011 
f 6313 10019 6217 
f 8507 11345 644 
f 7922 6799 8660 
f 9077 1318 3533 
f 539 434 2606 
f 2747 8039 10049 
f 9982 9489 12123 
f 6659 6425 6670 
f 354 7141 8760 
f 442 5242 9861 
f 1536 6540 5729 
f 10861 6774 1601 
f 4396 6686 312 
f 9098 4247 8438 
f 5811 6146 11154 
f 8557 4314 3990 
f 2782 3987 353 
f 6292 10509 3893 
f 2483 9656 340 
f 8126 6509 7138 
f 11428 10381 6798 
f 7117 2673 4648 
f 12219 1589 2361 
f 11636 8157 805 
f 2881 12258 5954 
f 8747 5856 3076 
f 2444 6030 11590 
f 3311 8137 8758 
f 5178 5824 4947 
f 10578 11622 515 
f 4998 12367 5974 
f 6371 799 801 
f 11303 6265 6332 
f 4193 3995 4183 
f 5059 6572 9280 
f 3073 7137 8752 
f 3073 8752 12037 
f 6416 1733 10596 
f 6598 4073 6150 
f 1096 838 10092 
f 2728 6510 4094 
f 11990 1660 2058 
f 3694 2456 1123 
f 7322 9176 9620 
f 1524 10513 3665 
f 5029 6109 5255 
f 12230 10654 11027 
f 8752 9698 11159 
f 7065 6843 6842 
f 10093 3611 11095 
f 11573 10498 3295 
f 11424 10677 10672 
f 8852 10365 1414 
f 6690 10933 10263 
f 7345 4824 3826 
f 6419 6003 6401 
f 1898 4749 9213 
f 9698 3694 11159 
f 7067 11902 2447 
f 12037 8752 11159 
f 836 3179 5018 
f 732 5463 4273 
f 184 8889 11418 
f 10665 2544 11019 
f 2449 5638 1816 
f 11374 6623 11780 
f 7909 12206 12082 
f 4408 10639 3401 
f 11394 8802 8496 
f 142 6571 1159 
f 7534 11959 1751 
f 2190 2067 5954 
f 12365 4384 4285 
f 9489 12496 1481 
f 6238 11412 2343 
f 4527 11412 6238 
f 2875 2012 3697 
f 11 3719 12182 
f 4720 2849 1934 
f 7717 3805 1077 
f 6661 2005 6516 
f 8608 7212 8306 
f 4691 4916 3922 
f 2326 6828 7185 
f 4394 9482 7115 
f 2825 8829 3759 
f 1983 2748 1997 
f 1133 1226 1124 
f 5698 2603 4948 
f 8179 1664 1301 
f 1991 9113 5694 
f 348 5253 896 
f 5237 10628 148 
f 7274 1530 3699 
f 9074 7323 1627 
f 11352 8709 3207 
f 4668 5970 4658 
f 3928 7341 5098 
f 6985 6134 6132 
f 10849 3707 9286 
f 9949 11524 6530 
f 2841 3416 3817 
f 7738 6732 6482 
f 10199 2499 11860 
f 6973 10553 10466 
f 2500 12098 4313 
f 6634 2494 1877 
f 1461 7758 6838 
f 7086 12060 6322 
f 12172 8807 6316 
f 2410 3694 1123 
f 11580 9614 4811 
f 11722 11143 1709 
f 363 2756 4086 
f 3885 11412 4527 
f 4460 9532 11988 
f 6011 6037 1977 
f 10297 8268 793 
f 6539 6296 9331 
f 4585 5158 2027 
f 2623 10231 7966 
f 9770 10453 9136 
f 11908 9514 378 
f 5707 2600 7200 
f 9593 11861 6959 
f 409 8032 9759 
f 5590 4920 10219 
f 10318 7752 10450 
f 7856 10848 6034 
f 514 3819 9420 
f 4371 4612 8192 
f 1586 1904 2166 
f 3644 10419 9411 
f 5232 4124 965 
f 8384 7090 5100 
f 5555 4271 5081 
f 5082 3116 8095 
f 111 223 64 
f 1233 1599 1458 
f 2147 9186 7290 
f 11632 2633 9712 
f 2942 11220 6025 
f 10387 7333 4122 
f 6212 7309 12202 
f 3485 8462 1202 
f 4672 1547 6618 
f 10047 12265 272 
f 7602 3448 589 
f 5365 1540 3533 
f 11417 6541 12298 
f 11926 10139 10833 
f 6755 7237 12097 
f 7779 56 10670 
f 11030 8255 3184 
f 11593 5733 251 
f 11825 2540 7938 
f 8793 1854 3618 
f 7217 6964 6737 
f 11530 5430 5729 
f 7336 4407 202 
f 4318 4302 11373 
f 6662 3037 12140 
f 4474 4849 8322 
f 2797 8181 907 
f 150 12110 8797 
f 564 4080 8387 
f 10179 2632 11518 
f 12120 614 11088 
f 4639 315 642 
f 9299 4204 4488 
f 3917 10285 8994 
f 10688 9433 10775 
f 8014 1651 5843 
f 247 10988 9052 
f 10630 929 9008 
f 1179 412 10823 
f 12370 375 12478 
f 9662 8551 80 
f 6255 6040 7179 
f 5621 9383 4041 
f 10723 6618 5642 
f 10540 10533 10527 
f 10099 10803 11802 
f 355 9977 10220 
f 6575 3846 3617 
f 2465 12395 8035 
f 6335 7661 12477 
f 6374 10981 12269 
f 6318 11285 7875 
f 5875 5177 1418 
f 8827 7894 1282 
f 4837 4683 5697 
f 8240 1047 5071 
f 10352 3665 11198 
f 8361 4456 6377 
f 10520 9312 7402 
f 6464 9325 5472 
f 2728 5661 4984 
f 6103 4229 7208 
f 10406 10030 10411 
f 2246 8522 4787 
f 10858 9271 608 
f 4841 10291 1811 
f 9834 2951 11133 
f 2901 3734 3739 
f 11582 885 9080 
f 2271 7328 7300 
f 5451 7777 7104 
f 2422 12209 2299 
f 11156 11171 10840 
f 11446 9686 276 
f 4613 8194 7539 
f 505 231 223 
f 6893 4574 1747 
f 10885 10704 2910 
f 7857 7777 10153 
f 11186 10153 11033 
f 4399 9780 4364 
f 614 12120 3661 
f 11079 12320 11100 
f 12116 7822 1764 
f 12150 861 116 
f 41 6706 4125 
f 601 1778 8046 
f 5589 10374 10040 
f 1714 6103 7417 
f 6698 679 1387 
f 12178 7902 8143 
f 4689 9883 12304 
f 2760 2957 1594 
f 4538 5656 10991 
f 2502 2983 3263 
f 1170 5210 3788 
f 6043 12466 4985 
f 6351 4985 12466 
f 8412 7934 3851 
f 6785 2022 6 
f 10258 6550 11096 
f 520 10786 6700 
f 10742 5818 6042 
f 3769 9853 11172 
f 8014 5843 3238 
f 3955 10564 5485 
f 946 9902 7108 
f 3745 4252 12466 
f 9670 11471 1480 
f 3769 7035 4354 
f 5143 4206 8759 
f 11084 5184 5762 
f 6185 7755 759 
f 4133 8178 7826 
f 614 5774 10263 
f 6624 10314 7454 
f 7020 491 10214 
f 6290 10528 3793 
f 4354 8243 8529 
f 3832 4090 2198 
f 5901 9918 5883 
f 4252 6960 10742 
f 8243 450 8529 
f 787 9501 4139 
f 9083 8064 5633 
f 450 4822 8529 
f 7338 9231 7174 
f 4257 3447 4410 
f 10434 9130 10417 
f 11730 4118 12180 
f 11632 9712 10587 
f 9101 5422 7753 
f 2905 11392 9800 
f 6934 5849 6273 
f 7666 6533 8661 
f 1383 10921 5615 
f 3316 410 4116 
f 7528 11965 8448 
f 7041 6038 9389 
f 8206 3327 7495 
f 6721 3508 4380 
f 6514 10137 12376 
f 10898 1570 1095 
f 4282 3470 4440 
f 6661 570 2066 
f 7708 10543 5779 
f 10850 11760 9292 
f 11105 4443 9529 
f 9761 10650 5208 
f 3489 6883 6366 
f 3436 312 7912 
f 6428 2231 2439 
f 8928 11098 750 
f 5590 10219 2162 
f 11522 12366 3069 
f 9700 9258 7943 
f 6784 6141 6780 
f 1487 1492 1489 
f 3728 9794 370 
f 1646 7981 3612 
f 3402 9995 5730 
f 931 1136 847 
f 1106 11561 2796 
f 11799 9402 11809 
f 8049 12048 8043 
f 7331 3356 3351 
f 356 9673 9778 
f 2728 7444 6510 
f 2090 12313 10727 
f 8897 6717 2599 
f 1772 3036 12051 
f 8434 10348 7882 
f 12422 11495 1381 
f 4895 5776 5344 
f 5263 11364 3520 
f 1090 2015 8291 
f 5981 12482 5749 
f 2082 3053 6910 
f 3627 11047 6959 
f 10510 10895 11574 
f 1193 1051 7778 
f 6959 11861 7400 
f 1166 1296 1637 
f 8599 1663 9893 
f 209 11307 3345 
f 7538 8614 560 
f 5260 10886 9341 
f 1079 8729 12072 
f 937 11881 7289 
f 805 8695 5581 
f 3774 7018 9281 
f 6572 6017 10296 
f 7431 6907 7669 
f 10113 10112 10844 
f 2366 9542 4560 
f 1610 10414 10384 
f 949 11744 7860 
f 10534 10070 5528 
f 9535 9232 8087 
f 5163 3540 4149 
f 9544 5805 7356 
f 6842 6176 7057 
f 5570 5343 7194 
f 7987 9563 11264 
f 8219 6625 11238 
f 1371 1799 1586 
f 11238 6625 11903 
f 7648 10425 933 
f 5457 4768 5461 
f 4336 4565 4230 
f 10534 8277 10070 
f 4727 727 9503 
f 4784 5888 504 
f 4824 7747 3009 
f 4292 11810 7794 
f 10208 2577 8411 
f 7304 12293 3193 
f 10285 8735 8994 
f 7511 5133 6327 
f 5843 1651 11767 
f 11488 3564 8602 
f 7150 3401 4692 
f 10840 10852 10470 
f 11629 2561 688 
f 4208 570 6661 
f 1450 11518 2632 
f 8886 2276 7775 
f 9784 10151 11213 
f 11548 3611 11942 
f 3645 8155 149 
f 495 725 4457 
f 4457 725 7275 
f 2322 4085 2775 
f 2312 10876 1501 
f 11649 11347 6240 
f 11937 11952 1615 
f 6309 2935 2816 
f 6132 5278 5273 
f 12353 2845 11935 
f 8402 3638 4667 
f 2171 3193 12293 
f 7296 4350 3361 
f 9275 11091 10744 
f 7397 12471 1092 
f 8609 6894 12110 
f 4543 5443 4754 
f 10191 11962 2528 
f 448 1050 9693 
f 7291 1984 4061 
f 8259 2068 11323 
f 5006 2570 6169 
f 3632 3690 5626 
f 7083 8428 11614 
f 6097 6077 7442 
f 681 831 973 
f 4703 5803 4930 
f 6009 1444 7632 
f 11644 5596 9272 
f 7492 12476 3655 
f 5960 4863 4658 
f 4101 10423 12446 
f 10520 802 10575 
f 10956 9778 3380 
f 11808 1249 1554 
f 4102 5967 11406 
f 3062 5096 1420 
f 9551 1340 8155 
f 202 4333 7336 
f 7128 7372 7375 
f 8555 4975 7686 
f 2404 2062 2061 
f 1535 1763 9448 
f 4859 6063 1334 
f 1856 8499 3129 
f 276 1110 3446 
f 6427 860 6328 
f 3916 4459 610 
f 5654 11930 7158 
f 670 2817 3854 
f 10663 10578 515 
f 11003 719 749 
f 11745 10931 11774 
f 1835 8227 2107 
f 9982 8173 2209 
f 8853 10832 11538 
f 3773 946 2483 
f 8472 9505 729 
f 8012 8743 6490 
f 10304 7058 12192 
f 9413 9717 4546 
f 12385 10857 5568 
f 5544 4850 5734 
f 634 6491 9483 
f 11767 576 11464 
f 4777 5188 11829 
f 12238 10733 6131 
f 2430 10904 8470 
f 3474 1361 3445 
f 5131 6395 6401 
f 6408 6067 10085 
f 5618 10781 5564 
f 459 7233 5608 
