v 0.309469 -0.921392 0.450065
v -0.246077 0.582705 0.060732
v 0.324808 -0.919437 0.426008
v 0.326318 -0.962311 0.486252
v -0.281894 -0.982499 0.0586274
v 0.31358 -0.96947 0.51198
v 0.282044 -0.963641 0.507701
v -0.485513 -0.661363 0.305646
v 0.230108 -0.949739 0.50976
v -0.431098 -0.711207 0.44103
v -0.16523123 -0.9178205 -0.17278671
v 0.5655818 -0.81427765 -0.14865112
v 0.190673 -0.970283 0.571536
v 0.0641173 -0.671515 0.701181
v 0.129295 -0.963049 0.557488
v -0.146155 -0.961498 -0.234851
v -0.118244 -0.984391 -0.290257
v 0.0947305 -0.937937 0.53392
v -0.615282 0.422356 -0.108242
v 0.859274 -0.829771 0.29683
v -0.956401 0.390143 0.23455
v 0.0377626 -0.969207 0.59784
v -0.585083 0.711399 -0.57123
v 0.0245651 -0.961123 0.580437
v -0.0175506 -0.965747 0.600896
v -0.685168 0.66599 -0.122534
v 0.549335 -0.69978 0.563075
v 0.0033340454 -0.9802978 -0.29410553
v -0.118796 -0.969913 -0.241254
v 0.00821174 -0.123117 0.586351
v 0.0016288757 -0.92230415 -0.18838882
v 0.034374237 -0.8154907 -0.3573227
v -0.6268616 -0.6276398 0.05999756
v 0.560758 -0.498643 0.582157
v -0.23129177 -0.9215624 -0.049232483
v -0.181443 -0.969632 0.555023
v 0.00494149 -0.0988209 -0.280807
v -0.191034 -0.919759 -0.173762
v -0.23141098 -0.96978235 0.5644264
v -0.222935 -0.96805 0.480761
v -0.224261 -0.971162 0.509133
v -0.534693 -0.806132 0.00172445
v -0.204997 -0.944314 0.443334
v -0.182328 -0.927852 0.434441
v -0.18707323 -0.93551326 0.4627266
v -0.170614 -0.935 0.482843
v -0.171538 -0.946092 -0.220764
v -0.175546 -0.968913 -0.24051
v -0.6047478 0.20286942 0.6123123
v -0.132758 -0.960651 0.5672
v -0.10403061 -0.92058897 0.5131054
v 0.537228 -0.715895 -0.265985
v -0.108141 -0.958831 0.573587
v -0.157069 -0.978449 -0.257242
v -0.0796128 -0.955815 0.575954
v -0.139369 -0.982936 -0.274329
v -0.495771 -0.96942 0.582537
v -0.577583 0.341467 0.481909
v 0.527809 -0.913615 -0.0325423
v -0.709365 0.629604 -0.0545642
v 0.0246209 -0.925293 0.540962
v 0.637789 -0.727388 -0.113086
v -0.103913 -0.540969 0.583232
v -0.4290924 -0.9779854 0.37149048
v 0.102392 -0.909891 0.491295
v -0.315904 -0.965152 0.132104
v 0.151079 -0.920321 0.499084
v 0.289728 -0.932396 0.46912
v -0.332036 -0.971328 0.108595
v -0.316865 -0.982208 0.0852078
v 0.21932983 -0.91788054 0.478796
v 0.24603462 -0.9092853 0.45130324
v -0.3015232 -0.98394585 0.07033253
v -0.71819305 -0.51257324 -0.049251556
v 0.279448 -0.909561 0.446362
v -0.91812 -0.0874408 0.172692
v -0.24775887 -0.92256683 -0.06535721
v 0.0634024 -0.914889 0.516748
v -0.0489375 -0.961202 0.587729
v 0.7413635 -0.31345558 0.4282303
v -0.712875 -0.93403 0.0843521
v -0.197954 -0.91898 -0.142163
v -0.365523 0.107899 0.404786
v -0.707213 0.474669 -0.291519
v -0.46066284 -0.9812627 0.26301575
v -0.976121 0.139426 0.549597
v -0.169202 -0.924296 -0.198247
v -0.181835 -0.981416 -0.264758
v -0.163503 -0.983324 -0.282426
v -0.688621 0.473574 -0.319149
v -0.522513 -0.969566 0.581833
v 0.00929823 -0.966198 -0.314075
v 0.0354056 -0.964144 -0.309456
v -0.465823 -0.806348 -0.0703737
v 0.355587 -0.971076 -0.233633
v 0.71306896 -0.013843536 0.18548584
v 0.476245 0.0280965 -0.169655
v -0.439981 -0.762311 0.285274
v -0.578564 0.851161 -0.747506
v -0.391533 0.213778 0.373782
v -0.30024338 -0.9713745 0.3388672
v -0.302959 -0.982911 0.0440865
v -0.5317545 0.28420258 0.4978714
v -0.234188 -0.965865 0.239863
v -0.788195 0.828955 -0.546249
v -0.137141 -0.793575 0.635569
v -0.24237 -0.966195 0.196664
v 0.737412 -0.839902 -0.0267435
v -0.258214 -0.964962 0.173565
v 0.168845 -0.925987 -0.16899
v -0.29543 -0.774713 -0.125731
v -0.534962 0.595243 0.135276
v -0.30034 -0.961442 0.153632
v -0.217559 -0.931272 -0.18369
v -0.195691 -0.935553 -0.204
v -0.197336 -0.958721 -0.225433
v 0.49266815 -0.552969 0.63165283
v 0.52121925 0.07209015 0.45430756
v -0.578313 0.528529 0.47571
v -0.426237 -0.496822 0.533375
v -0.675866 0.46436 -0.29703
v -0.452582 -0.628004 -0.106451
v -0.752044 0.6395 -0.34844
v -0.547593 -0.966315 0.586191
v -0.226807 -0.0247426 -0.23332
v 0.2827015 -0.9750563 0.06639099
v 0.24924397 -0.9742004 0.19327927
v -0.0872589 -0.79441 0.659462
v 0.536661 -0.657741 0.590209
v 0.67767715 -0.64647317 0.48719025
v -0.3518486 -0.0072898865 -0.21824646
v 0.47897434 -0.9132843 -0.12197876
v -0.484581 -0.811311 0.347459
v 0.7518921 -0.21821213 0.3789673
v -0.0958446 -0.532971 0.601369
v -0.508833 -0.660515 -0.00851565
v 0.690611 -0.00324543 0.03445
v 0.614622 -0.603906 0.546287
v -0.652445 -0.291219 -0.207865
v 0.46316528 -0.9641323 0.2583313
v -0.348135 -0.978005 0.0805053
v -0.325206 -0.983064 0.0593146
v -0.300749 -0.979067 0.0183356
v 0.49404716 -0.96349454 0.13253784
v -0.233599 -0.921201 -0.112375
v -0.224185 -0.920925 -0.137897
v -0.221337 -0.954041 -0.206742
v -0.142958 -0.294335 -0.421313
v -0.220258 -0.971945 -0.232038
v 0.40867996 -0.9662628 0.06441498
v -0.200749 -0.976064 -0.248277
v -0.485765 -0.63659 0.355233
v -0.237676 0.713988 -0.0121616
v 0.63474274 -0.34443474 0.55895615
v 0.676621 -0.0347872 0.387393
v -0.423559 -0.519186 0.517652
v -0.641824 0.794006 -0.728516
v 0.825902 -0.509938 0.308053
v 0.38809204 -0.5626545 0.70072174
v -0.31438 -0.972293 -0.044554
v -0.317469 -0.974576 -0.0659954
v 0.220865 -0.940722 0.0611038
v -0.0552369 -0.892358 0.7088
v -0.558084 0.0875436 0.52113
v -0.269411 -0.930491 -0.0561308
v -0.420769 0.687779 -0.0396168
v -0.255199 -0.928883 -0.0382704
v 0.785939 -0.531438 0.345135
v -0.23568726 -0.9378543 0.009643555
v -0.212046 -0.923065 -0.0018381
v 0.425031 -0.942554 0.573308
v -0.270587 -0.927302 -0.0831293
v -0.256298 -0.924409 -0.107462
v -0.253985 -0.929467 -0.135316
v -0.236001 -0.930157 -0.162028
v -0.78929 -0.377162 0.46245
v -0.444972 0.351948 0.331441
v -0.7682533 0.5846529 0.17849731
v -0.122887 -0.93137 0.204776
v -0.239055 -0.947029 -0.184081
v -0.177557 -0.984611 -0.33464
v -0.456851 0.488581 0.268636
v -0.565843 -0.968871 0.566285
v -0.1250534 -0.29590988 0.6566467
v -0.32222748 -0.9644005 0.26538467
v 0.589541 -0.531892 0.560554
v -0.5234947 -0.97303843 0.481575
v -0.218662 -0.976687 0.112565
v -0.200824 -0.963156 0.104332
v 0.544789 -0.314528 -0.282748
v 0.831021 -0.526267 0.336321
v -0.23997 -0.980138 0.0950934
v 0.673177 -0.694384 0.457926
v 0.39459705 -0.9687784 0.3521099
v -0.38760567 -0.979064 0.08011627
v 0.624721 0.0826833 0.334905
v -0.317379 -0.980641 0.000184045
v -0.678658 0.582418 0.0857971
v -0.497348 -0.105461 0.564722
v -0.274763 -0.940436 -0.112418
v 0.517287 -0.871183 -0.0937767
v -0.25695 -0.947427 -0.16283
v -0.971783 0.274972 0.2358
v -0.242489 -0.962156 -0.200102
v -0.2297287 -0.98087597 -0.25302124
v 0.561593 -0.739253 0.528729
v -0.900127 -0.00826123 0.235746
v -0.20607 -0.982989 -0.274029
v 0.588147 -0.905228 0.382442
v 0.601138 -0.910775 0.362898
v -0.447342 -0.505633 0.522423
v -0.447225 -0.528794 0.506313
v -0.447499 -0.552636 0.49201
v -0.48401833 0.22828293 0.48788834
v -0.151276 -0.788763 -0.290428
v 0.551545 -0.736594 -0.251403
v -0.772955 0.643428 -0.176328
v -0.7207234 0.57998466 0.37010193
v -0.2356162 -0.049821377 -0.24162078
v -0.47994995 -0.9736805 0.40542603
v -0.6875324 0.58474016 0.115436554
v -0.37779564 -0.9717002 0.12695312
v -0.56615305 0.58703995 0.28914642
v -0.35130692 -0.9819145 0.047096252
v -0.583943 0.570329 -0.390738
v -0.88928 -0.026057 0.130544
v -0.569717 -0.92553 0.268458
v -0.897633 -0.0500514 0.145479
v -0.295283 -0.963794 -0.115742
v -0.295027 -0.972268 -0.145845
v -0.257589 -0.974091 -0.207133
v -0.887086 0.484805 0.108251
v -0.458186 -0.829834 -0.0836277
v -0.0061206818 0.22462928 0.07442856
v -0.0493871 -0.982611 -0.266544
v 0.030431747 0.87443924 -0.24809074
v -0.579547 0.567052 0.0543122
v 0.64505 -0.94882 0.220009
v 0.45983887 -0.8879671 0.5731354
v -0.207093 -0.859624 0.645903
v -0.470679 -0.489684 0.535383
v -0.208835 -0.976867 0.234946
v -0.471515 -0.562727 0.484355
v -0.5336683 0.58483005 0.19263744
v -0.402591 -0.976608 -0.150508
v -0.808554 -0.0308904 0.424499
v 0.645151 -0.427719 0.547414
v 0.6551173 -0.95421696 0.18032646
v -0.585346 -0.968726 0.546544
v 0.045757294 0.24845284 0.1904409
v -0.13171291 -0.50836754 0.55080605
v -0.5310669 -0.9719107 0.5594864
v -0.203966 0.646126 0.0230949
v -0.721278 0.60806 -0.0198298
v -0.52742577 -0.9759388 0.3714981
v 0.687333 -0.423322 -0.151464
v -0.06385517 0.21869636 0.16359138
v 0.69153404 -0.03478813 0.36556244
v -0.197076 0.724783 -0.0497947
v -0.651027 0.0931107 0.67886
v -0.707734 -0.953314 0.129254
v -0.49461555 -0.98367333 0.2698288
v -0.41395473 -0.9724328 0.14801979
v -0.431718 -0.7258 0.225563
v -0.536576 0.608406 0.0829316
v -0.35249949 -0.9821578 -0.014631271
v -0.495302 0.3051 0.45527
v 0.75966 -0.518566 0.380315
v -0.833598 0.326661 0.654376
v -0.648418 0.76615 -0.406209
v -0.301613 -0.979762 -0.174636
v 0.949684 -0.585849 0.338923
v -0.27763 -0.976896 -0.192928
v -0.285214 -0.86261 0.553972
v -0.255852 -0.978921 -0.227014
v 0.4418583 -0.8776636 0.5835848
v -0.661241 0.779085 -0.425004
v -0.403895 0.330164 0.2497
v 0.472238 -0.823744 0.560534
v -0.664841 0.251057 0.651738
v -0.63015366 0.58540344 0.15270996
v 0.350971 -0.381325 0.722141
v -0.76882 0.101034 0.687463
v 0.596113 -0.0726462 0.494889
v -0.7772778 0.586864 0.25604248
v 0.571754 -0.395773 0.606445
v -0.48012543 -0.5125427 0.51864624
v 0.970388 -0.723856 0.180006
v 0.3572 0.258456 0.27746
v -0.475029 -0.53970337 0.502388
v -0.585461 -0.877192 -0.0619431
v -0.016357422 0.72958374 -0.1437378
v -0.743471 -0.403623 0.485341
v 0.556903 -0.254866 0.607782
v -0.07595062 0.20505977 0.24638367
v -0.74311 0.594332 -0.0140872
v -0.119672 -0.92348 -0.204911
v -0.35207444 -0.83012605 -0.12663409
v 0.769877 -0.265852 -0.0423788
v 0.878792 -0.482179 0.275997
v -0.0882907 0.186619 0.286147
v -0.96076584 0.250906 0.41052246
v -0.0836761 -0.388531 0.72139
v -0.606348 0.231763 0.591787
v 0.88045 -0.473989 0.249734
v 0.90342 -0.697682 0.378837
v -0.233832 -0.3023 -0.293317
v 0.0819531 0.876413 -0.31262
v -0.212825 -0.280428 -0.299206
v 0.733512 -0.68259 0.421647
v 0.57442 -0.0194703 0.492342
v -0.603096 0.578271 0.103093
v -0.882038 0.137573 0.647377
v 0.485765 -0.782302 0.551956
v 0.7284241 -0.27468872 0.4393921
v -0.071982 -0.911596 0.713458
v 0.26478195 0.16858673 0.45938873
v -0.698866 0.585458 0.0663745
v -0.705426 0.584113 0.0933543
v -0.67286 0.581945 0.0565269
v -0.540635 -0.0627664 -0.214139
v -0.330003 -0.979988 -0.0823096
v -0.319329 -0.977738 -0.107697
v -0.844638 -0.45304847 0.11650658
v 0.67905426 -0.927536 0.059562683
v -0.648899 0.576312 0.02159
v -0.915309 -0.299692 0.128401
v -0.920888 -0.283072 0.107881
v -0.548912 0.592204 0.0645135
v 0.233698 -0.919374 0.476099
v -0.237293 -0.98396 -0.339881
v 0.464206 -0.231993 -0.297246
v -0.908692 0.285946 0.598058
v -0.546127 -0.857207 0.583297
v 0.33459198 -0.9663849 0.32064164
v -0.925171 -0.211243 0.143399
v 0.886854 -0.474974 0.147745
v 0.3906021 -0.96308124 0.14772797
v 0.525692 -0.901536 0.49181
v 0.623179 -0.464709 0.553322
v 0.431678 -0.771109 0.599071
v -0.603271 -0.9569 0.553865
v 0.927661 -0.492986 0.279335
v -0.473076 0.541457 0.276594
v -0.5821686 -0.9724436 0.50697327
v 0.961344 -0.539427 0.297364
v 0.859111 -0.489215 0.28448
v -0.6755409 0.85675764 -0.5969815
v 0.77593994 -0.3962021 0.36053467
v 0.202578 -0.117879 0.601033
v -0.967517 0.0802514 0.148864
v 0.7446728 -0.11759329 0.31222916
v -0.40042496 -0.98268676 0.042942047
v -0.591353 0.421997 -0.0715068
v -0.13330841 0.16506195 0.3060608
v -0.333357 0.204483 0.27351
v -0.318572 -0.98079 -0.150119
v -0.32983208 -0.9826398 -0.19021606
v -0.317606 0.214085 0.253432
v -0.569889 -0.887261 0.2298
v -0.2835884 -0.9815151 -0.2236042
v -0.13663 0.148006 0.343367
v -0.946719 0.492803 0.330167
v -0.591879 0.869608 -0.728737
v -0.413443 0.170427 0.417198
v -0.2818756 -0.98408353 -0.3033867
v -0.224879 0.806722 -0.160435
v -0.251034 -0.978004 -0.36355
v -0.332464 0.757899 0.0422308
v 0.75526166 -0.090019405 0.15548325
v -0.636622 0.087008 0.659708
v -0.92657185 0.33326912 0.1175766
v 0.198871 -0.915162 0.017528
v -0.715686 0.651409 -0.0967423
v -0.497464 -0.684169 0.179627
v -0.931273 -0.268989 0.184468
v -0.51711655 -0.58509064 0.44221497
v 0.6642227 -0.18873596 0.50631714
v -0.159046 0.1265 0.381699
v -0.607298 -0.965566 0.530975
v 0.5342903 -0.9081135 0.45156097
v 0.152758 -0.132938 0.650337
v -0.414724 0.201508 0.420736
v -0.643966 0.428172 -0.148763
v -0.29872 -0.300823 0.574461
v -0.176516 0.11425 0.399088
v 0.20297 -0.205064 -0.405076
v -0.419698 0.29094028 0.020256996
v -0.516742 -0.762095 0.101961
v -0.01411 0.664721 -0.170244
v 0.507627 -0.333403 0.653799
v 0.00150909 0.654564 -0.153703
v -0.493454 0.570337 0.216169
v -0.513305 0.577354 0.228008
v -0.668301 -0.859458 0.0940963
v 0.760062 -0.827791 0.39804
v 0.24238682 0.15557861 0.47286224
v -0.36807 -0.958617 -0.260156
v -0.80879307 0.57311916 0.3302002
v -0.637022 0.517051 -0.450456
v -0.4742813 -0.3945923 -0.24250793
v 0.650769 -0.680812 0.498634
v -0.53354 -0.85409 0.329039
v -0.54723 -0.837855 0.568585
v 0.084796906 -0.91769314 0.5164237
v 0.575195 -0.652951 0.566814
v -0.667662 0.584881 0.029691
v -0.93098545 -0.19550514 0.18534851
v 0.588334 -0.796271 0.486226
v -0.448147 0.363116 0.0280612
v 0.172058 -0.273531 -0.44079
v -0.37309074 -0.98381513 -0.14843178
v -0.46864474 0.3416738 0.39776874
v -0.228796 0.746231 -0.00873331
v -0.526011 0.217809 0.529664
v 0.435948 -0.594631 0.662049
v 0.497191 -0.837366 0.549619
v 0.605897 -0.627313 0.547432
v -0.344441 -0.982918 -0.150351
v -0.387441 0.307077 0.232828
v -0.128105 -0.766444 0.585016
v -0.8849373 -0.34283066 0.29380798
v -0.11077118 0.78336716 -0.12451172
v 0.7814398 -0.22097778 0.0138549805
v 0.865264 -0.47867 0.139277
v 0.12947083 0.21920013 0.39237976
v -0.48909 -0.348588 -0.256476
v 0.574491 0.135179 0.32169
v -0.625263 0.498779 -0.372442
v -0.437341 -0.741768 0.277419
v -0.62756467 0.25703824 -0.092761844
v -0.477607 0.539563 0.322427
v -0.479447 -0.461272 0.553951
v -0.04710388 0.8246994 -0.17563629
v -0.497818 -0.5717621 0.46702576
v -0.493799 0.554018 0.346123
v -0.582405 0.398095 -0.0625755
v -0.514241 0.55433 0.391847
v -0.966481 0.0542283 0.208984
v -0.507923 0.536588 0.405579
v -0.20597553 -0.9217772 -0.031053543
v -0.883833 0.428027 0.110886
v -0.979299 0.137078 0.473627
v -0.627231 -0.951431 0.513147
v -0.607569 -0.968629 0.505776
v 0.100945 0.837357 -0.329894
v -0.44305 -0.723807 0.41663
v -0.608406 -0.971936 0.458185
v -0.32130527 0.23657691 0.060656548
v 0.559455 0.0661877 -0.080616
v -0.648101 0.576757 0.0757586
v -0.896985 -0.00200593 0.14267
v 0.0310551 0.95483 -0.283522
v 0.0178098 0.977467 -0.283715
v 0.020588 0.959701 -0.261877
v -0.817043 -0.493769 0.222281
v 0.47297 0.204745 0.0533408
v -0.8861847 0.55084324 0.1886406
v -0.457536 -0.708336 0.197429
v -0.16234 0.58043 0.00105834
v -0.473131 -0.703823 0.176317
v -0.229093 0.63843 0.0423608
v -0.48125648 -0.9837753 0.13242722
v -0.5286102 -0.81423664 0.39709473
v 0.17952 -0.103962 0.584631
v -0.44834805 -0.98228264 0.09257507
v 0.906125 -0.472233 0.23824
v 0.7054825 -0.04953003 0.008148193
v 0.905437 -0.741169 0.0184829
v 0.7722397 -0.32420874 -0.043411255
v -0.577061 -0.969257 -0.0973995
v -0.403973 0.676443 0.0968593
v 0.125554 -0.0129374 -0.266984
v 0.528765 -0.330071 0.637821
v -0.604731 0.833968 -0.660382
v -0.958761 0.0894412 0.359553
v -0.201571 0.677433 -0.0201681
v 0.575091 -0.904925 -0.0232503
v -0.63295 0.452607 -0.221228
v -0.71664 0.768492 -0.336334
v 0.0238645 -0.944536 0.562094
v 0.320358 -0.176265 0.669173
v -0.5678723 -0.86128616 -0.055207253
v -0.738026 0.827732 -0.498374
v -0.724635 0.838016 -0.521463
v -0.934068 0.0244011 0.185824
v -0.273989 -0.432228 -0.219818
v -0.952765 0.05657 0.13919
v -0.197292 -0.942994 0.41391
v -0.75902 0.785074 -0.42272
v 0.338724 -0.561235 0.721853
v -0.62617207 0.61418915 -0.11268616
v -0.613524 0.80964 -0.613164
v 0.696167 -0.58110046 0.48382568
v -0.59828687 -0.9735878 0.43219376
v -0.5549793 -0.9767852 0.33117294
v 0.431705 0.142197 0.44079
v -0.747652 0.742733 -0.304632
v -0.74739 -0.518508 0.0107436
v -0.729128 0.742766 -0.283467
v -0.413158 0.374931 0.139493
v -0.690315 0.768778 -0.344064
v 0.56082916 -0.88887405 0.43323517
v -0.57034016 -0.81953883 0.4965043
v -0.481105 0.393041 0.386286
v 0.299301 -0.157628 0.657106
v 0.518517 0.192258 0.173836
v -0.441705 0.514525 0.196664
v 0.586246 -0.0463736 0.494207
v -0.0254304 0.900011 -0.288132
v -0.723587 0.756081 -0.309562
v -0.697288 0.760073 -0.316767
v -0.153713 0.0801936 0.438444
v 0.625467 0.0119722 0.418541
v -0.178692 0.0803446 0.43621
v -0.413218 0.247249 0.399749
v -0.626669 0.0171569 0.513377
v -0.010688782 0.17350006 0.3888626
v -0.356549 -0.983216 -0.174031
v -0.057540894 0.84584045 -0.16997528
v -0.284177 0.556216 0.0738939
v -0.554085 0.106151 0.533506
v -0.366114 -0.982922 -0.198377
v -0.349515 -0.983901 -0.218632
v -0.33187 -0.983743 -0.237621
v -0.1438036 0.18206978 0.020751953
v 0.335074 -0.966333 -0.143965
v -0.539992 -0.808134 0.436768
v -0.63806 0.81694 -0.740309
v -0.458947 0.393453 0.32041
v -0.742608 0.577415 0.0590629
v -0.16835 -0.0781109 0.552113
v -0.234106 -0.37566 -0.277551
v -0.935774 -0.241586 0.201778
v -0.743173 0.578419 0.0803545
v 0.0721438 0.905115 -0.314926
v -0.5093765 -0.5451431 0.49460983
v -0.697937 -0.34861755 0.54211426
v 0.424823 -0.411656 0.708526
v -0.961795 0.417191 0.239303
v -0.633456 -0.961695 0.460719
v -0.624302 -0.968386 0.435488
v 0.66081 -0.379623 0.536333
v -0.563043 -0.977653 0.272923
v -0.163638 0.901633 -0.105721
v -0.731829 0.777789 -0.580626
v 0.403714 -0.0913491 -0.253591
v 0.506957 -0.63711 0.620685
v -0.8852005 -0.08103943 0.33114624
v -0.635952 0.89844 -0.741764
v -0.234464 0.169819 -0.0719966
v -0.893086 0.538854 0.335552
v 0.849161 -0.735345 0.401436
v 0.0912846 -0.475501 0.750922
v 0.966361 -0.52577 0.273221
v -0.549479 -0.440424 -0.214325
v 0.976869 -0.55023 0.277708
v -0.731923 0.701088 -0.200588
v -0.668129 0.399549 0.598412
v 0.934616 -0.487456 0.132375
v 0.87898 -0.481767 0.123149
v -0.14987946 -0.13114166 -0.28149986
v 0.083509445 -0.9178841 -0.16859627
v 0.704522 -0.660427 -0.0756737
v -0.89712 -0.0380408 0.168824
v -0.924673 0.415385 0.176501
v -0.939795 0.455476 0.181943
v -0.928646 0.441639 0.168923
v -0.38622284 -0.98415715 -0.12579584
v -0.388271 -0.979479 -0.177853
v -0.257375 0.221766 0.216193
v -0.3363 -0.98436 -0.263742
v 0.74331665 -0.3476715 0.42715454
v -0.18583107 -0.15709305 -0.27732944
v -0.33968 -0.974503 -0.317396
v -0.295454 -0.981199 -0.339917
v -0.545365 -0.666776 0.142542
v 0.363488 0.0165985 -0.221264
v -0.886384 0.508927 0.112739
v -0.56915283 -0.53463745 0.48382568
v 0.05849266 0.86275864 -0.27114868
v -0.111828 -0.962035 0.687517
v -0.555801 -0.574909 0.441932
v -0.166435 -0.964263 0.256589
v -0.26716 0.835838 -0.0564819
v -0.0030441284 0.22117615 0.29110718
v 0.903983 -0.793888 0.28873
v -0.641084 -0.953773 0.440009
v -0.615878 -0.970954 0.408877
v 0.121357 0.251302 0.313945
v -0.5999527 -0.97243214 0.36499023
v 0.718242 -0.562091 0.455377
v -0.583859 -0.974144 0.323665
v -0.566326 -0.979246 0.245113
v 0.0903235 -0.873247 0.657696
v -0.8642101 -0.4228897 0.10066986
v -0.15041733 -0.8897476 -0.36046982
v -0.507164 -0.983755 0.2076416
v -0.730895 0.731363 -0.261818
v -0.741112 0.7177 -0.244891
v -0.302614 -0.980538 0.109446
v -0.374386 0.755729 -0.0401744
v -0.879864 -0.0514495 0.307197
v -0.751485 0.890303 -0.640415
v 0.598724 -0.846303 0.429003
v -0.745684 0.888258 -0.615705
v -0.704014 0.749925 -0.289757
v -0.420939 0.359742 0.254204
v -0.170423 0.781406 -0.199393
v -0.604831 0.729074 -0.44609
v -0.413652 -0.983809 -0.124937
v -0.384775 -0.970725 -0.202017
v -0.598744 0.63527 -0.209884
v -0.373808 -0.975086 -0.221223
v -0.618123 0.632834 -0.163277
v -0.360839 -0.980632 -0.246646
v -0.96783614 0.28241873 0.20470047
v 0.477464 -0.9636 0.366764
v -0.865197 -0.420319 0.227009
v -0.7374611 0.56355286 0.41741943
v -0.35012 -0.958676 -0.298911
v -0.55843353 -0.47198105 0.54278946
v -0.53782654 -0.5220337 0.50665283
v -0.7433 0.582086 0.122005
v 0.116575 -0.818766 -0.359561
v -0.111462 -0.756828 -0.324839
v -0.5352001 -0.60248566 0.40429688
v 0.881068 -0.785678 0.332357
v -0.618849 0.780388 -0.549232
v -0.0480677 0.977814 -0.187234
v 0.461171 -0.961128 -0.0498217
v -0.586901 -0.969228 0.26162
v -0.238275 -0.953041 0.617564
v -0.145556 0.9132 -0.130446
v -0.630205 0.532847 -0.472807
v -0.695251 0.616887 -0.030393
v -0.626685 0.247211 0.609353
v -0.763084 0.568729 0.0436955
v 0.0233148 0.120664 -0.13928
v -0.340923 0.735114 0.0629254
v -0.435144 -0.944416 -0.136135
v -0.735683 0.877272 -0.590953
v 0.785013 -0.766769 -0.0554461
v -0.700969 0.890509 -0.625861
v -0.44656754 -0.9839388 0.04802704
v 0.473751 -0.478056 0.671225
v -0.203712 -0.765145 -0.150978
v 0.579144 -0.606096 0.574665
v -0.0244359 0.958257 -0.192105
v -0.1808374 0.19890547 0.23675442
v 0.348469 -0.333944 0.725638
v -0.471945 -0.578288 0.464442
v -0.579527 0.588119 -0.214681
v -0.612986 0.576047 -0.0856419
v -0.604813 0.57831 -0.109149
v 0.922165 -0.770178 0.296211
v -0.432213 -0.912225 0.611413
v 0.552544 -0.0178779 0.503017
v -0.574677 0.137332 0.569042
v -0.900234 -0.32713 0.127106
v -0.869023 -0.400757 0.0785661
v -0.415002 -0.929356 0.608595
v -0.565419 -0.552916 0.466371
v -0.627163 0.567714 -0.0261021
v -0.463545 -0.146805 0.570336
v -0.37246323 -0.03579712 -0.22889328
v -0.8927479 -0.10498047 0.07296753
v -0.06254 -0.919898 -0.189936
v -0.458015 0.537716 0.209721
v -0.618841 0.681127 -0.242433
v -0.572662 -0.980116 0.218978
v 0.519135 -0.767278 -0.265299
v -0.0443211 -0.417879 0.729047
v -0.531226 -0.841609 0.347236
v -0.247947 -0.926836 0.613708
v -0.945802 0.515295 0.212792
v 0.586591 -0.629288 0.563216
v -0.941878 0.505993 0.187112
v -0.746913 -0.0615827 0.487655
v 0.579718 -0.920994 0.36151
v -0.476092 0.109438 0.479441
v -0.0501706 -0.178538 0.621997
v 0.010787964 0.21388245 0.32788086
v -0.510768 0.58515 0.177511
v -0.766535 -0.426198 0.444056
v 0.54351 -0.737106 0.540201
v -0.665634 0.761233 -0.352832
v 0.594027 -0.355631 0.582939
v -0.00935138 0.962411 -0.215911
v -0.88823414 -0.3848406 0.15245819
v -0.58711624 -0.58193207 0.4134674
v -0.0335807 -0.930641 0.543474
v -0.292796 0.815105 -0.0297557
v -0.615665 0.21976 0.618399
v -0.5660095 -0.618454 0.3461914
v -0.618997 0.105367 0.64784
v -0.287547 -0.752962 -0.12031
v -0.52249146 -0.66093445 0.26348877
v -0.475511 -0.830282 0.306167
v 0.4920044 -0.43560028 0.6659851
v 0.60206 -0.924186 0.340139
v -0.865645 -0.410499 0.268103
v -0.489266 0.216214 -0.0559578
v -0.5944214 -0.9802275 0.18411255
v -0.246774 0.843263 -0.0435889
v -0.766314 0.772576 -0.402677
v -0.75159 0.77305 -0.380193
v -0.120083 0.688775 -0.0614684
v -0.6690855 0.33646584 0.6221876
v -0.588862 0.83288 -0.690737
v -0.174535 0.200294 0.213394
v -0.157828 -0.349072 0.600817
v 0.655014 -0.724343 -0.0918263
v 0.928252 -0.543181 0.337572
v -0.597562 0.582373 -0.134476
v -0.318724 -0.120855 -0.254729
v -0.131588 -0.749268 -0.304816
v 0.7288437 -0.062529564 0.2870636
v -0.764741 0.8197 -0.501046
v -0.14969 -0.87837 0.695194
v -0.636455 0.586651 -0.0483628
v -0.168447 0.202 0.181161
v 0.520765 -0.403076 0.652358
v 0.952806 -0.558702 0.32255
v -0.584269 0.104193 0.566738
v -0.83696 0.141082 0.652905
v -0.598103 0.554101 -0.0955548
v -0.515252 0.0929525 0.50642
v -0.0308718 0.928502 -0.188736
v -0.0675027 -0.299742 0.727183
v 0.6143303 -0.9345474 0.3117218
v -0.65079546 0.78012085 -0.4583435
v -0.515789 0.609376 0.123281
v 0.60957336 -0.9586563 0.22763062
v -0.614624 -0.4909973 0.50546265
v 0.76145935 -0.26910877 0.37304688
v 0.10134053 0.24357414 0.32696533
v -0.6078377 -0.5411606 0.46175385
v -0.60047317 -0.5594177 0.4413452
v -0.0450129 -0.950074 0.698958
v -0.577259 -0.60369 0.374841
v 0.2327385 0.1982727 0.43128204
v -0.679239 0.62656 -0.0571093
v 0.5861664 0.1185379 0.034622192
v -0.45264244 -0.9854188 -0.09915352
v -0.253937 -0.355364 -0.265111
v -0.710844 0.73886 -0.265003
v -0.5546417 -0.6512985 0.27505493
v -0.50533915 -0.6771436 0.20863342
v -0.462661 0.390971 0.343038
v -0.49051 -0.231191 -0.263494
v 0.034469604 0.16688538 0.43333435
v 0.42474842 -0.9693177 -0.061872482
v -0.62503 -0.438433 0.535434
v -0.59484863 -0.44989586 0.5438652
v -0.495319 0.561775 0.315847
v -0.766604 0.872752 -0.596978
v -0.68837 -0.900516 0.128692
v -0.6117668 -0.5218811 0.47911072
v 0.0407363 0.740729 -0.17658
v -0.36932 0.704421 0.0820861
v -0.678648 -0.874966 0.116031
v -0.615847 -0.580566 0.39367
v 0.909038 -0.630142 0.383565
v -0.579156 -0.618681 0.337275
v 0.0706848 0.734611 -0.270493
v -0.54662204 -0.6642666 0.2360878
v -0.607727 -0.978662 0.189333
v -0.213212 -0.932992 0.0276774
v -0.635082 -0.882702 0.170015
v -0.275418 -0.939732 -0.356456
v 0.264085 -0.97477 0.0629707
v -0.942843 0.329149 0.195142
v 0.533889 -0.37852 0.644165
v -0.0261726 -0.946957 0.570633
v -0.845204 0.569467 0.26677
v -0.094646 -0.33384 0.71575
v -0.891505 -0.340045 0.273879
v 0.0776826 -0.018642 0.570983
v -0.9787469 0.07905483 0.21654129
v -0.548162 0.236748 0.532446
v -0.98560333 0.105026245 0.21154785
v 0.667346 -0.619837 0.508583
v -0.919401 -0.295265 0.19527
v -0.903773 -0.319434 0.201701
v -0.5103111 -0.98622847 -0.022663116
v -0.969183 0.264772 0.171382
v -0.660594 -0.946232 0.187767
v -0.21603 -0.964938 0.0870905
v -0.279581 0.514948 -0.02613
v -0.0479754 0.916093 -0.169601
v -0.51670265 -0.98607945 -0.07697296
v -0.899989 -0.334817 0.157013
v -0.48740768 -0.9858348 -0.0734787
v -0.482267 -0.984749 -0.101266
v -0.872419 -0.0269319 0.315878
v -0.587391 -0.118707 -0.213861
v 0.105498016 0.25549078 0.10575867
v -0.72136 -0.158824 0.532105
v 0.465722 -0.967533 0.0408643
v -0.144675 -0.186589 -0.294351
v -0.15049744 -0.16668034 -0.28707314
v 0.814154 -0.847012 0.323127
v -0.639189 0.614911 -0.0910775
v -0.128963 0.759281 -0.215139
v -0.647787 0.468031 -0.302782
v -0.280077 0.623526 0.0643607
v -0.655064 0.458979 -0.274755
v -0.497217 0.395084 0.405847
v 0.614556 -0.346217 0.570681
v -0.170784 0.188628 0.262598
v -0.269739 0.68641 0.0192066
v 0.122641 -0.969854 0.604806
v -0.626974 -0.563688 0.415973
v -0.602927 -0.596095 0.372814
v -0.741761 0.757966 -0.331548
v -0.590221 -0.60902 0.353497
v -0.895368 -0.361656 0.165306
v 0.745313 -0.351349 -0.0980622
v -0.697927 0.364491 0.633126
v 0.640172 -0.128605 0.492684
v -0.563738 0.119729 0.54879
v -0.856347 0.31546 0.00352371
v -0.27199364 -0.52793884 -0.18492508
v -0.407024 0.47711 0.144615
v 0.639836 -0.706644 -0.134942
v -0.57335883 -0.66347134 0.19737244
v -0.06616688 0.21775842 0.19232368
v -0.078294754 0.20994246 0.21923828
v 0.216624 0.255446 0.0272088
v 0.841016 -0.850421 0.274002
v 0.577963 -0.556104 0.571773
v -0.408333 0.0386184 0.473116
v -0.90260315 0.503685 0.3955078
v 0.340724 0.0515175 0.520646
v -0.688978 0.528297 -0.550692
v 0.45754528 -0.961529 0.19348526
v -0.208618 0.862398 -0.130254
v 0.91238 -0.520225 0.326901
v -0.0428202 0.951644 -0.164827
v -0.97529 0.0703447 0.257476
v -0.12464 -0.769656 -0.309217
v 0.226196 -0.970173 0.188771
v -0.59430313 0.7688694 -0.60398865
v -0.603838 0.628163 -0.187266
v -0.687438 0.910158 -0.668903
v 0.232409 -0.972514 0.139176
v -0.72294 0.260209 0.68362
v 0.7325134 -0.4238739 0.4395752
v -0.6310425 -0.4707489 0.51293945
v 0.15445518 0.25381088 0.04427719
v -0.693951 0.677067 -0.140381
v -0.253238 -0.962182 0.22193
v -0.9727569 0.19371986 0.52111244
v 0.736296 -0.141341 0.360975
v -0.6680603 -0.49152756 0.4802475
v 0.359649 -0.448032 0.724965
v -0.645561 -0.525964 0.45633
v -0.636211 -0.545748 0.437452
v -0.373928 0.262222 0.079902
v 0.300674 -0.184156 -0.346366
v -0.64987946 -0.5568085 0.40777588
v 0.7209892 -0.48292542 -0.11899567
v -0.50432 0.249758 0.496926
v -0.0603353 0.618474 -0.0471748
v -0.922261 0.208718 0.609151
v 0.84988844 -0.47176722 0.18511772
v -0.686057 -0.935995 0.00191988
v -0.388565 0.748822 -0.0124103
v -0.266254 0.836547 -0.0827148
v -0.614393 -0.603005 0.349252
v -0.0952553 -0.935781 -0.217952
v -0.100844 0.199503 0.237008
v -0.10986 0.19038 0.259693
v -0.120204 0.178619 0.282598
v 0.271372 -0.18062 0.696114
v 0.5155964 -0.8086395 -0.22741699
v 0.248122 -0.176836 0.701271
v -0.453499 0.502757 0.247819
v -0.50474 -0.529534 -0.157217
v -0.14201 -0.489508 0.54656
v -0.63534164 -0.9762409 0.18062973
v 0.42028046 0.24142343 0.12438965
v -0.75788 0.55255 -0.171832
v -0.66449213 0.63697624 -0.09009552
v 0.521519 -0.35483 0.650086
v -0.535369 -0.942574 -0.107944
v 0.09477806 0.23342133 0.3507347
v -0.711825 0.807927 -0.460992
v -0.28674626 0.23420334 0.09741783
v -0.81910706 0.41015625 0.598999
v -0.34113 0.250146 0.159774
v 0.863468 -0.533262 0.350864
v -0.68393326 0.5315552 0.49188232
v 0.14113379 -0.17522812 0.70944595
v -0.559183 0.587316 0.147337
v 0.322682 -0.952054 0.36333
v 0.437751 -0.896461 -0.250845
v -0.870534 -0.390138 0.285815
v 0.25150776 0.27367973 0.114463806
v 0.303712 -0.398445 0.735975
v -0.697408 -0.923038 0.133502
v 0.26109582 0.2774506 0.1899457
v -0.0973992 -0.946103 0.557726
v -0.0969123 -0.977195 -0.251004
v -0.255053 0.665758 0.0141397
v -0.62893 -0.58744 0.367487
v -0.468975 0.570304 0.180602
v 0.05306244 0.20026398 0.3901825
v -0.623186 -0.610906 0.325945
v -0.510343 -0.984023 -0.103076
v -0.772324 0.560278 0.409297
v -0.768832 -0.499645 0.0124327
v -0.77643967 0.54683304 0.44293213
v -0.650441 0.329582 -0.0864047
v -0.588851 -0.647576 0.256393
v 0.710012 -0.604711 0.456179
v -0.408184 0.728487 -0.0156024
v 0.42799 -0.715957 0.636817
v -0.0968051 -0.959987 -0.232514
v -0.714379 0.80074 -0.438705
v -0.610043 0.762095 -0.534616
v -0.618453 0.184772 0.643626
v -0.866853 0.536528 0.382636
v -0.533117 -0.869309 0.597637
v 0.327196 -0.63185 0.714635
v 0.215487 -0.645858 0.732482
v -0.420878 0.231191 0.420414
v -0.558671 0.531783 0.464592
v 0.58112335 -0.93847656 0.32122803
v 0.55079 -0.938875 0.00717484
v 0.0615136 0.696567 -0.21252
v -0.46977997 0.511219 0.32414246
v 0.0845008 0.74219 -0.213887
v -0.13400263 0.20155331 0.14967394
v -0.411589 -0.621001 0.473769
v -0.541087 -0.622684 0.351601
v 0.596587 -0.70385 0.528445
v 0.651156 -0.112423 0.472591
v 0.513437 -0.821667 0.534659
v -0.3741455 -0.89424133 0.5892372
v 0.412654 0.133677 0.458213
v -0.6519165 -0.39207458 0.5510559
v -0.7781677 -0.25963593 0.5055008
v -0.87369 -0.347811 0.317305
v 0.076692104 0.25494975 0.17883301
v -0.670449 -0.516307 0.450406
v -0.660504 -0.534913 0.433361
v 0.14276409 0.26433945 0.13843346
v 0.058538437 0.24786565 0.25141716
v -0.677953 -0.518366 -0.0717055
v -0.638752 -0.596245 0.341776
v -0.5710411 -0.63845825 0.3008423
v -0.60868263 -0.63347244 0.28245544
v -0.6143398 -0.64694786 0.22911835
v 0.229697 0.268092 0.0746256
v -0.778241 -0.487318 -0.0109166
v -0.484771 0.368823 0.400634
v 0.324993 -0.974608 -0.238472
v -0.859993 0.21583939 0.6727524
v 0.691942 -0.674824 0.443187
v -0.397338 0.326872 0.16046
v -0.704463 0.819851 -0.655539
v -0.135504 -0.399537 0.625128
v -0.670366 -0.963268 0.169621
v -0.0524785 0.676331 -0.0699
v -0.15820408 0.15796852 0.31465912
v -0.104263306 0.1549263 0.35482788
v 0.3944111 -0.26634598 -0.36311913
v -0.140776 0.156738 0.320049
v -0.5659332 -0.9831586 0.1355133
v 0.965595 -0.499037 0.181244
v -0.694884 0.810718 -0.480931
v -0.708823 -0.183999 0.547695
v 0.043027878 -0.6581116 -0.43553162
v 0.968266 -0.716434 0.2571106
v -0.519086 -0.4453 -0.218869
v -0.552439 -0.983738 -0.0910759
v 0.582228 -0.948786 0.293804
v -0.174847 -0.131425 -0.274877
v 0.6146755 -0.9461708 0.2768402
v -0.100628 0.937711 -0.177591
v -0.93189335 -0.15418911 0.16903687
v -0.2888565 -0.80310273 -0.1661148
v -0.304389 -0.794963 -0.138136
v -0.399685 0.584151 -0.0665282
v 0.0809232 0.2558987 0.2098341
v -0.4661541 0.13403726 0.48031616
v -0.131239 -0.34436 0.657602
v -0.695766 0.900753 -0.644897
v 0.580426 -0.67092 0.554081
v 0.213147 -0.958977 0.613147
v 0.642941 -0.957809 0.147544
v -0.558085 0.548547 0.443294
v 0.65867615 -0.9468231 0.1088562
v -0.75769806 0.5869682 0.30035782
v -0.947963 0.510714 0.286711
v 0.610416 0.102963 0.321444
v -0.249305 -0.325534 -0.272793
v -0.694622 -0.505306 0.444468
v -0.0193856 0.908795 -0.20712
v 0.7236862 -0.8087845 -0.050365448
v -0.34237 0.247301 0.190191
v -0.665766 -0.554279 0.395016
v -0.0595473 -0.254727 0.708807
v -0.39465332 0.27706814 0.3317871
v -0.654891 -0.579121 0.35755
v -0.6604233 -0.6085739 0.29666138
v -0.13601112 -0.923697 0.40113068
v -0.599596 0.726273 -0.472887
v -0.609826 0.746699 -0.490822
v -0.608901 -0.65287 0.191446
v 0.575917 -0.366082 0.601368
v -0.567855 -0.841378 0.551345
v 0.69576 -0.298712 -0.179648
v -0.115081 -0.368489 0.688552
v 0.91943836 -0.7959969 0.23344421
v -0.659334 -0.977256 0.148868
v 0.449676 0.213971 0.0421227
v -0.698816 0.0397545 0.656335
v -0.13557 -0.424809 0.606317
v -0.615967 0.74865 -0.464058
v -0.266653 0.827034 -0.0281486
v -0.280738 0.59797 -0.114191
v -0.757067 0.827258 -0.618037
v -0.7358 0.562875 -0.295615
v 0.45952 -0.0507639 0.55925
v -0.9350582 -0.16917422 0.20651579
v -0.571306 0.452027 0.497709
v -0.68397903 -0.46479797 0.49282074
v -0.611519 0.732624 -0.420303
v 0.595085 0.0926884 0.371967
v -0.6901779 -0.48659515 0.47097015
v -0.448576 -0.574014 0.475292
v -0.68439 -0.52404 0.427847
v -0.18780518 -0.60330963 -0.23547363
v -0.674233 -0.540776 0.410714
v 0.19838 -0.144429 0.674691
v 0.057727814 0.18437195 0.41990662
v -0.249017 -0.000722061 -0.225398
v -0.671512 -0.561585 0.372457
v 0.22711086 0.2619071 0.04531288
v -0.6464062 -0.6247101 0.26991272
v -0.642485 -0.641157 0.194562
v -0.60082245 -0.65495926 0.16769028
v -0.424294 0.376692 0.0769439
v -0.540215 0.399459 0.445571
v -0.24491912 -0.9715275 0.46454358
v -0.68348885 0.5709915 0.40818787
v -0.58210754 -0.6554661 0.13258362
v -0.566566 -0.649397 0.0764806
v -0.651519 0.0837951 -0.0954906
v 0.663311 -0.00897131 0.385184
v 0.197742 -0.918795 0.0469741
v -0.603296 0.00718428 0.501824
v 0.456006 -0.761649 0.595795
v -0.63482285 -0.98460007 0.063568115
v 0.437473 -0.743794 0.618311
v -0.25236788 0.22785604 0.10896039
v -0.536546 -0.566024 0.461644
v -0.63857365 0.5907254 0.2004013
v -0.431083 -0.745482 0.21264
v -0.33927155 -0.9814883 -0.112789154
v -0.93357086 0.37926865 0.19107056
v 0.412802 -0.903633 -0.261475
v -0.429569 0.259245 0.417751
v -0.708776 -0.511918 0.420908
v 0.398701 -0.678555 0.664223
v -0.686082 -0.546139 0.387446
v 0.80782604 -0.38749433 0.2529297
v -0.16703033 -0.009628296 -0.22324944
v 0.14498234 0.2591827 0.080797195
v 0.590215 -0.215288 0.577389
v -0.66362 -0.589569 0.327616
v -0.469135 0.390675 0.364842
v 0.68983 -0.430426 0.500513
v -0.752935 -0.5051 -0.0102564
v 0.284942 -0.276196 -0.408021
v -0.003063202 -0.9236048 0.3043213
v 0.7683182 -0.36810303 -0.041519165
v -0.195004 -0.969955 0.12822
v 0.54213 -0.403393 0.636317
v -0.45958877 0.19113076 0.47615004
v 0.318608 -0.663 0.704098
v 0.809707 -0.557869 0.362811
v 0.291685 -0.797514 0.666357
v -0.623249 0.828382 -0.758072
v -0.57147217 -0.63614655 0.018829346
v -0.443534 0.537267 0.183094
v -0.165204 0.140326 0.354774
v -0.414115 -0.39323 -0.235462
v -0.140218 0.136255 0.368735
v -0.96627 0.128123 0.128197
v -0.683731 -0.97242 0.140554
v 0.230398 -0.166032 0.695821
v -0.65966797 -0.98110867 0.11185455
v -0.890648 0.528522 0.368101
v 0.0639143 -0.16125584 -0.35407066
v -0.111191 -0.791095 0.646934
v -0.445235 -0.886206 0.610213
v -0.142223 -0.946563 0.206749
v -0.66234 0.541552 0.475146
v -0.93271 0.390049 0.446178
v -0.257345 0.201278 0.288641
v -0.231866 -0.962607 -0.375123
v -0.0656781 0.968118 -0.173005
v -0.533798 0.485152 0.453834
v 0.13725185 0.25897598 0.28411102
v 0.408827 0.214146 0.366078
v -0.706103 -0.468554 0.474772
v -0.718814 -0.473985 0.458597
v -0.875716 -0.408026 0.130666
v -0.697408 -0.530249 0.404259
v -0.679163 -0.569728 0.345032
v -0.894726 0.276615 0.626871
v -0.685787 -0.576962 0.321455
v -0.680854 -0.592003 0.302378
v -0.18218994 0.6267586 -0.14412689
v 0.19748688 0.23505211 -0.01756668
v -0.585486 0.728607 -0.592461
v -0.664582 -0.621027 0.2547
v -0.630775 0.769515 -0.483354
v 0.63813 -0.670709 0.51663
v -0.6377537 0.7656164 -0.43639374
v -0.209616 -0.946959 0.0590765
v -0.0175537 0.105869 -0.146558
v -0.199717 0.586254 0.0328508
v -0.63206 0.566214 0.0272669
v -0.48151278 -0.8362236 0.22611618
v -0.6254698 0.57158947 -0.5745926
v -0.59189224 -0.6405182 0.06137085
v 0.489996 -0.587361 0.626875
v -0.693246 -0.975685 0.103932
v -0.433186 -0.61506 0.450626
v 0.7111664 -0.4579773 0.46621704
v -0.252737 0.81634 -0.000257579
v -0.6603322 -0.98452866 0.020420074
v -0.0649652 -0.916264 0.514387
v -0.711404 0.0584261 0.677042
v -0.720767 -0.489699 0.439212
v -0.899965 0.315428 0.596409
v -0.633976 -0.913939 0.453158
v -0.697821 -0.551375 0.359462
v -0.469152 0.526066 0.298188
v -0.762621 0.0670443 -0.0537681
v -0.6741663 0.75131226 -0.31404114
v -0.40522957 0.30401897 0.31838036
v -0.6539 -0.632403 0.227236
v -0.673962 -0.625172 0.2046
v -0.0704732 -0.368698 0.734664
v -0.131728 -0.592158 0.51706
v -0.120313 -0.259646 0.641252
v -0.933078 -0.141033 0.22813
v -0.493972 -0.696365 -0.0281062
v 0.629344 -0.619739 0.537198
v 0.40626502 0.24258947 0.27441406
v -0.523714 0.427008 0.434256
v 0.50743103 -0.9375992 0.4328003
v -0.312356 0.776816 0.0265815
v -0.08177185 0.20173264 0.058265686
v -0.886377 0.324133 0.609499
v -0.644571 -0.982865 -0.0399536
v -0.771659 0.602348 -0.120037
v -0.8239136 0.5064087 0.48291016
v -0.95966685 0.053749084 0.27796173
v -0.72858 -0.521806 -0.00799748
v 0.15112305 0.19677734 0.43066406
v 0.15665245 0.21813965 0.40197754
v -0.0215469 -0.658431 0.661846
v -0.991104 0.221454 0.254817
v -0.68443775 0.017782688 0.6006088
v -0.590717 0.329477 0.501365
v -0.235366 -0.926036 -0.0189371
v -0.995242 0.131757 0.259813
v -0.323773 0.498434 -0.0250794
v -0.303865 0.49569 0.0165869
v 0.804628 -0.372386 0.273945
v -0.673843 0.0079049 0.55265
v -0.371764 0.497386 -0.0301566
v -0.464206 0.348529 0.00505392
v -0.694631 -0.890588 0.103357
v 0.644435 -0.0659606 0.448601
v 0.226769 -0.977993 -0.226138
v -0.563897 0.510596 0.481567
v 0.260556 -0.0756133 -0.258644
v -0.721263 -0.518783 0.395794
v -0.6140499 0.5882263 0.33348846
v 0.22019958 0.27021503 0.25839233
v -0.7207184 -0.53167534 0.37319946
v -0.218713 -0.971594 0.255068
v -0.950652 0.0634591 0.433271
v -0.700627 -0.561034 0.329967
v -0.703683 -0.573664 0.300947
v -0.695444 -0.593766 0.279253
v -0.688325 -0.608006 0.257709
v -0.680827 -0.617189 0.232559
v 0.130588 -0.0862281 -0.2781
v 0.5277556 0.18490052 0.23339462
v -0.295667 0.662842 0.0454493
v 0.176598 -0.0724043 0.586227
v 0.14531231 0.2637062 0.24959183
v 0.574382 -0.695729 0.546933
v 0.54183 -0.678021 0.579518
v -0.0382576 -0.5413208 0.6887951
v -0.262044 0.104308 0.419391
v -0.683517 -0.98107 0.0438646
v -0.678977 -0.980465 0.00449098
v -0.45601 0.388096 0.0227635
v -0.727938 0.861642 -0.56665
v -0.751594 -0.558203 0.136363
v -0.755699 0.85702 -0.559358
v -0.742985 0.0618956 0.676864
v -0.727856 0.0394824 0.657489
v -0.289865 -0.628029 0.547926
v 0.0677388 -0.601787 -0.447095
v -0.715863 0.0246707 0.636923
v -0.0909988 0.94449 -0.131726
v -0.0731224 0.957708 -0.15333
v -0.420884 0.48701 0.16695
v -0.170951 0.199196 0.103581
v -0.153106 0.194835 0.0808953
v -0.708853 0.0154192 0.614048
v -0.21573734 0.217116 0.13553524
v -0.333934 0.791251 -0.0380259
v -0.624935 0.0798238 0.635107
v -0.657254 -0.282144 0.578213
v -0.757075 -0.451606 0.435346
v 0.15099621 0.25114632 0.32956314
v -0.746377 -0.476492 0.425315
v -0.733667 -0.498929 0.411514
v 0.151414 0.243193 0.352808
v -0.622499 0.883268 -0.755512
v 0.705929 -0.277439 -0.159915
v -0.624439 -0.892782 0.446657
v 0.102689 0.777589 -0.286466
v 0.510827 -0.52151 -0.320254
v -0.462903 0.532536 0.245501
v 0.432621 0.236018 0.225909
v -0.72578 -0.559671 0.28618
v 0.06026268 0.24810791 0.12717819
v -0.705282 -0.595054 0.259036
v -0.70262 -0.60223 0.238035
v -0.800402 0.542524 0.0404874
v -0.42743683 0.6845093 0.08089447
v 0.612288 -0.133784 0.524651
v -0.608503 0.856761 -0.678864
v -0.0035686493 0.22819781 0.26372147
v -0.222866 0.583164 0.0457058
v -0.6561127 -0.6285629 0.110809326
v 0.302807 0.189307 0.440165
v -0.707926 -0.969355 0.0419408
v -0.689349 -0.979058 0.0252168
v -0.728993 0.0156806 0.618976
v 0.629508 -0.572519 -0.214509
v -0.7034381 0.00789535 0.5862155
v 0.43444633 -0.9665282 0.31628418
v 0.630824 -0.187717 0.537012
v 0.337414 0.23663 0.363952
v -0.470964 -0.0501133 0.535321
v 0.4468422 -0.9708822 0.021619797
v 0.55392 -0.712539 -0.249814
v 0.104538 -0.0527629 -0.272713
v -0.454043 0.667034 0.0868319
v 0.276645 -0.817322 0.648809
v -0.744983 -0.505953 0.384605
v -0.8732605 0.5467931 0.34170532
v -0.717907 -0.545522 0.339001
v -0.51724285 -0.67596936 0.1575017
v -0.575341 0.280224 0.522205
v -0.731773 0.145604 -0.0832171
v -0.88757324 -0.1046257 0.34714508
v -0.714906 -0.579915 0.272243
v -0.697785 -0.962244 0.0105059
v -0.355526 -0.299163 0.580685
v -0.697437 -0.607815 0.212291
v -0.049894 0.700846 -0.200599
v -0.65871143 -0.6330013 0.15442657
v -0.358502 0.265586 0.176165
v 0.613982 0.0380505 0.412993
v 0.476631 -0.796716 -0.263745
v -0.641254 -0.614908 0.0424126
v -0.476405 0.555587 0.228941
v 0.970293 -0.50642 0.22359
v -0.617735 -0.620435 0.0244552
v 0.538039 -0.304303 0.631194
v -0.742243 0.580499 0.034283
v 0.830682 -0.847439 0.299586
v 0.93915 -0.771449 0.249352
v -0.756807 0.0403746 0.652046
v -0.741727 0.0246444 0.634256
v -0.603033 0.744051 -0.516502
v -0.728669 0.0076827 0.597095
v -0.713902 -0.00523863 0.545038
v -0.379235 -0.528087 0.53869
v -0.183935 0.0545127 -0.190808
v -0.0238973 0.849463 -0.196346
v -0.722634 0.598381 0.00224681
v -0.320679 -0.516413 -0.198807
v -0.721504 0.59114 0.024986
v -0.471917 -0.67911 0.278924
v -0.59023094 -0.61683655 -0.021266937
v -0.0674111 0.908324 -0.247418
v 0.14868164 0.25672436 0.30497742
v -0.767112 -0.461189 0.41251
v -0.756955 -0.484695 0.399994
v -0.735356 -0.53154 0.345707
v -0.72787476 -0.54703903 0.31196594
v -0.0190707 -0.232198 0.719077
v -0.68831 -0.912741 0.0188987
v -0.71981 -0.58559 0.246062
v -0.716797 -0.590591 0.219937
v 0.78439045 -0.16970682 0.08961868
v 0.7516898 -0.092440605 0.0552063
v 0.743528 -0.0950745 0.0235067
v -0.690495 -0.615759 0.153036
v -0.677164 -0.622504 0.13245
v -0.6726017 -0.62036276 0.10675812
v -0.6635 0.624806 -0.671595
v -0.18945 -0.965655 0.332476
v -0.0627573 0.640748 -0.0296157
v 0.761673 -0.10390854 0.1259079
v 0.64193726 -0.9191971 0.013786316
v 0.899397 -0.536141 0.34758
v 0.610199 -0.5805874 0.5511017
v 0.0638952 0.109209 -0.163892
v -0.770998 0.0259954 0.623013
v 0.654677 -0.25954 0.543242
v -0.749862 0.0123497 0.609514
v -0.72682 -0.00192862 0.567072
v -0.714736 -0.012306 0.522245
v -0.8058224 0.579404 0.20292664
v -0.772262 0.587222 0.223925
v -0.440393 -0.456797 0.564783
v -0.616993 0.555519 0.0105503
v -0.411322 -0.731669 0.475116
v -0.726273 -0.454808 0.467931
v -0.632074 0.668962 -0.725813
v -0.776221 -0.436512 0.422283
v -0.636155 0.64121 -0.70853
v 0.731863 -0.158065 0.383279
v -0.776751 -0.468528 0.388483
v -0.83603 -0.462222 0.161562
v 0.6441574 -0.5922241 -0.19835663
v -0.423297 -0.754093 0.474087
v -0.755418 -0.512235 0.353604
v -0.55892 -0.97749 0.302348
v -0.433734 0.156333 -0.118901
v 0.0506783 -0.968761 -0.219892
v -0.751679 -0.52582 0.32509
v -0.954832 0.0573358 0.490585
v -0.746521 -0.5448594 0.2723236
v -0.73229 -0.565621 0.258602
v 0.164527 -0.818302 0.636352
v 0.747801 -0.562841 0.390444
v -0.285489 0.666467 -0.140312
v -0.458354 0.0647294 0.459237
v 0.799702 -0.825291 0.369
v -0.782011 0.0459849 0.641558
v 0.55202866 -0.7946663 -0.21466827
v -0.752704 -0.000556831 0.58288
v -0.734124 -0.0108059 0.5378
v 0.331382 -0.942823 0.382467
v -0.275654 -0.960378 0.567022
v 0.330418 -0.928599 0.400061
v -0.508188 -0.856204 0.600029
v 0.496198 -0.743033 0.580438
v 0.064468384 -0.921967 0.15490723
v -0.459794 -0.648342 -0.094463
v -0.520977 0.535078 0.428776
v -0.788183 -0.413265 0.432345
v 0.41804862 -0.967084 0.41306114
v 0.117556 0.243546 0.0289794
v -0.784904 -0.445397 0.399868
v -0.0582326 -0.84236 0.700717
v -0.49099 0.554552 -0.0078543
v -0.493668 0.53949 0.377721
v 0.384196 -0.865605 0.593362
v 0.63214 0.0273008 0.397025
v 0.7597885 -0.18381882 0.34625244
v -0.767386 -0.490443 0.373539
v -0.772045 -0.506914 0.325443
v -0.766706 -0.520623 0.299976
v -0.018390656 0.22875023 0.22862625
v -0.587093 0.718309 -0.547315
v -0.176773 -0.103799 -0.271803
v -0.735875 -0.569617 0.226777
v -0.7161623 -0.58793604 0.19356894
v -0.591847 0.691668 -0.381625
v -0.6932912 -0.612093 0.18439865
v -0.178232 0.198954 0.0812906
v -0.71591425 -0.594193 0.13606548
v -0.6916013 -0.6115179 0.11950302
v -0.688129 -0.600494 0.0724838
v 0.25092316 -0.9758088 0.105667114
v -0.776571 0.00558079 0.597022
v -0.754915 -0.00948818 0.553914
v -0.947187 0.237625 0.0999626
v -0.740585 -0.0412453 0.495835
v 0.983323 -0.522262 0.181089
v -0.484585 -0.582485 -0.0988944
v -0.796279 -0.42359 0.41039
v 0.3162861 0.22868347 0.38368225
v -0.0673198 -0.940924 0.711303
v -0.520103 -0.684978 0.0784787
v -0.778086 -0.491805 0.34733
v -0.891857 -0.35349 0.111037
v -0.983105 0.255586 0.280892
v -0.617114 0.574054 0.0780681
v -0.158909 0.574994 -0.0690103
v -0.676158 0.370049 -0.0808186
v 0.5005884 -0.52791595 0.63560486
v -0.751716 -0.547207 0.246829
v -0.22542 0.17131042 0.3345337
v -0.75873613 -0.5471921 0.1890297
v -0.620497 0.597043 -0.0983113
v -0.508953 0.195064 0.526206
v 0.0250167 0.812463 -0.304324
v 0.681798 -0.149394 0.45579
v -0.70638275 -0.5959549 0.10290527
v -0.589518 0.73677 -0.567022
v -0.750691 0.644947 -0.122476
v -0.53273 0.193052 0.540679
v -0.405724 0.220296 0.399934
v -0.42803574 -0.43946075 0.57424736
v -0.108349 -0.233826 0.636442
v -0.538098 -0.934188 0.615329
v -0.802813 0.0538887 0.630755
v -0.79299 0.0356761 0.622822
v -0.429032 0.395844 0.0622436
v 0.18189812 0.23129272 0.38356018
v -0.806369 0.00379566 0.580144
v -0.584283 0.188566 0.584493
v -0.596651 0.741516 -0.541813
v -0.765728 0.570602 0.0717116
v -0.757077 -0.0153934 0.525949
v -0.782536 -0.0957581 -0.0966743
v -0.758437 -0.0251423 0.501129
v -0.700086 0.605087 -0.00460804
v -0.761651 -0.043356 0.479087
v 0.0478774 0.0847893 -0.182943
v 0.27050543 0.27134895 0.092113495
v -0.00570927 -0.155473 0.617598
v 0.757239 -0.889401 0.0525932
v -0.80367255 -0.4365921 0.38069153
v -0.207383 0.1529 -0.0743894
v 0.128464 -0.399953 -0.46602
v -0.707097 0.868895 -0.589878
v -0.910929 -0.0789855 0.14775
v 0.78525925 -0.3029213 0.33340454
v -0.785914 -0.472514 0.364094
v -0.459054 0.552573 0.188739
v -0.656944 0.764204 -0.379902
v -0.0755566 -0.277605 0.709812
v -0.788969 -0.497129 0.300127
v -0.4916 0.616663 0.129502
v -0.481843 0.556902 0.256802
v -0.79226685 -0.51475525 0.25039673
v -0.95631 0.496854 0.232308
v -0.754763 -0.549598 0.216282
v -0.7354393 -0.56057644 0.064971924
v -0.743767 -0.562653 0.10516
v -0.731682 -0.579194 0.152396
v 0.265415 -0.969226 0.527886
v 0.25386047 -0.9704183 0.54998875
v 0.26309776 0.18998337 0.4399681
v 0.949636 -0.489846 0.15737
v 0.79872894 -0.34932995 0.05491638
v 0.46945953 -0.33979797 0.6707001
v -0.813789 0.0367444 0.615254
v -0.823443 0.351068 0.644141
v -0.228858 0.567335 -0.0889378
v -0.7797824 -0.0065250397 0.5664339
v -0.77946 -0.0235318 0.488044
v -0.739605 0.84934 -0.541096
v 0.042168 -0.953791 0.666451
v -0.615666 0.878696 -0.693354
v -0.375334 -0.208325 -0.261659
v -0.4599924 0.49021673 -0.010744572
v -0.604001 0.715359 -0.397289
v -0.7954445 -0.45232773 0.3731537
v -0.513942 -0.806641 0.537986
v 0.063748 0.695025 -0.165273
v -0.794904 -0.473507 0.340298
v -0.180008 0.60744 -0.126454
v 0.95792 -0.612145 0.330965
v -0.57330614 -0.84536743 0.38219833
v 0.0854942 0.838063 -0.351684
v -0.109837 -0.300356 0.682589
v 0.600316 0.0611921 0.405207
v -0.933155 0.351684 0.181476
v -0.719049 0.351498 0.648306
v -0.65709984 0.74508286 -0.32308197
v -0.948435 0.336593 0.278714
v 0.676497 -0.421781 0.515887
v -0.98407 0.0977103 0.293903
v -0.9716625 0.08357239 0.31604004
v 0.366154 -0.406638 0.721032
v -0.876495 0.419572 0.0917328
v -0.829271 0.057466 0.628504
v -0.822938 0.0187897 0.598139
v -0.329549 -0.917072 0.579797
v -0.37997 -0.55592 0.524985
v -0.778746 -0.0171552 0.512357
v -0.9325123 0.3116281 0.09383774
v -0.922681 0.308496 0.0719563
v -0.58196 0.741733 -0.638654
v 0.90468 -0.479406 0.265622
v 0.459929 0.202428 0.325234
v 0.366895 -0.167321 -0.289335
v -0.820347 -0.421736 0.374202
v -0.82533264 -0.4339533 0.3310547
v -0.767973 0.187913 -0.0762421
v -0.236678 0.224254 0.150701
v -0.674445 0.600772 -0.0118958
v -0.262302 0.558841 0.0588884
v -0.453141 -0.720458 0.35092
v 0.554215 -0.868867 0.475022
v -0.79277384 -0.52231383 0.21052742
v -0.7713547 -0.5359993 0.21792221
v 0.5059953 -0.9497595 0.37756348
v -0.849568 0.472679 0.0567971
v -0.538682 0.549062 0.431107
v 0.28698444 -0.94194984 -0.15268993
v 0.793866 -0.713657 -0.059832
v 0.64869213 0.074705124 0.116256714
v -0.6694999 0.8926687 -0.651947
v 0.548276 0.115203 0.393197
v 0.170031 -0.924692 0.141044
v -0.570376 0.734489 -0.73072
v 0.761837 -0.8376045 -0.01379776
v -0.188013 0.705309 -0.0471413
v -0.404097 0.503785 0.151954
v -0.839282 0.0356816 0.611532
v 0.654069 -0.661172 0.506614
v -0.83162 0.00988322 0.5787
v 0.4311 -0.200903 -0.291081
v -0.142768 -0.750543 0.532671
v -0.061965942 0.62405014 -0.11691284
v -0.148706 0.189818 0.0521778
v -0.149054 -0.398915 0.599219
v -0.697001 0.642733 -0.0767424
v 0.946586 -0.514059 0.290098
v -0.6497288 0.8532486 -0.6179428
v -0.623326 0.835793 -0.630106
v 0.822707 -0.829382 0.344249
v 0.478576 0.127556 0.442934
v -0.319844 -0.66267 -0.133474
v -0.801257 -0.0113537 0.52106
v 0.80604 -0.428255 0.27851
v -0.796832 -0.0160992 0.499105
v 0.932665 -0.723212 0.329569
v -0.818632 -0.453443 0.306972
v -0.670916 0.000405395 0.524106
v -0.0670938 -0.13842 0.591694
v -0.96267 0.0760866 0.446516
v -0.742757 0.89396 -0.663686
v -0.716075 0.90821 -0.665232
v 0.16712 -0.970247 0.588508
v 0.5241928 -0.19690704 0.61600876
v -0.527207 -0.876594 0.294099
v -0.803485 -0.51031 0.226263
v -0.672366 0.778431 -0.39949
v -0.825457 0.180118 0.680367
v -0.744395 0.785492 -0.404938
v -0.0548667 -0.350647 0.74442
v 0.694376 0.0032043457 0.06218338
v -0.817401 0.15532 0.667257
v 0.686644 -0.816517 -0.0560887
v 0.56069183 -0.92022705 0.38156128
v 0.959765 -0.525653 0.0947545
v -0.853388 0.0511361 0.624224
v -0.84028673 0.0013589859 0.538538
v 0.545502 -0.129005 0.565584
v -0.817682 0.237757 0.698348
v -0.845403 0.239161 0.68383
v -0.802216 -0.0177983 0.476484
v -0.751197 0.868099 -0.576678
v -0.591576 0.564273 -0.417706
v 0.630211 -0.416579 0.564158
v -0.6485958 0.51517296 -0.47278595
v -0.822532 0.294506 0.679254
v -0.402318 -0.537712 0.52287
v -0.149059 -0.968143 0.587183
v -0.827352 0.267203 0.688464
v -0.585427 0.70343 -0.530988
v -0.425613 -0.735727 0.456352
v -0.820845 0.314378 0.669561
v -0.7906275 -0.48902893 0.31762695
v -0.6139078 0.6630554 -0.21938324
v -0.800756 -0.515418 0.18169
v -0.803936 0.335397 0.663818
v -0.402561 0.316284 0.279492
v -0.78082657 -0.5312729 0.18396378
v 0.225485 0.248002 0.35168
v -0.54145 0.511034 0.464615
v 0.199226 0.24974 0.344379
v -0.627434 0.298227 0.571503
v -0.407893 0.114183 0.415814
v -0.321167 0.0166664 0.488685
v -0.529415 0.0065143 -0.196091
v 0.708704 -0.0669715 0.364235
v 0.35507 -0.970503 -0.118036
v -0.869399 0.0370136 0.60577
v -0.848123 0.0204177 0.590302
v -0.85136 0.0102046 0.56537
v -0.601191 -0.870173 0.380387
v -0.8126445 -0.0019922256 0.5545616
v 0.44519043 -0.58719635 -0.3480835
v -0.887795 0.404281 0.102731
v 0.49391937 0.025863647 0.49456787
v -0.971199 0.0678394 0.188255
v -0.083465576 0.6623421 -0.037029266
v -0.841841 0.283749 0.673271
v -0.821809 -0.00812361 0.496971
v -0.608206 -0.0683595 -0.192116
v 0.210852 -0.940709 -0.17526
v 0.294768 -0.199605 0.698881
v -0.896469 -0.0175935 0.17899
v -0.723265 0.374747 0.637603
v -0.728043 0.396227 0.625881
v -0.46982 -0.625738 -0.0931643
v 0.142167 -0.92504 -0.171981
v 0.685802 -0.346635 -0.191814
v 0.66759 -0.339329 -0.209035
v -0.682725 0.0603426 0.674027
v 0.78132844 -0.16741562 0.2101059
v -0.606659 0.544994 -0.0300758
v -0.543017 0.170651 0.548413
v -0.63171 -0.618831 0.300374
v -0.797648 0.0187366 0.607632
v 0.589512 -0.965943 0.203066
v -0.303325 -0.964394 0.215085
v -0.897436 0.355969 0.57186
v -0.962013 0.0976679 0.406116
v 0.205131 -0.911375 -0.120522
v -0.791385 0.112582 0.675593
v -0.66922 -0.62966 0.175138
v 0.357306 -0.0850058 0.608873
v -0.800233 0.740134 -0.454378
v 0.99285316 -0.6471958 0.22149277
v -0.875498 0.0612847 0.625121
v 0.830422 -0.566212 0.376395
v 0.832949 -0.545298 0.358573
v -0.741214 0.38571 -0.0652244
v -0.873981 0.0208537 0.577084
v -0.673817 0.821196 -0.535694
v -0.473978 -0.481381 -0.192437
v -0.133444 -0.315737 0.649307
v 0.311025 -0.70799 -0.372693
v -0.827455 -0.00484368 0.461279
v 0.030727386 0.18085861 0.41055298
v -0.0654528 -0.966805 0.66304
v 0.244105 -0.311292 -0.422128
v -0.396747 0.541505 -0.0489728
v -0.514854 -0.876535 0.274959
v 0.256399 -0.971533 -0.265739
v -0.586055 0.766411 -0.631447
v -0.76467514 0.5801811 0.3429947
v 0.193012 -0.161624 0.696528
v -0.16901779 -0.9240842 0.04901123
v -0.167835 -0.967177 0.606724
v 0.0991676 -0.972082 -0.217161
v -0.739181 0.640178 -0.0989025
v -0.553153 -0.835502 -0.0297557
v -0.573129 -0.849977 -0.0370177
v -0.468891 -0.978311 -0.124657
v -0.216626 -0.771989 0.51729
v -0.771152 0.681862 -0.234155
v -0.457824 0.585153 0.16243
v -0.253588 -0.831232 0.549873
v -0.07685804 -0.91492033 0.4767456
v -0.895168 0.0542654 0.607758
v -0.287135 -0.959412 -0.0167868
v -0.186486 -0.751302 -0.16221
v 0.696938 -0.0893046 0.397486
v 0.121084 -0.326834 -0.466036
v 0.858814 -0.473105 0.230121
v -0.771059 -0.070806 -0.0952708
v -0.822328 -0.00860231 0.431181
v 0.955779 -0.733767 0.279373
v -0.103677 -0.913945 0.481139
v 0.489804 -0.682554 0.627447
v 0.14936829 0.13153076 0.49804688
v -0.72294986 0.58186173 0.07542467
v 0.894988 -0.502814 0.313063
v -0.994806 0.139307 0.3104
v -0.117881 -0.947024 0.550447
v 0.0062446594 0.23383701 0.1117363
v -0.642941 -0.597697 -0.0132028
v 0.539165 -0.0340123 0.514995
v -0.194724 -0.947796 0.668875
v -0.0690089 -0.983821 -0.287736
v -0.0501441 -0.249278 -0.444545
v -0.507573 -0.826407 0.349521
v 0.643025 -0.552851 0.531669
v -0.903204 0.147067 0.636929
v 0.409172 -0.562319 0.689507
v -0.24174309 -0.70088196 -0.117064476
v 0.124994 -0.914181 -0.149836
v -0.152906 0.838325 -0.0641599
v -0.9351733 -0.21938992 0.23026657
v -0.38339627 0.3029444 0.20177394
v -0.361135 0.205854 0.306913
v 0.094463 -0.32215 -0.470078
v -0.595518 0.724271 -0.499217
v -0.018667221 -0.96884644 0.63476896
v -0.895719 0.0365389 0.586913
v -0.402318 0.328853 0.130606
v -0.116387 -0.966128 -0.347749
v -0.443696 0.69565 0.00750104
v -0.65071 0.672024 -0.701727
v -0.874533 0.0118497 0.54868
v -0.479745 0.548015 0.299896
v 0.212136 -0.157625 0.690818
v -0.872859 0.00655371 0.520989
v -0.871756 0.00531377 0.494142
v -0.742376 0.674605 -0.162661
v -0.6813345 0.5934105 0.2432251
v -0.461728 0.418263 0.309188
v -0.9222319 -0.11077118 0.15280533
v -0.102766 0.752187 -0.220183
v -0.499082 -0.808679 0.175456
v -0.648865 -0.117548 -0.181882
v -0.191049 -0.082056 -0.264031
v -0.688206 0.583961 -0.5991
v -0.804747 0.193918 0.693047
v -0.806207 0.216186 0.700079
v -0.5237274 -0.8909483 -0.09259033
v -0.789465 0.233203 0.703872
v 0.7298126 -0.83673096 0.40559387
v 0.295171 -0.972453 0.0100741
v 0.215025 -0.965569 0.162629
v -0.624514 0.520616 -0.429345
v 0.759086 -0.391795 -0.0575348
v -0.796486 0.259374 0.700033
v -0.0921592 -0.928668 0.716437
v -0.00323009 -0.954093 0.681292
v -0.799433 0.309956 0.679503
v 0.779642 -0.234481 -0.00145061
v 0.625838 -0.159022 0.526376
v 0.617615 -0.918879 0.00326345
v 0.237825 -0.833937 0.625038
v 0.482768 -0.378499 0.673433
v 0.15160131 -0.98010355 -0.24968219
v -0.0231097 -0.966329 0.664167
v -0.360719 0.480895 -0.0135352
v -0.385309 0.479037 -0.0134732
v -0.911352 0.0521282 0.591782
v 0.446352 -0.181582 -0.279587
v 0.46338844 -0.16440964 -0.2724142
v 0.53437805 -0.5073242 0.60523224
v -0.46845 -0.554056 -0.133955
v 0.564958 -0.956575 0.0509781
v 0.533644 -0.863056 0.517138
v -0.7970848 0.37286377 0.641037
v 0.600761 -0.883237 0.396393
v -0.721351 -0.479934 -0.0885931
v 0.813415 -0.415623 0.165401
v 0.815118 -0.442281 0.175921
v -0.0952036 -0.898585 0.71531
v 0.108091526 -0.92197645 0.25748324
v -0.578682 -0.922909 0.311829
v -0.998431 0.168599 0.303965
v -0.877777 0.558385 0.270543
v -0.712034 0.845998 -0.54591
v 0.154101 -0.914371 -0.149835
v -0.383475 0.519184 -0.0416596
v -0.66834235 0.030297756 0.6169548
v -0.408458 0.518745 -0.0349097
v 0.049424 0.724513 -0.250453
v -0.752703 0.571071 -0.225999
v -0.443832 0.336753 0.355584
v -0.457528 0.346305 0.373124
v -0.6607251 0.20739746 0.67591476
v -0.227784 -0.978477 0.171713
v -0.586701 0.436361 0.504511
v -0.88388 -0.0276258 0.103044
v 0.939525 -0.528351 0.315167
v -0.841771 0.00288205 0.437801
v -0.374374 0.163496 0.354407
v 0.149667 -0.968373 0.607672
v -0.663442 0.606314 -0.0380255
v -0.8570709 0.0054352283 0.45862198
v -0.720898 0.432322 -0.111631
v 0.518133 -0.859813 -0.116121
v 0.820617 -0.483821 0.259267
v -0.473569 0.286372 0.44784
v 0.213305 -0.923348 -0.16122
v -0.3491974 0.47361565 0.011882782
v 0.224472 -0.915262 -0.143736
v -0.917766 0.0432288 0.572321
v -0.4586792 -0.43058777 -0.22238159
v -0.959735 0.446175 0.246539
v -0.0776749 -0.158346 0.595275
v -0.900659 0.0249537 0.557693
v -0.589643 0.666358 -0.69786
v -0.895857 0.0154888 0.530196
v -0.97244 0.0631134 0.231675
v -0.959809 0.0447835 0.227425
v -0.894254 0.0127546 0.504016
v -0.892095 0.0140109 0.47777
v -0.863316 -0.371261 0.323504
v -0.885413 0.0166331 0.449329
v -0.292932 -0.925417 -0.343221
v -0.863177 0.0129899 0.429219
v 0.93264484 -0.7853565 0.19980621
v -0.709272 0.707021 -0.199158
v -0.396709 0.49697 -0.0265757
v 0.750823 -0.90094376 0.2574005
v -0.53075 -0.791644 0.110589
v -0.436207 0.636808 0.124286
v -0.694274 -0.00310706 0.535818
v 0.2632723 0.2440567 0.3601532
v -0.506531 0.597652 0.149119
v -0.803709 0.533448 0.451118
v 0.02182722 -0.9114381 0.49612904
v 0.565547 -0.696809 -0.240181
v 0.20578615 -0.13551784 -0.2942698
v -0.736787 -0.465572 0.448027
v -0.15870285 -0.9661257 0.65559006
v -0.470006 0.36701 0.37919
v 0.264311 0.275741 0.22513
v 0.2715087 0.2729969 0.251503
v 0.67407227 -0.9186096 0.3071289
v -0.487324 0.192469 0.50599
v -0.838362 0.385037 0.60673
v 0.33182287 -0.9658233 0.24225426
v 0.789452 -0.789673 0.41497
v -0.0326733 0.663602 -0.0613978
v -0.0497374 -0.213512 0.684794
v 0.177293 -0.914915 -0.15265
v -0.78193 0.848815 -0.616847
v 0.965684 -0.588282 0.31626
v 0.831677 -0.537231 0.0412254
v 0.116139 -0.97997 -0.261256
v 0.0971344 -0.979518 -0.244988
v -0.515991 -0.558325 0.477778
v 0.66386795 0.04216385 0.30680084
v -0.102406 0.162695 -0.0494402
v -0.492867 0.563893 0.284352
v -0.431019 -0.757384 0.261386
v -0.03140402 -0.098083496 -0.28220844
v -0.406754 0.260357 0.378475
v -0.602634 0.762221 -0.563018
v 0.514695 0.109189 0.43259
v -0.43491054 0.30575234 0.38455844
v -0.969298 0.272983 0.331309
v -0.629274 -0.959145 0.387887
v -0.342657 0.2256 0.251423
v 0.9078716 -0.8105562 0.18689156
v -0.8027948 0.578866 0.30033875
v -0.615909 -0.941784 0.541683
v -0.22633362 -0.9714203 0.39146423
v -0.73805 0.553442 0.442857
v 0.434212 0.216855 0.320807
v -0.914247 0.0256992 0.535093
v -0.688706 -0.117451 0.531627
v -0.914708 0.0231627 0.513725
v -0.0742869 -0.206695 0.64748
v -0.594937 0.294004 0.527905
v -0.106261 -0.567962 -0.410953
v -0.673626 0.450921 -0.249811
v -0.63585 -0.210276 -0.206314
v -0.431524 0.346469 0.306083
v -0.821606 -0.0450674 0.405636
v 0.147866 -0.921884 0.216883
v -0.81142426 -0.49487925 0.24658203
v 0.164276 -0.923562 0.167613
v 0.578616 -0.739098 0.517068
v 0.404553 -0.788697 0.602978
v 0.808565 -0.472867 0.0727093
v 0.428758 -0.464823 0.691525
v -0.341564 0.244563 0.0913425
v -0.0426958 -0.867798 0.703312
v -0.251339 0.63542 -0.14175
v 0.550882 -0.556583 0.585913
v -0.460332 -0.830394 0.281913
v -0.481684 -0.849798 0.286188
v 0.197832 -0.913785 -0.146054
v -0.642301 -0.466918 -0.167843
v 0.229786 -0.959686 -0.182985
v 0.264826 -0.960718 0.302477
v 0.2678814 -0.9698901 0.27773285
v 0.495645 -0.967865 0.0366805
v 0.43859 -0.92045 0.575984
v -0.751923 0.835955 -0.51997
v -0.938052 0.0554998 0.560446
v -0.208231 0.71094 -0.178397
v -0.925555 0.0373658 0.548267
v -0.193749 0.687509 -0.174342
v -0.928751 -0.254632 0.141904
v -0.39060974 -0.6225929 0.4975891
v -0.930691 0.0353627 0.524693
v -0.794581 0.141425 0.678058
v -0.914908 0.0230646 0.488204
v -0.911295 0.0321951 0.433054
v -0.446185 -0.78636 0.293846
v -0.553323 -0.809281 0.483666
v -0.485544 -0.79955 0.532651
v -0.783608 0.20837 0.70031
v -0.867767 0.0177324 0.401443
v -0.118941 -0.92595 0.138054
v 0.747377 -0.300307 -0.103751
v 0.374506 -0.972698 -0.209381
v 0.1412127 -0.92106104 0.16612625
v -0.772992 0.300225 0.686876
v -0.51589966 -0.5475464 -0.13204956
v 0.248991 -0.974865 -0.203065
v 0.252851 -0.920053 -0.142065
v -0.859877 -0.377815 0.34707
v -0.5794754 -0.5243683 -0.14755249
v 0.237506 -0.934745 -0.165067
v -0.51061 0.319022 -0.0420331
v -0.802951 0.405068 0.612591
v 0.174283 -0.923138 0.118148
v -0.42824 0.708482 0.0329162
v 0.258074 -0.919982 0.350319
v 0.790953 -0.249405 0.0234369
v 0.0597146 0.900317 -0.355364
v 0.257203 -0.933166 0.328922
v -0.4678694 -0.9804622 0.20332336
v -0.783947 0.455241 0.573151
v 0.25712967 -0.95037407 0.6103964
v 0.222291 -0.924159 0.0300816
v 0.46348858 -0.9626193 0.09452057
v -0.80010986 0.49212646 0.52163696
v -0.915438 -0.29251 0.079922
v -0.768494 0.625889 -0.134068
v 0.621394 -0.508184 0.545051
v 0.427124 -0.82199 0.576764
v -0.222012 0.553699 -0.0662301
v 0.994117 -0.561715 0.166005
v 0.340157 -0.965382 0.350782
v -0.120256 0.669606 -0.17356
v -0.502278 -0.749834 0.129227
v 0.800657 -0.283264 0.0677083
v -0.0317125 0.680917 -0.186865
v -0.143207 0.198299 0.206797
v -0.934111 0.0357139 0.500687
v -0.913155 0.0259486 0.460956
v 0.355509 -0.975277 -0.169151
v -0.27393 0.190252 0.315334
v 0.169259 -0.917817 0.0606589
v -0.0771599 0.023615 -0.218692
v 0.337379 -0.947272 -0.272348
v -0.195379 -0.747282 -0.136487
v -0.60705 -0.109679 -0.205889
v -0.617757 -0.0930518 -0.197227
v -0.573141 -0.829587 0.523669
v 0.043382645 0.21878052 0.34674072
v 0.223476 -0.916619 0.00272369
v -0.5271 0.553393 0.411895
v -0.6262404 0.750916 -0.42108393
v 0.379763 -0.794111 0.615157
v 0.539783 0.168353 0.29469
v -0.588487 -0.926907 0.249148
v -0.726265 0.713475 -0.22101
v -0.911708 -0.310953 0.102926
v 0.52645 -0.945462 0.355087
v -0.438786 0.474349 -0.00701891
v -0.3071041 -0.14717102 -0.259758
v 0.5398636 -0.95715237 0.30730438
v -0.904925 0.174127 0.632416
v -0.886325 -0.34837 0.0850689
v 0.345174 -0.937995 0.421761
v -0.651221 -0.0656099 -0.164187
v 0.62617195 -0.9627489 0.16557407
v -0.05670929 0.66201687 -0.048358917
v 0.41321325 0.22491074 0.33431244
v -0.93554 0.0385069 0.473899
v -0.910259 0.0406603 0.406055
v 0.14501953 -0.6044426 -0.43441916
v -0.890719 0.0307909 0.391155
v -0.07984829 -0.9237137 0.52604675
v -0.635902 -0.0997185 -0.186679
v 0.303981 0.271641 0.110836
v 0.27242327 -0.9719271 0.25275517
v 0.152004 -0.958871 -0.294417
v 0.6131916 -0.96037817 0.10456085
v 0.389938 -0.115084 -0.268589
v -0.591635 0.459045 -0.120566
v -0.635069 -0.17817 -0.200637
v 0.985529 -0.601285 0.272271
v -0.3733635 -0.9699639 0.5440445
v -0.277296 0.535704 0.0574396
v -0.608588 0.89207 -0.736168
v 0.330178 0.190477 0.434822
v -0.680363 0.578364 -0.620206
v -0.664937 -0.589457 0.002786
v 0.263755 -0.937211 -0.0056626
v 0.601425 -0.51239 0.553077
v 0.274703 -0.971624 0.0311883
v 0.407685 0.15478 0.440527
v 0.246721 -0.959919 0.0457313
v 0.7839432 -0.21843338 0.2929001
v 0.238275 -0.966598 0.0736327
v 0.08562088 0.25384396 0.24989319
v -0.500794 0.221631 0.508043
v 0.23571 -0.970483 0.0967729
v 0.222739 -0.965945 0.114389
v 0.313912 -0.932145 -0.0976934
v -0.137327 -0.272195 0.622628
v 0.310758 -0.938517 -0.133
v 0.43388224 -0.9671974 -0.13199139
v -0.92291 -0.290783 0.147519
v -0.731472 -0.30673218 -0.17795181
v 0.00250728 0.648416 -0.0905953
v 0.800213 -0.843814 0.343661
v 0.0427049 0.672241 -0.168088
v -0.9421005 0.32122803 0.32881165
v -0.65954 0.86562 -0.732596
v -0.00989293 -0.616626 0.682291
v -0.259367 0.714698 -0.157069
v -0.256288 -0.869849 0.588764
v -0.693215 0.696111 -0.178404
v -0.713546 0.355294 -0.0731342
v -0.0405655 -0.91674 0.51493
v -0.607794 -0.8737 0.511586
v 0.6311054 0.09427023 0.10448456
v -0.106485 -0.207879 -0.353027
v -0.655162 0.242357 -0.0960014
v 0.20485 -0.948491 0.109933
v -0.543473 -0.665179 0.115564
v -0.910959 0.0453403 0.379607
v -0.510897 -0.276833 -0.258282
v -0.760324 0.657453 -0.37073
v 0.308017 0.275231 0.194807
v -0.956327 0.0449841 0.186302
v -0.0860714 -0.781433 0.634256
v -0.196217 0.18964 0.278781
v 0.537922 0.102443 0.417179
v -0.779235 0.183469 0.693668
v -0.599411 -0.615646 0.33198
v 0.688797 -0.894013 0.349239
v 0.606785 -0.48533 0.555821
v 0.39144135 -0.6377945 0.6701355
v 0.31995 -0.23835 -0.383447
v 0.409267 -0.94585 -0.238857
v 0.546069 -0.279449 0.622277
v -0.062553406 0.884037 -0.25743866
v -0.772854 0.350327 0.659418
v 0.804328 -0.860621 0.303216
v -0.12416077 0.7343521 -0.09819031
v -0.778136 0.406213 0.620045
v -0.6917114 0.48243713 0.5513916
v -0.786253 0.423866 0.602983
v -0.772901 0.579806 -0.108311
v 0.652465 -0.605326 0.52549
v -0.77693 0.601036 -0.14653
v -0.348238 -0.966024 0.138429
v 0.309496 -0.937838 -0.0685314
v -0.660124 0.889176 -0.735579
v 0.040549 0.149865 0.457922
v -0.356016 0.251043 0.240857
v -0.611836 -0.282121 -0.223074
v -0.633599 -0.271922 -0.213836
v 0.1515274 -0.91279924 -0.12835693
v -0.559356 -0.266121 -0.233418
v 0.868883 -0.713973 0.39672
v 0.986147 -0.680404 0.166789
v -0.136122 -0.976511 -0.342871
v -0.201843 -0.958509 0.648705
v 0.7567 -0.225359 -0.0515578
v 0.206889 -0.95756 0.135279
v 0.201291 -0.954424 0.186862
v -0.931824 0.0508376 0.419132
v -0.859071 0.125726 0.650616
v 0.800148 -0.25080872 0.07501984
v 0.976402 -0.511012 0.203109
v -0.929459 0.0577232 0.392567
v 0.78155565 -0.19322205 0.04283142
v 0.79074574 -0.20314217 0.07270813
v -0.914805 0.0449242 0.35445
v -0.93290424 0.054325104 0.33931732
v 0.81273663 -0.4235735 0.20067978
v 0.816518 -0.862431 0.278943
v -0.873305 0.528891 0.106959
v 0.631688 -0.540245 -0.213164
v 0.7424774 -0.32725525 -0.11206055
v -0.014589548 0.21341133 0.04178238
v 0.841504 -0.846354 0.0760128
v 0.840923 -0.472063 0.207185
v -0.6835785 0.8396883 -0.56048584
v -0.918011 0.0162791 0.157199
v -0.590097 0.704138 -0.454924
v 0.229915 -0.112128 0.596201
v -0.729401 0.499583 -0.362917
v -0.625364 0.205476 0.641522
v -0.23975754 0.20461273 0.27091217
v -0.129079 -0.928824 0.315511
v -0.89951 -0.34052 0.183091
v -0.173939 0.194532 0.059361
v -0.853247 -0.391838 0.329154
v 0.190016 -0.929984 0.103071
v -0.669208 0.788453 -0.447077
v 0.7624054 -0.4811821 0.38471985
v -0.991259 0.115864 0.237052
v 0.644231 -0.667001 -0.164127
v 0.450471 -0.951562 0.537954
v 0.0918237 0.848454 -0.310211
v 0.44133186 -0.9608581 0.5198288
v -0.51589 0.562559 0.368539
v -0.606011 -0.849404 0.450749
v 0.0547669 0.846578 -0.342338
v -0.584338 -0.827505 0.453476
v -0.785865 0.850677 -0.586824
v 0.390289 -0.96524 -0.226544
v -0.887587 -0.379968 0.120978
v -0.942707 0.522932 0.239626
v 0.582983 -0.859302 0.43799
v 0.12408447 -0.89058304 0.6474304
v 0.47788 -0.956396 0.436506
v -0.954591 0.505452 0.259484
v 0.507393 -0.665368 0.615497
v 0.487131 -0.95736 0.3941
v -0.947864 0.330977 0.226853
v -0.954751 0.375803 0.255048
v 0.409257 -0.809234 0.586652
v 0.52075 -0.956806 0.332275
v 0.520063 0.133175 0.40454
v -0.25595 0.522207 -0.00933506
v -0.278725 0.509235 0.0084277
v -0.770455 0.508765 0.510946
v 0.291363 -0.97021 0.531681
v 0.54371643 -0.9611428 0.28860474
v 0.5613098 -0.96365976 0.25830078
v -0.850486 0.192384 0.672783
v 0.5708766 -0.9695514 0.185606
v -0.593131 0.686861 -0.740028
v 0.312657 -0.948606 -0.27693
v -0.209928 -0.834956 0.610574
v 0.706469 -0.128815 0.408104
v -0.92024994 -0.2223301 0.11897659
v 0.854137 -0.512509 0.325792
v 0.344599 -0.957609 0.375378
v 0.331481 0.264554 0.0855937
v 0.29979 0.267363 0.07866
v -0.490213 -0.697674 0.155395
v 0.851083 -0.792095 0.359716
v -0.657215 0.0704008 0.667152
v 0.773433 -0.228767 0.335541
v -0.603921 -0.912622 0.349978
v 0.286858 -0.91319 0.386468
v -0.42673 0.438344 0.0281179
v 0.185109 -0.931134 0.229039
v -0.542707 0.308695 0.488007
v 0.192888 -0.942295 0.210915
v -0.92971 0.0587682 0.366728
v -0.07886505 -0.92371464 0.36346436
v -0.32611084 -0.8695774 0.5674515
v -0.432243 0.66123 0.103841
v 0.860653 -0.827923 0.0659824
v -0.607421 0.540038 -0.424189
v -0.98627377 0.23970604 0.3100357
v 0.30855942 -0.96719086 0.30547142
v 0.591777 -0.385648 0.590684
v -0.09919739 -0.9181919 0.44885254
v -0.861641 -0.0237563 0.344126
v 0.07904172 0.24643111 0.07475853
v -0.431676 0.21433 0.440432
v -0.93522 0.0852357 0.594447
v -0.188389 0.659949 -0.00322945
v 0.773217 -0.293417 -0.0416624
v -0.946731 0.0711425 0.352654
v 0.0925648 -0.951417 -0.305371
v -0.896558 -0.366431 0.190268
v -0.889805 -0.387367 0.196737
v -0.94067 0.035728455 0.26992798
v -0.652028 0.298937 -0.0887321
v 0.682199 -0.0817063 0.411555
v 0.320866 -0.968749 0.566021
v 0.60657 0.0235729 0.433246
v -0.641194 -0.347894 -0.21469
v -0.62545776 -0.3816223 -0.21328735
v -0.728405 -0.26483 0.542602
v -0.808276 -0.473575 0.288694
v -0.0386313 0.8815 -0.27697
v 0.7072754 -0.5428772 0.47175598
v 0.896797 -0.652954 0.391985
v 0.406067 -0.959644 0.561608
v -0.837218 0.134257 -0.0342616
v 0.429728 -0.956237 0.55085
v -0.836501 0.104954 -0.0248595
v -0.569262 0.20055 0.561446
v -0.619988 0.575345 -0.0657926
v -0.122346 -0.053317 -0.267655
v -0.713199 0.463499 -0.23477
v 0.831783 -0.477368 0.232178
v 0.678147 -0.868862 0.384885
v -0.528334 -0.640122 -0.00574257
v 0.687693 -0.848235 0.401129
v -0.323143 0.225044 0.228233
v 0.815516 -0.877263 0.187105
v -0.9693146 0.19952774 0.457304
v -0.946027 0.0475554 0.514253
v -0.406869 0.44467 0.116304
v -0.17832 -0.927886 0.686982
v 0.492564 -0.737707 -0.306943
v 0.779234 -0.88866 0.0907464
v -0.762479 0.225465 0.702191
v -0.767919 0.251527 0.701644
v -0.772671 0.276315 0.696076
v 0.462852 -0.922492 -0.175924
v 0.502108 -0.95878 0.349962
v -0.220249 -0.978681 0.196532
v 0.514181 -0.963364 0.313328
v 0.5203514 -0.9655776 0.28974152
v -0.513577 -0.62931 0.351139
v -0.903419 0.469181 0.125538
v 0.55266 -0.971155 0.174067
v -0.530622 -0.637036 0.325258
v -0.793308 -0.0443033 0.442413
v 0.771399 -0.199888 0.328478
v -0.7717209 0.48049927 0.54977417
v 0.0815202 -0.0671741 -0.277446
v 0.0494268 -0.628398 0.715494
v 0.834976 -0.474188 0.162011
v 0.186943 -0.922316 0.278571
v 0.0958358 -0.926039 0.656699
v 0.9873004 -0.6765249 0.20046234
v -0.11312485 -0.3944974 0.6818085
v -0.232665 -0.931935 0.633932
v -0.208682 -0.886063 0.661981
v -0.468887 -0.759721 -0.0591782
v -0.915771 0.0697657 0.603881
v -0.806562 -0.264803 -0.0989177
v -0.898644 0.0769348 0.622704
v 0.5315399 -0.8552017 -0.09893799
v -0.68183 0.774647 -0.371628
v 0.0893862 -0.957552 0.649562
v 0.20192337 -0.9132905 -0.01914978
v -0.920458 0.284096 0.0586198
v -0.252159 -0.433479 -0.225474
v 0.63573456 -0.07896805 0.46692276
v 0.829831 -0.807766 0.364258
v -0.934699 0.28671 0.0811444
v -0.48078918 -0.5985489 0.43089294
v -0.818797 0.0440617 -0.00928215
v -0.82124 0.0186974 0.00264306
v 0.485277 -0.966406 0.063358
v -0.11906 0.190717 0.0449425
v -0.216148 -0.974847 0.333039
v -0.204975 -0.969179 0.355743
v 0.16627121 -0.91980076 0.29769135
v 0.70751 -0.830524 0.413679
v -0.435185 -0.783397 0.269101
v -0.943989 0.0506773 0.535914
v 0.7925315 -0.27884674 0.014492035
v -0.527171 -0.674225 0.18684
v -0.456403 -0.607114 0.431841
v -0.841737 0.00371152 0.41086
v -0.258703 0.124577 0.405591
v -0.423851 -0.545009 0.505283
v 0.185898 -0.926213 0.251332
v 0.106543 -0.966515 0.627622
v 0.0775813 -0.967977 0.624752
v -0.191715 -0.772571 -0.205513
v -0.8701973 0.29377747 0.6467209
v -0.973321 0.264434 0.196477
v 0.111103 -0.968683 0.578818
v -0.162077 -0.422096 -0.423877
v 0.473689 -0.406048 0.680386
v -0.376873 -0.702894 0.506119
v 0.333196 -0.95271 -0.111405
v -0.8227849 -0.47255898 0.06765747
v -0.0246459 0.704523 -0.115086
v 0.4662609 0.22043228 0.22924805
v -0.276705 -0.310022 -0.264681
v 0.363497 -0.967325 0.363855
v 0.21327591 -0.91001356 0.4560566
v -0.73982 0.796436 -0.429725
v -0.973516 0.152309 0.139035
v 0.347911 -0.946513 0.397202
v 0.247525 -0.969415 0.257683
v 0.986943 -0.559567 0.257356
v -0.434173 -0.966198 0.592046
v -0.35469818 0.6573334 -0.099861145
v 0.0710373 -0.910557 0.491236
v 0.253493 -0.977812 -0.235883
v -0.7950134 0.57462883 0.14627075
v -0.583348 0.682151 -0.434675
v 0.0269849 -0.969334 0.617325
v 0.764175 -0.282719 -0.0656464
v 0.17950296 0.27063355 0.15735722
v 0.343424 -0.969732 0.505718
v 0.363999 -0.956185 0.41623
v -0.00827665 0.72077 -0.224672
v 0.245085 -0.941715 0.308536
v -0.0194597 0.700322 -0.205851
v 0.238307 -0.923483 0.329218
v -0.9235 -0.252774 0.116805
v 0.491864 -0.774982 -0.275494
v -0.6288823 0.30356026 -0.08644259
v -0.3595491 0.2633375 0.21051645
v 0.465559 -0.43178 0.685598
v 0.47159576 -0.95078135 0.49572754
v 0.317362 0.260798 0.0552338
v -0.910835 -0.0978698 0.123359
v 0.905834 -0.555546 0.029486
v 0.0188789 0.652833 -0.112508
v 0.581362 0.112347 0.359335
v 0.154177 0.231499 0.378385
v 0.244162 -0.958761 0.283336
v -0.589256 0.412593 0.503686
v 0.122047424 0.23227501 0.36771393
v -0.624014 0.014847 -0.145028
v -0.209945 0.702519 -0.0327027
v -0.0738412 0.0705646 0.480246
v -0.97685 0.265567 0.305383
v 0.23935127 -0.9621453 0.60113144
v -0.240573 -0.268655 -0.290848
v 0.0737227 -0.956251 -0.204711
v -0.78982 0.733203 -0.380713
v -0.774299 -0.138618 -0.117495
v -0.458306 -0.776538 0.45982
v 0.750679 -0.53862 0.3899536
v 0.611793 -0.373954 0.576922
v -0.732671 0.303835 -0.0767613
v -0.703926 0.32261 -0.0809991
v -0.71777344 -0.26000977 -0.18076324
v 0.594673 -0.266188 0.579917
v -0.7472801 -0.03112793 -0.09539795
v 0.565316 -0.196588 0.587514
v 0.940033 -0.540774 0.055868
v -0.7535286 0.29792786 -0.07096863
v 0.629275 -0.387977 0.566649
v -0.732976 0.332961 -0.0708477
v -0.606925 0.26959 -0.0879608
v -0.305016 -0.276065 -0.269209
v -0.241654 -0.457532 -0.227076
v 0.77 -0.838746 0.375146
v 0.295675 -0.969991 0.556378
v 0.388168 -0.973308 -0.0735404
v 0.423478 -0.9691458 -0.1055913
v -0.623575 -0.0559829 -0.173222
v -0.599966 -0.041648 -0.18198
v -0.657865 -0.042031 -0.150462
v -0.581192 -0.931783 0.582826
v -0.639279 -0.0251843 -0.152174
v 0.48005772 0.2108354 0.114852905
v -0.84085083 0.16584778 -0.03767395
v 0.377494 -0.961019 0.572509
v 0.4113655 -0.965501 0.53349686
v 0.480236 -0.451565 0.673161
v -0.745929 0.0896959 0.6922
v 0.221669 -0.973172 -0.202237
v 0.199026 -0.975651 -0.215651
v -0.620732 0.603122 -0.666029
v 0.14879608 -0.97710514 -0.2242527
v -0.316867 0.505418 0.0712076
v 0.7253647 -0.88907623 0.33047485
v -0.773084 0.128363 0.690945
v -0.0613397 0.67965 -0.182757
v -0.042079 0.662198 -0.167961
v 0.705347 -0.913567 0.283726
v -0.08496666 0.6548252 -0.1611805
v -0.905222 0.200775 0.62691
v -0.839195 0.521455 0.0593612
v 0.192675 -0.924674 -0.166087
v 0.17680359 -0.94924927 -0.1843338
v 0.679791 -0.907527 0.328477
v -0.755245 0.17213 0.700872
v 0.986007 -0.54207 0.239701
v -0.6534877 0.5931717 0.3029766
v -0.514406 -0.883611 0.614149
v -0.691744 0.800284 -0.453587
v -0.758144 0.19925 0.699365
v -0.12808 -0.919494 0.497884
v 0.45578194 -0.96225667 0.47291565
v 0.450102 -0.964455 0.433852
v -0.562871 0.0674085 0.50524
v -0.747102 0.291091 0.685702
v 0.468639 -0.962092 0.413671
v -0.743958 0.338188 0.662813
v 0.262912 -0.974329 0.139602
v 0.966787 -0.517846 0.122542
v -0.634287 0.825673 -0.599548
v -0.753062 0.403418 0.624108
v -0.759926 0.422472 0.609233
v -0.434821 0.370919 0.281694
v 0.497759 -0.963955 0.326233
v 0.609833 -0.407454 0.57999
v 0.468298 0.112513 0.45968
v -0.93244207 0.3220725 0.37943077
v 0.50355816 -0.96713716 0.2731924
v 0.571565 -0.78576 0.501467
v 0.582447 -0.958572 0.0729439
v -0.642039 -0.485283 -0.148938
v -0.204536 -0.917718 0.670285
v -0.20584106 0.21415563 0.16298985
v -0.760761 0.157018 -0.0754232
v -0.592856 -0.851154 0.517723
v 0.9825363 -0.5798826 0.28020477
v 0.101006 0.0726169 -0.190021
v 0.758223 -0.855721 0.360953
v -0.698958 0.479464 -0.343669
v -0.153778 -0.77006 -0.275439
v -0.609796 -0.161179 -0.204435
v 0.739151 -0.5554733 0.4091034
v -0.226573 -0.972254 0.216959
v -0.592364 0.476495 -0.162637
v 0.14649963 -0.9164572 0.4000244
v 0.360741 -0.8544 0.594094
v 0.778182 -0.849763 0.352212
v 0.930578 -0.477304 0.218771
v -0.917065 -0.263151 0.0870114
v -0.2560155 0.20320606 -0.02665329
v -0.715405 0.485251 -0.320392
v 0.0546764 -0.289081 -0.469873
v 0.0668855 -0.316914 -0.476004
v -0.75179 0.725046 -0.2749
v 0.787556 -0.860135 0.325278
v 0.0498491 -0.958878 0.572474
v -0.221131 0.772746 -0.00330078
v 0.783159 -0.871076 0.303628
v 0.930557 -0.483201 0.251402
v 0.512052 -0.968295 0.0603443
v -0.25455 0.647543 0.0325776
v 0.793436 -0.301467 0.0250538
v 0.793131 -0.872458 0.283515
v -0.431596 -0.0722844 -0.238148
v -0.254733 0.524856 0.0198168
v -0.23356 0.535511 0.00602937
v -0.217885 0.559203 0.0243191
v -0.13223696 -0.9298724 0.2840309
v -0.181938 0.562319 -0.0096011
v -0.18933 0.569763 0.0124548
v -0.115213 -0.928653 0.25002
v -0.621095 -0.96699 0.485094
v 0.36095428 -0.9694215 0.54850006
v -0.238147 0.833487 -0.0190396
v 0.6194153 -0.2090149 -0.2065506
v -0.66833496 0.5817375 0.37452698
v -0.853169 0.00468637 0.38284
v 0.447462 -0.0414386 -0.202304
v -0.93364626 -0.14689445 0.19557571
v -0.589609 0.649375 -0.263405
v 0.412165 -0.761354 0.617225
v -0.538927 0.339705 0.460525
v 0.23348558 0.2750156 0.145298
v 0.42883015 -0.96706796 0.4776497
v -0.224447 -0.880899 0.63843
v 0.82733154 -0.865036 0.10948181
v 0.21561813 0.25676727 0.32389832
v -0.919642 -0.129661 0.121512
v -0.09493118 -0.92707527 0.21764469
v 0.555552 -0.470708 0.594826
v -0.94822884 0.29943085 0.13464355
v -0.220111 0.202646 0.0190867
v -0.94487 0.28450012 0.10626984
v 0.555615 -0.378214 0.622344
v 0.340229 -0.288049 0.728097
v -0.196443 -0.970131 0.526348
v -0.971206 0.281691 0.282609
v 0.390638 -0.968312 0.376227
v 0.459136 -0.964674 0.390366
v -0.937011 0.297479 0.527861
v 0.480995 -0.965167 0.341452
v 0.912821 -0.714911 0.360449
v -0.164656 0.643813 -0.156581
v -0.970425 0.164612 0.558926
v 0.36596 -0.962022 0.389965
v -0.965744 0.14459 0.573572
v 0.496127 -0.966569 0.302531
v 0.193229 -0.924048 0.0765471
v 0.534925 -0.723498 0.557503
v -0.863225 0.0401594 0.0320115
v -0.616977 -0.934629 0.34927
v -0.595334 0.272839 0.541549
v -0.26014996 0.22627354 0.07260132
v 0.164758 -0.918924 0.0938721
v -0.914993 -0.148454 0.0971181
v -0.660932 0.902818 -0.67526
v 0.6784096 -0.93198776 0.24993896
v 0.354675 -0.95579 0.44225
v -0.18572235 -0.8241844 -0.32624054
v -0.9024658 0.3780136 0.11289978
v -0.7948761 0.5616493 0.08517456
v 0.662741 0.0487355 0.0625686
v -0.226721 0.683942 -0.0128919
v 0.3262825 0.24310684 0.0059661865
v -0.835393 -0.448128 0.252405
v -0.906879 -0.0596834 0.170967
v 0.5194602 -0.96682614 0.2187252
v -0.202091 -0.960579 0.495246
v 0.456825 -0.45875 0.685411
v 0.10522461 -0.94976425 -0.1958313
v 0.395269 -0.361277 0.702885
v -0.943488 0.120625 0.0831753
v -0.66021264 0.8295321 -0.5708911
v -0.35682297 -0.96485066 0.22605896
v -0.30042362 0.22775936 0.20809746
v -0.502777 0.0214881 -0.197437
v -0.642234 0.476794 -0.326494
v 0.0610081 -0.138329 -0.298715
v 0.67206097 -0.71772623 -0.07624102
v -0.710195 0.666502 -0.121096
v 0.13521957 -0.9127989 0.4512787
v -0.6759248 0.5894537 0.33924103
v -0.7432 0.586485 0.00999985
v -0.71825 0.439464 -0.146442
v 0.296896 -0.965231 0.585582
v -0.274371 -0.769761 -0.12447
v -0.5913836 0.66023254 -0.6238117
v -0.263385 -0.752157 -0.117865
v -0.630543 -0.299964 -0.21895
v 0.52171 -0.967913 0.167541
v 0.541889 -0.971793 0.140407
v -0.794905 0.568264 0.113775
v 0.375835 -0.260941 0.707153
v -0.30961 -0.561891 -0.173247
v -0.21397614 0.21586484 0.1948018
v -0.081523895 -0.9254868 0.14613342
v -0.04573822 -0.58514833 0.650589
v 0.00128843 -0.966448 0.652822
v -0.746751 0.51068 -0.280352
v -0.22319 -0.962229 0.454181
v -0.5560522 -0.82424545 -0.0067367554
v -0.4637196 -0.4544983 -0.20900726
v 0.653594 -0.503189 -0.193189
v 0.110271 -0.924206 -0.175828
v -0.74991 0.116315 0.69898
v -0.752896 0.144134 0.70158
v -0.724238 0.491473 -0.344508
v -0.732512 0.188498 0.703193
v 0.23555 -0.912097 -0.118464
v -0.735543 0.216357 0.698603
v -0.740884 0.243162 0.695696
v 0.596712 -0.912575 -0.00982229
v -0.71116 0.234923 0.687693
v -0.9308505 -0.18757153 0.25320435
v -0.270031 0.552357 -0.0791234
v -0.657734 0.80346 -0.517181
v -0.601168 0.542437 -0.0545989
v -0.747042 0.267922 0.693113
v -0.143502 0.00261132 -0.220245
v -0.745733 0.314449 0.675493
v 0.263511 -0.912837 -0.0791092
v -0.628262 0.0359273 -0.133064
v -0.74651337 0.3687439 0.6459656
v -0.400237 0.190284 0.3977
v 0.432669 -0.0578603 -0.21737
v -0.902893 -0.118009 0.325635
v -0.733772 0.416895 0.613028
v -0.740091 0.436531 0.598328
v -0.954256 0.20813 0.565083
v -0.588795 0.125033 0.591667
v 0.703032 -0.354409 -0.171999
v 0.652801 -0.872977 0.381806
v -0.0132947 -0.911023 0.504464
v -0.0396515 0.196074 0.315826
v 0.156165 -0.921829 0.193204
v 0.16913462 -0.12749767 0.6360836
v 0.271796 -0.945064 0.488808
v 0.846084 -0.761095 0.389502
v 0.958001 -0.492347 0.208388
v 0.799926 -0.411302 0.0431122
v 0.797503 -0.379465 0.0339041
v 0.4567051 -0.96670693 0.3440342
v 0.976738 -0.6365547 0.29421234
v 0.95687103 -0.63305664 0.33010864
v -0.70528793 0.2659607 0.6731224
v 0.224534 -0.954999 0.26213
v -0.695742 0.504063 -0.491082
v -0.57483 0.828854 -0.763738
v -0.897006 -0.0815256 0.0994102
v -0.658402 -0.195458 -0.193017
v -0.377347 0.195763 0.347902
v 0.63996 -0.480514 -0.208034
v 0.645244 0.064346 0.31987
v 0.283937 -0.924657 0.36156
v 0.0833609 0.712264 -0.213078
v 0.228762 -0.9669 0.236292
v 0.6693115 -0.28024292 0.52789307
v -0.570405 -0.832502 0.407687
v -0.765756 0.842567 -0.541022
v 0.7949467 -0.4513588 0.033859253
v -0.581838 0.558255 -0.344496
v 0.0745599 -0.975804 -0.231063
v 0.940099 -0.48177 0.186313
v -0.594347 0.689116 -0.354601
v 0.89512634 -0.74090576 0.36061096
v 0.67323303 -0.25071716 0.52020264
v -0.485982 -0.607 -0.0807289
v 0.118357 -0.949094 0.647944
v 0.0291324 0.827918 -0.227908
v -0.168953 -0.933771 0.372107
v -0.0449405 -0.968614 0.619286
v -0.479916 -0.639256 -0.0777279
v 0.203951 -0.962545 -0.18918
v 0.0602542 -0.963302 0.646765
v -0.0311117 -0.0160257 -0.253072
v 0.470386 -0.962511 -0.0275162
v 0.189485 -0.965677 0.541723
v 0.274466 -0.156865 0.669247
v -0.179412 -0.951003 0.504684
v 0.647535 -0.732796 0.462492
v -0.165455 -0.935879 0.349963
v 0.0685572 -0.942616 0.665059
v 0.254814 -0.97339 0.232389
v 0.356289 -0.953638 -0.262655
v -0.51559 -0.71359 0.0397453
v -0.18999481 0.14942169 0.34859467
v -0.224034 0.849217 -0.0352794
v -0.0593134 -0.974382 -0.242265
v 0.14898682 -0.9199972 0.12634277
v 0.126908 0.243901 0.342685
v -0.373241 0.284996 0.160505
v 0.306212 0.255148 0.0297561
v 0.0473298 -0.938037 0.548494
v -0.661024 -0.519497 -0.0891195
v 0.75089 -0.153823 0.339627
v 0.27033615 0.2652216 0.05735016
v -0.053554535 -0.9682307 0.6474228
v -0.15823 -0.857682 0.676082
v 0.224847 -0.94061 0.28608
v 0.866127 -0.843987 0.16324234
v 0.265391 -0.947559 0.321239
v 0.275217 -0.938315 0.339377
v -0.9688072 0.2199707 0.40624237
v 0.0939895 -0.969711 0.601727
v -0.186154 0.176377 -0.0163979
v -0.137937 -0.933045 0.710777
v -0.9017782 0.004761219 0.2661934
v -0.604505 -0.821252 0.102459
v 0.0828316 -0.930582 -0.187737
v 0.876487 -0.492984 0.298292
v -0.69669247 0.59046555 0.17184448
v -0.92877 0.26635 0.0704071
v 0.770174 -0.882112 0.289744
v 0.763297 -0.876745 0.314828
v 0.603625 -0.823821 0.443886
v -0.884537 0.456179 0.109266
v 0.89885 -0.765481 0.331791
v -0.868044 0.472328 0.0853913
v 0.177313 0.241328 0.362091
v 0.852352 -0.482488 0.259241
v -0.611169 -0.822229 0.0731435
v 0.209639 -0.957735 -0.290206
v 0.513661 -0.0288445 0.520714
v 0.523863 -0.0528351 0.526052
v 0.701055 -0.32722 -0.17714
v 0.402775 -0.837241 0.585096
v -0.19919 0.828144 -0.169466
v -0.50417 -0.451997 0.560193
v 0.915782 -0.535988 0.0468142
v -0.602132 0.558263 -0.443166
v -0.666307 0.494386 -0.428948
v -0.0175796 -0.917015 0.529658
v -0.615688 -0.853149 -0.00724243
v -0.0894375 -0.955036 0.70229
v -0.624566 0.3811 -0.0795759
v -0.621317 0.347267 -0.0809135
v 0.585899 -0.0895349 0.512926
v 0.366299 -0.974564 -0.143823
v -0.0874776 -0.965622 0.675198
v -0.0661558 -0.961022 0.689755
v -0.576291 -0.938909 0.290195
v -0.73706055 -0.38110352 0.5041504
v 0.0955863 0.790745 -0.269531
v -0.248861 0.687746 -0.160963
v 0.8330898 -0.86235046 0.24653625
v -0.26291597 0.21583319 0.0064964294
v -0.624966 -0.327265 -0.221854
v -0.747782 -0.195718 -0.158343
v -0.58603 0.492643 -0.0598438
v 0.309779 -0.94401 0.604009
v 0.4686432 -0.967538 0.31857777
v -0.121378 -0.206685 -0.325126
v 0.32923 -0.959961 0.590506
v 0.347473 -0.966201 0.570931
v -0.29141998 -0.21083832 -0.27736378
v -0.675331 0.458339 0.566708
v -0.574244 0.369686 -0.0644978
v 0.853587 -0.499236 0.303167
v 0.3758359 -0.97005415 0.5073018
v 0.11723328 -0.28086853 -0.45235443
v -0.726739 0.105312 0.700925
v 0.954264 -0.753429 0.154866
v -0.596422 -0.984638 -0.0523327
v 0.535213 -0.602425 0.597558
v 0.596892 -0.0292763 0.478872
v -0.734063 -0.429722 0.477514
v -0.708335 0.204757 0.697753
v 0.355593 -0.77475 0.652257
v 0.326184 -0.71207 0.694476
v -0.49547577 -0.61935425 0.3849182
v 0.316202 -0.740375 0.688837
v 0.67144775 -0.4370346 -0.16864014
v -0.4246254 0.32569456 0.32919693
v 0.4396485 -0.96576285 0.40428925
v 0.309475 -0.691251 0.699774
v 0.161493 -0.959321 0.628139
v -0.11309 -0.315989 -0.453831
v -0.103904 -0.339468 -0.462379
v -0.125118 -0.93242 0.525912
v -0.612276 -0.899073 0.370462
v -0.392165 -0.230963 -0.259124
v -0.28071594 -0.97371054 0.36845398
v -0.15657 -0.96587 0.559577
v -0.27188843 -0.9726151 0.4644699
v -0.12252045 -0.49092388 -0.43879318
v 0.744275 -0.248134 -0.0979358
v -0.11216 -0.785846 -0.31831
v 0.739918 -0.125117 0.337096
v -0.122601 0.86306 -0.215331
v -0.464452 0.625895 0.128831
v -0.503351 0.623836 0.112698
v 0.49080372 0.20375538 0.2765751
v -0.722705 0.483672 0.553255
v -0.638305 -0.945693 0.484276
v -0.0834774 -0.35503 -0.47144
v -0.101498 -0.370145 -0.465944
v -0.0831772 -0.542526 0.617477
v -0.158447 -0.923206 0.703957
v 0.427801 -0.820655 -0.286341
v -0.09897232 -0.40823364 -0.46625328
v -0.104438 -0.449129 -0.461349
v -0.108333 -0.475996 -0.453403
v 0.734786 -0.0585621 0.0631115
v 0.662182 -0.687413 0.479842
v -0.0968761 -0.811072 -0.329941
v -0.93304676 -0.19182825 0.20794487
v -0.119467 -0.830294 -0.336114
v -0.923202 -0.19316 0.120779
v -0.9085293 0.35140383 0.09051514
v -0.115755 -0.851284 -0.347509
v -0.721699 0.0812799 0.691151
v -0.178783 0.665162 -0.167208
v 0.546372 -0.953076 0.0310772
v 0.929556 -0.633218 0.365532
v -0.0986939 0.861358 -0.234004
v 0.129831 -0.128274 0.636579
v -0.75117 0.698677 -0.22054
v -0.11139679 0.77928925 -0.2263298
v 0.669672 0.00447398 0.363113
v 0.650784 0.0166199 0.380102
v -0.747209 0.685972 -0.19041
v -0.144917 -0.33949 0.628721
v -0.8093 0.443737 0.57204
v -0.924028 -0.284857 0.243032
v -0.104450226 0.72227097 -0.20505524
v 0.676443 -0.416639 -0.17036
v -0.07383 -0.929625 -0.209808
v 0.04016 0.952884 -0.326712
v -0.0985527 -0.0941085 -0.283637
v -0.127097 0.603989 -0.108564
v -0.670639 0.423605 -0.1423
v -0.442463 0.490548 0.206555
v -0.339328 -0.42116 -0.225603
v 0.77974516 -0.1495533 0.11275673
v 0.76953316 -0.16363144 0.28967285
v -0.28287 0.716802 -0.142846
v -0.0842637 -0.468764 -0.469934
v -0.0875814 -0.495832 -0.460954
v -0.0899845 -0.5208 -0.44964
v -0.59581 0.246141 0.56213
v -0.084423065 -0.57977676 -0.4240799
v -0.912641 0.426667 0.153002
v -0.282277 -0.0114855 -0.228599
v 0.389806 0.14602 0.458838
v -0.00322997 -0.932141 0.550711
v -0.0701703 -0.413214 0.718494
v -0.0949367 -0.841712 -0.343309
v -0.0984349 -0.871902 -0.352479
v -0.10868454 -0.90185404 -0.3549924
v 0.484901 -0.146221 -0.262829
v 0.33644 -0.583995 0.722781
v -0.0715098 0.843182 -0.252786
v 0.322122 -0.602798 0.727348
v -0.0311752 0.856119 -0.280457
v -0.206143 0.13962 0.371767
v 0.6777344 -0.09326172 0.4260254
v -0.18504 0.130618 0.376024
v 0.2349 -0.854232 -0.304941
v -0.212557 0.86111 -0.0489883
v -0.258231 0.710304 0.0138139
v -0.370488 -0.934335 0.597147
v 0.531606 -0.804186 0.521274
v -0.152476 0.200323 0.1556
v -0.070752144 -0.10620117 -0.28671432
v -0.409836 -0.951686 0.605462
v -0.08919144 -0.31627846 -0.46316242
v -0.545103 -0.818551 0.54087
v -0.073755264 -0.3849535 -0.47665787
v 0.424844 0.161924 0.420415
v -0.0795388 -0.440576 -0.474857
v -0.0759876 -0.562153 -0.439139
v 0.732823 -0.355707 -0.123669
v -0.085059 -0.611329 -0.409811
v -0.9682579 0.20620728 0.13522339
v -0.819191 0.47020674 0.010696411
v -0.77333 0.756521 -0.378739
v -0.252483 0.750597 0.0282714
v -0.079071045 -0.6965637 -0.3738098
v -0.0778099 -0.728317 -0.357752
v -0.67146266 0.7990322 -0.47949982
v -0.0898571 -0.7799599 -0.33298492
v -0.0701593 -0.827954 -0.338553
v -0.329061 0.614376 0.0829263
v 0.982534 -0.524924 0.222117
v -0.910355 -0.315942 0.176228
v -0.0744972 -0.922554 -0.349757
v -0.924065 -0.293457 0.168679
v 0.187056 0.178396 0.454271
v 0.58349 -0.705051 -0.220433
v -0.490878 0.575672 0.191426
v 0.779824 -0.219881 0.312555
v 0.187839 0.019213 -0.237807
v -0.928516 0.417437 0.434237
v -0.33429 0.573465 0.107989
v -0.0560206 0.821727 -0.258743
v -0.0731716 0.812365 -0.248158
v -0.59666 0.711292 -0.752965
v -0.0760217 -0.259043 -0.443079
v -0.07920599 0.77696586 -0.23669815
v -0.045425892 0.770071 -0.24323177
v 0.303872 -0.966922 -0.0176039
v -0.593048 0.493258 -0.207148
v -0.0740195 -0.0755878 -0.27772
v 0.573825 -0.92641 -0.00148717
v 0.15754604 -0.81638145 -0.35864735
v -0.20385742 0.64216995 -0.15235138
v 0.883543 -0.469558 0.223638
v -0.761738 -0.543897 0.109767
v -0.0611885 -0.307189 -0.466937
v -0.71856 -0.0893095 0.50494
v -0.727703 -0.0632651 0.497728
v -0.972265 0.0884921 0.499402
v -0.00768753 -0.12516 -0.288074
v 0.714458 -0.335662 -0.158907
v -0.0424937 -0.371755 -0.482102
v 0.889725 -0.470226 0.174743
v -0.42509 0.516319 0.171748
v -0.0610059 -0.487745 -0.474343
v -0.0658876 -0.515833 -0.4655
v -0.0709177 -0.540393 -0.452601
v -0.609698 0.672671 -0.733426
v -0.06181526 -0.5843811 -0.43717957
v -0.0150792 0.936205 -0.209727
v -0.0640483 -0.631473 -0.416123
v -0.093647 0.679626 -0.059181
v -0.719253 0.385943 -0.0721112
v -0.06626892 -0.66633606 -0.39900208
v -0.04540634 -0.71591187 -0.38467407
v -0.0628091 -0.757171 -0.356917
v -0.0704683 -0.797804 -0.338058
v -0.0455615 -0.844534 -0.340738
v -0.460965 -0.579327 -0.1152
v -0.0705692 -0.858138 -0.347465
v -0.707471 0.0968717 0.699714
v -0.0708403 -0.888945 -0.351765
v 0.00771041 0.674949 -0.0971924
v -0.05164 0.800347 -0.25434
v -0.706216 0.118558 0.705586
v -0.728933 0.131648 0.706323
v -0.067214966 0.7494316 -0.2278099
v -0.730573 0.160054 0.706798
v -0.706395 0.175608 0.704679
v 0.528921 -0.426404 0.643254
v 0.278175 -0.959372 0.000698748
v 0.197243 -0.117124 -0.276848
v -0.330307 0.72955894 -0.10877228
v 0.2438 -0.738696 0.704285
v 0.293914 -0.196987 -0.368317
v 0.24726868 -0.9128523 0.37717056
v 0.230279 -0.915321 0.353783
v -0.023220062 -0.9171753 0.44100952
v -0.922217 0.013344 0.215358
v -0.479053 -0.94897 -0.129927
v -0.764127 0.571952 0.377517
v 0.7684479 -0.18834686 0.0079956055
v -0.0541411 -0.331567 -0.474874
v 0.00526875 0.107199 -0.15422
v 0.279401 -0.666029 0.714853
v 0.268056 -0.584978 0.744746
v -0.05212474 -0.42715168 -0.4810694
v -0.0570636 -0.458691 -0.479618
v 0.24543762 0.028968811 0.55752563
v -0.053012 -0.560914 -0.452342
v -0.0445885 -0.599938 -0.439168
v -0.693094 0.341127 0.639855
v 0.733627 -0.383048 -0.105022
v -0.041164875 -0.6820984 -0.404953
v -0.050322 -0.736277 -0.372393
v 0.252357 -0.710746 0.708039
v -0.0532557 -0.783224 -0.35246
v -0.0458313 -0.906262 -0.346301
v -0.0454978 0.838437 -0.2682
v -0.779385 0.0820172 -0.0525173
v -0.396126 0.327414 0.187441
v -0.533116 -0.888647 0.271971
v -0.417012 -0.461977 0.562064
v -0.5749 0.483308 0.496826
v -0.271883 -0.94474 0.583617
v -0.955879 0.30814 0.281416
v -0.610368 -0.956016 0.332317
v -0.716385 0.32728 0.658336
v -0.196126 -0.697062 -0.137962
v -0.577809 -0.626961 -0.00825572
v -0.714024 0.429771 0.600449
v -0.059511185 -0.35336113 -0.47823763
v 0.589152 -0.772388 0.495516
v -0.0927029 -0.971762 -0.3333
v -0.032949 -0.475808 -0.479604
v -0.6133251 0.60329056 -0.60479736
v -0.029632568 -0.51130676 -0.47294235
v -0.0450489 -0.536966 -0.464966
v -0.036082 -0.581659 -0.449492
v -0.422533 0.436656 0.155534
v -0.04181 -0.622411 -0.431905
v 0.73315716 -0.04733467 0.09248352
v -0.767601 -0.5396738 0.15435791
v -0.0391341 -0.652457 -0.420555
v -0.928884 -0.119763 0.212276
v -0.921385 -0.0924282 0.222077
v -0.618587 0.460533 0.525574
v 0.282598 -0.909815 0.413956
v -0.030975342 -0.757843 -0.3729248
v 0.20972443 -0.8912144 0.6210289
v -0.0434365 -0.811232 -0.343007
v -0.0218836 -0.861416 -0.339313
v -0.5803919 0.69960594 -0.68979645
v -0.0456302 -0.874869 -0.347375
v 0.17042065 -0.91710687 0.035881042
v -0.0216764 -0.890896 -0.342245
v -0.342925 0.532171 0.109213
v 0.640036 -0.757245 0.452679
v -0.0365456 0.814576 -0.267164
v -0.0283497 0.790805 -0.260616
v 0.496863 -0.403417 0.665672
v -0.919014 0.453959 0.144999
v 0.670491 -0.886582 0.367731
v -0.626058 -0.116231 -0.195118
v -0.721268 0.692422 -0.175767
v -0.736477 0.663515 -0.135626
v 0.996505 -0.59812 0.227609
v -0.0335768 -0.293264 -0.467687
v -0.0349358 -0.320101 -0.474947
v 0.934697 -0.633279 0.022743
v -0.0154545 -0.361742 -0.483128
v -0.515714 0.397801 0.424926
v -0.915144 0.398313 0.158883
v 0.71909 -0.381882 -0.13384
v -0.509854 -0.962836 0.601739
v -0.888263 0.0249347 0.418585
v -0.0272759 -0.559169 -0.461993
v -0.79663 0.750373 -0.430062
v -0.685468 0.2707 0.659046
v 0.536486 -0.834652 0.519337
v 0.0879209 0.724939 -0.234993
v -0.689895 0.315307 0.64708
v 0.857642 -0.759878 -0.0177452
v -0.606436 0.43074 0.520155
v -0.0319066 -0.790526 -0.357629
v -0.0202006 -0.83184 -0.339343
v 0.000968342 -0.848419 -0.335931
v -0.190342 -0.82589 0.622257
v 0.6960354 -0.6837368 -0.07029724
v -0.00391522 0.892121 -0.306593
v -0.0173148 0.873787 -0.293352
v -0.57423276 0.6156664 -0.37830162
v -0.0225479 0.830763 -0.280586
v -0.0192943 0.764551 -0.249689
v 0.67597455 -0.058193207 -0.079898834
v 0.167639 0.00519191 -0.253751
v 0.664206 -0.0662814 -0.105936
v 0.7477999 -0.110565186 0.28144836
v 0.5328975 0.17933679 0.2615204
v 0.580685 -0.805952 -0.123899
v -0.587667 -0.966074 0.288903
v -0.592902 -0.946861 0.310432
v -0.3813734 0.2865901 0.276062
v 0.6215639 0.097551346 0.06638336
v -0.535223 -0.787066 0.0834584
v -0.25538063 0.21911454 0.03180504
v -0.0132377 -0.334522 -0.481871
v -0.0194422 -0.389811 -0.480366
v 0.655916 0.03014 0.355945
v 0.00295688 -0.407313 -0.47709
v -0.211559 0.868106 -0.0703689
v -0.024345 -0.418397 -0.479925
v -0.000977642 -0.435535 -0.479045
v 0.22643685 0.27476954 0.220294
v -0.623562 -0.835518 0.122083
v 0.574089 0.112591 -0.00500968
v -0.183506 -0.702753 -0.170984
v 0.872217 -0.503351 0.315588
v -0.254342 -0.538312 -0.182895
v -0.248376 -0.519516 -0.194585
v -0.662226 0.110757 0.693528
v -0.0162286 -0.635805 -0.436525
v -0.009845734 -0.66696167 -0.4263916
v -0.687543 -0.244026 0.558822
v -0.014032 -0.716564 -0.399674
v -0.605115 0.400588 -0.0762778
v -0.607369 0.453213 -0.170699
v 0.749225 -0.372871 -0.0793627
v -0.623798 0.481177 -0.309893
v 0.0399902 -0.662924 0.691256
v -0.0105495 -0.783876 -0.36753
v -0.0155546 -0.807118 -0.352852
v -0.339075 0.506945 0.0952106
v 0.041000366 -0.90921974 -0.323452
v -0.16885039 -0.25036323 -0.316476
v -0.0200508 -0.94421 -0.212985
v 0.7915058 -0.21209335 0.21511841
v 0.471311 -0.943139 -0.0676701
v 0.231575 -0.964226 -0.280816
v -0.0930998 0.948642 -0.158597
v -0.00843351 0.847623 -0.29492
v -0.9777565 0.17684937 0.15229797
v -0.9651108 0.17912292 0.12022781
v -0.0132111 0.80635 -0.276273
v 0.039414 0.692808 -0.20726
v -0.00326043 0.782756 -0.268362
v 0.053929 0.684317 -0.191136
v -0.249254 0.847393 -0.069353
v 0.6230631 0.095755294 0.2975731
v -0.249258 0.215155 0.241293
v -0.212638 -0.24935 -0.292939
v 0.887286 -0.693976 0.392336
v -0.112044 -0.275562 0.665273
v -0.71149 -0.114342 0.517943
v 0.0140448 0.666347 -0.170756
v -0.668624 -0.968495 -0.0432409
v -0.0114155 -0.307965 -0.477069
v -0.693466 -0.0917662 0.516361
v -0.701793 -0.0651029 0.503663
v -0.713861 -0.0348166 0.500729
v 0.00992884 -0.378819 -0.482969
v 0.529 -0.935099 -0.00602897
v -0.0827104 0.702245 -0.196127
v 0.0124361 -0.534279 -0.470349
v -0.000483354 -0.557322 -0.466733
v -0.12919617 0.8270416 -0.21852112
v -0.103027344 0.8195801 -0.23457336
v 0.003153801 -0.59710693 -0.4525566
v -0.018909454 -0.6081314 -0.4432621
v -0.00414198 -0.692296 -0.415382
v 0.0013484955 -0.7415161 -0.39341736
v 0.028800964 -0.794754 -0.37047577
v 0.589645 -0.26778 -0.246695
v 0.00504122 -0.823737 -0.346879
v -0.497424 -0.972982 -0.124324
v 0.018884 -0.859768 -0.329685
v 0.00303329 -0.877958 -0.334798
v -0.594871 0.459095 0.509054
v 0.748503 -0.470463 0.410413
v -0.150176 -0.407685 -0.434697
v 0.230614 -0.977405 -0.255136
v 0.648701 -0.557351 -0.198045
v 0.505652 -0.768708 0.548719
v 0.00546304 0.865217 -0.309601
v 0.000972318 0.82202 -0.292561
v 0.0108279 0.797806 -0.28613
v -0.696469 0.0794852 0.690649
v 0.027053833 0.7621994 -0.27228546
v -0.273654 0.70692 0.0363883
v -0.705688 0.146237 0.707657
v 0.0816242 -0.966141 0.575077
v 0.158035 -0.920938 0.265029
v 0.505607 -0.751094 0.562669
v -0.684071 -0.959796 -0.0183743
v 0.542397 -0.632009 0.592859
v -0.81962585 0.15529251 -0.046211243
v 0.150954 -0.387488 0.761019
v 0.813633 -0.458003 0.241116
v 0.0104155 -0.322958 -0.481913
v -0.3140564 0.091049194 0.43164062
v 0.413993 -0.0808292 0.600276
v 0.349412 -0.836749 0.60048
v 0.372614 -0.836062 0.591795
v 0.00884162 -0.34929 -0.485289
v 0.251468 -0.23758 0.730017
v -0.252564 0.226935 0.169259
v 0.296708 -0.0305116 0.552187
v -0.726454 -0.435825 -0.124291
v -0.77945 0.108821 -0.0625393
v -0.011396408 -0.46220207 -0.48088968
v 0.231678 -0.762993 0.693785
v 0.301149 -0.650077 0.716602
v -0.646347 0.0175148 0.538959
v -0.0029525757 -0.4971466 -0.47642326
v 0.297934 -0.595184 0.736843
v 0.025749207 -0.5578842 -0.46489143
v 0.014276 -0.577412 -0.462151
v -0.918528 0.526298 0.322804
v 0.014545 -0.644911 -0.439555
v 0.0178491 -0.675273 -0.428834
v 0.0130391 -0.716298 -0.408029
v 0.314814 -0.162033 -0.300263
v -0.812211 0.127081 0.660315
v 0.014814377 -0.76387024 -0.3853302
v 0.680676 -0.756802 0.426389
v -0.647767 0.52875 0.494152
v 0.219027 -0.418151 0.765021
v 0.20305 -0.433796 0.771351
v -0.662807 -0.858192 0.115741
v 0.0187748 0.884044 -0.324783
v 0.0151466 0.838388 -0.309076
v 0.695659 -0.878827 0.369494
v 0.8421173 -0.8086014 0.012054443
v 0.140232 -0.933494 -0.305765
v 0.298651 -0.945378 0.351114
v 0.315573 -0.962569 0.33769
v -0.289838 -0.610112 -0.147601
v -0.3477013 -0.34093094 -0.2503481
v 0.756621 -0.119934 0.0312059
v -0.5987 0.488994 -0.234732
v -0.14535 -0.823057 -0.328916
v -0.4073429 0.35376072 0.14738655
v 0.738972 -0.623442 -0.0329586
v 0.52944183 -0.45788574 0.63313675
v -0.138839 -0.844549 -0.345845
v -0.116592 -0.181631 -0.30035
v 0.9972358 -0.5986023 0.14927673
v 0.50788 -0.954931 0.00819392
v 0.0244238 -0.398621 -0.478777
v 0.027711 -0.423305 -0.475292
v -0.956685 0.0820216 0.119799
v -0.6022339 -0.8414402 0.1513977
v 0.8008839 -0.22775155 0.119464636
v 0.0182079 -0.484343 -0.477821
v -0.737524 0.518353 -0.370226
v -0.4988159 0.5696519 0.25419807
v 0.0279358 -0.512614 -0.472138
v 0.0376678 -0.535405 -0.466396
v 0.60917664 -0.18389893 0.5530319
v 0.0306518 -0.593945 -0.456485
v -0.339817 0.486461 -0.0125502
v -0.201145 -0.98103 0.210367
v 0.0242005 -0.617718 -0.448976
v 0.0437247 -0.63484 -0.444411
v 0.0227829 -0.696934 -0.418344
v 0.891024 -0.669641 -0.02355
v -0.577839 0.618515 -0.260721
v 0.875503 -0.731257 -0.0184092
v -0.844935 -0.411305 0.317364
v 0.883838 -0.751156 0.00115954
v -0.9923239 0.13250923 0.2183876
v -0.49199772 0.4449333 0.4042511
v 0.932206 -0.7745 0.111064
v -0.216724 -0.973229 0.280579
v -0.249246 -0.968939 0.290208
v 0.0243357 -0.839515 -0.338556
v -0.09431839 0.61888885 -0.12021637
v 0.0301527 -0.880437 -0.3267
v -0.553656 0.441701 0.481217
v 0.7940693 -0.29890633 0.2991562
v 0.043521 0.876342 -0.342905
v 0.93240356 -0.6808319 0.024749756
v 0.0289891 0.85605 -0.32633
v 0.949329 -0.621391 0.0416
v 0.862979 -0.474069 0.162416
v -0.110189 0.0355267 0.48784
v -0.921117 0.0165766 0.249426
v -0.232579 -0.848538 0.601631
v -0.12106323 -0.9257183 0.34527588
v -0.443311 0.33267 0.0170134
v 0.316037 -0.2572 -0.393692
v -0.359376 0.265415 0.144795
v 0.16699219 0.004463196 0.5692749
v 0.7431202 -0.9128647 0.17113495
v -0.60701036 0.7090969 -0.35658264
v 0.469019 -0.668486 0.642615
v -0.726828 -0.413846 -0.140261
v 0.726029 -0.715386 0.428726
v 0.031960487 -0.35797787 -0.4842317
v 0.706433 -0.692529 0.423534
v 0.0345929 -0.382602 -0.481718
v 0.700229 -0.716335 0.424557
v -0.624132 0.697321 -0.267589
v 0.0504391 -0.517495 -0.467975
v 0.6793041 0.029491425 0.2631073
v 0.987267 -0.530497 0.202327
v 0.169345 -0.373249 0.759438
v -0.702927 0.387164 0.624133
v -0.55663 -0.802414 0.0967636
v 0.0442158 -0.712519 -0.411902
v -0.193127 0.87097 -0.0519166
v -0.285437 0.825258 -0.0701003
v 0.026218414 -0.7467499 -0.39416504
v 0.27915812 -0.16992903 -0.33463383
v 0.0292481 0.940811 -0.269102
v -0.70441735 0.59333336 0.27587366
v 0.576617 -0.10605 0.533297
v 0.371923 -0.973469 -0.0960381
v -0.51413846 0.57697153 0.25411224
v -0.149858 0.11352 0.403607
v 0.38419545 -0.97394943 -0.118638515
v 0.0366421 -0.312814 -0.47818
v 0.652748 -0.286916 0.549185
v -0.314973 -0.941219 0.576687
v -0.263509 -0.661205 -0.127383
v 0.0457532 -0.400534 -0.475167
v 0.0563387 -0.42479 -0.471828
v 0.022281647 -0.4530058 -0.47872496
v 0.0447297 -0.467066 -0.475223
v 0.69758 -0.885416 -0.00790581
v 0.0480755 -0.49462 -0.472181
v 0.0473672 -0.556874 -0.45859
v -0.924441 0.414093 0.461853
v 0.583447 -0.504264 0.565322
v -0.47105408 0.37370872 0.007209778
v 0.0483346 -0.60952 -0.450615
v -0.33693886 -0.5939636 -0.15971375
v -0.221632 0.686767 -0.168782
v -0.771252 0.876219 -0.630266
v -0.700044 -0.272727 0.555349
v 0.0499227 -0.835099 -0.339967
v -0.149997 0.666279 -0.170445
v -0.132391 0.642444 -0.154326
v -0.912769 -0.147698 0.321091
v 0.0403085 -0.856199 -0.326345
v -0.714413 -0.241269 0.551188
v -0.244311 -0.59967 -0.15609
v -0.652641 0.417852 -0.123539
v 0.542948 -0.523621 0.590285
v 0.0580673 -0.372787 -0.477595
v -0.597723 0.455709 -0.14546
v -0.778351 0.846916 -0.56243
v 0.0701578 -0.477346 -0.4688
v 0.0614598 -0.535496 -0.458976
v 0.0544827 -0.582733 -0.452567
v 0.0667741 -0.622812 -0.442437
v -0.6827221 -0.13454437 0.5416069
v 0.0868517 -0.632447 -0.431663
v 0.730879 -0.596172 0.418709
v 0.0849623 -0.656117 -0.422734
v 0.059093475 0.776268 -0.30351257
v 0.301401 -0.235867 -0.392926
v 0.0639737 -0.66955 -0.423993
v -0.858355 0.447112 0.0664954
v -0.465044 -0.619649 0.406947
v -0.455212 -0.644845 0.394191
v -0.914968 -0.124818 0.300551
v -0.87052 0.440922 0.090872
v -0.18090439 0.81211853 -0.03931427
v 0.646355 -0.153198 0.503007
v 0.0661567 -0.763879 -0.387421
v -0.382306 -0.8771 -0.134722
v 0.0758881 -0.834117 -0.34194
v -0.692081 -0.0130259 0.509051
v 0.0661354 -0.852362 -0.325047
v 0.0569469 -0.878815 -0.3203
v 0.6250305 -0.12917328 0.5071411
v 0.296663 -0.124692 0.622582
v -0.452795 -0.962047 -0.139077
v 0.354398 -0.150529 0.643207
v 0.332775 -0.138746 0.637683
v -0.635469 -0.242232 -0.208648
v -0.661272 -0.229137 -0.193994
v -0.0668795 0.608175 -0.0720527
v 0.0725833 -0.401608 -0.469012
v 0.161425 -0.783172 0.672045
v -0.662864 0.309466 0.622555
v 0.10981369 -0.44040108 -0.464777
v 0.0969464 -0.485931 -0.460902
v 0.0743679 -0.508586 -0.461776
v 0.0708516 -0.559381 -0.449163
v 0.717248 -0.105516 0.375645
v 0.0804928 -0.584297 -0.444911
v 0.301279 -0.976569 -0.200689
v 0.06742954 -0.69161034 -0.4174404
v -0.687126 0.10287 0.699139
v 0.077206 -0.718056 -0.412618
v 0.086815834 -0.74300766 -0.40210152
v -0.680455 0.16007 0.702678
v -0.681621 0.190282 0.695767
v 0.0728434 -0.791738 -0.372345
v 0.374694 -0.189628 0.663426
v 0.388958 -0.918775 0.591114
v -0.684275 0.218388 0.685102
v 0.0887106 -0.81593 -0.358604
v 0.357996 -0.208915 0.684392
v 0.0880823 -0.848708 -0.327821
v -0.529304 -0.804259 0.518783
v 0.36247 -0.816164 0.608539
v 0.0873729 -0.873723 -0.31631
v 0.065663 0.817431 -0.336128
v 0.0749789 -0.903323 -0.317625
v 0.291904 -0.0521718 0.558528
v 0.315716 -0.0434791 0.553292
v 0.324919 -0.974804 -0.179491
v 0.0892297 -0.376013 -0.468718
v 0.314961 -0.0175305 0.545126
v 0.104359 -0.406656 -0.466361
v -0.43272 0.495284 0.185769
v 0.206895 0.0670601 0.545147
v 0.761558 -0.444639 -0.0502401
v 0.221236 0.027943 0.561743
v 0.201732 0.0418262 0.557182
v 0.30199 -0.623744 0.729388
v 0.278332 -0.617097 0.741052
v -0.457961 -0.73295 0.179807
v 0.2860775 0.094055176 0.51477814
v 0.260508 -0.759056 0.696935
v 0.678149 -0.682652 -0.102532
v 0.0865724 -0.535952 -0.447961
v 0.414421 0.18237 0.404839
v 0.862551 -0.712449 -0.0344332
v 0.890083 -0.700645 -0.0183278
v 0.529383 -0.969649 0.0835436
v -0.66999817 0.5149689 0.51382446
v -0.55148315 -0.86917114 0.22393799
v 0.247209 -0.974467 0.167364
v -0.6962633 -0.52645683 -0.046073914
v -0.468136 0.462463 0.00153287
v 0.474333 -0.966729 0.287963
v 0.0886391 -0.145791 0.664031
v 0.11621857 -0.90550995 -0.31263256
v -0.584143 0.779018 -0.771401
v 0.0777988 -0.346533 -0.474148
v -0.688365 0.418879 0.599863
v 0.07400513 -0.44444656 -0.4701271
v 0.34296417 -0.5185089 0.7258072
v 0.0953966 -0.769151 -0.384687
v 0.10601616 -0.51014614 -0.45086956
v -0.605373 0.637254 -0.696287
v 0.0967471 -0.56308 -0.44085
v -0.916477 -0.178156 0.0988978
v 0.77641 -0.193421 0.303809
v 0.883065 -0.5162 0.331785
v 0.105097 -0.59045 -0.438723
v -0.919738 0.482691 0.142941
v -0.86714935 0.5588436 0.3020935
v 0.0864103 -0.608474 -0.440183
v 0.109281 -0.644358 -0.424297
v 0.0943199 -0.693998 -0.413977
v -0.5779 0.650616 -0.439332
v 0.111506 -0.718471 -0.407743
v 0.802343 -0.246207 0.104018
v 0.117322 -0.748264 -0.39447
v 0.104773 -0.794613 -0.371837
v 0.101461 -0.836094 -0.342594
v 0.109606 -0.854483 -0.323062
v -0.316202 -0.89634 0.570087
v -0.581565 0.540073 -0.212423
v -0.9063053 0.33015656 0.064888
v 0.0654489 -0.182212 -0.394479
v 0.109741 -0.300755 -0.460036
v 0.0543906 -0.197811 -0.412842
v 0.117722 -0.378706 -0.467374
v -0.104076 0.656405 -0.0185766
v 0.960176 -0.64824 0.0553059
v 0.13556671 -0.4474802 -0.45745754
v -0.618096 0.4376 -0.150089
v 0.14507675 -0.54556274 -0.4357643
v 0.720464 -0.0352591 0.0672818
v 0.124214 -0.569556 -0.436017
v 0.104006 -0.66962 -0.416028
v 0.123638 -0.772963 -0.379779
v 0.0885333 0.830654 -0.288322
v 0.130484 -0.83954 -0.339655
v 0.603544 0.0992074 0.347686
v 0.117117 -0.880242 -0.312341
v 0.213308 -0.961892 0.212367
v -0.659303 0.526987 -0.544941
v 0.716911 -0.874439 -0.0088799
v 0.709222 -0.892903 0.00903876
v 0.123413 -0.0640384 -0.274604
v 0.36680603 -0.35379028 0.71310425
v -0.890845 0.218526 0.643063
v -0.912681 -0.234265 0.0934647
v 0.631674 0.0791462 0.0345205
v -0.65112686 -0.34519386 0.5708065
v 0.729272 -0.0380447 0.142658
v -0.712003 -0.929705 0.111741
v 0.105898 -0.350738 -0.467972
v 0.341746 -0.111214 0.626073
v 0.135701 -0.354702 -0.465569
v 0.129746 -0.421904 -0.463749
v -0.516422 -0.24407 -0.257793
v 0.14031982 -0.47291285 -0.44887638
v 0.456446 -0.858949 0.577215
v -0.314423 0.804307 -0.0347631
v 0.0814821 -0.0957756 -0.286805
v 0.10987 -0.618019 -0.434576
v 0.613511 -0.780318 -0.0869438
v -0.726441 -0.212234 0.542578
v 0.49341583 -0.124679565 0.59936523
v 0.498507 -0.35633 0.663836
v 0.0163678 0.737063 -0.162639
v 0.138331 -0.630688 -0.430555
v 0.131383 -0.660585 -0.417843
v -0.138595 0.126523 0.389076
v 0.12199 -0.687482 -0.409355
v 0.597777 -0.888854 -0.0295521
v 0.140081 -0.728094 -0.398074
v 0.545943 -0.596056 -0.274262
v -0.0835696 -0.718003 0.567615
v -0.875434 -0.0304044 0.0759065
v -0.716748 0.885859 -0.610068
v -0.686589 -0.545486 -0.0267767
v 0.991208 -0.5857 0.253603
v 0.134348 -0.859998 -0.317389
v 0.731058 -0.583851 -0.0773336
v 0.631936 -0.781673 0.443248
v 0.48764 -0.620904 0.63316
v 0.13102 -0.0386768 -0.272322
v -0.152352 -0.288045 0.603506
v 0.739907 -0.593094 -0.0455937
v 0.2824391 0.27645773 0.14812088
v 0.450873 -0.287027 -0.329764
v -0.572361 -0.0223758 -0.189801
v 0.609211 -0.629593 -0.221299
v 0.245205 0.256178 0.330469
v 0.369607 0.234452 0.0100787
v -0.727106 -0.538603 0.0133244
v 0.34508133 0.25021172 0.03390503
v 0.414456 -0.231341 0.674029
v 0.259881 -0.149731 -0.296568
v 0.145354 -0.328575 -0.464406
v 0.14246 -0.383819 -0.463505
v -0.70448303 -0.15046692 0.5390053
v -0.673423 -0.265638 0.565758
v 0.753951 -0.27555 -0.0899009
v -0.8842468 0.016988277 0.342865
v -0.928674 -0.268531 0.262537
v -0.6675186 -0.24549866 0.56602097
v 0.0511678 -0.171192 -0.373447
v 0.5258789 0.046051025 0.46795654
v 0.757206 -0.299088 -0.0829966
v -0.699281 -0.216598 0.556725
v -0.267694 -0.411723 -0.228254
v 0.137796 -0.704193 -0.403498
v 0.149056 -0.77859 -0.37569
v -0.525336 0.510499 0.441294
v 0.157883 -0.863418 -0.312427
v 0.143584 -0.884733 -0.310449
v -0.447855 0.489314 0.228778
v -0.466825 -0.810951 0.550589
v -0.612897 0.551503 -0.463191
v -0.562409 -0.072879 -0.213549
v -0.675523 -0.0678014 0.512571
v 0.146433 -0.0634024 -0.273137
v 0.69025326 0.015625 0.0894146
v -0.68423 -0.0410197 0.501244
v -0.666197 -0.018966 0.504087
v -0.678349 0.515801 -0.528253
v -0.653246 0.522651 -0.517621
v 0.143826 -0.265488 -0.443284
v 0.15293503 -0.31232834 -0.4584179
v 0.157325 -0.346297 -0.463694
v 0.707775 -0.775833 0.430961
v 0.147809 -0.407606 -0.462514
v 0.152761 -0.430025 -0.458283
v 0.167802 -0.476063 -0.442027
v -0.235308 -0.662368 -0.12672
v -0.22143 -0.642666 -0.139361
v 0.160442 -0.520729 -0.438524
v 0.732529 -0.748815 0.435004
v -0.402162 -0.653971 0.481841
v 0.619542 -0.754802 -0.115416
v -0.577352 0.753485 -0.765503
v -0.265971 -0.270759 -0.284313
v -0.95014 0.365016 0.277231
v -0.68771 -0.89441 0.0350534
v 0.79564095 -0.32024765 0.049324036
v 0.159788 -0.650074 -0.419181
v -0.696691 0.376964 -0.0770538
v 0.154219 -0.679791 -0.407203
v -0.682405 0.129929 0.703226
v 0.5629883 -0.28077316 0.6066742
v -0.745316 0.504529 -0.253832
v 0.744261 -0.593704 0.39563
v 0.731747 -0.618358 0.410374
v 0.15803528 -0.72117615 -0.39622498
v 0.144464 -0.753821 -0.386678
v 0.15169525 -0.23740005 0.74523926
v 0.158274 -0.832858 -0.342512
v 0.514749 -0.732446 0.570716
v -0.113812 -0.945062 0.71116
v 0.1681366 -0.9112339 -0.3072014
v -0.641969 -0.528625 -0.0938274
v 0.14554596 0.02897644 0.5569916
v -0.0923945 0.60009 -0.0777698
v -0.192416 -0.763818 0.521703
v 0.287903 -0.0751169 0.57292
v 0.174476 -0.766325 0.691268
v 0.159903 -0.745692 0.703978
v 0.167478 -0.328705 -0.460734
v 0.160281 -0.367805 -0.460425
v 0.16505 -0.393156 -0.456976
v 0.166391 -0.41454 -0.45554
v 0.159599 -0.452461 -0.449833
v -0.103217 -0.458238 0.637748
v 0.222547 -0.376563 0.75679
v 0.209265 -0.347636 0.757778
v 0.281223 -0.642347 0.729467
v 0.151133 -0.578101 -0.431663
v 0.5156 -0.692085 -0.306549
v -0.10971069 -0.47615433 0.6101074
v 0.384564 0.190045 -0.0572731
v 0.15457726 -0.79719925 -0.368824
v -0.289152 -0.388382 -0.234585
v 0.2602806 -0.83213806 0.6298981
v -0.463238 -0.69686 0.220359
v 0.262365 -0.800804 0.666411
v 0.252279 -0.85025 0.61258
v -0.633837 0.153308 0.674407
v 0.264424 -0.872047 0.607521
v -0.0871547 -0.808968 0.677023
v -0.9318 -0.207285 0.277661
v -0.635636 0.11709 0.675997
v -0.476256 0.428625 0.00644477
v 0.183453 -0.963272 -0.288368
v -0.713987 0.446702 -0.177996
v -0.691758 0.448645 -0.227886
v -0.691723 0.431581 -0.161739
v -0.112523824 -0.96747535 0.6262474
v 0.158211 -0.0878889 -0.278105
v 0.177129 -0.305434 -0.450828
v 0.177153 -0.351355 -0.458834
v -0.836476 0.496027 0.0454492
v 0.17598 -0.432863 -0.449167
v 0.78606284 -0.16898417 0.13448334
v 0.83983 -0.836726 0.0507963
v 0.185783 -0.456306 -0.442782
v 0.17655563 -0.50028133 -0.43688107
v 0.381244 0.219699 0.376462
v 0.18512726 -0.52903366 -0.42725754
v -0.584945 0.506055 -0.125126
v 0.91685486 -0.7193451 0.020904541
v 0.17670059 -0.5557289 -0.42493343
v 0.931207 -0.744125 0.0595778
v 0.1970501 -0.5735178 -0.42277384
v -0.698675 -0.913557 0.0438982
v -0.416148 -0.78747 -0.094726
v 0.165047 -0.627636 -0.426316
v 0.788077 -0.372156 0.00916827
v 0.183169 -0.661403 -0.40822
v 0.187848 -0.714163 -0.389784
v 0.17081 -0.761701 -0.380098
v 0.729311 -0.0786671 0.318503
v -0.808051 -0.0579783 0.424973
v -0.14093018 0.7038727 -0.06774902
v 0.597059 0.0100272 0.452451
v 0.186239 -0.826449 -0.341316
v 0.2066536 -0.8601248 -0.30353928
v -0.0263373 0.741068 -0.232961
v -0.0683428 -0.48936 0.675023
v -0.306186 -0.636939 -0.137461
v -0.4849 0.587192 0.168509
v 0.937288 -0.565411 0.344406
v 0.714727 -0.883705 0.351089
v -0.45582 -0.748101 0.356533
v 0.737648 -0.8707924 0.35546875
v 0.628119 -0.426405 -0.23066
v 0.461818 -0.362802 0.681638
v -0.5951805 -0.5641327 -0.08340454
v -0.616974 -0.56882 -0.0643658
v -0.142376 -0.949095 0.541306
v -0.457336 -0.679544 0.332747
v 0.337698 -0.0527593 0.56656
v 0.33968 -0.0313482 0.546464
v -0.621302 -0.440016 -0.197717
v 0.353827 0.0285205 0.52321
v 0.204347 -0.315102 -0.444675
v 0.190445 -0.331793 -0.454891
v 0.184308 -0.376499 -0.452157
v 0.189276 -0.407072 -0.446417
v 0.202846 -0.43497 -0.44201
v 0.195609 -0.480603 -0.437654
v 0.213632 -0.55117 -0.41951
v -0.533999 -0.818929 -0.0233212
v 0.27566 -0.2081 0.712573
v 0.182667 -0.612125 -0.426132
v 0.20703125 -0.6420288 -0.4101181
v 0.184047 -0.688095 -0.39903
v -0.89599955 -0.35107803 0.23233795
v 0.295155 -0.250261 0.724254
v 0.208928 -0.694889 -0.389721
v 0.193063 -0.740981 -0.37989
v 0.200916 -0.774221 -0.374418
v -0.825735 -0.451032 0.279901
v -0.893117 -0.0515275 0.115587
v -0.447944 -0.717786 0.30957
v 0.17610168 -0.88795066 -0.30586243
v 0.18501282 -0.9358196 -0.30175972
v 0.370147 -0.968301 0.468186
v -0.958521 0.296323 0.310212
v -0.648536 0.0403218 -0.119096
v -0.550262 0.18474 -0.084917
v 0.567144 0.130579 0.346599
v -0.902466 -0.0716907 0.126277
v -0.306001 0.554044 0.0888141
v -0.94082606 0.288527 0.4477415
v -0.0953869 0.166707 0.33321
v 0.36746 -0.284409 0.71645
v 0.615679 -0.705901 -0.172563
v -0.58593 0.50274 -0.152536
v 0.209825 0.246095 0.00520372
v 0.18172455 0.25125313 0.023563385
v 0.201183 -0.355856 -0.451442
v 0.224148 -0.125344 0.624416
v 0.220327 -0.413347 -0.438318
v 0.519852 -0.968677 0.111883
v -0.379896 -0.973025 0.2934
v 0.204128 -0.504683 -0.429314
v 0.208745 -0.528063 -0.420722
v -0.165278 0.566633 -0.0250943
v -0.721852 0.449581 0.58569
v -0.52002 0.626363 0.0765928
v 0.206443 -0.619256 -0.417684
v 0.6562195 -0.34437943 0.53804016
v 0.30395603 0.26940298 0.26644516
v -0.51669 0.324147 0.458748
v -0.5871521 0.66950035 -0.5667038
v -0.672727 -0.222921 0.562549
v -0.68008 -0.195174 0.56041
v 0.213434 -0.71855 -0.378848
v 0.222903 -0.745949 -0.372715
v -0.0395998 0.639428 -0.0472222
v 0.207593 -0.815821 -0.349122
v -0.207377 0.602453 0.047764
v -0.723426 -0.458973 -0.107226
v -0.665412 -0.0947147 0.53039
v -0.635056 0.186257 0.663929
v 0.222455 -0.881061 -0.297301
v 0.24822235 -0.91904163 -0.29585743
v -0.0803366 -0.769849 0.608599
v -0.496361 0.452733 0.000534309
v 0.223964 -0.91361 -0.0233987
v -0.184722 0.746454 -0.0625092
v -0.494083 0.113391 0.500763
v 0.21982 -0.301798 -0.431888
v 0.953944 -0.715888 0.302735
v 0.210851 -0.336533 -0.447793
v 0.312089 -0.193286 0.687789
v 0.214224 -0.382987 -0.441749
v -0.586082 0.157013 0.593299
v -0.292366 0.577438 0.0888187
v 0.214358 -0.460119 -0.438515
v -0.584456 0.69089 -0.551271
v 0.225175 -0.485241 -0.431851
v 0.39751244 0.06904602 0.49729156
v 0.373568 0.0857654 0.493799
v -0.117268 -0.981225 -0.263772
v 0.262538 -0.339784 0.754508
v 0.230524 -0.30755 0.754489
v 0.221158 -0.574743 -0.421845
v 0.270689 -0.549624 0.737092
v 0.103732 0.792486 -0.312445
v -0.842855 0.167154 0.662537
v 0.201719 -0.593718 -0.422323
v 0.227981 -0.600519 -0.418798
v 0.208266 -0.670386 -0.39949
v 0.2318039 -0.6811981 -0.39362335
v -0.347234 -0.0149148 0.518382
v 0.7600708 -0.35748768 -0.0625
v -0.495889 0.378 -0.0181544
v 0.6834564 -0.45420837 -0.1499176
v 0.595134 -0.684915 -0.20604
v -0.413546 0.426565 0.0983204
v -0.395221 0.449773 0.0969964
v 0.218917 -0.798681 -0.36145
v 0.0986387 0.766091 -0.25806
v 0.761014 -0.671189 0.424016
v 0.216327 -0.842965 -0.315977
v 0.225969 -0.94095 -0.296457
v 0.46311975 0.22332335 0.19404793
v 0.15193176 0.17075348 0.46427536
v -0.446151 0.464216 0.219016
v 0.191465 -0.677736 0.715905
v -0.562679 -0.214556 -0.226851
v 0.606902 -0.0158937 0.460386
v 0.729887 -0.179304 -0.0660606
v -0.5792966 0.5833092 0.33839035
v 0.152508 -0.841906 0.627657
v 0.36759186 -0.23532867 0.69869995
v -0.63717175 0.8926313 -0.6846509
v 0.887025 -0.762408 0.348431
v 0.23333 -0.284408 -0.422125
v -0.683114 -0.879196 0.0864421
v 0.638339 -0.40172 -0.221138
v 0.300979 -0.105566 0.608389
v 0.235399 -0.330156 0.758092
v 0.20978 -0.317784 0.755905
v -0.826673 0.56524 0.146554
v 0.23327637 -0.4016838 -0.43443394
v 0.232002 -0.438617 -0.436456
v -0.450485 0.271661 0.434972
v -0.0794326 0.911478 -0.126565
v 0.228968 -0.536115 -0.413804
v 0.232932 -0.627217 -0.410743
v -0.554837 0.413486 0.472735
v 0.233953 -0.65468 -0.401873
v 0.404049 0.172675 0.424926
v 0.655544 -0.709225 0.471027
v -0.139493 0.59413 -0.000580785
v 0.431303 -0.935281 -0.223214
v -0.239115 -0.971574 -0.218299
v 0.683668 -0.606383 0.493175
v 0.244324 -0.719941 -0.37448
v -0.580074 0.760929 -0.656755
v 0.235753 -0.774509 -0.369123
v 0.0769612 0.725302 -0.195077
v -0.20478058 0.78767395 -0.018836975
v -0.627237 0.473074 -0.285677
v -0.81064 0.326436 -0.0323667
v 0.220414 -0.969801 0.554067
v 0.21733856 0.18240356 -0.09283447
v -0.487852 0.481166 -0.00304858
v 0.71084535 -0.009155661 0.14204025
v 0.23913574 -0.26103973 -0.41592407
v -0.58381915 0.533968 -0.2412796
v 0.226578 -0.327183 -0.435824
v 0.225292 -0.353893 -0.439859
v 0.242625 -0.374697 -0.429667
v -0.657113 0.473045 0.547268
v 0.2597 -0.396589 -0.42514
v -0.258719 0.528609 -0.0390885
v -0.6912079 -0.42749023 0.5104675
v -0.132117 -0.93845 0.228588
v 0.281026 -0.92592 -0.137835
v 0.901302 -0.490297 0.291028
v 0.832192 -0.777189 -0.0269978
v 0.507346 -0.425516 0.656833
v 0.234954 -0.51232 -0.419227
v 0.913058 -0.75644 0.0407455
v -0.151362 -0.957216 0.231246
v -0.998262 0.150087 0.282038
v -0.016975403 -0.91673696 -0.1646738
v 0.237832 -0.555926 -0.414061
v 0.247146 -0.579757 -0.415437
v -0.933879 0.394349 0.420138
v 0.77988434 -0.50128174 0.015792847
v 0.254564 -0.605597 -0.408843
v 0.251966 -0.693735 -0.384569
v 0.569543 -0.84488 0.476419
v -0.508835 -0.430071 0.572119
v 0.8891928 -0.82620335 0.20212746
v -0.779117 0.0576806 -0.0414007
v -0.293045 0.212725 0.258621
v 0.253897 -0.748567 -0.365977
v 0.9180069 -0.68383217 0.36805725
v 0.247069 -0.799334 -0.355223
v 0.6332245 -0.2385025 0.55620956
v 0.489627 -0.809393 0.54746
v -0.862588 0.562462 0.203827
v 0.50436616 0.20085466 0.20492744
v -0.188676 -0.922481 0.0133815
v -0.821913 0.29985 -0.0294978
v 0.742376 -0.78173 0.434992
v -0.5882056 0.22052556 -0.08797306
v -0.585041 0.443338 -0.0649699
v 0.262489 -0.287453 -0.41285
v 0.0850418 0.892112 -0.338436
v -0.663416 0.427609 0.581016
v -0.268093 0.742575 -0.148549
v 0.25643 -0.488324 -0.424299
v 0.252711 -0.535277 -0.408089
v 0.875712 -0.793426 0.0315564
v 0.352303 -0.753356 0.670237
v -0.246016 0.552613 -0.0743564
v -0.431241 -0.67449 0.439102
v 0.257213 -0.667505 -0.391407
v -0.930302 -0.270772 0.156784
v -0.925274 -0.275788 0.133118
v -0.07234192 0.17466736 0.3294983
v -0.06150818 0.18946838 0.3060608
v -0.5227184 0.24986267 0.5114212
v -0.08200073 0.19773555 0.2643547
v -0.234276 0.849978 -0.115058
v -0.258782 0.832636 -0.108914
v -0.232272 0.858507 -0.0841633
v 0.266753 -0.775807 -0.358945
v 0.382364 -0.95334 -0.251419
v -0.5982914 0.6029606 -0.5072403
v 0.25165558 -0.81970215 -0.33769226
v 0.256494 -0.8378 -0.316355
v 0.00204218 0.69572 -0.114303
v 0.0496593 -0.968852 0.621628
v 0.619383 0.050873 0.391266
v -0.44380188 0.5838394 -0.03895569
v -0.538479 0.127122 0.536207
v 0.562275 -0.816012 0.500523
v 0.594934 -0.946504 0.0447877
v -0.5456619 0.28144252 -0.06964064
v -0.71802 0.726884 -0.242899
v 0.268017 0.0160972 -0.240422
v 0.292106 0.275007 0.224851
v 0.65473175 -0.9059143 0.34632874
v -0.8622284 0.52319527 0.41960144
v -0.198707 -0.724186 -0.12953
v 0.35984695 0.25857925 0.08479309
v 0.3115387 0.25771904 0.31638336
v 0.272136 0.25455 0.335431
v -0.023854 -0.948498 -0.334368
v 0.39262 -0.756685 0.635037
v 0.34894943 0.2675298 0.15823555
v 0.268504 -0.25891 -0.407145
v -0.812782 -0.491079 0.0961695
v -0.652727 -0.204473 0.564455
v -0.650159 -0.231529 0.570667
v -0.37556696 -0.9835934 -0.04480934
v -0.658821 -0.176248 0.56026
v 0.272643 -0.319517 -0.413442
v -0.6498127 -0.1362114 0.5522585
v 0.252463 -0.344063 -0.424878
v -0.6224632 -0.09626198 0.54896927
v 0.270709 -0.372125 -0.419883
v 0.28753 -0.395439 -0.417934
v -0.650723 -0.0658208 0.522598
v -0.659603 -0.0446017 0.509302
v 0.275683 -0.419093 -0.423802
v 0.921519 -0.796424 0.171245
v 0.270099 -0.513064 -0.413998
v -0.0429735 -0.961428 -0.226822
v -0.307897 -0.974316 0.411925
v 0.569951 -0.721636 -0.236397
v -0.635662 0.576111 -0.632132
v 0.271712 -0.583114 -0.40636
v 0.26225 -0.63499 -0.396022
v -0.31353 -0.25175 -0.27523
v 0.249958 -0.23556 -0.404776
v 0.275121 -0.682081 -0.378547
v 0.270839 -0.706504 -0.373507
v -0.900597 -0.00279314 0.16459
v 0.269609 -0.72836 -0.366596
v 0.277712 -0.82423 -0.324604
v 0.619166 -0.649047 -0.202901
v 0.24816513 -0.8783245 -0.29321003
v 0.916258 -0.559731 0.356594
v 0.245579 -0.531528 0.738352
v 0.223805 -0.544884 0.743607
v -0.240574 0.56035 0.0438045
v -0.0024795532 0.8266487 -0.2060337
v -0.49778 0.527869 -0.00556744
v 0.462393 -0.850306 -0.261911
v -0.490746 0.280122 0.46901
v -0.93631 0.400888 0.195822
v 0.271502 -0.91455 -0.0966032
v 0.13265991 -0.9674883 -0.20602989
v -0.523047 -0.873066 0.249296
v 0.301153 -0.324625 -0.405314
v 0.586141 -0.732472 -0.217125
v 0.2853 -0.347044 -0.414861
v 0.300217 -0.371492 -0.414034
v -0.9545621 0.25509453 0.44168854
v 0.179489 -0.397005 0.765738
v 0.194078 -0.373686 0.759389
v 0.26916504 -0.4643631 -0.42678833
v 0.193077 -0.62578 0.738911
v 0.288302 -0.490083 -0.418534
v 0.284272 -0.564664 -0.401829
v 0.167409 0.110673 0.515701
v 0.262961 -0.559513 -0.406623
v 0.15620422 0.08489227 0.5306778
v 0.71099854 -0.41711426 0.47280884
v -0.232945 -0.540715 -0.191839
v 0.280475 -0.606187 -0.396113
v 0.282186 -0.656077 -0.379599
v -0.379016 0.453977 0.0763649
v 0.293675 -0.696317 -0.374221
v 0.288248 -0.748379 -0.359393
v 0.275248 -0.802066 -0.343849
v 0.347371 -0.257286 0.71504
v -0.565508 -0.821268 0.432203
v 0.288157 -0.857379 -0.296803
v 0.374679 -0.162703 0.645653
v 0.504879 0.19039297 0.07474518
v 0.304273 -0.883554 -0.286279
v 0.334821 -0.773269 0.666411
v 0.317147 -0.118585 0.624097
v -0.437649 0.137675 0.451896
v 0.28072357 -0.90838146 -0.28904533
v -0.593635 0.529604 -0.350013
v 0.285066 -0.935289 -0.288461
v -0.299652 0.685981 0.0596242
v -0.51781464 -0.6491165 0.3025589
v -0.55819 -0.321817 -0.23756
v 0.955738 -0.500303 0.134791
v -0.930829 0.382742 0.476428
v -0.794223 0.770714 -0.457125
v -0.583848 0.051921 0.507249
v 0.304689 -0.0191652 -0.238392
v 0.2840476 -0.037640095 -0.24260426
v 0.291117 -0.298587 -0.407414
v 0.290126 -0.751572 0.695907
v 0.00234294 0.644614 -0.132582
v 0.7140503 -0.29133987 0.46444702
v -0.48379517 0.65943146 0.033107758
v 0.304155 -0.814516 0.647404
v 0.2804718 -0.44487953 -0.42523193
v 0.276946 -0.849437 0.613531
v 0.29477692 -0.8709097 0.6037779
v -0.812234 0.5667 0.131384
v -0.275205 -0.879618 0.565031
v -0.312332 0.66375 0.0660896
v 0.26054382 -0.89557886 0.6103544
v 0.305955 -0.603957 -0.388211
v -0.64115524 0.45716095 0.5474777
v -0.620076 0.452528 -0.195728
v -0.608313 0.469251 -0.215926
v 0.292713 -0.628136 -0.38154
v -0.599524 0.472691 -0.189369
v 0.292274 -0.720012 -0.369689
v 0.296742 -0.779202 -0.346602
v 0.297563 -0.833846 -0.309334
v 0.651474 -0.6322937 -0.17538452
v 0.307855 -0.917397 -0.284183
v -0.968681 0.200102 0.434539
v -0.643714 0.298323 0.600166
v 0.310779 -0.0406141 -0.241736
v -0.219643 -0.856483 0.62386
v 0.765516 -0.24358 -0.0416772
v 0.82606506 -0.8291626 0.022705078
v 0.858396 -0.816362 0.0407592
v -0.266381 -0.818224 0.536064
v -0.458094 0.420866 0.282588
v 0.304912 -0.467509 -0.418272
v -0.521133 0.346988 0.445301
v 0.659627 -0.439923 0.528982
v 0.317851 -0.490173 -0.408729
v 0.301698 -0.513484 -0.406866
v -0.350704 0.611419 0.0977734
v 0.808786 -0.53977 0.345709
v 0.30473328 -0.55936646 -0.39515305
v -0.608615 0.654075 -0.71947
v 0.941224 -0.609503 0.353143
v 0.295068 -0.583023 -0.39759
v 0.749999 -0.727088 0.435406
v 0.723694 -0.808187 0.426133
v 0.7395935 -0.48786926 -0.09320068
v 0.217259 -0.746275 0.709489
v -0.9365995 0.3120966 0.44274902
v 0.233083 -0.401151 0.756062
v 0.315302 -0.652579 -0.371361
v -0.746212 0.445023 -0.0785873
v 0.296254 -0.674537 -0.374759
v -0.587949 0.216698 0.575198
v 0.231717 0.006499 0.565837
v -0.899733 0.534966 0.160968
v 0.319867 -0.759488 -0.353682
v 0.324362 -0.826452 -0.309455
v 0.315919 -0.852759 -0.297441
v 0.74486 -0.06667596 0.14360428
v 0.539073 0.133758 0.379847
v -0.656107 0.173294 0.687932
v -0.556874 -0.355116 -0.236382
v 0.9621048 -0.6718216 0.06980896
v -0.940759 0.295904 0.42072
v 0.302824 -0.0622677 -0.248791
v 0.28778458 -0.07831764 -0.25407505
v -0.294393 0.147215 0.380399
v 0.979721 -0.699066 0.186754
v -0.766945 0.442693 0.59079
v 0.793999 -0.400306 0.0172024
v 0.32996368 -0.36938477 -0.40081787
v -0.939843 0.431474 0.195069
v 0.315495 -0.39315 -0.412942
v -0.511782 0.512432 0.417639
v 0.330005 -0.418739 -0.408393
v -0.609921 -0.856989 0.474422
v 0.303586 -0.418277 -0.418561
v 0.31959057 -0.44395137 -0.41531467
v 0.2861309 -0.5393631 -0.4019313
v -0.253442 -0.899847 0.60476
v 0.80752945 -0.37530518 0.07987976
v -0.482078 -0.786039 0.467521
v -0.611219 0.558616 0.0332848
v 0.32012177 -0.580451 -0.3914585
v 0.316348 -0.622543 -0.378287
v 0.973229 -0.687781 0.276612
v -0.694183 0.510479 -0.512793
v 0.0627016 -0.134286 0.62048
v 0.0467889 0.687208 -0.139641
v 0.319638 -0.730985 -0.366258
v -0.112675 0.151202 -0.0702107
v 0.720862 -0.436402 -0.109185
v 0.866289 -0.683668 0.405691
v -0.63350296 -0.26624656 0.5886059
v -0.38512516 -0.9667848 0.19757557
v -0.529542 0.457178 0.442548
v -0.58316 0.56506 -0.174632
v -0.130912 0.918412 -0.0975336
v -0.73366547 -0.11526871 0.505394
v 0.333004 -0.92752 -0.279576
v 0.333472 0.155702 0.469847
v 0.8083954 -0.8691255 0.080215454
v 0.35303855 0.25465202 0.05430603
v -0.41028905 -0.70214844 -0.11021423
v -0.8645935 0.1480608 -0.02532196
v -0.12975788 -0.6242981 0.51153183
v 0.592975 -0.744685 -0.198177
v 0.340769 -0.305859 -0.38823
v 0.3231392 -0.32778502 -0.3972473
v -0.639133 -0.156121 0.558265
v -0.425625 -0.750578 0.235128
v -0.542828 0.461646 0.467412
v 0.344777 -0.489323 -0.396746
v 0.330006 -0.511873 -0.396175
v -0.386348 -0.953995 0.596493
v 0.342034 -0.533227 -0.383149
v -0.704306 -0.456837 -0.129709
v -0.642986 -0.0256517 0.508098
v -0.312697 -0.983985 -0.276246
v -0.284753 0.203382 0.285012
v 0.33728027 -0.603405 -0.38148117
v 0.568204 -0.12574 0.550195
v -0.441197 -0.810247 0.542362
v -0.436801 -0.798208 0.522927
v 0.337571 -0.626846 -0.371593
v 0.31641388 -0.68584824 -0.3735156
v -0.624625 0.799809 -0.75193
v 0.245062 -0.449599 0.748872
v -0.758556 0.598 -0.0632097
v -0.862072 -0.38656235 0.3061638
v 0.351705 -0.935738 -0.274162
v -0.460817 0.515577 0.272408
v 0.240409 -0.42523 0.753022
v 0.14223385 -0.15909004 0.69198227
v -0.347401 0.558204 0.116645
v -0.4154353 -0.6677246 -0.119003296
v -0.895159 -0.0355719 0.241899
v 0.33981705 -0.02976799 -0.23441029
v 0.354099 -0.282944 -0.381332
v 0.442519 -0.0691628 0.583154
v 0.619854 -0.266086 0.570789
v 0.42507935 -0.1315155 0.6244278
v 0.350912 -0.330622 -0.383932
v -0.658197 -0.310745 0.575964
v 0.276436 0.0467774 0.543822
v -0.854693 0.0722051 0.637296
v 0.291966 -0.275709 0.73698
v 0.339097 -0.393171 -0.399225
v -0.663516 -0.54921 -0.0465908
v 0.343068 -0.441624 -0.399579
v -0.704779 -0.911335 0.0948469
v 0.23120117 -0.042030334 0.57078743
v 0.224864 -0.441862 0.762477
v -0.5484 0.486819 0.478909
v 0.509486 -0.909968 0.512387
v 0.1469836 -0.30176926 0.753402
v -0.0545578 -0.92796326 0.5353699
v -0.698943 0.242599 -0.094351
v 0.583199 -0.818281 -0.0818391
v -0.426521 0.547337 0.165244
v -0.857707 0.38489 0.591071
v 0.3499298 -0.6524091 -0.3635788
v 0.184873 -0.326643 0.757439
v 0.169327 -0.864484 0.629465
v 0.179591 -0.840223 0.623038
v -0.323249 0.234052 0.20181
v 0.189794 -0.701841 0.720406
v -0.135798 -0.977181 -0.253102
v 0.0397898 0.717843 -0.154267
v 0.35134888 -0.72317123 -0.36154747
v 0.182891 -0.525753 0.750667
v 0.34379578 -0.7584076 -0.35050964
v 0.3513794 -0.785347 -0.3349533
v 0.34601212 -0.82110214 -0.31023026
v 0.175751 -0.723988 0.716777
v -0.648691 0.714553 -0.260543
v 0.346751 -0.844939 -0.300989
v -0.6224289 0.05807495 -0.122680664
v 0.34515762 -0.8867798 -0.2841053
v 0.35711193 -0.9135637 -0.2762146
v 0.606932 -0.428978 -0.250768
v 0.600638 -0.748084 -0.176909
v 0.593621 -0.771106 -0.168476
v 0.294937 -0.565568 0.734278
v -0.408843 -0.629551 -0.133601
v -0.410878 -0.758714 -0.0946439
v 0.255962 -0.681119 0.712015
v 0.280916 -0.696175 0.705025
v -0.0749825 -0.505331 0.655336
v 0.299484 -0.720684 0.699321
v 0.271965 -0.73058 0.705742
v 0.626915 -0.687795 -0.168442
v -0.355418 -0.802414 -0.116749
v -0.363703 -0.772967 -0.112682
v 0.36512 -0.309114 -0.378445
v 0.361424 -0.353823 -0.38175
v 0.53271484 -0.24699402 0.6246948
v 0.356509 -0.466192 -0.389561
v -0.573994 0.729024 -0.755412
v -0.120826 -0.928233 0.16422
v -0.290596 0.505208 0.0322128
v -0.253768 0.569174 -0.0941455
v 0.491845 -0.932538 0.506382
v 0.357136 -0.511388 -0.388148
v 0.355258 -0.556667 -0.376577
v -0.62723 0.438282 0.541795
v 0.885367 -0.629115 0.397719
v 0.368335 -0.580836 -0.374278
v -0.90296507 0.5468879 0.2801094
v 0.478141 -0.753422 0.588497
v -0.969131 0.104711 0.138116
v -0.713432 0.501391 0.531726
v -0.830925 0.524329 0.446381
v 0.79043007 -0.4220562 0.007286072
v 0.216363 -0.968987 0.586574
v -0.132334 -0.788325 -0.305394
v 0.362378 -0.868337 -0.291356
v 0.017674446 -0.2946663 -0.47456837
v -0.44085 0.391417 0.0392129
v 0.77547455 -0.4225769 -0.02645874
v -0.552962 -0.411688 -0.223725
v 0.785093 -0.395515 -0.00617019
v -0.448691 0.544758 -0.0301119
v 0.778607 -0.370547 -0.0157871
v 0.379748 -0.286887 -0.374793
v 0.375279 -0.334274 -0.374578
v 0.701998 -0.149546 -0.0987011
v -0.895228 0.0321499 0.364475
v 0.38812256 -0.3854561 -0.37641907
v 0.425674 0.194299 0.380565
v 0.0289017 -0.956708 -0.212289
v 0.353765 -0.416182 -0.392377
v 0.027758 -0.97529 -0.233381
v 0.36725 -0.441125 -0.380967
v 0.782326 -0.347474 -0.000713123
v 0.301653 -0.911375 0.428519
v 0.371108 -0.48876 -0.386276
v 0.62220645 -0.933136 0.02835846
v 0.595806 -0.931887 0.0136964
v 0.813483 -0.432572 0.148411
v 0.36938 -0.533715 -0.380063
v -0.62005234 -0.034233093 -0.16443634
v 0.7308426 -0.502182 0.43717957
v 0.382324 -0.556829 -0.373529
v 0.362558 -0.628315 -0.363057
v -0.47488403 0.255836 0.46817017
v -0.758519 0.758026 -0.354642
v 0.3346157 -0.7048278 -0.3695078
v 0.910018 -0.676397 -0.00552305
v -0.604276 0.368796 0.516327
v 0.371595 -0.766111 -0.337963
v 0.379159 -0.787998 -0.325367
v 0.366859 -0.824647 -0.305441
v 0.376574 -0.845472 -0.298284
v -0.690073 0.492898 -0.436572
v 0.374583 -0.888192 -0.280803
v -0.57552 -0.447595 -0.205463
v -0.403985 -0.605014 -0.140338
v 0.322102 -0.378391 0.730404
v 0.636052 -0.750412 -0.0889957
v -0.11823535 0.2028405 0.19199944
v -0.0051841736 0.17753983 -0.05103302
v -0.114109 0.201064 0.213509
v 0.17544937 -0.06226158 -0.26991558
v -0.276372 -0.340365 -0.261287
v -0.557418 0.293816 0.505222
v -0.127186 0.194544 0.235239
v -0.138845 0.186134 0.259397
v -0.149088 0.174793 0.282682
v -0.27654 0.662877 0.0278209
v -0.461845 0.105861 0.462865
v -0.285168 0.684972 0.0393926
v -0.03943634 0.1809082 0.34796143
v -0.6533661 0.059529305 -0.10548782
v 0.390238 -0.312869 -0.371265
v -0.65343714 0.6758499 -0.17020416
v -0.127057 0.885849 -0.199283
v -0.59644485 0.6463585 -0.66955566
v 0.397619 -0.489325 -0.377431
v 0.383881 -0.511689 -0.383481
v -0.9794102 0.20397949 0.16806793
v 0.395671 -0.53382 -0.37703
v -0.801477 -0.464359 -0.0124799
v 0.74325 -0.850267 0.381779
v -0.586722 -0.834209 0.498892
v 0.378702 -0.605436 -0.366125
v -0.621681 -0.3583908 0.5793724
v 0.5407796 -0.922657 0.40044022
v -0.220951 -0.565949 -0.188994
v 0.41060257 -0.63057756 -0.34975052
v 0.524037 -0.748958 0.547401
v 0.37854767 -0.6813865 -0.35834122
v 0.379528 -0.715509 -0.353604
v 0.9875355 -0.67018986 0.22379303
v 0.388407 -0.74335 -0.338891
v 0.38412 -0.807457 -0.310486
v 0.289894 -0.832299 0.630342
v 0.389584 -0.865796 -0.288513
v 0.386211 -0.908617 -0.270143
v -0.634617 -0.328075 0.583265
v -0.457119 0.515106 -0.0195173
v -0.637225 -0.296797 0.587948
v -0.430135 -0.741656 -0.0873711
v 0.65556335 -0.39930725 -0.20248413
v 0.0391952 -0.919132 -0.179125
v -0.5612335 -0.92851233 0.6005249
v -0.0986754 -0.171826 0.590146
v 0.571231 -0.94379 0.0237039
v -0.729186 0.489243 -0.271356
v -0.62489 -0.214382 0.576944
v -0.632722 -0.244369 0.583761
v -0.3269 -0.539737 -0.187516
v -0.631311 -0.183799 0.564291
v 0.400606 -0.33882 -0.365688
v -0.763807 0.793525 -0.449604
v -0.621713 -0.129554 0.559124
v -0.253647 -0.969382 0.553241
v -0.162724 0.749394 -0.0802151
v -0.40200043 -0.9657886 0.5817337
v 0.379809 -0.414779 -0.379212
v -0.62397 -0.0584433 0.528013
v -0.640072 -0.0456218 0.516625
v 0.399806 -0.438141 -0.367779
v -0.624206 -0.00909999 0.505939
v 0.38381 -0.46537 -0.376777
v 0.276381 -0.515991 0.736655
v 0.296597 0.0065112 -0.237988
v 0.717555 -0.407359 -0.119567
v 0.415857 -0.530975 -0.369665
v -0.09608 -0.125222 -0.288052
v -0.604582 0.397711 0.519563
v 0.511023 -0.234638 0.632426
v -0.576403 0.58442 -0.246767
v 0.404062 -0.607112 -0.359397
v 0.236041 -0.664194 0.723954
v -0.110679 -0.218699 0.613808
v 0.400741 -0.659101 -0.351063
v 0.396916 -0.767006 -0.328468
v 0.436401 -0.119777 0.618666
v 0.387596 -0.825676 -0.300812
v 0.404969 -0.839749 -0.292685
v 0.223795 -0.620435 0.745062
v 0.401128 -0.885274 -0.275574
v -0.817589 0.0665963 -0.0222846
v -0.636441 0.719301 -0.72818
v 0.332031 -0.201003 0.685309
v -0.492841 -0.37577 -0.251462
v -0.549824 0.211071 0.544576
v -0.389387 -0.848279 -0.118265
v -0.41355 -0.842116 -0.109302
v 0.315285 -0.215223 0.698777
v 0.561469 -0.0833786 0.525434
v 0.229779 -0.488176 0.750489
v -0.477657 -0.533706 -0.15354
v 0.189482 -0.937182 0.127908
v 0.262892 -0.6354 0.737839
v 0.40690613 -0.36792564 -0.3643875
v 0.403774 -0.41094 -0.369465
v 0.15781 -0.535793 0.745814
v 0.177142 -0.548931 0.746677
v 0.411816 -0.4676 -0.365795
v -0.0967129 0.120211 0.419448
v 0.663899 -0.654526 -0.147467
v 0.40815 -0.512197 -0.375018
v 0.22144699 -0.8326416 -0.3264618
v 0.169119 -0.665621 0.713432
v -0.147685 -0.247933 -0.36444
v 0.411303 -0.555256 -0.366088
v 0.428079 -0.608933 -0.349988
v 0.186783 -0.473333 0.770934
v 0.163261 -0.483996 0.769109
v -0.607576 -0.192866 -0.214777
v 0.167465 -0.46169 0.773942
v 0.2570343 -0.9696164 0.5718651
v -0.283826 0.602883 0.0828586
v 0.548285 -0.102467 0.547812
v 0.42609 -0.673219 -0.346449
v 0.342651 -0.73291 0.686426
v 0.405332 -0.692985 -0.351216
v 0.307206 -0.140112 0.636777
v 0.410093 -0.723099 -0.34113
v 0.411753 -0.746608 -0.329769
v 0.4038 -0.78863 -0.313239
v 0.294775 -0.372283 0.738323
v 0.311658 -0.424725 0.740761
v 0.406112 -0.811574 -0.298791
v 0.651136 -0.529936 -0.196968
v 0.415531 -0.862758 -0.281533
v -0.409886 -0.731254 -0.100303
v 0.290004 -0.441643 0.745258
v -0.724944 0.635957 -0.0766523
v 0.29831 -0.494194 0.741508
v -0.740489 0.535942 -0.35063
v 0.2919178 0.02866435 -0.23489428
v 0.66761 -0.520193 -0.179696
v 0.3006897 -0.5370388 0.7319288
v -0.431409 -0.63017 -0.120128
v -0.585943 0.583677 0.12975
v -0.23389626 0.6617336 -0.15740967
v 0.64818716 0.073329926 0.24124527
v -0.340004 -0.471877 -0.213276
v 0.295759 -0.224982 0.711627
v -0.682816 0.556506 -0.597248
v -0.347083 -0.500323 -0.205113
v 0.207834 -0.396408 0.76253
v 0.428612 -0.343322 -0.352142
v -0.42660296 0.41119862 0.19615555
v -0.164553 0.097042 0.41974
v -0.411142 0.372525 0.172535
v 0.52266 -0.648241 0.60364
v 0.499291 -0.289353 0.647181
v 0.434513 -0.374448 -0.351466
v -0.52325 0.571374 0.336483
v -0.26638 -0.805801 -0.213265
v 0.558662 0.123312 0.369914
v 0.418616 -0.393478 -0.361889
v 0.017539024 -0.9817531 -0.26628637
v -0.976617 0.125099 0.446782
v -0.139522 0.755101 -0.0977494
v 0.42764282 -0.49239135 -0.36341858
v -0.0736928 -0.178506 0.60464
v -0.456632 -0.953213 0.611918
v 0.4131775 -0.5831108 -0.36149788
v -0.131512 0.782095 -0.109041
v 0.665668 -0.546897 -0.181115
v 0.700837 -0.522773 -0.146757
v -0.120124 -0.947164 -0.224884
v 0.7081299 -0.45984268 -0.12809753
v 0.940979 -0.72972107 0.06813049
v -0.2764 -0.637 -0.135265
v -0.918008 -0.0929284 0.250277
v 0.433238 -0.702739 -0.344277
v 0.42241 -0.76472 -0.31591
v 0.43053 -0.789313 -0.294151
v -0.278524 0.641398 0.043391
v 0.427571 -0.843302 -0.28297
v 0.577189 -0.720924 0.530204
v -0.92425 -0.115537 0.259151
v -0.40016937 -0.5572815 -0.16145325
v 0.727954 -0.331264 -0.13907
v -0.38253403 -0.7989235 -0.10716629
v -0.23634148 0.16046715 0.3587494
v -0.608265 -0.308333 -0.225321
v -0.182113 0.569947 -0.0732404
v 0.5662842 -0.96522117 0.08732605
v -0.340968 -0.784264 -0.119761
v -0.785697 0.754177 -0.404037
v -0.855406 0.560759 0.174385
v 0.105167 -0.0793375 -0.279351
v -0.521904 0.372212 0.435604
v -0.574734 0.588324 -0.277556
v 0.424014 -0.419821 -0.357307
v 0.044795 0.945218 -0.300941
v 0.19556975 0.26659918 0.08388901
v 0.429232 -0.446964 -0.353883
v -0.139366 -0.964958 0.674774
v 0.160359 -0.509852 0.757135
v -0.591431 0.722712 -0.523863
v 0.434607 -0.631719 -0.340364
v 0.189866 -0.941902 0.158541
v 0.4252472 -0.6511526 -0.3430214
v 0.450168 -0.80636 -0.274102
v 0.446739 -0.83379 -0.274531
v -0.035399 -0.92124 -0.191506
v -0.612891 -0.371578 0.576251
v 0.439422 -0.858222 -0.273047
v -0.5330925 -0.52814484 -0.15731812
v -0.539237 -0.146797 -0.229703
v -0.456772 -0.768173 0.336293
v -0.118236 0.593495 -0.0844648
v -0.613343 -0.307272 0.592683
v -0.335723 -0.640139 -0.141588
v -0.599158 -0.26111 0.599243
v -0.478913 -0.743792 -0.0483146
v -0.145313 -0.933683 -0.215125
v 0.528478 -0.667797 -0.297691
v 0.510992 -0.0671461 0.543692
v -0.603732 -0.187039 0.575363
v -0.611135 -0.160149 0.564256
v -0.589412 -0.137311 0.564446
v -0.642042 -0.00330258 -0.14169
v -0.597307 -0.0856822 0.549141
v -0.48771954 0.34574085 0.41691875
v -0.329184 -0.0716149 -0.246902
v -0.9310379 0.18833923 0.06712341
v -0.336575 -0.761627 -0.120121
v -0.910421 -0.309078 0.246598
v -0.328155 -0.735908 -0.122949
v 0.120913 -0.978272 -0.234376
v -0.534005 -0.983045 -0.105536
v 0.81451 -0.456449 0.113476
v -0.9006958 -0.31833577 0.28163528
v 0.55106735 -0.8509064 -0.07433128
v 0.481317 -0.224671 0.63367
v -0.356432 -0.912882 0.588607
v 0.448238 -0.427548 -0.34334
v -0.2745661 0.23336743 0.13278389
v 0.645252 0.0720672 0.0617329
v 0.392632 -0.120009 0.629388
v 0.388981 -0.0931372 0.615685
v 0.4332962 -0.5164223 -0.3619461
v -0.890656 0.338842 0.594392
v 0.4349594 -0.53796387 -0.35938263
v 0.450776 -0.612201 -0.339271
v 0.359895 0.11091 0.487138
v -0.63656 0.541384 -0.530645
v 0.456401 -0.635966 -0.332009
v 0.266955 -0.914923 -0.0570133
v -0.62672 0.56914 0.0524001
v 0.257513 -0.310313 0.754285
v 0.306973 -0.325397 0.743848
v 0.286713 -0.302151 0.747475
v 0.355008 -0.79864 0.632992
v -0.508085 -0.945959 -0.118426
v 0.450101 -0.680028 -0.338969
v 0.536027 -0.891481 -0.0499265
v 0.529207 -0.874218 -0.0705454
v -0.0075502396 0.18985176 -0.026287079
v 0.460458 -0.705921 -0.336387
v 0.247155 -0.782197 0.681317
v -0.552518 0.189307 0.551625
v -0.745057 -0.462362 -0.0884307
v -0.22177124 0.5946274 -0.11710358
v 0.331268 -0.754451 0.679159
v -0.704548 -0.93704 0.0260995
v 0.1648941 -0.3013382 0.75357294
v -0.756306 0.34127 -0.0605293
v 0.155094 -0.268765 0.749989
v -0.598532 0.115783 0.610556
v 0.772592 -0.515228 0.357383
v 0.361071 -0.672391 0.691255
v 0.33534 -0.682606 0.697547
v 0.548896 -0.970038 0.106809
v -0.688205 -0.979751 0.0680662
v -0.35947 -0.435148 -0.21754
v 0.458857 -0.136328 -0.268154
v 0.45811462 -0.3413658 -0.33747864
v 0.46488953 -0.39932632 -0.33517456
v 0.168412 -0.640368 0.724212
v -0.446587 0.151925 0.463987
v 0.455408 -0.45442 -0.342515
v 0.139862 -0.609583 0.740915
v 0.143617 -0.635597 0.733811
v -0.583775 0.545181 -0.164567
v 0.186511 -0.499198 0.76089
v -0.4393 -0.741297 0.436034
v 0.46567535 -0.5016842 -0.34789276
v 0.775111 -0.250627 -0.0210011
v 0.469645 -0.526663 -0.347377
v -0.0522418 0.616183 -0.0915558
v 0.468746 -0.593112 -0.336719
v 0.472674 -0.61734 -0.328201
v -0.521981 -0.680955 0.102745
v 0.478337 -0.641284 -0.323687
v 0.464011 -0.660011 -0.330675
v 0.475093 -0.724914 -0.324195
v 0.462626 -0.780683 -0.28351
v -0.3686676 -0.9763925 0.38098526
v -0.330316 -0.577066 -0.16847
v 0.215674 -0.569284 0.746277
v -0.0430942 0.621231 -0.0682048
v -0.440122 -0.803632 -0.085243
v -0.392255 -0.777375 -0.101192
v -0.351283 -0.293398 -0.260951
v -0.398796 -0.0501642 -0.232431
v 0.34111786 -0.19325972 -0.33641052
v -0.102224 -0.249075 0.657197
v -0.761889 0.574285 -0.00770568
v 0.246818 -0.10113 -0.265931
v 0.7242813 -0.9200516 0.10574341
v 0.463539 -0.567654 -0.344756
v 0.487074 -0.60031 -0.324301
v 0.766849 -0.228062 -0.0260058
v -0.141637 0.809307 -0.0974483
v 0.47938538 -0.6809082 -0.32785797
v -0.668173 0.688944 -0.179732
v -0.015241623 0.20105553 0.0060195923
v -0.124176025 0.8340149 -0.10749817
v 0.481248 -0.703195 -0.327746
v 0.479471 -0.760146 -0.296328
v -0.631212 0.569678 -0.605262
v -0.226356 -0.333007 -0.294001
v -0.46775818 -0.015655518 -0.21817398
v -0.031101227 0.87660265 -0.1935463
v -0.387074 0.605097 -0.0781221
v -0.364951 -0.55651 -0.175685
v -0.021064758 0.68533325 -0.09220886
v 0.65554 0.0635953 0.0900364
v -0.355304 -0.741157 -0.11797
v -0.402312 -0.509925 0.534446
v 0.060551 0.171127 0.440213
v -0.38075495 0.27650237 0.2959137
v 0.456787 -0.540615 0.663248
v -0.428109 0.311861 0.362737
v -0.41407776 0.295146 0.35516357
v -0.23575 -0.965354 0.594138
v 0.49534 -0.411903 -0.320995
v 0.4718094 -0.438931 -0.33166504
v -0.295419 0.793454 0.0111664
v 0.858462 -0.770087 0.37162
v 0.48848724 -0.4886818 -0.33205414
v -0.06732178 0.6402168 -0.14376831
v 0.461702 -0.59919 0.644134
v 0.577277 -0.79182 -0.178618
v 0.49048 -0.518562 -0.335248
v -0.697533 0.852401 -0.569799
v 0.480165 -0.545605 -0.341087
v 0.30608 0.114133 0.497837
v -0.33866 0.782425 -0.0626829
v -0.924891 0.360246 0.518806
v 0.3076992 -0.2774272 -0.40206718
v -0.294749 -0.0768245 0.530431
v -0.61876273 0.2150107 -0.09302454
v 0.491218 -0.573458 -0.329487
v -0.466738 -0.792768 0.342426
v 0.49715424 -0.62401676 -0.3145733
v 0.599824 -0.111633 0.519499
v -0.705089 0.550778 -0.539849
v -0.8146515 0.1323107 -0.04616165
v -0.628134 -0.937194 0.372771
v -0.719654 -0.332856 -0.18315
v 0.0488362 -0.950016 -0.205491
v 0.0457626 -0.922004 0.527973
v -0.447017 0.446769 0.0114827
v -0.61687016 0.7046528 -0.30713272
v -0.354864 0.215334 0.280709
v -0.607972 -0.421265 0.551954
v -0.72938 -0.356034 -0.171581
v 0.5852871 -0.96770513 0.13607025
v -0.617336 -0.39377 0.563671
v -0.592242 -0.37887 0.575158
v -0.461424 -0.0406957 -0.223495
v 0.708035 -0.0868491 0.380494
v 0.0362098 0.920818 -0.270566
v 0.0969144 0.181725 -0.094401
v -0.60726 -0.333126 0.588504
v 0.0810442 -0.781364 0.65801
v -0.08294678 0.72639465 -0.11248779
v -0.616942 -0.280364 0.594759
v -0.338439 0.644641 -0.108933
v -0.16070938 -0.9373026 0.10661316
v -0.608836 -0.237243 0.59154
v -0.595026 -0.211224 0.589181
v 0.610756 -0.687968 -0.185556
v -0.352381 -0.576372 -0.167761
v -0.955089 0.30573 0.205897
v -0.205352 -0.952016 0.470066
v -0.595569 -0.110175 0.559035
v -0.639115 0.717378 -0.284281
v 0.508195 -0.889266 -0.0813409
v -0.0838823 -0.178268 -0.307034
v -0.10502842 -0.4228058 0.6720047
v -0.848591 0.544421 0.104512
v -0.622189 -0.03292 0.515324
v -0.957277 0.0956824 0.384175
v -0.106117 -0.578836 0.556666
v -0.513223 -0.359257 -0.252165
v 0.234904 -0.591566 0.747999
v 0.501405 -0.20585 0.627864
v 0.21050572 -0.17450142 0.7081318
v 0.503594 -0.54358 -0.32508
v 0.501709 -0.35719496 -0.31570435
v 0.21416569 -0.018089294 0.5707836
v 0.687173 -0.0129507 0.349008
v 0.506055 -0.595507 -0.310608
v -0.121558 -0.879752 0.709529
v 0.498023 -0.712106 -0.315687
v 0.505045 -0.790181 -0.254806
v -0.677571 0.227829 -0.0965392
v -0.478725 -0.0585219 -0.223256
v 0.793034 -0.737455 0.434775
v 0.495468 -0.178548 0.621429
v -0.36920166 -0.52671814 -0.1856842
v -0.363491 -0.108531 -0.255682
v 0.669361 -0.810303 0.416341
v -0.373145 0.627006 -0.0885196
v 0.66049 -0.853894 0.39523
v 0.66465 -0.832938 0.407158
v -0.530516 0.496456 0.000607861
v 0.211353 -0.292886 0.750043
v -0.355404 -0.616364 -0.150145
v -0.35591 -0.138368 -0.256787
v -0.045677185 -0.46068573 0.7086334
v 0.231814 -0.185435 0.712742
v -0.280193 -0.922641 0.575168
v -0.411469 0.139669 0.414518
v -0.345231 -0.211823 -0.26813
v 0.5196533 -0.40766144 -0.30867004
v 0.263695 -0.433246 0.743054
v 0.28344 -0.416271 0.739984
v 0.209399 -0.194655 0.72179
v 0.500552 -0.444222 -0.320584
v 0.508268 -0.499274 -0.321941
v 0.597864 -0.325995 0.576291
v 0.7116208 -0.045110703 0.33127975
v -0.384997 0.146732 0.373528
v 0.52267 -0.536105 -0.307856
v 0.517444 -0.56586 -0.305751
v 0.4861946 -0.1751175 -0.2673111
v -0.618422 0.466753 -0.242087
v -0.881267 -0.387085 0.262524
v 0.296232 -0.175899 0.681595
v -0.677427 0.198672 -0.0943329
v -0.473599 -0.0823601 -0.234362
v 0.302237 -0.846512 0.611754
v 0.30907 -0.77071 0.678887
v -0.365916 0.239873 0.0347748
v -0.91062 -0.167563 0.075909
v 0.607164 0.0719338 0.383033
v -0.276669 0.174955 0.345079
v -0.534222 0.588272 0.162528
v -0.36393166 -0.47969818 -0.20356178
v -0.353452 -0.0495586 -0.239438
v 0.339578 -0.790564 0.651715
v -0.33599544 -0.10011673 -0.25390536
v -0.347664 -0.664793 -0.134716
v 0.4535923 -0.95183325 -0.13800621
v 0.277381 -0.977411 -0.217301
v 0.7237072 -0.5784569 0.44300842
v 0.453228 0.08490372 0.48098373
v -0.56196 0.354034 0.464642
v 0.468728 -0.169293 0.623988
v -0.363977 0.26245 0.113207
v 0.65885 -0.474376 0.526169
v -0.7126827 0.5472889 -0.5062485
v -0.6629219 -0.982649 -0.018650055
v -0.567987 0.31726 0.492975
v 0.526875 -0.510891 -0.308476
v -0.874253 0.50401 0.0924552
v 0.135055 -0.519628 0.748797
v -0.246929 -0.972404 0.492651
v 0.533626 -0.549058 -0.291939
v -0.593322 0.670722 -0.723833
v 0.52583 -0.593296 -0.291113
v -0.140229 0.865563 -0.0684727
v 0.112723 -0.929489 -0.309129
v 0.7459793 -0.07235718 0.08224487
v 0.49986267 -0.68149567 -0.31858253
v -0.94467 0.354558 0.300241
v -0.19398117 -0.966326 0.6238136
v 0.37879944 -0.3090973 0.70939636
v -0.172673 -0.969049 0.580354
v -0.121849 0.888894 -0.0841726
v -0.655472 -0.909981 -0.0329323
v -0.649379 0.586467 -0.0195371
v 0.327082 -0.054678 -0.242771
v -0.241472 -0.411887 -0.238012
v -0.449951 -0.75139 -0.0732883
v -0.491598 -0.102339 -0.236701
v -0.196069 0.734986 -0.186682
v -0.38916016 0.64390564 -0.07788849
v 0.117947 0.0153019 0.563531
v -0.656817 0.288801 0.622235
v 0.737465 -0.904339 0.0620133
v -0.36327 0.596566 -0.0872002
v -0.356643 -0.0792218 -0.249975
v 0.682662 -0.477147 0.503458
v 0.603788 -0.78007 0.480095
v -0.345124 -0.713721 -0.124201
v -0.61826 0.490865 -0.331538
v -0.6089077 0.7884121 -0.59202576
v -0.58975315 0.62750244 -0.50540924
v 0.525793 -0.455507 -0.310824
v -0.928452 0.239939 0.0720203
v -0.670213 0.668589 -0.13917
v 0.547087 -0.499012 -0.294634
v 0.540655 -0.526488 -0.292373
v 0.356487 -0.950253 0.59125
v 0.38974 -0.9728403 0.006626129
v -0.781136 0.13817 -0.0664969
v -0.674914 0.166292 -0.0937524
v -0.871081 -0.331046 0.355938
v -0.608399 0.168121 -0.0939346
v -0.482565 -0.125243 -0.250277
v -0.448313 -0.723843 -0.0789448
v -0.345825 -0.163821 -0.260556
v -0.9680815 0.1965828 0.5407715
v -0.588367 -0.403899 0.564215
v -0.566698 -0.387061 0.572073
v -0.667918 0.486431 -0.390957
v -0.5968499 -0.35421753 0.5843239
v -0.588954 -0.314463 0.592792
v -0.371368 -0.159441 -0.260199
v -0.593589 -0.288151 0.598527
v 0.256352 -0.94749 -0.28933
v 0.353321 -0.623213 0.69902
v -0.579607 -0.235709 0.599739
v -0.356036 -0.455935 -0.2124
v -0.144696 -0.918456 -0.188552
v -0.577138 -0.188245 0.585267
v -0.582116 -0.164244 0.572226
v -0.758864 -0.222422 -0.156003
v -0.935984 0.0954509 0.0751117
v 0.657192 -0.0264146 0.406104
v -0.3635 -0.410478 -0.226728
v 0.57198334 -0.27140808 -0.26047516
v 0.666659 -0.718783 0.448795
v -0.60316086 -0.02009201 0.51171494
v 0.5464897 -0.424469 -0.29602623
v 0.43707085 -0.94491863 -0.20254135
v 0.402205 -0.314458 0.690738
v 0.467469 -0.903519 -0.201137
v 0.54763794 -0.46598053 -0.29850006
v 0.563267 -0.518397 -0.279624
v 0.6274471 -0.70640945 -0.15452194
v 0.554539 -0.547925 -0.276481
v 0.45743 -0.886968 -0.241057
v 0.166354 -0.695194 0.713334
v 0.0850157 0.81155 -0.268478
v 0.658401 -0.0933558 0.451476
v -0.6021042 -0.53139496 -0.12420654
v -0.622591 -0.54776 -0.084991455
v 0.551864 -0.873737 -0.0536131
v 0.553417 -0.897773 -0.0367684
v 0.773157 -0.719168 0.43651
v -0.856814 0.0982076 0.64724
v 0.8579407 -0.84306335 0.111816406
v 0.115634 -0.471455 0.761835
v 0.609054 -0.797562 0.460871
v -0.8984356 -0.33243823 0.24739265
v 0.209899 -0.839683 0.618706
v 0.19384 -0.865313 0.622048
v -0.44794 -0.696591 -0.0869349
v -0.418105 -0.336346 -0.257764
v 0.243067 -0.562055 0.742832
v 0.156406 -0.413847 0.768678
v -0.0563664 0.869744 -0.171252
v -0.333191 -0.687754 -0.129364
v 0.294641 -0.468126 0.745672
v -0.360323 -0.185303 -0.262563
v -0.468829 -0.690369 0.247037
v -0.365429 -0.235526 -0.262889
v -0.45207 -0.927789 0.620182
v -0.620522 0.590986 -0.615586
v 0.0217198 0.704724 -0.132316
v 0.379026 -0.43182 0.721133
v -0.446539 -0.706619 0.238287
v -0.367548 -0.383646 -0.235133
v -0.358095 -0.263063 -0.263802
v 0.865116 -0.470298 0.205583
v -0.767174 -0.279002 0.515321
v -0.371718 -0.357219 -0.245472
v -0.588184 0.480398 -0.136132
v -0.346835 -0.366171 -0.241602
v 0.154184 -0.087629 0.583609
v 0.519328 -0.871911 0.530929
v -0.6200932 0.7361517 -0.39173126
v 0.290621 -0.00698664 0.553178
v -0.470484 -0.215291 -0.262225
v 0.174811 0.0322876 0.559158
v 0.200532 0.0121742 0.565637
v 0.812623 -0.749569 0.423017
v 0.917942 -0.475842 0.159582
v -0.445727 -0.606329 -0.115426
v 0.227888 -0.466117 0.756737
v -0.438441 -0.588659 -0.124028
v -0.918792 0.0235462 0.279067
v 0.39936066 -0.8949108 0.59186935
v 0.57108 -0.85366 -0.0577631
v -0.681322 0.133615 -0.0924512
v -0.10482025 -0.024871826 0.5387039
v -0.660021 -0.947896 -0.0536093
v 0.256816 -0.408218 0.744486
v -0.498313 -0.624813 -0.0585771
v -0.445028 -0.671745 -0.0969123
v 0.613942 -0.0390118 0.467166
v -0.470485 -0.143119 -0.259493
v 0.40254 0.0136885 0.525567
v -0.314529 0.575397 0.100745
v -0.749198 -0.541491 0.0551151
v 0.14453888 -0.18873596 0.72109604
v -0.115539 -0.670662 0.523656
v 0.4665289 -0.94096863 -0.09743118
v -0.282184 -0.963134 0.230097
v -0.12407315 -0.5342865 -0.41545105
v -0.53110504 -0.9225197 -0.10297966
v 0.206453 -0.935211 0.266857
v 0.689349 -0.219759 0.489281
v -0.10620117 0.8361206 -0.12778473
v 0.108866 -0.135654 0.651251
v -0.884744 0.163615 0.645436
v -0.6241894 0.86437225 -0.66441345
v 0.552798 0.147194 0.333879
v -0.582904 -0.850925 0.537104
v 0.79559 -0.845398 0.021631
v -0.38001442 -0.30857277 -0.26077724
v -0.408952 -0.870452 -0.121457
v -0.757369 0.124588 -0.074878
v -0.98467636 0.12553596 0.18359375
v -0.652978 0.790615 -0.489978
v 0.79893494 -0.36828613 0.30152893
v 0.186098 -0.0905722 -0.272634
v -0.3519 -0.539336 -0.185941
v -0.7113514 -0.38406372 -0.17150497
v -0.928716 0.348395 0.394204
v -0.956836 0.234721 0.522567
v -0.68597 0.105295 -0.0880426
v 0.7376251 -0.2748108 -0.11607361
v 0.690503 -0.582208 -0.142409
v -0.47544 -0.192908 -0.260477
v -0.932954 0.37217 0.406101
v 0.0049511 -0.963663 -0.221831
v 0.6562124 0.06597078 0.17068672
v -0.112892 -0.92932 0.223103
v -0.948129 0.363555 0.232484
v -0.153687 0.777768 -0.090925
v 0.621219 -0.874714 -0.0339732
v -0.56041 -0.803603 0.0656847
v -0.402159 -0.582252 -0.150345
v -0.361452 -0.59256 -0.158148
v -0.948363 0.383403 0.298489
v 0.492309 0.110178 0.44831
v -0.38260365 -0.6220093 -0.14325523
v -0.38488007 -0.74391174 -0.10584259
v 0.770766 -0.786693 0.427703
v -0.372012 -0.717859 -0.117102
v -0.181511 0.711475 -0.18548
v -0.154664 0.71274 -0.191282
v -0.365757 -0.64941406 -0.13820648
v -0.38842273 -0.65631104 -0.1322403
v -0.0358737 -0.570555 0.674511
v -0.371959 -0.825207 -0.115862
v -0.363992 -0.688946 -0.126797
v -0.763865 0.237567 -0.0782156
v -0.519449 0.0686334 0.491253
v 0.453033 -0.95876 -0.112337
v -0.389989 -0.698725 -0.117886
v -0.649319 -0.844475 0.10569
v -0.6040344 -0.59872437 -0.040008545
v -0.597343 -0.62607 0.00558975
v -0.358324 -0.318439 -0.257901
v -0.497059 -0.797102 0.401852
v 0.701479 -0.381643 -0.159947
v 0.709518 -0.127295 -0.0798246
v -0.581997 -0.428436 0.556551
v 0.586183 -0.327524 -0.253081
v 0.426932 -0.880794 -0.267947
v 0.0935509 0.735686 -0.258104
v -0.382047 -0.514843 -0.182826
v -0.569669 -0.355701 0.580409
v -0.6018201 0.6204338 -0.57115936
v -0.381291 0.255467 0.0496526
v 0.590978 -0.801771 -0.0973353
v -0.631902 -0.0791252 -0.181959
v -0.573777 -0.267553 0.602674
v 0.293278 -0.2567 -0.402976
v -0.7524414 -0.1269226 -0.13261414
v -0.571792 -0.208927 0.59491
v 0.352272 0.222979 0.383476
v -0.379301 -0.574679 -0.162291
v -0.0367538 0.0399039 -0.21703
v 0.491445 -0.313583 0.655822
v -0.264208 -0.923897 0.594617
v -0.395547 -0.471486 -0.193864
v -0.5950165 -0.0695343 0.54125214
v -0.0262181 0.0113674 -0.233973
v -0.376756 -0.450413 -0.206524
v -0.578506 -0.0277973 0.518162
v -0.383338 -0.425987 -0.216588
v -0.217541 -0.905704 -0.366924
v -0.321364 0.240064 0.174222
v -0.388305 -0.401064 -0.22886
v -0.392265 -0.374976 -0.241246
v -0.0715166 -0.968004 0.607467
v -0.513606 -0.67182 0.232012
v -0.409066 -0.418665 -0.221143
v 0.606181 -0.308783 -0.239951
v -0.616475 0.581762 0.12856
v -0.7785342 -0.52415466 0.11064148
v -0.84532857 -0.43989807 0.21971035
v 0.298165 -0.972086 -0.177382
v 0.269039 -0.458518 0.744094
v 0.753607 -0.700467 0.431282
v -0.335851 -0.947237 -0.319598
v -0.7537384 -0.30059433 -0.16221237
v 0.20532 -0.800986 0.657761
v -0.76659393 0.5756136 0.104522705
v 0.906017 -0.580818 0.372442
v -0.846441 0.47028 0.512168
v -0.7072754 0.0045928955 -0.105041504
v 0.259849 0.100168 0.517398
v 0.623997 -0.852349 -0.0475958
v 0.663031 -0.142722 0.47848
v -0.581689 -0.603548 -0.0431248
v 0.262746 -0.0826559 0.576376
v -0.536119 0.101057 0.522212
v -0.20996094 -0.9682765 0.58408356
v -0.523588 -0.762762 0.0710429
v 0.120488 -0.654327 0.727459
v 0.14891863 -0.6764488 0.71412325
v -0.44452 -0.540463 -0.150893
v -0.168934 -0.879063 0.682184
v -0.9361601 0.35764122 0.45154572
v 0.836771 -0.495306 0.282239
v -0.755058 0.0903737 -0.0666186
v -0.731955 0.109483 -0.0798996
v -0.6335 0.0997184 -0.0966738
v 0.313719 -0.295342 0.739153
v 0.628182 -0.292002 -0.228243
v 0.627409 -0.320196 -0.228639
v 0.718849 -0.867653 0.374
v 0.188448 -0.74862 0.710218
v 0.6491394 -0.35951233 -0.21958542
v -0.856748 0.499423 0.0688525
v 0.0646447 0.765528 -0.212154
v -0.778013 -0.401803 0.453564
v -0.409275 -0.127598 -0.260123
v -0.33114 -0.270198 -0.265033
v -0.9727963 0.16863418 0.42975998
v -0.97313 0.143829 0.418218
v -0.335707 -0.319634 -0.255493
v -0.7661972 -0.5305481 0.08578491
v -0.95442224 0.42492938 0.31192875
v -0.062069 -0.789472 0.649219
v -0.873607 0.54793 0.15389
v -0.683146 -0.0151752 -0.125623
v -0.653551 -0.092959 -0.17437
v 0.601336 -0.810135 -0.0735968
v 0.349261 -0.967864 0.484313
v -0.427899 -0.513585 -0.169145
v -0.424458 -0.0994813 -0.251974
v -0.39781284 -0.07368088 -0.24329758
v -0.174299 -0.97429466 0.1995802
v -0.4605732 -0.51446533 -0.16920471
v -0.764844 0.423497 -0.0503186
v -0.880774 -0.374706 0.0950272
v 0.632531 -0.375796 -0.227814
v -0.0184387 0.638824 -0.070761
v 0.187963 -0.0149811 0.574222
v 0.38825607 0.10488129 0.48319244
v -0.23779726 0.18658447 0.31123352
v -0.584797 0.702341 -0.594899
v -0.136862 -0.448235 0.58697
v 0.180441 -0.42399 0.772474
v -0.3107834 0.49516296 -0.0062065125
v 0.15513611 -0.20814514 0.732872
v -0.427307 -0.670933 -0.109877
v -0.590628 0.512924 0.490739
v -0.6200943 0.37013245 0.5458374
v -0.42938232 -0.71502686 -0.09484863
v -0.478044 0.525358 0.348789
v -0.267562 0.142568 0.389948
v -0.0907916 0.675911 -0.177572
v -0.59204 0.753483 -0.588153
v -0.609887 0.584699 -0.522563
v -0.39359 -0.104422 -0.255004
v -0.33768 -0.446613 -0.218588
v -0.441842 -0.567233 -0.132702
v 0.16809082 -0.9067688 0.63435364
v -0.317567 -0.710555 -0.125285
v -0.489149 -0.260629 -0.264697
v -0.953775 0.444901 0.352342
v -0.651439 0.611706 -0.0655415
v -0.16556 0.877772 -0.0536434
v -0.710152 0.825391 -0.501812
v -0.723424 0.817492 -0.47793
v -0.680247 0.683432 -0.158821
v -0.689661 -0.05058625 -0.137754
v -0.980368 0.149604 0.500431
v -0.97738767 0.17057323 0.4948845
v -0.7201996 -0.3640461 0.5236206
v 0.26379395 -0.92160225 0.6109009
v 0.573876 0.0239111 0.461184
v -0.959515 0.0657112 0.519662
v -0.75702 0.694895 -0.441155
v -0.96997 0.088889 0.530673
v -0.450562 0.424643 0.255673
v -0.611572 0.296654 0.545907
v -0.52078 0.522098 0.00341288
v -0.598523 -0.432511 -0.2076
v 0.626644 -0.804568 -0.0632789
v 0.639529 -0.832558 -0.0543364
v -0.24265 -0.972144 0.419051
v -0.162392 -0.203213 -0.294826
v -0.54411 -0.648123 0.0374273
v -0.689043 0.655649 -0.101499
v 0.307623 -0.914411 0.404358
v -0.61631 -0.353357 -0.222367
v -0.701293 -0.133773 -0.164405
v -0.170314 0.736776 -0.195536
v -0.572907 -0.491228 -0.181312
v 0.56345 -0.224161 0.59844
v 0.644399 -0.505679 0.532672
v -0.514036 -0.38178 -0.245321
v -0.312128 -0.0184348 -0.229394
v -0.340531 -0.0236641 -0.228893
v -0.128692 0.713557 -0.196315
v 0.68556213 -0.0260849 -0.014770508
v -0.452377 -0.494132 -0.181044
v -0.443458 -0.024145 -0.223445
v -0.41817 -0.0567873 -0.232594
v -0.748937 0.213395 -0.0846261
v -0.438225 -0.0490264 -0.228514
v -0.589623 -0.909869 0.569636
v -0.660462 -0.483616 -0.137204
v 0.17687988 -0.9673419 0.60647583
v -0.564457 -0.413124 0.565781
v 0.187375 -0.957256 0.623261
v -0.439369 -0.173455 -0.2647
v -0.542375 -0.372008 0.579107
v 0.61853385 -0.9488678 0.06614685
v -0.565493 -0.323852 0.588489
v -0.568695 -0.296093 0.597873
v -0.548674 -0.275324 0.598621
v -0.0921495 -0.304122 0.708213
v -0.44939375 -0.10587311 -0.25201893
v 0.588292 -0.83284 -0.0641805
v 0.648163 -0.330817 -0.220215
v 0.497533 0.158872 0.389273
v -0.552477 -0.193633 0.591175
v -0.554592 -0.169731 0.578389
v -0.556463 -0.140841 0.569456
v -0.4355 -0.125837 -0.26001
v -0.119062 -0.00671964 0.520886
v -0.48724365 0.50702286 0.3728714
v 0.681998 -0.320071 -0.19626
v -0.0451068 -0.964264 0.676008
v -0.341933 -0.523806 -0.195576
v 0.0451504 -0.927159 0.673375
v -0.565852 -0.54011 -0.132471
v -0.265374 -0.983558 -0.33967
v -0.687397 -0.161459 -0.179036
v -0.578915 0.0243346 0.494591
v 0.490071 0.191307 0.326721
v 0.150456 -0.0142234 -0.266546
v 0.641392 -0.775566 -0.067145
v 0.758631 -0.164619 -0.00127856
v -0.871639 -0.368818 0.0691261
v -0.54228973 -0.83029175 0.17204285
v -0.592749 0.520613 -0.0457588
v 0.161491 -0.590877 0.742908
v 0.158417 -0.563407 0.74378
v 0.830742 -0.729409 0.418416
v 0.646938 -0.861258 -0.0387686
v 0.65867996 -0.8795929 -0.02443695
v 0.402693 -0.291104 -0.364705
v 0.646635 -0.425367 -0.205252
v -0.59709835 -0.4561348 -0.19717407
v -0.677707 -0.182715 -0.186501
v -0.464457 -0.335981 -0.257392
v 0.32202148 0.09559631 0.50564575
v -0.0538231 -0.596648 0.630665
v -0.463394 -0.305739 -0.258372
v 0.615925 -0.432957 0.572366
v -0.439744 -0.290694 -0.25855
v 0.291281 -0.103184 -0.256088
v 0.271278 -0.0954232 -0.26026
v -0.474934 -0.628138 0.380937
v -0.696679 -0.480623 -0.109301
v -0.463316 -0.274938 -0.263103
v -0.465741 -0.243581 -0.264759
v -0.267407 0.797135 0.0171401
v 0.16857004 -0.79563904 0.65930176
v -0.454476 -0.195594 -0.26233
v -0.542603 0.365517 0.450181
v -0.467852 -0.168946 -0.262802
v 0.174535 -0.0401516 0.583122
v 0.506842 -0.264251 0.640639
v 0.420738 -0.174582 -0.281141
v -0.428848 -0.200288 -0.26124
v -0.446318 0.173751 0.463916
v 0.24056 -0.870991 0.611162
v -0.449172 -0.47089 -0.194413
v -0.848654 0.000318814 0.51013
v -0.41982126 -0.15243149 -0.26419914
v 0.182248 -0.60108 0.74498
v -0.381811 -0.132136 -0.258756
v -0.312124 -0.96839 0.535563
v -0.424854 0.120238 0.433665
v -0.650236 0.90886 -0.725971
v 0.504923 -0.61239 0.621101
v 0.70492554 -0.25125885 0.47460938
v 0.643893 -0.817682 0.414053
v 0.421593 -0.295037 0.678494
v -0.89438 0.247823 0.637828
v -0.20305 -0.648563 -0.152716
v -0.676816 -0.084649 -0.159264
v -0.685036 0.244918 0.67105
v -0.675128 -0.111659 -0.16899
v 0.470156 -0.29307 0.653678
v 0.6816976 -0.7631283 -0.065222085
v -0.779869 0.0322581 -0.0325198
v -0.650627 0.364236 -0.0824261
v 0.340187 -0.822158 0.620114
v 0.65868 -0.804866 -0.0604723
v -0.0536895 -0.761052 0.605928
v 0.462029 -0.265422 0.64353
v -0.654881 0.494613 -0.411455
v -0.173659 0.644309 0.0167551
v 0.460412 -0.240347 0.635793
v -0.608527 -0.132831 -0.203292
v -0.435418 -0.412326 -0.227551
v -0.441042 -0.98366 -0.125014
v -0.960284 0.23369217 0.48649597
v -0.113396764 -0.966743 0.65426445
v -0.449315 -0.147477 -0.263298
v -0.120235 0.930474 -0.128774
v 0.638437 -0.644998 -0.185821
v 0.335865 -0.407198 0.731477
v -0.467014 -0.36629 -0.25489
v -0.42495728 0.6655731 -0.0440979
v -0.9939834 0.21792865 0.2824552
v 0.667373 -0.837702 -0.0496555
v 0.674705 -0.862275 -0.0330652
v 0.34084 -0.957297 0.465266
v 0.083761 0.790639 -0.250222
v -0.575322 -0.422914 -0.214405
v -0.559051 0.342795 -0.0647278
v -0.508441 -0.218456 -0.2589
v -0.230689 -0.974283 0.356901
v 0.213283 -0.670753 0.721388
v 0.8493042 -0.7862005 -0.0045928955
v -0.491908 -0.205493 -0.260364
v 0.595982 -0.727527 0.515129
v -0.513281 -0.195827 -0.255162
v -0.493222 -0.179957 -0.25712
v -0.510585 -0.129724 -0.236409
v 0.1666941 0.26926917 0.19618225
v -0.496731 -0.0771771 -0.224311
v -0.501608 -0.0513161 -0.216958
v -0.49184 -0.0084748 -0.21178
v -0.4124527 -0.67923737 0.46813202
v -0.455765 0.373794 0.33177
v -0.7596798 -0.16953278 -0.14255524
v -0.173752 0.833795 -0.186562
v -0.310789 -0.983316 -0.309159
v 0.720417 -0.611797 0.433481
v -0.5207138 -0.8760452 -0.08526802
v -0.318839 -0.225737 -0.275729
v -0.5752506 -0.5720215 -0.08312988
v -0.64616394 0.7647095 -0.71432495
v 0.22811842 -0.016311646 -0.24264741
v 0.253842 -0.0110504 -0.240038
v 0.00567745 -0.914052 0.525555
v -0.3133049 -0.43640137 -0.21973991
v -0.860189 0.120533 -0.0185831
v 0.540314 -0.640011 -0.28839
v -0.048508644 -0.9172856 -0.16108084
v -0.143541 0.736663 -0.203557
v -0.674939 -0.282331 -0.197884
v -0.621465 0.695475 -0.740239
v -0.547945 -0.449318 0.558935
v -0.69070053 0.05327797 -0.09026718
v -0.278284 -0.601787 0.552478
v 0.606004 -0.241715 0.57292
v -0.544351 -0.400778 0.574736
v -0.699206 0.29194 0.660716
v 0.696406 -0.841911 -0.0408178
v -0.695116 0.590688 0.0368504
v 0.679091 -0.883249 -0.0166061
v -0.543061 -0.303337 0.591204
v -0.70077 -0.0761417 -0.143303
v -0.796287 0.302515 -0.0461781
v -0.552861 -0.247828 0.601465
v -0.577242 -0.396135 -0.222717
v -0.552596 -0.219634 0.599702
v -0.577713 -0.368781 -0.227783
v -0.532454 0.328972 -0.0550939
v -0.554227 0.309833 -0.0675206
v -0.879162 -0.00135782 0.0879593
v -0.068481445 -0.70103455 0.59225464
v -0.57128906 -0.09584808 0.55691147
v 0.569261 0.0518033 0.44342
v -0.028575 0.984593 -0.209077
v -0.71342087 0.5911026 0.3065338
v -0.5501709 -0.056884766 0.5389404
v -0.09629059 -0.27666664 0.68976593
v -0.10770416 -0.41898346 -0.46079636
v -0.553896 0.00512353 0.498028
v -0.37933636 -0.28137112 -0.26321554
v -0.549213 0.0300101 0.485566
v -0.11162567 -0.60840225 0.53826904
v 0.121816635 -0.046633482 0.584211
v -0.214959 0.546639 -0.0400838
v 0.227881 -0.717926 0.714622
v -0.376894 -0.33581543 -0.2546978
v 0.203326 -0.723242 0.722459
v -0.2561561 0.16908455 0.35218048
v -0.208336 0.757661 -0.182183
v 0.257579 -0.106671 0.591891
v -0.5850172 -0.3116932 -0.22724032
v -0.6725769 -0.33780444 -0.20378876
v -0.682557 -0.355963 -0.197668
v -0.7038574 -0.35816574 -0.18737793
v 0.643409 -0.369124 0.553646
v 0.47030258 0.19596195 0.021528244
v -0.631874 0.507291 -0.411676
v -0.645135 0.504351 -0.430873
v 0.690267 -0.708182 -0.0655434
v 0.254079 -0.195892 0.713906
v 0.7082062 -0.79728127 -0.058644295
v 0.619226 -0.830161 0.418893
v 0.443538 0.172339 0.39668
v 0.218313 -0.784195 0.678374
v 0.197581 0.111705 0.517244
v -0.911297 0.37476 0.139994
v 0.21095276 0.1322937 0.50154877
v -0.526843 0.568286 0.019142
v 0.393832 -0.706756 0.661623
v 0.395188 -0.148573 0.635386
v 0.189189 0.161365 0.475076
v 0.18432617 0.1468811 0.4896202
v -0.666149 -0.426008 -0.182227
v -0.571307 -0.292413 -0.22953
v -0.752341 -0.548582 0.0824702
v -0.564148 -0.102286 -0.218676
v -0.759229 -0.493086 -0.0332075
v -0.598372 -0.0139053 -0.171996
v -0.376557 0.283437 0.130536
v -0.60204 0.0119347 -0.160208
v -0.554077 -0.0451204 -0.205324
v 0.185876 -0.5738 0.747872
v 0.203236 -0.768194 0.695842
v -0.5133605 -0.09353447 -0.22404909
v -0.741676 0.510096 -0.348023
v -0.453963 0.0884619 0.451131
v -0.558528 0.0315345 -0.172563
v -0.470243 -0.811615 0.325067
v -0.120871 -0.321974 0.671197
v -0.09466553 0.056732178 -0.18492508
v -0.6658058 -0.45022583 -0.16790009
v 0.756128 -0.622115 0.396102
v -0.7990341 0.2245102 -0.05948448
v -0.701276 -0.0315753 -0.123249
v -0.899648 0.109136 0.0193533
v -0.277639 -0.967667 -0.361491
v 0.282727 -0.0961979 0.590891
v -0.258247 -0.293853 -0.280596
v -0.533824 0.152366 0.54147
v 0.06565094 0.75439453 -0.2880516
v 0.160418 -0.967768 0.557937
v 0.708001 -0.697628 -0.0558315
v 0.706748 -0.724757 -0.062737
v 0.70413 -0.750737 -0.0656127
v -0.551239 -0.810663 0.510624
v 0.6998882 -0.7797642 -0.063224316
v 0.209375 -0.483738 0.76063
v 0.721342 -0.831019 -0.0393874
v -0.688195 0.0797536 -0.0854033
v 0.35564 -0.425929 0.725847
v 0.388264 -0.0317095 0.553828
v 0.757687 -0.897755 0.0763078
v -0.389922 0.603022 0.130886
v 0.573814 -0.065162 0.50807
v -0.791681 0.195254 -0.0643109
v 0.765208 -0.75301 0.438086
v 0.671371 -0.121289 0.454479
v -0.179854 -0.966906 0.147947
v -0.8394861 0.5718188 0.22097015
v -0.581731 -0.0558359 -0.20025
v 0.055781364 0.2502141 0.21964073
v -0.473149 0.0863475 0.465743
v -0.185582 0.885079 -0.0807588
v -0.671826 -0.947733 -0.0370909
v -0.187358 0.60974 0.0409512
v -0.441409 -0.352609 -0.256492
v -0.189606 -0.927397 0.0409187
v -0.683012 0.595465 0.0121897
v -0.113939196 0.20520428 0.16408916
v 0.766923 -0.806767 -0.0408477
v 0.185306 -0.978235 -0.237
v -0.5790293 0.17675519 -0.09189446
v -0.155987 0.193972 0.23571
v -0.0430385 -0.232122 0.705673
v -0.290759 -0.941405 0.571488
v -0.27182007 0.5801697 -0.103378296
v -0.581464 0.636503 -0.465308
v -0.577161 0.284207 -0.0790025
v -0.512615 0.548674 0.00448211
v -0.861855 0.152573 0.651322
v -0.649319 -0.927816 -0.0563289
v -0.590183 0.112698 -0.10189
v -0.917017 -0.29244232 0.27296448
v -0.621609 -0.602964 -0.0265155
v -0.572744 -0.240384 -0.225832
v -0.680322 -0.472806 -0.133801
v 0.225949 -0.148369 0.675848
v -0.747999 -0.0676527 -0.110315
v -0.708502 0.0942687 -0.0824324
v -0.8110771 0.27261353 -0.04176712
v -0.806796 0.17535 -0.0539514
v 0.119327 -0.256724 -0.445294
v 0.978753 -0.538498 0.259193
v -0.913878 0.518129 0.351221
v 0.514501 -0.594281 0.610567
v -0.793445 0.826858 -0.573305
v -0.93412 0.0428485 0.446054
v 0.719725 -0.763952 -0.0659136
v -0.605686 -0.915396 0.547424
v -0.504918 0.493678 0.406405
v -0.798838 0.098087 -0.0470801
v -0.53790283 -0.42690277 0.5699768
v -0.798833 0.0732965 -0.0376772
v 0.541993 -0.911564 0.426601
v -0.52243 -0.390923 0.58368
v -0.417035 -0.365913 -0.249727
v 0.382063 -0.661706 0.676003
v -0.536678 -0.337045 0.584083
v -0.510903 -0.331666 -0.254693
v -0.216855 -0.852228 -0.345609
v 0.534881 -0.0769209 0.534085
v -0.532673 -0.256905 0.599356
v -0.741777 0.178948 -0.082695
v -0.529475 -0.23215 0.602122
v -0.443407 -0.385174 -0.244029
v -0.527982 -0.203131 0.595846
v -0.52924 -0.177701 0.582675
v -0.293183 0.514203 0.0534985
v -0.5296211 -0.1229229 0.5696354
v -0.722214 0.198092 -0.0891855
v -0.7401447 0.24900055 -0.08421421
v -0.42964 -0.436726 -0.214355
v 0.506537 -0.492624 0.644379
v -0.178641 0.792289 -0.0558566
v -0.70378494 0.17709923 -0.09031129
v 0.557519 -0.606433 0.587607
v -0.949789 0.348256 0.254628
v -0.52714 0.0114032 0.493304
v -0.519485 0.0393653 0.482564
v -0.37914 -0.085857 -0.250598
v 0.728095 -0.685912 -0.050387
v 0.814655 -0.448749 0.135733
v -0.722464 0.22868 -0.0910589
v 0.258607 -0.217189 0.722652
v 0.589482 0.118341 0.33477
v 0.743377 -0.819987 -0.038687
v -0.332014 0.593 0.0983335
v -0.693037 0.353071 -0.0786966
v -0.557509 0.15518 -0.093051
v -0.316427 0.642131 -0.120022
v -0.445825 -0.223119 -0.261022
v 0.278687 -0.117965 0.609798
v -0.701322 0.398848 -0.0828491
v -0.64531 -0.852704 0.129673
v 0.692054 -0.0642986 0.388362
v 0.414887 -0.105401 0.618449
v -0.674502 0.283791 -0.0899661
v 0.386289 -0.0701643 0.594132
v -0.676242 0.256396 -0.0947673
v 0.748966 -0.703398 -0.0599227
v 0.727254 -0.714098 -0.0613163
v 0.724569 -0.741869 -0.0669238
v -0.4911 -0.151703 -0.253396
v -0.518802 -0.165981 -0.246748
v 0.7338104 -0.11448145 -0.02142334
v 0.685915 -0.735332 -0.0651613
v 0.205954 -0.597192 0.74825
v -0.516382 -0.0103671 -0.206644
v 0.147603 -0.721074 0.709026
v -0.707782 -0.434443 -0.146337
v -0.16876507 -0.92276496 0.025558472
v 0.230748 0.113127 0.513543
v 0.315723 -0.828244 0.627057
v -0.507168 -0.583275 -0.0870272
v -0.642889 0.695224 -0.717758
v -0.5067673 0.2693081 -0.055337906
v 0.247553 -0.501456 0.741441
v 0.430618 -0.240946 -0.318553
v -0.5865357 0.6771507 -0.65836334
v 0.77311707 -0.8967819 0.12120819
v -0.531853 -0.424577 -0.225092
v -0.403371 -0.443514 -0.207916
v 0.746961 -0.733025 -0.0675488
v 0.742421 -0.765453 -0.0662512
v 0.766679 -0.780392 -0.0564444
v 0.265215 -0.28242 0.744198
v -0.620175 -0.00822362 -0.155868
v 0.215478 -0.514986 0.748348
v -0.418895 0.397828 0.117109
v 0.798218 -0.708539 0.435179
v -0.582713 0.304799 0.511075
v 0.23440361 -0.9402318 0.6171899
v 0.44908 -0.783553 0.578988
v 0.497614 -0.468371 0.657095
v -0.669465 -0.491789 -0.119939
v -0.300161 -0.887856 -0.314821
v 0.451205 -0.947502 -0.161789
v -0.25591278 -0.9712988 0.050354004
v -0.0925875 -0.19768 0.607838
v 0.02319336 0.20355225 0.36151123
v 0.825565 -0.466539 0.182951
v -0.123749 -0.732513 0.517487
v 0.344989 -0.602962 0.715213
v 0.0810421 -0.125487 -0.292941
v -0.480978 0.507805 -0.0102703
v -0.311548 -0.756258 -0.122272
v -0.305702 -0.0943304 -0.24862
v -0.52722 -0.844269 0.584441
v 0.79938126 -0.46914673 0.04953003
v -0.522284 -0.823084 0.563605
v -0.704395 0.597575 0.0148091
v -0.316867 -0.489183 -0.208308
v 0.57980967 0.14596653 0.15158463
v -0.412541 -0.418434 0.580941
v -0.720335 0.58501 0.0494971
v -0.698705 -0.497684 -0.0835855
v -0.2511902 0.6083679 -0.1254654
v 0.434165 -0.848999 0.583756
v -0.576875 -0.191928 -0.219817
v -0.58804 -0.171635 -0.212062
v 0.771915 -0.693662 -0.0570096
v 0.770296 -0.722909 -0.0649238
v -0.65552 -0.262252 -0.20109
v -0.642608 -0.578222 -0.0356173
v 0.767903 -0.752722 -0.0658279
v -0.386603 -0.18174 -0.262419
v -0.731501 0.0157032 -0.0842494
v 0.789019 -0.789145 -0.0442539
v -0.787093 0.722659 -0.452457
v 0.391606 -0.732926 0.651174
v -0.59861 -0.407328 -0.214259
v -0.1967926 -0.92048645 -0.3708048
v -0.636082 0.783648 -0.510457
v -0.18916702 -0.9537373 -0.37287545
v -0.835136 0.275998 -0.0285403
v -0.743464 0.0626056 -0.0623045
v -0.708584 -0.411115 -0.159754
v -0.261439 -0.888038 -0.346893
v 0.33488464 -0.9065089 0.600626
v -0.67464685 0.32575226 -0.08580303
v -0.0662223 -0.978461 -0.31858
v -0.584511 0.145516 -0.0945247
v -0.822275 0.228098 -0.0489303
v -0.5762825 0.006706238 -0.17684174
v 0.71229553 -0.112026215 -0.06513977
v -0.527265 -0.46866 0.550786
v -0.4870963 -0.31668568 -0.25623488
v 0.73706055 -0.406662 -0.08886719
v 0.644351 0.00093683 0.401969
v -0.855967 0.0902796 -0.00706395
v -0.29456 0.642854 -0.130831
v 0.0719177 0.834921 -0.269244
v -0.516869 -0.363018 0.589422
v 0.246147 -0.919573 -0.0131979
v 0.796223 -0.683811 -0.0540403
v -0.516731 -0.30977 0.591504
v 0.790779 -0.743187 -0.0599264
v 0.635231 -0.91960907 0.33166504
v 0.556446 -0.40549 0.620076
v -0.148325 -0.372396 0.615016
v 0.523899 -0.283887 0.636944
v -0.0799758 -0.523511 0.636042
v -0.7491131 0.5394592 0.4684143
v 0.359691 0.190461 0.425877
v -0.529341 -0.152366 0.572679
v -0.590348 0.34569 -0.0737206
v -0.306625 0.667142 -0.129178
v 0.618893 -0.898888 -0.0167076
v -0.535596 -0.0799852 0.554264
v -0.59211445 0.31349635 -0.07755494
v 0.618782 -0.653905 0.534888
v -0.51963043 -0.05114746 0.5389786
v -0.5477123 -0.009979248 0.50816345
v -0.402484 -0.204518 -0.261196
v -0.323522 0.638864 0.0717246
v -0.541681 -0.0173108 -0.199808
v -0.339053 -0.243167 -0.26983
v -0.397851 -0.525455 -0.172791
v 0.9465364 -0.76891756 0.18367124
v 0.818568 -0.70437 -0.0542764
v 0.808933 -0.765814 -0.0455623
v -0.563107 -0.132491 -0.219749
v -0.563328 -0.164605 -0.220719
v 0.662886 -0.30968 0.533316
v 0.244101 -0.0631053 0.570982
v -0.421896 -0.585412 -0.136425
v -0.420858 -0.563014 -0.147518
v 0.161068 -0.439977 0.77383
v 0.267969 -0.0586032 0.564848
v 0.26846313 -0.032226562 0.56009674
v 0.312981 -0.353273 0.737157
v 0.473327 -0.286536 -0.315312
v -0.542811 -0.171422 -0.235662
v -0.425404 -0.607706 -0.128583
v 0.75131226 -0.42661285 -0.06726074
v -0.933174 0.495488 0.163179
v -0.413548 -0.542051 -0.160412
v -0.0741448 -0.821688 0.690654
v 0.814471 -0.733869 -0.0522319
v 0.49837542 -0.85848045 -0.18541718
v -0.355223 0.584744 0.110421
v -0.5324402 -0.19594193 -0.24645042
v -0.573352 0.253605 0.535612
v 0.5010202 -0.8653259 -0.15412903
v -0.55257416 -0.19130707 -0.23070145
v -0.304772 0.513433 -0.040661
v -0.283213 0.532092 -0.0577645
v -0.679363 0.704862 -0.203793
v -0.459114 -0.124935 -0.257342
v -0.37939692 0.5732703 -0.071766615
v 0.043128967 -0.91913605 0.0037841797
v 0.0715065 -0.9281883 -0.31445503
v 0.5646734 -0.8278036 -0.10242462
v -0.11107 0.64044 0.00173989
v 0.670498 -0.0544514 0.408664
v 0.125659 -0.676718 0.716658
v 0.838575 -0.722577 -0.0445418
v -0.124967 0.583715 -0.0378357
v 0.834718 -0.749852 -0.0380084
v -0.787562 0.371186 -0.0462458
v 0.447091 -0.808913 0.567707
v 0.215669 0.090851 0.53076
v 0.135766 -0.581627 0.741552
v 0.47486877 -0.771508 0.5697479
v 0.385817 -0.0501505 0.572654
v -0.467906 -0.104361 -0.247163
v 0.317962 0.135 0.484886
v 0.467946 0.188802 0.351666
v 0.858982 -0.63152 0.40884
v -0.027404 -0.957024 0.685973
v 0.445233 -0.307257 0.666047
v -0.799517 0.349643 -0.0385743
v -0.791898 0.329201 -0.0442179
v 0.7144623 -0.092308044 -0.03327942
v 0.330573 0.0741446 0.513812
v 0.973762 -0.647283 0.0791956
v -0.6940994 -0.26408386 -0.19006538
v -0.518248 -0.68748 0.0548149
v 0.613113 -0.831986 -0.0587551
v 0.0049438477 0.89541245 -0.23058319
v -0.248073 -0.639851 -0.135794
v 0.844692 -0.695215 -0.0468587
v 0.778965 -0.690418 0.432523
v 0.784949 -0.508164 0.335837
v -0.533294 0.321123 0.472812
v 0.158487 -0.91099 0.467467
v -0.461628 0.470102 0.285522
v -0.154229 -0.446228 -0.426927
v -0.130039 -0.454543 -0.443221
v 0.854291 -0.735816 -0.0317277
v -0.6903076 -0.30555725 -0.19498444
v 0.552268 0.00800262 0.485344
v -0.363864 0.144003 0.365296
v -0.517063 0.483101 0.426809
v -0.136233 -0.759328 0.557671
v -0.28354 0.825148 -0.0471994
v -0.504056 -0.79496 0.508669
v -0.494264 -0.814536 0.557854
v -0.65010834 -0.41789627 -0.19443703
v -0.286547 -0.257044 -0.280724
v -0.425175 -0.45913 -0.19931
v -0.419029 -0.228032 -0.258377
v 0.025586 0.741732 -0.255609
v 0.288964 -0.918021 -0.0794603
v 0.850353 -0.668056 -0.0424503
v -0.0746631 -0.980853 -0.260208
v -0.783143 0.24402 -0.0660156
v -0.511551 -0.815447 -0.0409503
v -0.13510132 -0.9262793 0.10521698
v -0.3026924 -0.7304876 -0.122121334
v -0.305393 -0.685558 -0.126625
v -0.524196 -0.489563 -0.191907
v -0.535323 -0.267931 -0.249084
v -0.47388 0.256863 -0.0437069
v 0.76412964 -0.2104721 0.35098267
v 0.03346443 0.01914215 0.54797363
v -0.792477 0.438372 0.586799
v -0.19475 -0.286588 -0.311309
v -0.179823 -0.275419 -0.323679
v -0.455582 -0.0651604 -0.231008
v -0.737248 0.361969 -0.0658116
v 0.39436 -0.0107127 0.537827
v -0.8481903 0.29123688 -0.013622284
v -0.832849 0.323448 -0.0145105
v 0.869766 -0.685048 -0.0349663
v -0.814266 0.201853 -0.0522281
v -0.77688 0.216843 -0.0740542
v -0.205956 -0.0432348 -0.240522
v -0.714649 -0.163591 -0.168279
v -0.699149 -0.185313 -0.180138
v -0.526207 -0.441 0.566429
v -0.584723 0.532413 -0.141655
v -0.121212 -0.981107 -0.321617
v -0.547413 -0.292223 -0.242367
v -0.515772 0.146444 0.529903
v -0.506181 -0.335725 0.594718
v 0.488422 -0.492428 0.658622
v -0.3318789 -0.39001465 -0.23511124
v -0.474521 0.535019 -0.0162675
v 0.483988 -0.879148 -0.197691
v -0.51038 -0.250219 0.600864
v -0.659178 0.111306 -0.0927135
v -0.499796 -0.217154 0.597372
v -0.447754 -0.711132 0.395513
v 0.09163284 0.029403687 0.55488586
v -0.73800087 -0.1657753 -0.15718842
v -0.50607 -0.161176 0.575595
v -0.784976 0.167111 -0.0660089
v -0.70104 -0.102182 -0.153781
v -0.776535 0.650857 -0.199085
v -0.425289 -0.483572 -0.183933
v -0.612927 0.349982 0.533164
v -0.940092 0.0751316 0.092538
v -0.400019 -0.499838 -0.179688
v -0.6232789 0.7266159 -0.34879017
v 0.651998 -0.38159 -0.212928
v 0.563847 -0.77098 -0.22725
v -0.502074 0.0585457 0.47917
v 0.247763 -0.474323 0.74387
v -0.512644 -0.600546 -0.0681595
v -0.54306114 -0.5862427 -0.07571411
v -0.367323 0.2341 0.2985
v -0.670585 0.0895201 -0.0895586
v 0.427891 -0.217672 0.651759
v 0.574372 -0.270011 0.593545
v -0.165449 -0.900849 0.694686
v -0.669055 0.0684393 -0.0933874
v 0.632598 -0.290937 0.565621
v 0.207225 -0.458346 0.769216
v -0.907371 0.539415 0.186265
v -0.588449 0.46275 -0.0965583
v 0.30609035 -0.97610015 0.037469864
v 0.198186 -0.413418 0.768817
v -0.5291281 -0.2961445 -0.25125694
v -0.173773 -0.446025 0.543711
v -0.50274 0.634721 0.0939425
v 0.561501 -0.798195 -0.198299
v -0.374905 -0.955872 -0.238659
v 0.74969864 -0.5074768 -0.07322693
v -0.124294 -0.96841 0.593741
v 0.71204 -0.0720142 -0.0060644
v -0.528271 -0.399544 -0.234162
v -0.900088 -0.0124712 0.204207
v -0.97953606 0.24887657 0.22115326
v 0.99843 -0.578413 0.181284
v 0.997289 -0.573749 0.207882
v -0.591289 0.441994 -0.0835815
v -0.252141 -0.375595 -0.256987
v -0.667602 0.0242294 -0.117167
v 0.3467369 0.13427734 0.48018646
v -0.932343 0.372834 0.381632
v 0.415123 -0.956036 -0.215474
v -0.578961 -0.341657 -0.228895
v 0.68106 -0.145965 -0.123717
v -0.554666 -0.383984 -0.230846
v -0.61305237 0.5626831 0.42903137
v 0.542495 -0.352084 0.631936
v -0.594661 -0.87085 0.534137
v -0.22258 -0.686881 -0.119914
v -0.8279724 0.5573864 0.11505127
v 0.174449 -0.138542 0.662797
v -0.470371 0.562287 -0.0205448
v -0.47756958 0.5831299 -0.015014648
v -0.7373657 -0.24182129 -0.16993713
v -0.684287 0.816748 -0.5092
v 0.587366 -0.185505 0.568097
v 0.568095 -0.581791 0.581073
v -0.71900845 -0.008758545 -0.10366821
v 0.49101353 -0.070999146 0.56310654
v -0.0597913 -0.324077 0.738956
v -0.64953613 0.016647339 -0.1300354
v 0.639939 -0.840347 0.40308
v 0.615122 -0.85611 0.404341
v 0.909439 -0.601182 0.0082234
v 0.919951 -0.627769 0.00613545
v 0.5178299 -0.7181854 -0.2929077
v 0.69673157 -0.40605927 -0.1486206
v -0.110154 0.936453 -0.154344
v 0.716179 -0.307221 -0.155574
v -0.159765 -0.374782 0.589235
v 0.600512 -0.717213 -0.192571
v 0.705581 -0.019497 0.0495499
v -0.839897 0.303428 0.664248
v 0.784801 -0.66613 0.427294
v -0.661092 -0.0202747 -0.139169
v 0.0299584 0.900036 -0.25674
v -0.503103 0.422174 0.41564
v -0.712508 0.039192 -0.084818
v -0.516332 -0.914814 0.62184
v -0.736747 0.0382535 -0.0692406
v -0.487679 -0.871969 0.611764
v -0.667976 -0.13944 -0.177964
v -0.501586 -0.833243 0.581018
v -0.280851 -0.96593 0.00739683
v -0.723419 -0.190088 -0.170015
v 0.456495 -0.0650255 -0.21636
v -0.660187 -0.167056 -0.187136
v -0.599984 0.373376 -0.0726408
v -0.724875 0.0573604 -0.0716827
v -0.36349 0.507831 0.116849
v -0.698316 0.831499 -0.527368
v 0.7612381 -0.5051422 -0.043685913
v -0.409926 0.476548 -0.0116195
v -0.389748 0.71403 0.0685212
v -0.643413 -0.946306 -0.0660586
v -0.6869621 -0.21726227 -0.18744946
v -0.189877 -0.191823 -0.285824
v 0.449568 -0.963706 -0.0805699
v -0.176028 -0.793193 0.587971
v 0.325763 -0.0950938 0.608826
v -0.707968 0.0674319 -0.079383
v -0.759375 -0.08906 -0.111455
v -0.16418457 0.80870056 -0.19972229
v -0.737321 0.275373 -0.0794231
v -0.337624 0.590257 -0.093957
v -0.728414 0.080472 -0.0729313
v -0.203524 -0.797378 0.57538
v -0.540269 -0.486349 0.535655
v -0.51846695 -0.5090027 0.519928
v 0.441514 -0.225216 -0.301533
v -0.553809 0.591709 0.0914953
v 0.912085 -0.471717 0.192608
v -0.255227 -0.963545 0.579192
v -0.915013 -0.200046 0.329361
v -0.503882 -0.409459 0.581905
v -0.700007 0.213032 -0.0942932
v -0.499642 -0.384292 0.591858
v -0.207321 -0.665636 -0.13532
v 0.215162 -0.0944272 -0.270079
v -0.492679 -0.311639 0.598163
v -0.707412 0.123554 -0.0875148
v -0.501551 -0.292115 0.595289
v -0.590849 0.635228 -0.53607
v -0.0953301 -0.710474 0.551649
v -0.860735 0.21183 -0.0318716
v -0.57018 0.425674 0.492938
v -0.685822 -0.592309 0.047072
v -0.504094 -0.18655 0.584489
v -0.228825 0.036908 -0.202493
v -0.249493 0.0530077 -0.192854
v -0.503552 -0.135539 0.573394
v -0.24762 0.090126 -0.155796
v -0.526556 -0.100636 0.564154
v -0.50933 -0.0791485 0.554286
v -0.232589 0.105828 -0.135869
v -0.934153 0.339543 0.502126
v -0.3131218 0.20251465 0.28004456
v -0.24223 0.129091 -0.117862
v -0.499294 0.0148339 0.490533
v -0.49487 0.0845141 0.484449
v 0.31726 -0.942516 0.468824
v -0.251464 0.152548 -0.0994165
v -0.233926 0.188461 -0.0381121
v 0.210261 -0.698161 0.722696
v -0.5975914 0.57154083 0.39909363
v -0.17043 -0.927976 0.402168
v -0.501654 -0.836579 -0.0647997
v 0.565047 -0.31967 -0.267836
v -0.251341 0.0271462 -0.209283
v -0.445122 -0.668503 0.408701
v -0.626327 -0.849782 0.143669
v 0.521812 -0.960233 0.0345686
v -0.258626 0.191192 -0.0573055
v 0.606307 -0.338009 -0.238171
v 0.23247 -0.689027 0.717573
v -0.575019 0.62858 -0.337248
v -0.27094078 0.055244446 -0.19086456
v -0.4654 -0.811467 0.208762
v -0.298677 0.232403 0.187635
v -0.260732 0.0742398 -0.17539
v -0.274817 0.0923821 -0.159262
v 0.739909 -0.649903 0.409727
v -0.217356 0.732678 -0.032627
v -0.577988 0.427404 -0.0530982
v -0.563967 0.433603 -0.0327474
v -0.265548 0.139814 -0.122343
v -0.274961 0.161742 -0.108337
v -0.038909912 -0.6467438 0.640213
v -0.618754 -0.919559 0.364629
v -0.264786 0.174882 -0.0839846
v -0.491295 0.401477 -0.00618374
v 0.86819 -0.604491 0.39719
v -0.550224 -0.965322 -0.109036
v 0.579272 -0.653136 -0.24314
v 0.579957 -0.677842 -0.229381
v -0.526158 -0.85476 -0.068225
v -0.792107 -0.310159 0.488342
v -0.276466 0.015582 -0.21561
v 0.8016696 -0.34092093 0.2682495
v -0.286227 0.0730233 -0.175984
v -0.2626748 0.11525345 -0.13805151
v -0.288736 0.148212 -0.126113
v 0.45438862 -0.091609 -0.24633217
v 0.80652654 -0.29238176 0.13058019
v 0.634794 -0.695748 0.505277
v 0.530501 0.159702 0.345003
v -0.39749146 0.24354935 0.37197495
v 0.968796 -0.622855 0.0659965
v -0.132259 -0.954359 0.69943
v 0.47925 -0.535138 0.648943
v -0.283584 0.192013 -0.0710552
v -0.244708 -0.838048 0.576239
v -0.421024 0.542074 -0.0407649
v -0.405865 0.35121 0.196671
v 0.776491 -0.641628 0.41402
v -0.711153 0.486082 -0.365909
v -0.544123 -0.654178 0.0611535
v -0.975403 0.112994 0.541329
v 0.566749 -0.528536 0.574509
v -0.0793895 -0.320247 0.726204
v -0.293345 0.052163 -0.189957
v -0.926946 0.347249 0.36751
v -0.7233887 -0.5756531 0.08441162
v -0.912267 -0.310467 0.150911
v -0.0901974 -0.493135 0.635744
v -0.6009531 0.59071255 0.2998562
v -0.60547 0.437074 -0.127521
v -0.289957 0.112668 -0.147803
v -0.418348 0.405234 0.15437
v -0.288735 0.179068 -0.0937319
v 0.401318 -0.0197393 -0.215141
v -0.56715 -0.881898 -0.0727313
v 0.11248779 -0.18206787 -0.39180183
v -0.60134 0.810882 -0.640755
v -0.529833 -0.834959 -0.0472043
v -0.689237 0.791266 -0.423589
v -0.719187 0.792494 -0.411833
v -0.699546 0.785063 -0.392145
v -0.11816603 0.13874245 0.37848282
v 0.861999 -0.796021 0.343213
v 0.275876 -0.0568921 -0.24982
v 0.49776 -0.825675 -0.223481
v 0.323332 -0.080799 -0.247026
v -0.93812 0.311017 0.505109
v -0.633335 -0.905828 -0.0581007
v -0.3173771 0.042736053 -0.19254494
v -0.654748 -0.510182 -0.108537
v 0.395101 -0.282337 0.697231
v -0.305303 0.0929288 -0.163814
v 0.420029 -0.293997 -0.353171
v 0.438346 -0.309805 -0.345113
v -0.31100845 0.12313843 -0.14833069
v -0.772096 0.294389 -0.062582
v -0.7124214 -0.44197083 0.4892044
v -0.97597 0.195989 0.390232
v -0.29912 0.166641 -0.11303
v -0.302649 0.191124 -0.0819427
v -0.230212 0.856145 -0.0580839
v -0.306864 0.202088 -0.0625051
v 0.653578 -0.681942 -0.139757
v -0.28694916 0.20598412 -0.041900635
v -0.5556011 0.5869628 0.20860481
v -0.00380774 0.140838 -0.0989284
v -0.156168 -0.86223 -0.355423
v -0.312156 0.0676334 -0.178997
v 0.474617 0.0634666 0.483451
v -0.312236 0.181369 -0.0985822
v -0.284784 -0.94442 -0.0617587
v -0.49924 -0.478385 0.542895
v -0.336487 0.210649 -0.0551249
v -0.341663 -0.800113 0.534592
v -0.568235 0.802307 -0.758411
v 0.858942 -0.642143 -0.0339826
v -0.485779 -0.430829 0.569966
v -0.480839 -0.401607 0.584021
v -0.47756892 -0.37747002 0.59357595
v -0.467207 -0.705297 -0.0681572
v -0.5877075 -0.21951103 -0.22289467
v -0.42947 0.181755 0.441503
v -0.481911 -0.289425 0.59893
v -0.063905716 0.16654205 -0.05834961
v -0.495193 -0.270419 0.596895
v -0.355503 0.0127295 -0.205761
v -0.483975 -0.244541 0.596854
v -0.469751 -0.219779 0.587675
v -0.34328 0.0362341 -0.193211
v -0.332818 0.0855821 -0.17272
v -0.482472 -0.167414 0.576513
v -0.486572 -0.146908 0.572996
v -0.26863098 -0.6923485 -0.1215353
v 0.26258 -0.857257 -0.300009
v 0.781127 -0.194749 0.275515
v -0.72332 0.29714966 0.6730423
v 0.31798315 -0.9707568 0.54078054
v -0.498019 -0.0547769 0.541243
v -0.324848 0.195994 -0.0810138
v -0.492625 -0.0275898 0.524243
v -0.664429 0.601531 -0.658155
v -0.489865 0.0378011 0.477568
v -0.955272 0.467288 0.226765
v -0.6980667 0.28063583 -0.08725357
v -0.0913769 -0.598826 0.569555
v -0.514452 0.474254 -0.00256962
v -0.523953 -0.966751 -0.117358
v -0.449501 -0.825253 0.259853
v -0.37296486 0.03278351 -0.19378757
v -0.338461 0.0608948 -0.183542
v 0.397897 -0.177026 0.645586
v -0.982185 0.156033 0.166455
v -0.31895828 0.15005875 -0.13157845
v -0.26258 0.663825 -0.1501
v 0.336507 0.208556 0.40935
v -0.3285694 0.1668663 -0.11741829
v -0.226685 -0.521164 -0.210424
v -0.339927 0.181738 -0.102458
v 0.848921 -0.556559 0.0211398
v 0.297616 -0.672823 0.706303
v 0.43785 -0.246741 0.654285
v -0.855095 -0.412302 0.292398
v 0.860204 -0.53487 0.0402841
v 0.507406 -0.835947 -0.200612
v 0.45942 -0.219701 0.632374
v 0.69763184 -0.28265572 0.48672485
v 0.236531 0.010748 -0.239177
v -0.398343 -0.969357 0.56153
v -0.36428 0.0528154 -0.187339
v 0.3188362 -0.48039627 0.74053955
v 0.4186325 -0.042816162 0.5627136
v -0.360403 0.0801555 -0.179776
v 0.445564 -0.0265719 0.540648
v -0.20100498 -0.9198946 -0.12413406
v -0.34841347 0.11064911 -0.16317558
v 0.443554 -0.206448 0.63533
v 0.661013 -0.573515 -0.180178
v -0.500849 -0.662189 0.279128
v -0.0301191 -0.160332 0.606824
v -0.592374 0.384538 0.499355
v 0.508986 0.19061 0.295059
v -0.353742 0.199491 -0.0806536
v -0.3494749 0.21978188 -0.034282684
v 0.783534 -0.613066 0.396692
v -0.380521 0.229571 -0.0142597
v 0.766534 -0.601409 0.385528
v 0.786671 -0.5907 0.381133
v -0.373089 0.235046 0.0104339
v 0.7642 -0.579061 0.375779
v -0.390788 0.248751 0.0248709
v 0.842119 -0.518512 0.0597217
v -0.81760645 0.37750244 0.62835693
v 0.30631 -0.971138 -0.255789
v 0.790702 -0.551287 0.352964
v -0.358664 0.130844 -0.149982
v 0.921862 -0.506007 0.304312
v -0.60640585 0.49700928 -0.31137848
v -0.420795 0.718666 0.00823298
v 0.746401 -0.117002 0.00643729
v -0.586942 0.56163 -0.14935
v -0.592847 -0.973927 0.238171
v -0.585743 0.518877 -0.19694
v -0.588614 0.497813 -0.179957
v 0.485168 -0.336768 0.665042
v 0.937231 -0.757148 0.085626
v -0.14364 -0.904246 0.709939
v -0.385654 0.197454 -0.0820254
v -0.370735 0.212338 -0.0588433
v 0.95225334 -0.7467773 0.1195755
v -0.237704 0.761046 0.0140403
v -0.144886 0.677601 -0.0376853
v 0.521038 -0.621309 0.60782
v -0.401511 0.270449 0.0349516
v -0.392778 0.276788 0.0593728
v -0.219202 -0.956953 0.634364
v -0.468243 -0.889694 0.617076
v -0.011423 0.918883 -0.299887
v 0.854148 -0.502368 0.0796342
v -0.462049 -0.865299 0.605535
v -0.189505 0.55566 -0.0317698
v -0.388004 0.0697212 -0.181567
v -0.385483 0.0978932 -0.171107
v -0.300392 -0.828387 -0.251433
v -0.281078 -0.828062 -0.269754
v -0.295504 -0.84471 -0.275085
v 0.154193 -0.146154 0.674804
v -0.382672 0.121631 -0.156397
v -0.761844 0.570001 0.0182303
v -0.594045 -0.850552 0.405241
v -0.389388 0.221983 -0.0381843
v -0.408479 0.23091 -0.0211448
v -0.267176 -0.597953 -0.155948
v -0.40016 0.241357 0.000803681
v -0.275016 0.645638 -0.139694
v 0.363584 0.232982 0.359122
v -0.653388 0.909415 -0.701488
v -0.626959 0.899384 -0.712639
v -0.00439717 0.0745131 -0.187932
v 0.00793851 -0.0334619 -0.255011
v 0.020016193 0.06642151 -0.19345951
v -0.0106609 0.0374908 -0.221165
v -0.690919 0.875791 -0.6114
v 0.0945166 -0.646734 0.72754
v 0.07940674 -0.6407075 0.7235718
v -0.383145 0.018605 -0.202662
v -0.53110075 0.5820192 0.24871063
v -0.3194046 0.70840454 -0.12125397
v -0.5832834 0.5343256 -0.17729282
v -0.412662 0.0564098 -0.186381
v -0.3716154 0.14348602 -0.13970947
v -0.37108088 0.16934967 -0.1160965
v -0.373603 0.18482971 -0.09992981
v -0.4172783 0.21855927 -0.042966843
v -0.431459 0.231181 -0.0286266
v -0.413614 0.262433 0.0111435
v 0.830277 -0.647094 -0.0396278
v -0.5135975 0.22319889 -0.0640955
v 0.155904 -0.133305 -0.296322
v -0.77452 0.321127 -0.0544667
v -0.40045166 0.66322327 -0.06706238
v -0.48361206 0.60128784 -0.007019043
v -0.488356 -0.810437 -0.0565565
v -0.149383 -0.488082 -0.413851
v -0.6529789 0.6944771 -0.20812988
v -0.060616493 0.1791935 -0.0313797
v -0.83904266 0.06522155 -0.0089149475
v -0.428848 0.016773 -0.209891
v -0.41053605 0.007961273 -0.21241283
v -0.44955444 -0.47156143 0.5538521
v -0.416963 0.0869792 -0.172194
v -0.79763 0.72421 -0.433992
v -0.409625 0.114734 -0.158574
v -0.403075 0.132852 -0.146413
v -0.40711975 0.1925354 -0.08421326
v -0.652195 0.33171082 0.60294914
v -0.49163628 -0.35808945 0.5978489
v -0.468328 -0.308776 0.603291
v -0.426284 0.206321 -0.0599519
v -0.0933535 -0.983833 -0.305207
v -0.471385 -0.267336 0.596646
v -0.170355 -0.953815 0.130565
v 0.35369492 -0.972777 -0.05316925
v -0.23604584 -0.8131757 -0.28097916
v -0.477671 -0.19332 0.583052
v 0.839171 -0.621397 -0.026735
v -0.0665641 -0.136102 -0.290474
v -0.477203 -0.125779 0.565983
v -0.448601 0.00171571 -0.215734
v -0.465167 -0.100106 0.553623
v -0.017517 -0.562492 0.694559
v -0.496195 -0.545686 -0.138096
v 0.5188923 0.17329502 0.04534912
v -0.43853855 0.06832123 -0.18179321
v -0.462 -0.0249862 0.520559
v -0.834331 0.541486 0.0801542
v -0.47006 0.0178069 0.488626
v -0.16389465 0.060836792 0.45547485
v -0.408152 0.149745 -0.131614
v -0.410216 0.168484 -0.112522
v -0.13902855 -0.9223112 -0.06845093
v -0.681787 0.48886 -0.412349
v 0.200155 -0.546264 0.7471
v 0.382078 -0.967066 0.437473
v 0.31895 -0.793773 0.660468
v -0.148217 -0.922076 0.479262
v -0.323205 0.166287 0.341147
v 0.12715149 0.052490234 0.54457855
v 0.129908 -0.91163 0.483824
v -0.426731 0.425325 0.178572
v 0.871105 -0.516386 0.0595817
v 0.339597 -0.254111 -0.380235
v 0.523199 -0.847706 -0.145408
v 0.677514 -0.561515 0.507021
v -0.441753 -0.638369 0.425489
v -0.43913078 0.107601166 -0.15867043
v -0.430301 0.133901 -0.140643
v -0.21639013 0.20566177 0.25104332
v -0.433992 0.174804 -0.0980372
v 0.470535 -0.198004 0.629056
v -0.976944 0.107427 0.471813
v -0.431771 0.191376 -0.0783402
v -0.451023 0.200059 -0.0629017
v -0.44597 0.219107 -0.0446237
v 0.439385 -0.0952496 0.60532
v -0.949922 0.100976 0.0982749
v 0.54090786 0.14413452 0.011688232
v -0.428799 0.250376 -0.013179
v 0.563275 -0.345649 0.614072
v -0.433599 0.279739 -0.0054443
v 0.758688 -0.142245 0.0147364
v 0.37696362 -0.23940325 -0.35872746
v 0.803415 -0.522742 0.326595
v 0.0632053 0.744108 -0.193385
v 0.0280226 0.657417 -0.142788
v -0.0410103 -0.965852 -0.330721
v 0.03952 0.828324 -0.323152
v 0.595561 -0.528635 -0.244991
v -0.45755 0.143238 -0.122774
v -0.45892 0.162421 -0.101422
v -0.609111 0.617449 -0.647548
v 0.319079 -0.156556 0.64935
v 0.586393 -0.554417 -0.243194
v 0.97139 -0.614556 0.307577
v 0.041893005 -0.9384804 -0.3181095
v 0.84 -0.491365 0.100459
v -0.375938 0.467171 0.0977893
v -0.697906 0.486089 -0.389741
v -0.595787 0.709477 -0.426779
v 0.723718 -0.133115 -0.0572727
v -0.48039433 0.09750366 -0.15643883
v 0.684878 -0.703675 0.435682
v -0.456732 0.181803 -0.0807649
v -0.982707 0.201205 0.364383
v -0.467529 0.211533 -0.0534373
v -0.138451 -0.0760204 0.555908
v -0.47165108 0.23123312 -0.046102047
v 0.217807 -0.868508 0.615228
v 0.427435 -0.322766 0.679082
v -0.811099 -0.504964 0.203922
v -0.45196 0.242743 -0.0324607
v -0.76607 -0.389439 0.474051
v -0.452411 0.269421 -0.0275381
v 0.853922 -0.484933 0.121326
v 0.358222 -0.180995 -0.311714
v 0.350409 -0.147434 -0.275047
v 0.577118 -0.393442 -0.267636
v -0.0942791 0.096581 -0.151155
v -0.39193344 -0.69408417 0.4925232
v -0.414854 0.315342 0.0552225
v 0.69181156 -0.0046157837 0.31628418
v -0.449746 -0.751152 0.413589
v -0.398337 0.329493 0.215952
v 0.105238914 -0.0023918152 -0.25882816
v -0.451325 -0.591775 0.455011
v 0.105039 -0.0262494 -0.268569
v 0.0892318 0.123906 -0.154025
v -0.4744377 0.07244873 -0.17432404
v 0.44032 -0.436745 0.698493
v -0.483 0.147994 -0.106682
v -0.762036 0.372071 -0.0579589
v -0.48853683 0.16952133 -0.0831871
v -0.476473 0.194623 -0.0645506
v -0.778601 0.347199 -0.0502283
v -0.763253 0.265831 -0.072119
v -0.455476 0.297603 -0.020059
v -0.439547 0.286708 0.412459
v -0.459797 0.323807 -0.00768176
v -0.52086 -0.813645 0.161672
v 0.23462 -0.142852 -0.294378
v -0.029182434 -0.26743698 -0.45850754
v -0.455599 -0.779614 -0.0710394
v -0.477004 -0.785217 -0.0560596
v -0.51348877 0.053253174 -0.17629242
v 0.621821 -0.318504 0.566876
v 0.493003 0.147114 0.412059
v -0.449894 -0.734194 0.397645
v -0.461721 -0.446083 0.565278
v -0.461371 -0.418745 0.574942
v -0.437615 -0.414854 0.580313
v -0.455146 -0.387611 0.585419
v 0.765175 -0.171283 0.320221
v 0.0988401 0.804902 -0.288366
v -0.49033356 0.11116791 -0.14181519
v -0.47818 0.132358 -0.12592
v -0.461703 -0.286516 0.601581
v 0.360721 -0.920733 0.595452
v -0.365742 0.127481 0.382812
v -0.458303 -0.244599 0.591095
v -0.122161 -0.917929 -0.173951
v -0.520629 0.177445 -0.0784518
v 0.6903076 -0.40594482 0.49865723
v -0.456266 -0.171538 0.579062
v 0.751481 -0.572523 -0.0285804
v -0.447836 -0.121636 0.562832
v -0.520052 0.618497 0.100547
v -0.433732 -0.770388 -0.0841412
v -0.481277 -0.0769896 0.548569
v -0.5312958 0.08184433 -0.15075684
v -0.505221 0.12917 -0.118326
v -0.535148 0.16096 -0.0883443
v -0.483436 0.313394 -0.0291515
v -0.49792 0.333346 -0.0290725
v -0.462431 0.0414748 0.473078
v 0.591921 -0.482191 -0.262338
v -0.123597 -0.281004 -0.43111
v 0.81135607 -0.4271431 0.11279297
v 0.922432 -0.493402 0.107023
v 0.2724 -0.485291 0.741928
v -0.523219 0.446616 -0.00528409
v -0.257079 0.538993 0.0419991
v 0.894869 -0.489895 0.103184
v 0.394166 -0.248308 0.691787
v -0.560339 0.456157 -0.0228773
v 0.71658325 -0.2493515 -0.13156128
v -0.43273163 -0.97080874 0.5627656
v 0.727077 -0.223193 -0.101991
v 0.414904 -0.919558 0.58541
v -0.539714 0.0526688 -0.167659
v -0.31077385 0.49596786 0.04332924
v 0.306661 -0.960559 -0.157829
v 0.4332428 -0.5496597 0.67515564
v -0.535875 0.11165 -0.122841
v -0.210911 -0.628272 -0.157411
v 0.840225 -0.830354 0.322435
v -0.53419 0.138562 -0.101811
v -0.781137 0.554961 0.028251
v -0.818113 -0.496201 0.18117
v -0.47653 0.284524 -0.0397708
v -0.503316 0.294352 -0.0472975
v -0.506579 0.424371 -0.00529211
v -0.50315475 -0.41207886 -0.2339325
v 0.380406 0.0673635 -0.187277
v -0.5754164 0.59194374 -0.3272705
v 0.540132 -0.891318 0.471649
v 0.75543976 -0.8716736 0.024047852
v 0.401377 0.0830988 -0.171515
v 0.734351 -0.879873 0.0133706
v 0.823337 -0.674693 -0.0507057
v -0.785103 0.732217 -0.471171
v -0.117472 0.733626 -0.208422
v -0.13111687 -0.91750777 0.46699238
v -0.5780926 -0.5111618 -0.16275024
v 0.0595959 0.136566 0.478927
v 0.231189 -0.85171 0.612469
v -0.89288 -0.356664 0.138414
v 0.943682 -0.765039 0.133893
v -0.401169 -0.594253 0.492823
v 0.647646 -0.699097 0.488675
v -0.107413 -0.294084 -0.44843
v -0.631337 0.544272 0.469348
v 0.249581 -0.383241 0.749661
v -0.943341 0.29784 0.394718
v 0.965646 -0.689826 0.296506
v 0.243132 -0.930071 0.0118518
v -0.5778823 0.58867836 -0.3771515
v -0.5776472 0.7872391 -0.6819153
v 0.810502 -0.627306 -0.0270818
v -0.0231546 -0.537697 0.701457
v 0.221378 -0.817679 0.640014
v -0.412193 0.354328 0.225679
v -0.673842 0.293298 0.640151
v 0.192846 -0.818004 0.636657
v -0.679981 0.913921 -0.695425
v -0.0998219 -0.065181 -0.27439
v -0.458745 0.364645 0.353923
v -0.00900902 -0.28196 -0.468553
v 0.780392 -0.82134 0.389771
v 0.0223687 -0.0518551 -0.263794
v -0.906568 -0.0634738 0.237173
v -0.474968 -0.787471 0.38386
v -0.536856 0.602494 0.109218
v 0.8159809 -0.56295013 0.01940918
v -0.125276 -0.80832 -0.319791
v 0.89073443 -0.81996155 0.24759674
v 0.366441 -0.0198438 0.540405
v 0.363099 -0.0410245 0.560359
v 0.68121 -0.729277 0.429485
v 0.237849 -0.28738 0.747678
v 0.24272156 -0.2621765 0.7386017
v 0.81394 -0.51914 0.0572231
v 0.725816 -0.0715356 0.0177162
v -0.980187 0.17485 0.375166
v 0.000278142 -0.205 -0.413086
v -0.481452 -0.847443 0.595452
v -0.3589853 -0.9668081 0.15957022
v -0.5431366 -0.87104034 0.31504822
v -0.477566 0.418913 0.371633
v -0.455001 -0.843249 0.587777
v -0.56728363 0.058506012 -0.15213013
v -0.60512 -0.855226 0.426071
v -0.857825 0.525908 0.0831788
v -0.53096 0.378121 -0.0443493
v 0.0534702 -0.114392 -0.288472
v -0.518914 0.398309 -0.0257168
v -0.0332898 -0.193817 -0.385644
v -0.80914307 0.55078316 0.07067871
v -0.352043 0.185324 0.317634
v -0.95838 0.438575 0.29526
v 0.4105072 0.03186798 -0.1954956
v -0.300988 0.178819 0.329591
v 0.386237 -0.21855 0.68134
v -0.578692 0.56188 -0.227222
v 0.0430945 -0.685049 -0.422965
v 0.7605438 -0.5257263 -0.030426025
v -0.960254 0.465992 0.299195
v -0.503943 0.578916 0.00463886
v -0.39624 -0.0237769 -0.222868
v -0.489326 -0.441757 -0.22035
v 0.0144373 0.0900913 -0.176038
v -0.816895 0.0895772 -0.0317914
v 0.0329461 0.106529 -0.16198
v -0.598522 0.843862 -0.768264
v 0.0804553 0.0893527 -0.180026
v -0.623368 0.858062 -0.758722
v -0.89461 0.190494 -0.00500196
v 0.0510246 -0.979825 -0.282407
v -0.553654 0.146406 0.551296
v 0.20301342 -0.06533432 -0.26578045
v 0.60061 -0.781891 -0.120008
v 0.233027 -0.0715659 -0.261555
v -0.419669 -0.923114 -0.132328
v 0.811188 -0.7943 -0.0298683
v -0.344323 0.193731 0.295648
v 0.58021 -0.336186 0.594259
v -0.54557 0.393136 -0.042338
v -0.54602 0.41455 -0.0270227
v -0.546444 0.439201 -0.0147934
v -0.543334 0.469077 -0.00707646
v -0.555504 0.496647 -0.000548304
v -0.543947 0.518255 0.00938619
v 0.591131 -0.38303 -0.253279
v 0.5368614 -0.35702133 -0.29671097
v -0.301067 0.617071 -0.118675
v -0.579274 0.663535 -0.41311
v -0.257751 0.606564 0.0730929
v 0.7319679 -0.8973999 0.3013153
v 0.731358 -0.0929478 -0.00074296
v 0.136679 0.121354 -0.15749
v -0.41168213 0.7130432 0.052467346
v 0.393223 0.0423618 -0.197137
v -0.438102 -0.357537 0.590502
v 0.0696329 -0.230984 -0.441401
v -0.452489 -0.331506 0.600593
v -0.468606 0.409659 0.352786
v 0.173579 -0.935711 0.635174
v -0.6037133 0.6695194 -0.25783157
v -0.56468 0.40804 -0.0437281
v -0.432382 -0.245156 0.591107
v -0.444032 -0.221605 0.586097
v -0.234595 0.53467 -0.0239196
v -0.451811 -0.197564 0.584347
v -0.567102 0.479929 -0.018481
v -0.534595 0.542276 0.0145062
v -0.5477 0.560362 0.0289444
v -0.539422 0.58375 0.0396369
v -0.453361 -0.0732367 0.541354
v 0.15903473 -0.9523411 0.53351974
v -0.444087 -0.0478539 0.528676
v 0.437422 0.20451 0.351106
v -0.434751 -0.0242108 0.516503
v -0.451178 -0.00217372 0.504007
v 0.0282635 0.963616 -0.304533
v 0.382939 -0.186871 -0.304442
v -0.913946 0.0316372 0.3105
v -0.464768 -0.782441 0.48402
v 0.0202596 0.722153 -0.235704
v 0.471656 -0.943372 0.523357
v -0.5813322 0.6082077 -0.4303589
v -0.4682808 0.30509377 0.43050766
v 0.41188812 0.100503445 -0.15504074
v 0.32608032 -0.8887329 0.6015892
v -0.640801 0.588833 -0.655773
v -0.799719 0.467665 0.552166
v -0.556437 0.538483 0.0202368
v 0.0153822 -0.0745597 -0.273764
v -0.08906555 -0.661026 0.563324
v -0.61545 0.523714 -0.411091
v -0.11936474 -0.0046577454 -0.23427391
v 0.132694 0.23783 0.000383169
v -0.924899 0.350422 0.155243
v -0.05078 -0.205981 -0.401243
v 0.25872993 0.07608032 0.5334053
v 0.240915 0.0902635 0.527901
v 0.498204 -0.00483721 0.512005
v -0.43971872 -0.8634882 -0.10985994
v -0.0739788 -0.209357 -0.391959
v -0.0558033 -0.1915009 -0.36563158
v -0.298791 0.164536 0.356064
v 0.207943 -0.973129 -0.271729
v 0.205912 -0.978855 -0.24465
v 0.236364 -0.0869427 0.581081
v 0.3435936 -0.16749573 0.6542778
v -0.194964 -0.813955 0.59897
v 0.050697327 -0.21548462 -0.43075562
v 0.596931 0.0928502 -0.00765185
v 0.337697 -0.436255 0.735359
v -0.63718796 0.32533264 0.58070374
v -0.233351 -0.880717 -0.356656
v -0.629212 0.772814 -0.742724
v -0.577579 0.504822 -0.00808938
v -0.474415 0.604532 0.148211
v -0.427457 -0.969673 -0.143277
v 0.804553 -0.442861 0.0652865
v 0.416603 -0.869295 0.589901
v -0.768547 -0.44282 -0.0794926
v -0.206309 -0.782462 0.544379
v -0.697861 0.414971 -0.101288
v -0.568214 0.55535 0.0348239
v -0.363436 0.460908 0.0567957
v -0.90029 0.102441 0.633048
v -0.579551 0.564608 -0.200593
v -0.0832361 0.954778 -0.176382
v -0.298498 -0.952576 -0.34859
v -0.116852 -0.58539 0.536967
v 0.406096 0.124026 -0.137911
v -0.437277 -0.863237 0.596591
v 0.180284 0.0510063 -0.214521
v 0.657816 -0.699671 -0.113966
v 0.525458 -0.775189 0.530122
v -0.270282 -0.899731 0.582617
v -0.43178 0.567083 -0.0441118
v 0.971839 -0.567095 0.29818
v 0.37275 -0.136389 0.637295
v -0.846468 -0.0167288 0.367948
v -0.19889 -0.979894 0.156735
v -0.441154 -0.772999 0.477403
v -0.923663 0.373657 0.168246
v -0.716438 0.413074 -0.0855225
v -0.549304 -0.828372 0.387741
v 0.119062 -0.924678 0.512893
v -0.5775136 0.53988004 0.020429134
v -0.610011 0.490426 0.509969
v -0.502538 0.372117 0.419301
v -0.589514 0.555174 0.0357795
v -0.058685303 -0.47585487 0.6928997
v -0.7406883 0.5009308 0.5300293
v -0.457354 -0.810141 0.301149
v 0.710341 -0.668908 -0.0576505
v 0.39485905 0.17526245 -0.075683594
v -0.93869 0.0545966 0.112593
v 0.526847 -0.109471 0.568797
v -0.753786 0.401849 -0.0594289
v 0.176339 0.035329 -0.227678
v -0.138696 -0.768992 -0.294071
v 0.154156 0.188428 -0.0982521
v -0.930918 0.0351212 0.133725
v -0.128063 -0.868776 -0.354638
v 0.27378082 0.22232819 -0.045448303
v -0.219156 -0.604369 -0.161645
v -0.231104 -0.581338 -0.168639
v -0.180322 0.0749185 -0.171334
v -0.741069 -0.497867 -0.0531335
v 0.67168 -0.669881 -0.12479
v -0.436754 -0.256152 -0.260758
v -0.598142 0.545392 0.0165666
v -0.423413 -0.00951217 -0.220656
v -0.60242 0.566912 0.0550066
v -0.419739 -0.0355891 -0.226695
v 0.689012 -0.655626 -0.110426
v 0.041533 -0.0465531 -0.263673
v -0.0655573 -0.21806 -0.412266
v -0.141305 0.63938 0.0157542
v 0.69395447 -0.63072205 -0.12093353
v -0.887671 0.190516 0.644299
v -0.0564849 -0.435434 0.713253
v 0.16705322 0.22171783 -0.048553467
v 0.286795 -0.157517 -0.304339
v 0.5245819 0.1519146 0.36993408
v 0.822563 -0.499943 0.0783371
v -0.420677 -0.387509 0.585467
v -0.651018 -0.884162 -0.00570145
v 0.622066 -0.909066 0.35392
v 0.191926 -0.13287 0.651648
v -0.597438 0.789077 -0.623582
v -0.151216 0.163185 -0.0427113
v -0.446763 -0.268585 0.598667
v 0.0965395 0.22685623 -0.012432098
v -0.631417 -0.830995 0.0907383
v -0.420368 -0.221157 0.589705
v -0.432017 -0.202646 0.589816
v 0.208619 0.209629 -0.0586156
v -0.431479 -0.179121 0.588223
v -0.866334 0.178987 0.655469
v -0.431106 -0.146593 0.578449
v -0.48007 0.448636 0.367449
v -0.425978 -0.0693612 0.535296
v 0.419636 -0.263469 0.678945
v 0.637284 -0.0304275 -0.102641
v 0.238977 0.0855151 -0.205354
v 0.515066 -0.280068 -0.2905
v 0.543686 -0.205236 0.60704
v 0.388478 -0.966669 0.408035
v -0.436478 0.023248 0.486354
v -0.435647 0.0708897 0.451132
v 0.868851 -0.743188 0.381945
v -0.433454 0.0925407 0.439303
v 0.58363 -0.295225 -0.254292
v 0.699856 -0.864147 0.38594
v -0.970315 0.111537 0.422519
v -0.0531186 0.864159 -0.265444
v 0.17459106 0.24032974 -0.00579834
v 0.777503 -0.494731 0.349458
v 0.899245 -0.516698 0.0618586
v 0.276411 -0.179237 -0.35344
v 0.0377997 -0.0668103 -0.273613
v 0.8450143 -0.86019105 0.17962956
v 0.798396 -0.652937 -0.0409913
v -0.142739 -0.303645 0.625984
v -0.458928 0.647885 0.108189
v -0.428524 -0.778462 0.241995
v 0.25843108 -0.15791988 -0.31695938
v 0.38110352 0.21609497 -0.0181427
v 0.705114 -0.740613 0.427633
v -0.597823 0.0988073 0.593932
v 0.593978 0.0475003 0.427412
v 0.591741 -0.607582 -0.23821
v 0.0173791 0.170123 -0.0652926
v -0.88890266 -0.38160276 0.24103928
v 0.201018 0.193907 -0.0802543
v 0.2269516 -0.21348572 0.7284279
v 0.1478262 -0.028337479 0.58170986
v 0.801324 -0.589508 0.00157934
v 0.121115 0.205209 -0.07398
v -0.645104 0.454721 -0.246561
v 0.790103 -0.813079 -0.0253984
v -0.656173 0.214495 -0.0948448
v 0.80362 -0.68018 0.431821
v -0.9652252 0.2596588 0.1506195
v -0.676081 -0.502417 -0.0975799
v -0.0748894 0.861412 -0.154558
v 0.37806702 0.062438965 0.5043335
v 0.268747 -0.365452 0.747687
v 0.361812 0.0489007 0.5151
v -0.0370593 -0.803252 0.66467
v -0.431733 0.57573 0.157225
v 0.7983904 -0.55039215 0.030099869
v -0.445815 0.112829 0.450634
v 0.802656 -0.493414 0.0577914
v 0.484971 -0.954337 -0.0112885
v 0.72002 -0.897692 0.0273934
v -0.389604 0.0979787 0.416093
v -0.545017 -0.237032 -0.239094
v 0.64113426 0.02421093 -0.046684265
v -0.232416 -0.793227 0.529748
v 0.637829 0.0578454 0.350039
v -0.39491272 -0.27099705 -0.26186085
v -0.428328 0.340024 0.0453215
v 0.91722107 -0.65823364 0.37565613
v 0.805125 -0.65173 0.424456
v 0.492083 -0.269075 -0.298473
v 0.262309 0.00448666 0.560733
v 0.518213 -0.342803 -0.30616
v 0.520617 -0.312272 -0.296425
v 0.7221012 -0.07643795 0.34191895
v -0.6834717 -0.38430786 0.5369873
v 0.0199293 0.134093 -0.113125
v 0.5445938 -0.15946674 -0.23806667
v -0.41059875 -0.8430557 0.57258415
v 0.58610535 -0.09875488 -0.18626404
v -0.56153345 0.58704025 0.17591476
v -0.41878 -0.824842 0.556181
v 0.644889 -0.0515391 -0.113951
v -0.260121 -0.820637 -0.276038
v -0.257642 -0.578642 -0.165127
v -0.422536 -0.771343 0.493466
v 0.00726849 0.210838 0.0156273
v -0.204284 0.626118 0.0482432
v 0.125481 -0.218405 -0.427073
v -0.587765 -0.956214 0.571134
v 0.613079 -0.144031 -0.179332
v 0.488916 -0.856296 -0.217681
v -0.178325 0.20454 0.151245
v 0.62434864 0.03373146 -0.060554504
v -0.6727319 0.5095062 -0.5023041
v 0.1855545 0.12882233 -0.14658356
v -0.59866 0.808811 -0.770823
v -0.22381413 0.21630442 0.08046007
v 0.23920631 -0.21068144 -0.3965397
v 0.040145874 0.76216507 -0.19522858
v -0.634432 0.686359 -0.219273
v -0.922253 0.0528536 0.0886282
v -0.629647 0.465546 -0.263576
v -0.606215 0.48493 -0.264958
v -0.957141 0.474354 0.320614
v 0.418676 -0.218372 -0.307403
v -0.62032473 0.7675381 -0.51439667
v -0.300553 0.220556 0.233615
v 0.67171 -0.292025 -0.200157
v -0.480395 -0.69164 0.200625
v -0.0666423 0.894586 -0.154188
v 0.19499207 -0.9189987 0.3096695
v 0.450899 -0.874511 -0.25821
v 0.419123 -0.0735924 -0.235807
v -0.426421 -0.592726 0.470601
v 0.00908795 -0.939448 -0.204923
v 0.4603424 -0.26542664 -0.31559753
v -0.5823517 -0.8951906 -0.074910164
v -0.946624 0.403549 0.318815
v -0.315378 -0.81823 -0.178684
v -0.533714 -0.465423 -0.205475
v -0.434571 -0.728151 0.25598
v 0.773604 -0.666581 -0.0449134
v -0.0719184 -0.000981446 -0.241053
v 0.585181 -0.416029 0.594828
v 0.5457709 0.17321461 0.17114925
v -0.250399 -0.826914 -0.29921
v 0.779562 -0.64167786 -0.03149414
v -0.581987 -0.86497 0.554766
v 0.79256 -0.609156 -0.0118303
v 0.620659 -0.186901 -0.189048
v -0.125749 -0.111616 -0.28408
v -0.40255 -0.441911 0.569916
v -0.716155 -0.953522 0.101546
v 0.393416 -0.774904 0.621145
v -0.711178 -0.961582 0.0756175
v 0.789464 -0.573641 0.0135835
v -0.220809 -0.961965 0.424255
v 0.869296 -0.777954 0.353638
v 0.7856293 -0.5247803 0.031585693
v -0.408419 -0.354993 0.588995
v -0.35068512 0.7644043 0.020835876
v -0.42305 -0.329574 0.599854
v -0.439451 -0.29954 0.605004
v 0.63659 -0.0165807 0.423377
v -0.58611155 0.5386181 -0.3256607
v 0.24020958 0.23802948 -0.012485504
v -0.40732 -0.243946 0.588778
v 0.183537 0.0734424 -0.198568
v 0.430949 0.198253 -0.0112789
v -0.938562 0.372522 0.324763
v -0.452059 -0.698328 0.371156
v 0.627517 -0.263901 -0.224205
v -0.614848 -0.872443 0.436566
v -0.416023 -0.11598 0.562994
v -0.179942 -0.96455 0.652706
v 0.121739 -0.798039 0.650283
v -0.41794014 -0.045028687 0.52685547
v 0.562806 -0.194076 -0.239413
v 0.4780426 0.2047615 0.29869843
v -0.360816 0.0658393 0.448385
v -0.422224 -0.00108029 0.505396
v 0.588586 -0.0579591 -0.162014
v 0.6065979 -0.0993309 -0.17277527
v 0.630423 -0.0108273 -0.094368
v -0.0382904 -0.0420457 -0.266539
v -0.05340576 0.15687042 0.39123917
v -0.03527832 0.14362907 0.4254532
v 0.656504 -0.00506098 -0.0539178
v 0.689331 -0.319359 0.496
v 0.226946 0.0480239 0.552692
v 0.609934 -0.456861 0.568444
v -0.078323364 -0.6242409 0.582077
v 0.99067 -0.640745 0.127
v -0.898908 -0.0381443 0.218078
v 0.531761 0.0344219 -0.132203
v -0.237025 -0.8369 -0.322775
v 0.685033 -0.82657 0.413466
v -0.938962 0.344052 0.318891
v 0.807666 -0.59853 0.394513
v 0.602615 -0.0264487 -0.129066
v -0.643162 -0.608358 0.0133457
v 0.6282692 -0.23858166 -0.21617508
v -0.6663399 -0.59998417 0.033615112
v 0.69498 -0.806976 0.422872
v 0.787538 -0.568987 0.366193
v -0.777407 0.682821 -0.259631
v -0.451307 -0.702774 0.26642
v 0.3668275 -0.11072159 0.62909555
v 0.556798 -0.719653 0.544799
v 0.178766 0.0587386 0.547937
v -0.447414 -0.824898 0.565968
v -0.82860744 -0.4692433 0.22808838
v -0.0910532 0.89546 -0.229657
v 0.488926 0.0442969 0.486258
v 0.46653748 0.032302856 0.4999237
v 0.55576 -0.24796 -0.264337
v 0.380269 -0.3834 0.713413
v -0.448505 0.560941 0.171862
v 0.47869873 0.13197327 -0.079963684
v -0.440912 0.607408 0.144679
v -0.411715 0.620679 0.132648
v -0.408487 0.6484 0.116613
v -0.07344437 0.08747101 -0.15927505
v -0.160807 0.059161 -0.183924
v 0.603256 0.121363 0.111516
v -0.772822 0.703271 -0.279467
v 0.688921 -0.116468 -0.104782
v 0.5259018 -0.017044067 -0.16458893
v 0.483884 0.0881369 0.466804
v -0.988644 0.213393 0.333377
v 0.36214447 -0.47805023 0.7203407
v -0.5929141 0.64523983 -0.5700798
v 0.613534 -0.895788 0.374472
v 0.125873 -0.84409 0.635425
v 0.737385 -0.893364 0.0390232
v 0.58457947 -0.08060455 -0.17862701
v -0.595188 -0.850504 -0.0223622
v 0.409099 -0.441662 0.710278
v 0.6700821 -0.19509697 -0.14539337
v -0.664409 0.469842 -0.318171
v 0.657917 0.0142707825 -0.024246216
v -0.412939 -0.862717 0.587088
v 0.58966 -0.58134 0.567166
v 0.688533 -0.502546 0.490514
v 0.42318726 -0.003829956 -0.2015419
v -0.400801 -0.772911 0.505742
v -0.154675 -0.937684 0.308199
v -0.405803 -0.751116 0.491089
v 0.467497 -0.823052 -0.260182
v -0.52129 -0.279355 0.593967
v 0.277114 -0.778762 0.683591
v 0.268777 -0.192822 -0.375464
v -0.110054 -0.927637 0.182114
v -0.189095 0.882992 -0.117121
v -0.880081 0.0879933 0.0142767
v 0.506001 -0.751509 -0.285497
v 0.532222 -0.0828235 -0.204709
v 0.5355568 -0.041244507 -0.17729187
v -0.75341797 -0.21022797 0.5212784
v -0.436018 -0.834875 -0.097412
v -0.961224 0.398844 0.254654
v -0.291803 -0.660711 -0.12843
v 0.245402 -0.913803 -0.0392673
v -0.877722 0.38401 0.573158
v -0.121114 -0.388255 -0.457646
v 0.51908875 -0.08720112 0.55918884
v 0.667309 -0.260871 -0.194905
v 0.5145836 0.13484573 -0.043441772
v 0.769308 -0.586027 -0.000473861
v -0.653326 -0.536217 -0.0724208
v 0.494339 -0.32546997 -0.31597137
v -0.398402 -0.400597 0.58109
v 0.77689743 -0.80796814 0.4082718
v -0.0923652 -0.2121 0.631129
v -0.662008 0.432877 -0.170678
v -0.393787 -0.327971 0.595405
v 0.888762 -0.533679 0.0418632
v 0.407994 0.20875 -0.010974
v -0.151798 -0.445042 0.562229
v -0.416866 -0.271059 0.599156
v -0.0868919 -0.637659 -0.398545
v -0.383217 -0.244746 0.580745
v 0.43408632 0.20924377 0.011363983
v -0.6349869 0.37849426 0.56936646
v -0.410002 -0.196164 0.59174
v 0.16939 -0.114518 -0.277879
v -0.40354 -0.167159 0.584545
v 0.0626962 0.933507 -0.319136
v 0.606691 -0.0542509 0.48063
v -0.645039 0.843781 -0.740479
v -0.783351 -0.0318458 0.463803
v 0.686021 -0.232581 -0.155499
v 0.10965729 0.21518898 -0.04864502
v -0.409569 -0.0217239 0.519962
v -0.944754 0.0751053 0.37695
v -0.264418 -0.847469 -0.313456
v -0.403513 0.0171039 0.492502
v -0.41149 0.0596935 0.455397
v -0.417064 0.0765754 0.442002
v -0.687565 -0.430324 -0.165061
v 0.406716 -0.19427 -0.296329
v -0.603901 0.421865 -0.0891526
v 0.42233 -0.191812 0.64168
v -0.543497 0.0565005 0.491246
v 0.123451 -0.955591 -0.299894
v -0.718716 0.505979 -0.44407
v -0.954458 0.491114 0.305128
v -0.0434793 -0.223271 -0.426301
v 0.62568665 -0.16589355 -0.17506409
v -0.677602 -0.293442 0.565213
v 0.0386651 0.936205 -0.283613
v -0.9266958 -0.17066193 0.28196716
v -0.224492 -0.819771 -0.304935
v -0.237231 -0.90395 0.626311
v -0.57048416 0.75590706 -0.7188721
v 0.444045 -0.227017 0.639463
v 0.8441868 -0.5887985 -0.0051116943
v 0.69644165 -0.021408081 0.019927979
v 0.337897 -0.356617 0.727356
v 0.0733927 -0.948473 0.552719
v 0.6435623 -0.121456146 -0.15323639
v 0.533516 -0.103102 -0.216797
v -0.960736 0.108156 0.117394
v -0.227144 -0.982075 -0.361708
v 0.17742729 -0.34695816 0.75773025
v 0.212797 0.139456 -0.137281
v -0.411376 0.591762 0.144471
v -0.58955574 0.58847046 -0.44647217
v 0.185888 -0.182327 -0.387173
v 0.290301 -0.919812 -0.111252
v 0.501862 -0.221176 -0.274642
v -0.232883 -0.78769 -0.18214
v 0.589653 -0.1966629 -0.22295761
v -0.939271 0.511473 0.312784
v 0.654997 -0.768488 0.431535
v 0.574391 0.0136014 -0.12179
v -0.588103 0.808213 -0.668541
v 0.549622 0.00810571 -0.137831
v 0.0312241 -0.0305955 -0.252422
v -0.0172466 -0.86643 0.694876
v -0.385424 -0.858302 0.577562
v -0.6436281 0.64860725 -0.14026451
v -0.391518 -0.833817 0.559626
v -0.395331 -0.814337 0.54119
v -0.135588 -0.713034 0.497482
v -0.397021 -0.793915 0.522644
v -0.38413 -0.751861 0.504698
v -0.834233 0.112564 0.649633
v -0.3929 -0.724867 0.494181
v 0.559007 -0.220113 -0.250946
v -0.41155624 -0.7108784 0.4706421
v -0.930057 -0.137457 0.252473
v -0.0333119 0.114988 -0.130507
v -0.899238 -0.332895 0.100035
v -0.597405 0.43954 -0.104907
v 0.501297 -0.1972332 -0.2658615
v -0.932445 -0.163328 0.243762
v 0.0754152 0.721104 -0.252253
v 0.075207 -0.980609 -0.260154
v -0.567187 -0.654633 0.102878
v 0.45634174 0.15962219 -0.058883667
v 0.971682 -0.517868 0.246011
v -0.407774 -0.484206 0.547365
v 0.61787 -0.0793499 0.482389
v 0.0593362 -0.0547113 -0.271464
v -0.759323 -0.251956 -0.157017
v -0.391436 -0.465267 0.558494
v -0.377918 -0.442199 0.563311
v 0.139572 0.142258 -0.138575
v 0.05504608 0.12543106 -0.14422607
v -0.392262 -0.377404 0.581914
v -0.09873855 -0.9266398 0.3053074
v 0.326846 0.172856 -0.106675
v -0.0972686 -0.194069 -0.325851
v -0.40698 -0.30188 0.602574
v -0.3935604 -0.281209 0.59617424
v -0.009124756 0.7522583 -0.16500854
v 0.436863 0.0173234 -0.189264
v -0.6004486 0.575737 -0.46826172
v -0.3956 -0.219311 0.583589
v 0.919806 -0.581389 0.0239413
v 0.560066 -0.14493 -0.220097
v -0.5160637 -0.79656315 0.45812798
v -0.491644 -0.899425 0.622631
v -0.396325 -0.139216 0.571095
v -0.3849 -0.113316 0.558631
v -0.401886 -0.0873033 0.546727
v -0.9539 0.438306 0.220615
v 0.430359 0.0451701 -0.179633
v 0.354593 -0.575964 0.712
v 0.28014 -0.0131396 -0.240133
v -0.39575 -0.00267238 0.510399
v 0.287267 -0.959383 0.323616
v -0.18285179 0.1447506 -0.08010101
v -0.158373 0.143312 -0.0845531
v 0.455203 -0.207017 -0.288281
v -0.119906 0.0978505 -0.149428
v -0.588049 0.514983 -0.22365
v 0.604368 0.0469142 -0.0666645
v -0.714796 0.497442 -0.413395
v 0.490214 -0.91726 0.53672
v -0.960371 0.455739 0.273414
v -0.13802 0.0598546 -0.179799
v -0.693992 0.498152 -0.464072
v 0.930886 -0.560354 0.038552
v 0.0863723 -0.134605 0.637825
v 0.289423 0.188131 -0.0925962
v -0.29123688 -0.43401337 -0.21793175
v -0.216102 -0.938847 0.65388
v 0.39353 -0.170101 -0.283695
v 0.410212 -0.142273 -0.273973
v -0.635908 -0.144801 -0.191175
v -0.202639 -0.879453 -0.362683
v 0.576925 -0.536783 -0.262502
v 0.45893097 0.05316162 -0.16552734
v 0.46772766 0.091127396 -0.13378906
v -0.270178 -0.983068 0.107958
v 0.0511772 -0.979284 -0.247705
v -0.14810133 -0.9380029 0.13578796
v 0.518683 0.0139037 0.494007
v -0.628639 0.273158 0.589863
v 0.410715 -0.737177 0.633463
v 0.676489 -0.785086 0.423249
v 0.45802307 0.077382565 -0.15132141
v 0.274945 -0.232679 0.723159
v 0.241551 -0.35744 0.755434
v -0.339197 -0.559169 -0.17763
v 0.490943 0.108112 -0.10101
v -0.389405 0.576669 0.137502
v 0.32130432 -0.9747648 0.0047683716
v -0.386372 0.62974 0.121389
v 0.641861 -0.893651 0.365945
v 0.678553 -0.564423 -0.16291
v -0.606538 0.624718 -0.671189
v 0.30312443 0.23231125 -0.025169373
v -0.389615 0.695943 0.0844713
v -0.432366 0.369934 0.0535688
v 0.347029 -0.0722694 -0.241344
v -0.657914 -0.852509 0.0497412
v -0.4209795 0.34799576 0.06917381
v -0.417751 0.427715 0.129364
v -0.043937683 0.72255325 -0.21686554
v 0.650163 -0.454194 -0.193888
v -0.770132 0.57679 -0.0838376
v 0.809699 -0.433512 0.252603
v 0.0162108 0.187659 -0.0399955
v 0.37806 -0.94011 0.590208
v -0.36323166 -0.8370342 0.5609474
v -0.370256 -0.802355 0.531189
v -0.377431 -0.776266 0.516187
v 0.469378 0.122809 -0.0962573
v 0.770959 -0.612775 -0.013255
v 0.5170975 -0.8425579 -0.17153168
v 0.314139 0.215594 -0.0528525
v -0.368577 -0.7295 0.510277
v -0.904015 -0.214545 0.0700712
v 0.2602954 0.26415873 0.3036499
v -0.686053 0.73836 -0.271329
v -0.799241 0.168747 0.683223
v 0.32526752 0.27228138 0.14714718
v 0.438026 0.111913 -0.131098
v 0.23726845 -0.91105264 -0.06934929
v 0.61842346 -0.020687103 -0.112335205
v 0.0838356 -0.19796848 -0.41311646
v -0.36531806 -0.41856456 0.56472325
v -0.38832474 -0.41940308 0.5727787
v 0.5299301 -0.5768814 0.59840775
v 0.663948 -0.316943 -0.209752
v -0.380547 -0.35091 0.584265
v 0.485123 -0.0354009 -0.188116
v 0.486451 0.0477989 -0.154964
v 0.496547 0.066958 -0.137304
v -0.780668 0.718588 -0.328507
v -0.047721863 -0.9209227 0.70734596
v -0.585023 -0.945922 0.267544
v 0.81355286 -0.77726364 0.4073944
v 0.72765 -0.114591 0.359428
v -0.380186 -0.191568 0.579554
v -0.374641 -0.160086 0.571915
v 0.578712 -0.00904967 -0.136213
v -0.367448 -0.133476 0.56465
v -0.107925415 0.07507515 -0.16961288
v -0.880365 0.112036 0.645907
v -0.3854599 -0.05168152 0.5387497
v 0.396988 -0.209457 -0.316842
v 0.40873 -0.0498833 -0.21982
v -0.976614 0.128631 0.153799
v -0.387973 -0.0209031 0.522768
v -0.0800168 -0.588465 0.591851
v -0.3839264 0.047607422 0.46350098
v 0.478486 -0.855344 0.564246
v 0.33548927 -0.96715295 -0.062397003
v 0.0487071 -0.125546 0.594537
v 0.537235 -0.782143 -0.242128
v -0.473398 0.0107753 -0.208689
v -0.484061 0.47675 0.366893
v 0.00883932 0.760685 -0.260762
v -0.162107 -0.76279 0.549959
v 0.59469604 0.023780823 -0.10050583
v 0.567441 -0.601264 -0.258284
v 0.451371 -0.247917 -0.312021
v 0.6469389 -0.019996643 -0.08237457
v -0.167594 -0.332225 0.583545
v 0.63298 0.00860171 -0.0766759
v -0.327713 0.5199585 -0.051101685
v -0.508795 -0.304247 -0.255115
v -0.97119904 0.26457214 0.3434143
v 0.621602 -0.493476 -0.227443
v 0.0762525 0.790545 -0.324169
v 0.0858581 0.767472 -0.306281
v -0.0919324 -0.360996 0.721063
v -0.494602 0.487368 0.388108
v 0.27036095 0.25780582 0.030067444
v 0.8063202 -0.8207855 -0.005584717
v -0.320583 -0.295796 -0.258127
v -0.464699 0.414507 0.333571
v -0.931261 0.509122 0.335313
v -0.656634 0.559631 -0.619765
v -0.877632 0.268968 0.651233
v -0.0111064 0.668645 -0.0771279
v -0.972659 0.0805275 0.170906
v 0.514844 -0.309344 0.64322
v 0.051919 -0.150519 -0.317955
v -0.799403 0.285549 0.69112
v 0.276498 -0.841594 -0.30902
v 0.5783291 -0.57944584 -0.24615288
v 0.9755249 -0.6690426 0.09927368
v 0.474882 -0.0724692 0.57287
v -0.138415 0.690637 -0.183975
v 0.606542 -0.280023 -0.237505
v -0.945546 0.326179 0.302551
v -0.38146 0.656387 0.108276
v -0.374734 0.680924 0.0943526
v 0.649258 0.0655226 0.2911
v -0.40677452 0.31832314 0.084243774
v -0.10276222 -0.53302 -0.4347229
v 0.15935516 0.106788635 -0.16672897
v -0.41504836 -0.81581485 -0.10035455
v 0.548954 -0.065338135 -0.18692017
v 0.570449 -0.558808 -0.258886
v -0.945179 0.478383 0.182362
v 0.473232 -0.122387 -0.259644
v -0.856135 -0.426989 0.248007
v 0.47323227 -0.10352707 -0.2479744
v -0.020106 0.979912 -0.256061
v -0.572311 0.0947489 0.540217
v 0.4977417 -0.018051147 -0.17623901
v 0.4089203 0.190979 -0.039978027
v 0.576278 -0.627689 -0.253606
v 0.895981 -0.60425 0.386627
v -0.352556 -0.778019 0.52409
v 0.71585083 -0.17404938 0.42489624
v -0.304098 0.00615253 -0.217238
v -0.261493 -0.982525 0.0763419
v -0.69389 0.729384 -0.247009
v -0.724976 0.497629 -0.384076
v -0.357036 -0.548349 0.539526
v -0.72420883 -0.0625 -0.123931885
v -0.0598918 -0.912932 0.491756
v -0.46244025 0.029968262 -0.20068741
v 0.601608 -0.185625 -0.207121
v 0.462859 -0.311314 -0.32948
v -0.798313 0.0498828 -0.0255019
v -0.775964 0.624533 -0.161516
v -0.931359 0.115343 0.0596701
v -0.921445 0.0721788 0.0707881
v -0.126169 -0.243281 0.61867
v -0.432215 -0.941881 0.613596
v -0.273452 0.690118 -0.149463
v -0.9031601 0.050167084 0.06867218
v -0.378578 -0.495513 0.552345
v -0.875667 0.0150324 0.0662356
v -0.865179 -0.00853879 0.0609265
v -0.878427 -0.0526625 0.0655197
v -0.351436 -0.442151 0.565703
v -0.16844 -0.836518 -0.340515
v -0.51295 -0.945242 0.618879
v -0.352837 -0.394253 0.56315
v -0.904428 -0.187551 0.059118
v -0.367425 -0.371543 0.570959
v -0.905108 -0.245462 0.066849
v -0.908659 -0.27228 0.0604818
v -0.367449 -0.324986 0.58568
v -0.38042 -0.301398 0.593506
v -0.372131 -0.272972 0.584117
v -0.904522 -0.298207 0.0528354
v -0.902211 -0.322846 0.0737837
v -0.882119 -0.343756 0.0576442
v -0.139704 0.789856 -0.215264
v -0.35305 -0.177953 0.569799
v -0.859131 -0.389412 0.0496446
v -0.577209 0.46138 -0.0442402
v -0.854157 -0.419448 0.0536487
v -0.46902 -0.65683 0.334798
v -0.945615 0.398315 0.344934
v -0.368972 -0.0885354 0.554555
v -0.495486 0.141405 0.511844
v -0.366123 -0.0342372 0.531978
v -0.540511 -0.663666 0.0866549
v -0.36692047 -0.007949829 0.5145302
v -0.708492 0.77803 -0.363839
v -0.524314 -0.76505 0.0445255
v -0.534983 -0.787876 0.0565982
v -0.570788 -0.814565 0.037869
v 0.6210897 0.105145454 0.22857285
v -0.366625 -0.677637 0.515515
v -0.778637 0.772487 -0.427337
v 0.585649 -0.843256 0.452625
v -0.296133 -0.957959 -0.0402997
v 0.569956 -0.8627 0.455064
v -0.834719 0.471777 0.0320357
v -0.922095 0.3855 0.504946
v -0.851629 0.424277 0.0508966
v -0.865955 0.402282 0.0561361
v 0.251949 -0.615865 0.746065
v -0.117889404 -0.7021637 0.51851654
v 0.241284 -0.640914 0.736675
v -0.470543 -0.845204 0.25434
v 0.0138572 0.700134 -0.21212
v -0.916859 0.258225 0.051526
v -0.633994 0.538405 -0.502154
v -0.102565 0.606249 -0.101886
v 0.555512 -0.88253 0.45289
v 0.280998 -0.325344 0.751519
v -0.91644 0.231907 0.043103
v -0.92485 0.210372 0.0572325
v -0.746343 -0.440811 0.456665
v 0.336977 -0.9753697 -0.2073822
v 0.370299 0.207043 0.401525
v -0.918316 0.0916984 0.0543358
v 0.471545 -0.0145647 0.52539
v -0.370547 0.608455 0.11481
v -0.363115 0.634478 0.107506
v -0.901897 0.0698471 0.0514097
v -0.874651 0.0303496 0.0521996
v -0.86018 0.014157 0.046047
v -0.865553 -0.0379674 0.0466397
v -0.46467856 -0.9018049 -0.11998582
v -0.6219883 -0.89466524 0.4243517
v 0.9633217 -0.6974373 0.09423828
v -0.883395 -0.0934163 0.0485354
v 0.36444092 -0.5367737 0.714386
v 0.451207 -0.40975 0.696442
v -0.934228 0.467424 0.16205
v -0.564476 -0.859309 0.572017
v -0.8964462 -0.15613937 0.045433044
v -0.893662 -0.206067 0.0432056
v 0.316528 -0.451479 0.742852
v -0.19214249 0.7686424 -0.051181793
v -0.906792 0.4082 0.514038
v 0.76514053 -0.12329483 0.20940399
v -0.75917 0.461988 0.573439
v -0.891863 -0.231293 0.0465444
v -0.353841 -0.863026 0.574353
v -0.895241 -0.257228 0.0422908
v -0.892154 -0.321719 0.0422451
v -0.86476135 -0.36192513 0.04109192
v -0.5925069 0.6697159 -0.30464172
v -0.27804565 -0.9757533 0.032936096
v -0.840631 -0.44654 0.0585093
v -0.361518 -0.754644 0.515582
v -0.26732635 0.21320152 0.25712204
v -0.739062 -0.182655 0.526812
v -0.349092 -0.735515 0.519443
v -0.397481 0.464669 0.00159688
v 0.00460543 -0.979305 -0.247378
v 0.49149 -0.0266032 0.526125
v 0.47582 -0.0370064 0.539883
v -0.527113 -0.665549 0.0453011
v -0.34674358 0.23586369 0.03302002
v -0.586127 0.483842 -0.11091
v -0.29297423 0.23025227 0.04246521
v -0.845815 0.233168 -0.0387103
v -0.5918824 0.51654243 -0.29566956
v -0.519013 -0.738167 0.0565687
v 0.49661922 0.18540955 0.03497696
v -0.561741 -0.847652 0.187326
v -0.30418682 -0.97174597 -0.013332367
v -0.477967 -0.82686 -0.071597
v 0.723114 -0.5639572 -0.10424042
v -0.511545 0.621705 0.0353085
v -0.353873 -0.519646 0.55269
v -0.500444 0.642839 0.0456416
v -0.364211 -0.466979 0.561858
v -0.81868 0.53859 0.0579143
v -0.71805 0.678737 -0.148109
v 0.624858 -0.667387 -0.183924
v -0.844603 0.448641 0.041217
v -0.836884 0.425023 0.0270174
v -0.847933 0.401374 0.0355493
v -0.8790531 0.36192322 0.04141617
v -0.133903 0.582115 -0.0646193
v -0.473038 0.432452 0.349117
v -0.89037 0.330995 0.0432056
v -0.90521 0.305809 0.0490643
v -0.902822 0.277631 0.0367396
v -0.916157 0.206543 0.0312044
v 0.929052 -0.609141 0.0237169
v -0.924847 0.134909 0.0456907
v -0.230042 0.759816 -0.170851
v -0.915497 0.11082 0.0392071
v -0.0893673 0.879187 -0.13065
v -0.167487 -0.355323 0.580479
v -0.360364 -0.111656 0.560016
v -0.899604 0.0890618 0.0347023
v -0.886052 0.0484333 0.05003
v -0.345401 -0.0642268 0.546821
v -0.842536 0.0154341 0.0232633
v -0.850918 -0.0111704 0.0344295
v 0.184875 -0.977738 -0.260484
v -0.87379456 -0.08027649 0.03302002
v -0.3556366 0.019256592 0.49024963
v -0.91006756 -0.203996 0.092659
v 0.450837 -0.762547 -0.304945
v 0.41492 -0.591147 0.677146
v -0.34087 0.119357 0.39709
v 0.449013 0.186625 0.371498
v -0.636943 0.411301 -0.106413
v -0.412945 0.452716 0.13714
v 0.46740723 -0.50930023 0.66365814
v -0.908627 0.255007 0.611412
v -0.250304 0.687171 0.000586707
v -0.898496 -0.279322 0.0393499
v -0.876158 -0.341353 0.0307235
v 0.630856 -0.624965 -0.204855
v -0.846177 -0.407927 0.0293583
v -0.478055 -0.848143 -0.0841504
v 0.82762 -0.668594 0.424813
v -0.835975 -0.434567 0.0331371
v -0.803614 -0.48041 0.0488908
v 0.42635727 -0.00415802 0.5309677
v 0.484615 -0.250204 0.639299
v -0.7162285 -0.57076836 0.04899597
v -0.355771 0.660792 0.098822
v -0.25556 -0.929234 -0.361053
v 0.372742 -0.932982 -0.267554
v -0.51077604 -0.7089796 0.016626358
v -0.517772 -0.742404 0.0321062
v 0.12704 -0.920305 0.647274
v -0.48898315 0.6427002 0.01687622
v -0.839994 -0.407236 0.350656
v 0.38654327 -0.9739952 -0.16866493
v -0.932204 -0.26281 0.242371
v -0.817005 0.51911 0.0345851
v -0.447831 0.371102 0.310727
v 0.59247 -0.749609 0.504118
v 0.205787 -0.0880494 0.585872
v -0.87285 0.237576 0.663107
v -0.514583 -0.710631 0.0674391
v -0.83255 0.401017 0.0131188
v -0.393874 0.123587 0.394543
v -0.385538 0.447777 0.0516088
v -0.353462 -0.820398 0.546724
v -0.444248 -0.740868 0.299095
v 0.101069 0.82179 -0.310323
v -0.8443775 0.3675537 0.01486969
v -0.326157 -0.777278 0.528419
v -0.663296 0.501299 -0.451769
v -0.338781 -0.754884 0.523321
v -0.882003 0.302325 0.023708
v -0.904253 0.25007 0.0285944
v -0.907203 0.225849 0.0200295
v -0.169695 -0.946584 0.331243
v -0.91181946 0.18037605 0.01858139
v -0.916803 0.154177 0.027123
v -0.9136 0.127617 0.0266682
v -0.329608 -0.542196 0.551452
v -0.29071522 -0.12325287 -0.2570424
v -0.03160858 -0.44664383 0.7226715
v -0.299239 0.532254 0.0731386
v -0.34807 -0.490957 0.562253
v -0.8623657 0.064053535 0.010318756
v 0.524292 -0.703523 0.580695
v -0.849657 -0.036444 0.018538
v 0.79173017 -0.8897157 0.17026329
v -0.730757 0.654321 -0.114253
v -0.893356 -0.181806 0.0357012
v -0.337465 -0.366164 0.562993
v -0.1820221 -0.9332504 0.066345215
v -0.334721 -0.340515 0.566478
v -0.3437252 -0.32292604 0.5737982
v -0.343355 -0.274272 0.570018
v -0.886348 -0.271725 0.015419
v -0.356547 -0.247418 0.572306
v -0.892223 -0.298341 0.0268378
v -0.881655 -0.320934 0.0149592
v -0.197717 0.558225 -0.0574045
v -0.554332 -0.630718 -0.00789557
v -0.45316696 0.22465324 0.45989227
v -0.346811 -0.151561 0.565914
v -0.850925 -0.379644 0.0216843
v 0.556341 -0.620883 -0.272397
v 0.613442 -0.728474 -0.163754
v -0.831846 -0.423084 0.00939534
v -0.334136 -0.0370265 0.530521
v -0.819291 -0.458901 0.0390139
v -0.611248 -0.8601227 0.17049408
v -0.751838 0.812675 -0.476532
v -0.77830505 -0.5009155 0.045196533
v -0.0367672 -0.67455 0.639271
v -0.7617035 -0.51432323 0.03390503
v -0.516248 -0.684934 0.0303899
v -0.519159 -0.766126 0.0199601
v -0.0217414 -0.0636093 -0.272094
v 0.212573 0.151615 0.482935
v 0.0127433 -0.142152 0.60364
v -0.342587 0.137244 0.374541
v -0.369075 0.259747 0.283099
v -0.498855 0.168704 0.521159
v -0.594244 -0.827593 0.0286319
v -0.9347719 0.36033964 0.4348564
v -0.637296 -0.845943 0.033128
v 0.0575327 -0.0279912 -0.257821
v 0.982848 -0.645739 0.103366
v 0.99256325 -0.61840534 0.12335968
v -0.4457 -0.711106 0.215756
v -0.458386 0.66812 -0.00539163
v 0.1137619 0.11379242 -0.16477013
v -0.794434 0.533888 0.0165465
v -0.802019 0.507824 0.00812354
v -0.963202 0.0858872 0.426219
v -0.318741 -0.811661 -0.153372
v 0.807958 -0.577121 0.378926
v -0.133573 -0.934765 0.183746
v 0.4192133 0.051971436 0.5031662
v -0.829495 0.449596 0.0179557
v -0.200881 0.854887 -0.0327378
v 0.558799 0.150212 0.308332
v 0.484874 -0.272417 0.645576
v -0.82933 0.377656 -0.00126237
v -0.341929 0.637366 0.0911811
v -0.7400589 0.45803833 0.57922363
v -0.349171 0.68671 0.0885028
v -0.843593 0.348894 0.00633251
v -0.313614 0.737031 0.0614511
v -0.829067 0.448007 0.55278
v -0.345207 0.712217 0.0775709
v 0.709119 -0.614383 -0.104812
v -0.885724 0.265423 0.0115386
v -0.15571 -0.948182 0.697735
v -0.895741 0.240642 0.0103879
v -0.559139 -0.918144 0.292929
v -0.441585 -0.797474 0.222239
v -0.434521 0.469683 0.186726
v -0.90652 0.205255 0.0114243
v -0.619366 -0.872461 0.461419
v -0.901568 0.16005 0.000507426
v -0.902203 0.132158 0.00799952
v -0.881088 0.112164 -0.000402414
v -0.122824 0.038573 -0.193912
v 0.93639183 -0.74663544 0.3039627
v -0.107878 0.113867 -0.13159
v 0.425462 0.0928356 0.482156
v -0.430775 0.416764 0.0461429
v -0.710136 -0.937597 0.0562562
v -0.343288 -0.943106 0.587873
v -0.15256 0.07804966 -0.16653919
v -0.580998 0.689351 -0.717214
v -0.397308 0.451088 0.0241599
v -0.332378 -0.96483 0.22579
v -0.335495 -0.841583 0.557079
v 0.0951252 -0.91432524 -0.14754963
v -0.331378 -0.818917 0.543114
v -0.618246 0.163692 0.651774
v 0.472035 0.174735 0.378995
v -0.833108 -0.0118107 0.00497617
v -0.851378 -0.0552041 0.00515575
v -0.329054 -0.731247 0.525413
v 0.195183 0.038746 -0.225505
v -0.33724213 -0.64730835 0.5344734
v -0.951329 0.470361 0.343513
v -0.87490463 -0.14707184 0.004058838
v -0.886839 -0.20065 0.0176243
v -0.182985 -0.7673 0.541683
v 0.06254 0.722458 -0.176443
v -0.88545 -0.242669 0.0211828
v -0.580561 0.671763 -0.466635
v -0.330242 -0.618504 0.542481
v -0.0832853 0.601902 -0.0513429
v -0.881427 -0.400963 0.216078
v -0.1428833 0.8415375 -0.20640564
v -0.340138 -0.570677 0.542833
v -0.854698 -0.362531 -0.000800646
v -0.320232 -0.568291 0.550261
v -0.361586 -0.576255 0.529926
v -0.24891567 -0.97384727 0.3908882
v -0.12488556 -0.37194824 0.6680603
v 0.371206 -0.726143 0.673533
v -0.32675743 -0.5080795 0.5590582
v -0.321358 -0.965689 -0.33557
v -0.793628 -0.474958 0.0187787
v -0.32675934 -0.44592285 0.5700817
v -0.737536 0.502214 -0.324639
v 0.584786 -0.285562 0.585404
v -0.5787012 0.55811715 -0.25916958
v -0.566885 0.17016 0.565051
v -0.502425 -0.701571 -0.00618345
v -0.506325 -0.723811 0.00156879
v -0.512055 -0.744699 0.0103508
v -0.32966 -0.299352 0.56848
v -0.474504 0.560321 0.202423
v -0.326605 -0.248705 0.566645
v -0.34358597 -0.2211256 0.5692744
v 0.616306 -0.712581 0.510809
v -0.664135 -0.93307143 -0.040667534
v -0.64248896 0.40555477 0.57291317
v -0.5819473 -0.831028 0.0053253174
v -0.61601 -0.842274 0.0181722
v -0.656891 -0.865622 0.022345
v -0.673767 -0.888838 0.0164132
v -0.34109688 -0.10450363 0.55704117
v -0.776259 0.551328 0.00258812
v -0.78937 0.496856 -0.0141069
v 0.7072258 -0.63850594 -0.09370041
v -0.806321 0.481396 0.00151137
v 0.692141 -0.177568 -0.115257
v -0.333917 0.00137789 0.503982
v -0.819999 0.354386 -0.0199657
v -0.587791 0.701332 -0.483386
v -0.354414 0.044441223 0.46741486
v 0.830426 -0.755491 0.406908
v -0.07220447 -0.18451107 -0.32925272
v -0.314479 0.111605 0.41208
v -0.320614 0.150414 0.365471
v -0.343255 0.17012 0.330545
v -0.237843 -0.796061 -0.212298
v -0.89624 0.220289 0.00103174
v -0.880377 0.215521 -0.0163599
v -0.182946 -0.971034 0.282258
v -0.884211 0.138073 -0.0121374
v -0.973845 0.171287 0.401869
v -0.719592 0.520629 -0.473279
v -0.971512 0.191491 0.413094
v 0.414294 -0.0268438 0.54862
v 0.365646 -0.216198 -0.346688
v 0.590758 -0.634867 -0.234951
v 0.92807007 -0.65722656 0.012008667
v 0.519279 -0.849263 0.535251
v 0.374639 -0.200654 -0.326485
v -0.32757 0.181054 0.314898
v 0.152866 -0.177905 -0.385636
v -0.40000343 0.29835033 0.07480621
v -0.660224 0.581784 0.107686
v -0.445367 -0.807684 0.276797
v 0.551142 -0.324632 0.624216
v 0.210343 0.089303 -0.19455
v -0.838922 -0.0406116 -0.00688301
v -0.8598175 -0.07128906 0.00793457
v -0.866413 -0.0991957 0.00426265
v -0.0491899 -0.820159 0.686902
v 0.890008 -0.718319 0.380801
v -0.111266 0.694361 -0.188165
v 0.534782 -0.332991 -0.293942
v -0.245365 -0.908072 -0.359951
v -0.886434 -0.220746 0.0262128
v 0.214559 0.0608167 -0.218664
v -0.880393 -0.251149 -0.00678837
v -0.879865 -0.29805 -0.000607586
v 0.6480789 -0.3993547 0.5496826
v -0.450317 0.4155 0.0240785
v -0.321827 0.692231 0.0776794
v -0.868948 -0.342003 0.00517723
v -0.459711 0.15778 0.480425
v 0.71684265 -0.63724136 -0.06739807
v -0.840332 -0.384282 -0.00615091
v 0.588682 -0.787961 -0.148656
v -0.70224 -0.5599861 0.010437012
v -0.522555 -0.657632 0.0186402
v -0.708644 0.408507 0.613398
v -0.239489 0.541981 0.0285311
v 0.0649016 -0.969331 0.598735
v -0.614731 -0.865364 -0.0316567
v -0.507164 -0.68015766 0.00065612793
v -0.502649 -0.743876 -0.0105726
v -0.304215 -0.920601 0.570293
v 0.90465 -0.804868 0.261907
v -0.510359 -0.764865 -0.00209959
v -0.215445 -0.966431 0.609478
v -0.327529 -0.961186 0.564551
v 0.56941223 -0.4304943 -0.27954102
v -0.330502 -0.804537 -0.129451
v -0.696259 0.45759 -0.249003
v -0.614892 -0.830538 0.0447234
v -0.311679 -0.971502 0.504374
v -0.309705 -0.826542 0.547518
v -0.425653 0.70594 -0.0179969
v -0.315431 -0.801557 0.536267
v -0.313689 -0.751538 0.525973
v -0.439128 0.680555 -0.0221549
v -0.45306396 0.64923096 -0.021942139
v -0.317076 -0.709122 0.529677
v -0.325212 -0.688429 0.531781
v -0.500737 0.609808 0.0132519
v -0.31336975 -0.64697266 0.54070663
v -0.784981 0.525635 -0.00835415
v -0.155163 -0.31957 0.604629
v -0.820476 0.425537 0.000880395
v -0.324956 -0.591634 0.547342
v -0.821911 0.399861 -0.00679189
v 0.410007 -0.232674 -0.327732
v -0.303607 -0.524756 0.556146
v -0.28269982 -0.47890472 0.5597671
v 0.583999 -0.161641 -0.2101
v -0.477487 0.46113 0.344318
v -0.6340699 0.6695585 -0.18992233
v -0.311652 -0.416948 0.573698
v 0.726796 -0.651682 -0.0428777
v 0.407141 -0.717023 0.646322
v 0.564193 -0.16975 -0.230193
v 0.59113884 0.085157394 -0.03075409
v -0.314248 -0.347845 0.568098
v -0.319235 -0.323253 0.568306
v 0.584164 -0.471732 0.578696
v -0.271329 -0.367463 -0.250557
v -0.313681 -0.275179 0.567771
v -0.587409 0.527109 0.00319409
v -0.307932 -0.220407 0.565358
v 0.540742 -0.198548 -0.251645
v -0.00790259 -0.185376 0.681881
v -0.331296 -0.196717 0.564613
v 0.872136 -0.661754 -0.0336504
v -0.32103 -0.141875 0.557734
v 0.7943802 -0.47382355 0.30799866
v -0.604522 0.320209 0.525209
v -0.799159 0.0250729 -0.0143439
v -0.318031 -0.0855279 0.54297
v -0.809281 -0.00111854 -0.0153035
v -0.873183 0.342149 0.611456
v -0.975464 0.133176 0.368456
v -0.85113573 -0.08319092 -0.015777588
v -0.117181 -0.745214 0.540739
v -0.868325 -0.167547 -0.0178373
v -0.318161 0.035079956 0.47493744
v 0.563875 -0.147964 0.562632
v -0.312583 0.0689642 0.450155
v -0.8775139 -0.19030762 -0.007232666
v -0.883301 -0.223346 -0.0011471
v -0.87436 -0.275921 -0.0168744
v -0.316647 0.131977 0.389347
v -0.870818 -0.321928 -0.0127125
v -0.188617 -0.945509 0.385803
v 0.492284 -0.512851 0.648931
v -0.857838 -0.344562 -0.0208178
v 0.571063 -0.747181 -0.233809
v 0.554825 -0.759833 -0.244165
v -0.83455276 -0.3988657 -0.00894165
v -0.818656 -0.436969 -0.0148168
v -0.41680288 0.36562157 0.10038757
v -0.664618 -0.572218 -0.0212403
v 0.340677 -0.164901 -0.294791
v 0.044319153 0.84076405 -0.2457161
v -0.236977 -0.876529 0.613997
v -0.590945 -0.0879428 -0.209294
v -0.508791 -0.781617 -0.0146034
v -0.452734 0.394926 0.295123
v -0.33475327 0.47914565 0.032129288
v -0.90634155 -0.2845583 0.32009125
v 0.8868389 -0.59245396 -0.0007443428
v 0.971528 -0.552769 0.0944034
v 0.959298 -0.546012 0.0721059
v -0.889189 0.526823 0.132692
v -0.900995 0.497549 0.127241
v -0.0997141 0.0285495 -0.20702
v 0.0842996 0.767958 -0.23198
v 0.33258 -0.127086 -0.262203
v 0.165175 -0.616546 0.736401
v 0.219493 -0.0628266 0.578672
v -0.392594 0.733597 -0.0405548
v -0.40851 0.711111 -0.0399957
v -0.0345058 -0.913945 0.483613
v -0.324712 0.718491 0.0713458
v -0.774267 0.550901 -0.028791
v -0.332149 0.663423 0.0850477
v -0.28813 -0.973435 0.13158
v -0.452884 -0.76693 0.435781
v -0.779824 0.484941 -0.0374769
v -0.792404 0.467443 -0.0171703
v 0.256929 -0.958954 -0.175634
v -0.799604 0.437869 -0.019428
v -0.58616585 0.6853006 -0.6043174
v -0.797957 0.392024 -0.0367378
v -0.808215 0.409956 -0.0213572
v 0.30466 -0.807085 -0.327134
v -0.597807 -0.929541 0.3308
v -0.584437 -0.905105 0.33256
v 0.727879 -0.2011 -0.0831924
v -0.74066687 0.59091383 0.20559502
v -0.865529 0.42248 0.0732827
v 0.508259 0.0835734 -0.115484
v -0.306555 -0.852999 0.555879
v -0.528175 0.302195 -0.0576294
v -0.5140619 0.3670671 -0.03857422
v -0.0500704 -0.625326 0.625806
v 0.38536072 -0.04002571 -0.22465229
v -0.0824046 0.11349 -0.135284
v -0.30749 -0.72873 0.526977
v -0.36034966 -0.9753859 0.35089874
v -0.6437 0.873337 -0.748165
v 0.91059 -0.700339 0.00350505
v -0.860923 -0.113524 -0.0183726
v -0.865852 -0.139205 -0.0168951
v -0.856793 -0.150817 -0.0349586
v -0.861923 -0.19177 -0.0349363
v -0.124481 0.613078 0.00682545
v -0.875124 -0.236453 -0.0243262
v -0.30096722 -0.56064606 0.5552912
v -0.869167 -0.256215 -0.0342832
v -0.748686 0.621568 -0.0819006
v 0.515919 -0.643733 -0.306771
v 0.546818 -0.669263 -0.275132
v -0.865077 -0.29969 -0.0283992
v 0.87449646 -0.80797195 0.31375122
v -0.842061 -0.366144 -0.0262244
v -0.767663 -0.199559 -0.145697
v -0.298973 -0.394187 0.572426
v -0.30901337 -0.37273026 0.56845474
v -0.291956 -0.355802 0.576314
v -0.826709 -0.389514 -0.0319709
v -0.706256 -0.542228 -0.00583332
v -0.295506 -0.330528 0.577246
v 0.5625 -0.647718 -0.266006
v -0.496634 -0.721108 -0.0200631
v -0.491136 -0.742802 -0.0316503
v -0.499035 -0.764864 -0.0225602
v -0.517363 -0.80039 -0.0178447
v -0.303503 -0.188028 0.562339
v 0.548535 -0.692857 -0.259801
v -0.325389 -0.169189 0.562132
v -0.11709213 0.18346786 0.015174866
v -0.600556 -0.977272 0.214198
v -0.318464 -0.114172 0.551023
v -0.599575 0.688787 -0.328425
v 0.10513 0.0233303 -0.24121
v -0.316004 -0.0587269 0.533051
v -0.353923 0.775871 -0.0394766
v 0.7830002 -0.8708763 0.047901154
v -0.40333 0.689006 -0.0566321
v -0.76148605 0.65193176 -0.15287781
v -0.781088 0.516544 -0.0350506
v -0.787228 0.418389 -0.0363805
v -0.774754 0.450535 -0.0373367
v 0.66913 -0.364733 -0.204019
v -0.506858 0.353081 0.430718
v -0.816096 -0.448145 0.0123777
v 0.507781 -0.890855 0.5341
v -0.573236 0.823735 -0.737917
v 0.8110615 -0.3530407 0.1350522
v -0.24984 -0.860707 -0.337792
v 0.709871 -0.0524361 0.346728
v -0.00494545 -0.163038 -0.318405
v 0.758526 -0.472672 -0.0579335
v -0.045578003 0.89302826 -0.1794548
v -0.138903 -0.961938 -0.360547
v -0.470423 0.398013 0.00927681
v -0.481488 0.382333 -0.00199333
v -0.00966184 -0.182294 -0.369937
v 0.327157 0.0311775 0.531831
v -0.0057382584 -0.1712265 -0.34258652
v 0.74453354 -0.1999054 -0.0575943
v -0.5936794 -0.9862639 -0.008099556
v -0.862797 -0.421507 0.204293
v -0.285065 -0.581519 -0.161543
v 0.531405 -0.227685 -0.267012
v -0.173413 0.564828 -0.0503759
v -0.454622 -0.822509 0.234834
v 0.495157 -0.058757 -0.199355
v 0.520083 -0.0639556 -0.196147
v -0.13812256 -0.42030334 -0.442482
v -0.299694 -0.959593 0.561878
v -0.303352 0.711374 0.0668127
v -0.99568486 0.20455718 0.3015442
v 0.67471313 -0.9465313 0.18041992
v -0.4032 0.345711 0.173512
v 0.717959 -0.357132 -0.1487
v -0.83356 0.425703 0.572068
v 0.0927905 0.749306 -0.28315
v -0.20709 0.548001 -0.00806088
v -0.285781 -0.899279 -0.336004
v -0.50554 -0.863315 0.291231
v -0.817543 -0.024795532 -0.02520752
v -0.214395 -0.921865 -0.160288
v 0.773796 -0.554893 0.0128777
v -0.808275 -0.0389352 -0.044465
v -0.8269577 -0.052402496 -0.03126526
v 0.5784 0.0703462 0.418594
v -0.461685 -0.676278 0.310496
v -0.851446 -0.170307 -0.0431659
v -0.28188 -0.838787 0.544525
v -0.288584 -0.809548 0.535298
v -0.853074 -0.210766 -0.0531799
v -0.294151 -0.776335 0.527159
v -0.870706 -0.215634 -0.0293463
v -0.286123 -0.739851 0.524375
v -0.291633 -0.711116 0.52869
v -0.857513 -0.278498 -0.0436979
v -0.301326 -0.686446 0.534109
v -0.853387 -0.32266 -0.0378492
v 0.017471313 0.8036499 -0.20972443
v -0.306556 -0.610645 0.549737
v 0.563614 -0.672786 -0.252076
v -0.812736 -0.418327 -0.0408326
v -0.278837 -0.569018 0.555602
v -0.800447 -0.449415 -0.0387944
v -0.76878357 -0.46340084 -0.06556702
v -0.782373 -0.474299 -0.036193
v -0.701385 -0.510282 -0.0650488
v 0.0177526 -0.151966 0.628213
v -0.787142 -0.285745 0.496532
v -0.307184 -0.46599 0.564706
v -0.296901 -0.438838 0.568871
v 0.5986786 -0.2251687 -0.22898102
v -0.0796648 -0.970861 -0.240923
v -0.48569 -0.764435 -0.0425312
v -0.288682 -0.375999 0.57366
v -0.119897 -0.145905 -0.289203
v 0.608961 -0.36693 -0.238259
v 0.588126 -0.356042 -0.251783
v -0.498083 -0.789323 -0.0357776
v -0.289414 -0.274758 0.575346
v -0.296873 -0.251442 0.570939
v 0.00681543 -0.861065 0.685071
v -0.281878 -0.203602 0.572695
v -0.08356753 -0.19832754 -0.35824513
v 0.424812 -0.0304451 -0.208051
v -0.298758 -0.159136 0.558783
v -0.295971 -0.130443 0.551312
v -0.374265 0.733569 -0.0648437
v -0.295473 -0.102875 0.541934
v 0.637063 0.0414362 0.374815
v -0.774664 0.535626 -0.0579735
v -0.294718 -0.0528727 0.519079
v -0.2982912 -0.028282166 0.5096512
v -0.768974 0.474224 -0.0611612
v -0.3088684 -0.004184723 0.50125504
v -0.295416 0.0133195 0.486912
v -0.289224 0.0341489 0.473189
v -0.757254 0.448371 -0.0612213
v -0.2913456 0.062316895 0.45378113
v -0.670146 -0.911291 -0.00337474
v 0.037066102 0.0296669 -0.21631241
v -0.286213 0.124203 0.404644
v -0.274469 0.160354 0.368738
v -0.91909 0.540423 0.246105
v -0.781106 0.622498 -0.191112
v 0.510239 -0.249915 -0.283354
v -0.183603 -0.97652 -0.360699
v 0.995095 -0.653929 0.174847
v -0.18618011 0.68963623 -0.037361145
v 0.534289 -0.260665 -0.278131
v 0.483104 -0.942888 -0.0398737
v -0.770361 0.566526 -0.0582721
v 0.437749 0.117524 0.463973
v 0.8212681 -0.87398624 0.14513016
v 0.360402 -0.0602708 0.583109
v 0.0689192 -0.262841 -0.454248
v -0.0238696 -0.935315 0.697651
v 0.00197863 -0.953742 0.576946
v 0.160315 -0.97643 -0.271807
v 0.456283 -0.717812 0.630595
v 0.537665 -0.613665 -0.285061
v 0.184501 -0.44853 0.774312
v -0.375594 0.465587 0.00540775
v 0.0947799 -0.218651 -0.430034
v 0.383113 0.0355022 0.516148
v -0.885551 0.38029 0.060978
v 0.366014 -0.643008 0.685564
v -0.29891193 0.23634923 0.15910721
v -0.283719 0.729145 0.0543214
v 0.7723639 -0.1301539 0.15665054
v -0.0326985 -0.1688 -0.315496
v -0.283406 0.778416 0.0328833
v 0.528348 -0.741558 -0.26894
v -0.742746 -0.330116 -0.168641
v -0.121338 0.595571 -0.0136178
v -0.101317 0.615294 -0.0087873
v -0.0583832 -0.174591 -0.311544
v -0.0690782 -0.162285 -0.296262
v -0.973945 0.149811 0.385573
v -0.6086874 0.60349464 -0.13212967
v -0.0464724 -0.15629 -0.296734
v -0.713842 0.453086 -0.208463
v -0.0698229 0.0601015 -0.187972
v -0.0512725 0.12959 -0.116621
v 0.441671 -0.62244 0.652225
v -0.0866057 0.15848 -0.0644745
v -0.7768707 0.00969696 -0.041915894
v -0.146501 -0.253285 0.598136
v -0.027305603 0.6310158 -0.11667633
v -0.262126 -0.735798 0.519833
v -0.78588 -0.0275171 -0.0598292
v -0.26801 -0.715352 0.52345
v -0.677052 0.376482 0.615547
v -0.651701 0.0435697 0.621811
v -0.287118 -0.656245 0.540412
v -0.912739 0.510811 0.148233
v 0.68032837 -0.18514633 0.48286438
v 0.7020569 -0.31529236 0.48098755
v -0.861872 -0.235315 -0.0473183
v -0.850085 -0.257727 -0.0594326
v -0.27802134 -0.53547287 0.5561011
v 0.581437 -0.757776 -0.212776
v -0.223456 -0.909536 0.649352
v -0.603352 0.344633 0.513393
v -0.840041 -0.345341 -0.0450574
v -0.0823293 -0.285728 -0.454124
v -0.825287 -0.368309 -0.0507942
v -0.285035 -0.414948 0.570282
v -0.810538 -0.392526 -0.0574113
v -0.55207 -0.605494 -0.0500685
v -0.165649 0.0150212 -0.210754
v -0.272034 -0.341072 0.582333
v 0.640392 -0.455427 0.541747
v -0.273225 -0.31504 0.582873
v -0.468416 0.47432 0.316367
v -0.270004 -0.28836 0.580103
v -0.273808 -0.83768 -0.288712
v -0.278717 -0.230048 0.57689
v -0.264171 -0.21343 0.582056
v 0.156796 0.0426742 -0.222639
v -0.277666 -0.176069 0.567873
v -0.407486 0.562384 0.151707
v -0.483119 -0.718447 -0.0449531
v -0.273186 -0.11572 0.548913
v 0.471647 -0.90702 0.560212
v 0.6151731 0.07016754 -0.017929077
v -0.271107 -0.0671077 0.522092
v -0.27228 -0.0417476 0.509742
v -0.276679 -0.0120456 0.497251
v -0.576843 -0.814682 0.112345
v -0.148944 -0.936373 -0.362701
v 0.25587368 0.25149822 0.012954712
v 0.21024603 0.0028886795 -0.24134481
v -0.0955137 -0.94769 -0.351428
v -0.19219112 0.20674688 0.11468506
v -0.32094 0.799616 -0.0586212
v -0.288751 0.0981473 0.424551
v -0.25093 0.152823 0.374448
v 0.80849457 -0.43021393 0.08731842
v -0.354588 0.757971 -0.0700046
v -0.545687 -0.894602 0.29387
v -0.773803 0.504622 -0.0601614
v -0.0447352 -0.937427 -0.342439
v -0.994431 0.188374 0.322601
v -0.0678936 -0.956628 -0.342571
v -0.746211 0.426681 -0.0655751
v 0.539837 -0.758132 -0.256257
v 0.0955992 -0.98117 -0.268336
v -0.142972 0.580622 -0.0192089
v -0.16658592 -0.9565315 0.5305443
v 0.51869965 0.012435913 -0.15138245
v -0.993434 0.159343 0.331887
v 0.647936 -0.640252 0.521085
v 0.318163 -0.267826 0.72709
v -0.34081 0.248953 0.128225
v -0.10972786 0.17422676 -0.017250061
v 0.42525482 0.16664124 -0.07141876
v -0.639804 0.544062 -0.560566
v 0.424114 0.137103 -0.111836
v -0.259813 0.539988 -0.0611705
v -0.0150889 0.631854 -0.0978842
v -0.986155 0.110888 0.315147
v -0.270393 0.754327 0.0426678
v 0.0317604 -0.0929305 -0.281877
v 0.58353 -0.308161 0.58789
v -0.167734 -0.772997 -0.254218
v -0.388104 0.177981 0.373855
v -0.304462 0.805883 -0.0818472
v -0.973728 0.100206 0.339842
v 0.484879 -0.714178 0.617537
v 0.611422 -0.0521407 -0.143225
v -0.0559615 0.076662 -0.172605
v -0.565139 -0.89815 0.312876
v -0.023727417 0.085170746 -0.17311478
v -0.81561756 0.5663719 0.35350037
v 0.4532013 0.119659424 -0.109558105
v -0.0211886 0.0595553 -0.203221
v -0.952598 0.0582827 0.45944
v -0.19638062 0.5891266 -0.10897827
v -0.0463392 0.0606044 -0.196291
v -0.0610192 0.0419229 -0.208712
v -0.0529677 0.0191576 -0.226965
v 0.0508024 -0.175862 0.690951
v -0.262402 -0.792095 0.527186
v -0.409346 0.293162 0.044444
v -0.255211 -0.948342 0.599725
v -0.265201 -0.75979 0.52173
v 0.509232 -0.0837081 -0.21486
v -0.752703 0.0161898 -0.0672513
v -0.759192 0.0408442 -0.0515919
v -0.26947403 -0.8159039 -0.2536888
v -0.270586 -0.686156 0.530143
v -0.898097 0.124524 0.639474
v -0.265946 -0.630455 0.545549
v -0.767424 -0.00609457 -0.0645628
v -0.254824 -0.581469 0.551784
v -0.65879 0.404921 -0.099919
v -0.254585 -0.553665 0.553575
v -0.679024 0.353487 0.625198
v -0.0976561 -0.763108 0.587432
v -0.84853363 -0.12887955 -0.042419434
v 0.6521368 0.054914474 0.03507614
v -0.83787537 -0.17420197 -0.06048584
v -0.262036 -0.94543 -0.0097088
v -0.27594757 -0.44381237 0.5624218
v -0.8191376 -0.19400787 -0.091156006
v -0.274157 -0.391055 0.57245
v -0.269794 -0.366696 0.578792
v -0.567835 0.749962 -0.746613
v 0.19197 -0.652335 0.72227
v -0.835817 -0.280232 -0.066461
v -0.83413696 -0.32047653 -0.059280396
v -0.879749 0.402918 0.0785044
v -0.798011 -0.412411 -0.063371
v 0.7446785 -0.53941727 -0.07232666
v 0.51512 -0.143307 -0.247377
v 0.536982 -0.129383 -0.228337
v -0.260122 -0.192412 0.579291
v 0.371918 0.0410816 -0.205025
v 0.400246 -0.942757 0.583297
v -0.270981 -0.144947 0.561369
v -0.120432 0.0154763 -0.213773
v -0.168017 0.835035 -0.0449227
v -0.272096 -0.0910439 0.535971
v -0.001042366 -0.25302505 -0.45490074
v 0.453429 -0.835676 0.573528
v -0.498366 -0.669949 -0.0318874
v -0.463911 0.445262 0.298314
v -0.268697 0.0146691 0.481877
v 0.251084 -0.177105 -0.357771
v -0.229746 0.21581 0.221075
v -0.542709 0.43388 0.456081
v 0.19687462 0.17191315 -0.10432434
v -0.0312185 0.623098 -0.0869281
v -0.710972 0.860307 -0.681853
v 0.398973 -0.928578 -0.257574
v -0.448152 -0.688545 0.394823
v -0.35604 0.243764 0.0596792
v -0.604595 0.553046 0.450644
v 0.544373 -0.756602 0.526987
v -0.169435 -0.958137 0.675931
v -0.322852 0.789174 -0.0779227
v 0.603365 -0.501785 -0.245335
v -0.3276825 0.77363586 -0.087905884
v -0.306972 0.586251 -0.100858
v -0.688024 0.398741 0.611334
v -0.33120728 0.75006104 -0.09928894
v 0.27064 -0.257393 0.732552
v -0.893458 0.406802 0.535106
v -0.770711 0.550732 -0.0809229
v 0.373069 0.00670154 0.526961
v -0.410451 0.435858 0.0489831
v -0.319362 -0.779966 -0.123678
v -0.76395 0.523484 -0.0811703
v 0.649981 -0.0457621 0.42739
v -0.106065 0.881133 -0.1057
v -0.10724 0.902791 -0.0975581
v -0.757187 0.465098 -0.0835899
v 0.339651 -0.000239483 0.532481
v -0.178641 -0.103237 0.564471
v 0.318557 -0.240962 0.712579
v -0.732831 0.430447 -0.0844219
v 0.557955 -0.575611 -0.265124
v -0.169173 -0.0604619 -0.262852
v 0.066150665 0.06555557 -0.19442749
v 0.0824508 -0.294142 -0.463587
v -0.273915 -0.967094 0.15181
v -0.106296 -0.720139 0.534632
v -0.616997 -0.874595 0.48673
v 0.479678 -0.967229 0.0134418
v 0.463843 -0.968076 -0.00600455
v -0.219584 0.837962 -0.144975
v -0.539375 0.0788355 0.506402
v -0.10972977 0.14011383 -0.09062195
v 0.062084198 0.23388338 0.038074493
v 0.885578 -0.642355 -0.0250793
v -0.20257568 -0.960372 0.38154602
v -0.0639316 0.198425 0.0308969
v -0.391098 0.0745688 0.438242
v 0.869537 -0.614617 -0.0194921
v 0.648981 -0.276525 -0.213081
v -0.24449 -0.744255 0.514015
v -0.463813 -0.650544 0.366295
v -0.246613 -0.719956 0.516103
v -0.24687195 -0.68536377 0.52301407
v -0.15953 0.170837 -0.0190339
v -0.255117 -0.655495 0.533919
v 0.424387 0.0713921 -0.167601
v -0.249322 -0.606828 0.546837
v -0.50447845 -0.48617554 -0.19363403
v -0.5121536 -0.5115814 -0.17533112
v -0.95076966 0.2552073 0.50660133
v 0.878919 -0.553499 0.0237557
v -0.2482853 -0.49118805 0.5588957
v -0.804825 -0.106141 -0.0790285
v -0.259794 -0.458747 0.559363
v -0.550392 -0.802182 0.0422893
v -0.342789 0.239432 0.220051
v -0.40457 0.53269 0.154653
v -0.25857 -0.411102 0.564918
v 0.703242 -0.650838 0.43932
v 0.555563 -0.655425 0.581198
v -0.838273 -0.232406 -0.0743847
v -0.825909 -0.260272 -0.0804639
v 0.6734314 0.02108574 0.03225708
v -0.823782 -0.302745 -0.0744926
v -0.248726 -0.305116 0.576471
v -0.820325 -0.346228 -0.0672244
v -0.266842 -0.258245 0.578641
v -0.253428 -0.232055 0.585201
v -0.244467 -0.2089 0.587573
v -0.144293 -0.0678467 -0.271741
v -0.806948 -0.37013 -0.0744957
v -0.252778 -0.167362 0.573644
v -0.643861 0.271368 0.614158
v -0.25535583 -0.122169495 0.55641174
v -0.14443016 -0.08813143 -0.27817678
v 0.0185284 0.150523 -0.0878208
v 0.0385186 0.163325 -0.0801119
v 0.500566 0.173379 0.356313
v -0.247115 -0.0283868 0.506534
v -0.24393463 -0.0058250427 0.4949913
v -0.606042 0.88226 -0.713565
v -0.588289 -0.266823 -0.224733
v 0.0414089 -0.161819 -0.345951
v -0.24960709 0.062122345 0.44393158
v -0.0264209 0.129619 0.44869
v -0.146624 -0.467655 -0.427515
v 0.219961 -0.234795 -0.415067
v 0.380757 0.120542 -0.154045
v -0.241474 0.134317 0.393711
v 0.437292 0.180629 -0.0390687
v 0.7976403 -0.22628784 0.08403778
v -0.712203 0.523519 -0.502761
v -0.586087 -0.146781 -0.210912
v 0.478554 -0.355437 0.67172
v -0.583224 0.663106 -0.339372
v 0.486293 -0.240784 -0.290296
v -0.2254 0.0550378 -0.188667
v 0.648335 -0.167497 -0.157675
v -0.43666 0.442322 0.197156
v -0.0223901 -0.208553 0.699489
v 0.0127185 0.201325 -0.0118429
v -0.839493 -0.0596921 0.389975
v 0.317997 0.174047 0.455401
v 0.0405293 0.202396 -0.0294919
v -0.934628 0.420104 0.408536
v 0.214473 -0.134208 0.651903
v 0.477911 -0.214263 -0.282166
v 0.22269821 -0.18845248 -0.3830986
v -0.39215 0.30293 0.117008
v 0.0168855 -0.223586 -0.434331
v -0.301514 0.814263 -0.0536151
v -0.766666 0.493281 -0.0853103
v -0.538618 -0.116094 -0.223503
v -0.287708 0.70315 0.0529509
v 0.378612 -0.144256 -0.275176
v 0.106112 -0.125792 0.624015
v 0.920611 -0.606501 0.372044
v -0.775904 0.156378 0.691952
v -0.7585449 -0.16390991 0.5038452
v 0.531194 -0.949309 0.0147215
v 0.529215 0.0850184 0.439112
v -0.393383 0.465937 0.120356
v -0.919399 0.0942065 0.615422
v 0.14261 0.167309 -0.117836
v -0.789986 -0.122308 -0.0985195
v 0.100076 0.252135 0.287499
v -0.61937 0.0362292 0.535615
v -0.359536 0.469676 0.0786293
v -0.241695 -0.770038 0.51732
v 0.817864 -0.455411 0.207759
v -0.226489 -0.753022 0.510159
v -0.799203 0.789719 -0.510488
v -0.817623 -0.217432 -0.0968148
v -0.815056 -0.325669 -0.0830101
v -0.273158 -0.171343 -0.269403
v -0.805263 -0.34843 -0.0910587
v -0.239093 -0.629877 0.536738
v -0.00342862 -0.945488 -0.327939
v -0.899997 0.440459 0.129565
v -0.532091 -0.790984 0.0280169
v -0.624073 0.5920446 0.24037933
v -0.22437096 -0.5187683 0.55070496
v -0.7897339 -0.35098267 -0.1103363
v 0.0241634 -0.156594 -0.31974
v -0.6033783 0.17536163 0.6227112
v 0.6622467 -0.48358154 -0.17929077
v -0.8198242 0.5405655 0.4237976
v -0.244801 -0.434054 0.55841
v -0.458424 -0.798122 0.526778
v -0.216261 0.121053 -0.117043
v -0.245026 -0.381799 0.569831
v 0.66533 -0.0342957 -0.0691146
v -0.247695 -0.350407 0.577799
v -0.25334 -0.327341 0.581215
v -0.63947 0.70042 -0.241437
v 0.326787 -0.841637 0.60752
v -0.2249775 -0.2949276 0.57124376
v -0.236454 -0.252419 0.58422
v -0.275105 -0.960705 0.200884
v 0.0946742 -0.245464 -0.445327
v -0.221425 -0.202929 0.59051
v -0.237457 -0.185815 0.584103
v -0.236388 -0.350368 -0.278432
v -0.241882 -0.142408 0.567425
v -0.277143 0.623381 -0.129244
v -0.364962 0.538622 0.12553
v 0.47527 0.144085 0.427286
v -0.24721384 -0.057357788 0.5203781
v -0.61295843 -0.88123894 0.19298553
v 0.381533 0.141365 -0.133246
v -0.595989 0.138039 0.613744
v -0.292183 0.794317 -0.110041
v -0.157844 0.854983 -0.0512049
v -0.23102105 0.04612732 0.45652008
v -0.213393 -0.0670369 -0.250609
v -0.581062 0.558165 0.433648
v -0.165883 0.178591 0.006245
v -0.26208 0.730321 0.0330972
v 0.259231 -0.655704 0.725731
v -0.5527649 -0.5659027 -0.098236084
v -0.763616 0.540904 -0.102333
v -0.756735 0.480547 -0.113033
v 0.699099 -0.159453 0.438971
v -0.741915 0.451903 -0.100231
v -0.16057682 0.15404797 -0.065000534
v -0.424022 -0.569603 0.48941
v -0.477843 -0.799619 0.185806
v -0.513781 -0.73479 0.0827018
v -0.177416 0.165257 -0.0404819
v -0.07307148 -0.19509244 0.62734413
v 0.453715 0.0347731 -0.176287
v 0.789173 -0.34916 0.0250765
v 0.6356312 0.09181046 0.16141105
v 0.320608 -0.525162 0.731045
v -0.81781006 -0.15796661 -0.07852173
v -0.34640503 -0.5980606 0.53733635
v -0.663104 -0.468782 -0.151871
v -0.813121 -0.243418 -0.0971862
v 0.37395 0.130202 0.473461
v 0.4046898 0.11707306 0.47317886
v -0.814371 -0.282889 -0.0887467
v -0.807193 -0.307101 -0.0995667
v -0.199962 0.133684 -0.0973766
v 0.238723 -0.965184 0.528237
v -0.254989 0.774012 0.0304235
v -0.648462 -0.319546 -0.21326
v -0.21611 0.79467 -0.00241466
v -0.82110596 -0.078704834 0.41741943
v 0.07174873 0.046785355 -0.20788193
v -0.898916 0.407727 0.131288
v 0.672533 -0.591208 0.510325
v -0.959848 0.476214 0.252465
v 0.0520283 0.0136204 -0.228482
v -0.48869 -0.562902 -0.117813
v -0.94266 0.275229 0.525403
v 0.0561144 0.160176 -0.0936543
v -0.082514 -0.914398 0.500717
v 0.11765 0.192376 -0.0912416
v -0.247585 -0.811248 0.537511
v 0.609476 0.0269931 -0.0846978
v -0.45652425 -0.9385071 -0.13262081
v -0.011112213 -0.5109253 0.7166405
v -0.534772 -0.598087 -0.0640768
v -0.080114365 0.13435936 -0.10919571
v -0.198246 0.0864778 -0.158425
v -0.222512 -0.726735 0.506152
v -0.22052002 -0.7001648 0.50860596
v 0.0326131 0.905246 -0.338215
v -0.22745895 -0.6490097 0.5249901
v 0.0489704 0.929597 -0.345226
v 0.277319 -0.972649 -0.189154
v -0.226184 -0.606008 0.535707
v -0.15072 -0.985023 -0.327168
v 0.368321 0.207721 -0.040067
v 0.134894 -0.963426 0.629051
v -0.760245 0.582841 -0.0346149
v -0.149774 -0.74159 0.506531
v -0.214011 -0.480958 0.549539
v -0.230441 -0.45813 0.556882
v -0.255246 -0.951222 -0.368508
v 0.669805 -0.170396 -0.138372
v 0.658664 -0.14423 -0.145965
v -0.231346 -0.407994 0.557638
v -0.771275 0.561099 -0.0992742
v -0.759413 0.51362 -0.106876
v -0.223657 -0.356836 0.563892
v -0.736814 0.458482 -0.129581
v -0.676553 -0.873358 0.0407415
v -0.71875 -0.29586792 0.54345703
v -0.27669 -0.943752 -0.0366128
v 0.630598 -0.0754164 -0.143816
v -0.228566 -0.227519 0.590992
v 0.609619 -0.0765717 -0.160507
v -0.190717 0.00525295 -0.214307
v -0.482147 0.061854 0.469133
v -0.227959 -0.163062 0.579754
v 0.399744 0.14767 -0.114976
v 0.342369 -0.100252 -0.251652
v -0.231826 -0.118323 0.558475
v -0.800051 -0.204191 -0.114157
v -0.797801 -0.229039 -0.116626
v -0.802138 -0.329582 -0.103523
v -0.132289 0.14055 -0.0881934
v -0.23041534 -0.15988159 -0.27422523
v -0.24177694 0.0154418945 0.4804306
v -0.476791 -0.724851 0.157996
v -0.7761307 -0.17982483 0.49124908
v -0.120957 -0.427824 0.631338
v 0.158173 -0.24969 -0.437787
v -0.0394086 -0.613575 0.646811
v 0.2008667 -0.17025757 -0.363945
v 0.718667 -0.853293 -0.0263149
v 0.939702 -0.775313 0.158906
v -0.033158 -0.193281 0.673807
v -0.270046 -0.914388 -0.351753
v 0.179663 -0.24729 -0.43245
v 0.447298 -0.486554 0.677957
v -0.389858 0.710839 -0.0601545
v -0.187034 0.871855 -0.145491
v -0.76938 0.557737 -0.119249
v -0.06086 0.930081 -0.143924
v -0.757086 0.535228 -0.126208
v -0.760348 0.507882 -0.134279
v 0.342858 -0.652463 0.697506
v -0.74979234 0.48222303 -0.14647675
v 0.824994 -0.700458 0.427419
v 0.843941 -0.683839 0.417423
v 0.171739 -0.200748 -0.408082
v 0.597397 -0.605084 0.558302
v 0.0436273 0.133646 -0.127106
v -0.26267242 -0.97132015 0.5235977
v -0.547022 -0.640528 0.0143791
v 0.138299 0.214194 -0.0620647
v -0.688266 -0.89084 0.0607596
v -0.875564 0.509878 0.426955
v -0.235744 0.792072 0.0142076
v -0.211297 0.836292 -0.0167073
v -0.0378773 -0.977664 -0.245769
v -0.779148 -0.165011 -0.121812
v -0.793262 -0.254568 -0.117205
v -0.585977 0.506762 -0.101681
v -0.889539 -0.00256496 0.116477
v -0.793898 -0.284331 -0.116209
v -0.8981018 0.018901825 0.10153198
v -0.786886 -0.319516 -0.123878
v -0.511798 -0.778384 0.129846
v -0.365584 0.195553 0.326816
v -0.209844 0.122471 0.396592
v -0.37219048 0.2190814 0.3244667
v 0.06422424 0.24065948 0.29817963
v -0.769363 -0.347082 -0.132234
v -0.666276 0.475984 -0.342779
v -0.88278 0.240105 -0.00547558
v 0.402895 -0.972097 -0.172992
v 0.136533 -0.241133 -0.437308
v -0.205409 -0.750283 0.50311
v -0.954041 0.42353 0.336208
v 0.806458 -0.623655 0.410905
v 0.0176585 0.951466 -0.317851
v -0.281157 0.819606 -0.097635
v -0.216743 -0.674352 0.512887
v 0.0233683 0.931702 -0.3293
v 0.24223316 -0.0306921 -0.24365687
v -0.127215 -0.360164 -0.454075
v 0.294964 0.247528 0.00678316
v 0.39925 0.202884 0.392043
v -0.23390007 -0.584816 0.54395866
v -0.124704 0.162109 -0.0459628
v -0.202838 -0.529508 0.53841
v 0.372417 -0.089981 -0.249611
v 0.456206 -0.920334 0.565193
v -0.35864 -0.650428 0.522616
v 0.421577 -0.256242 -0.336248
v -0.217052 -0.431147 0.553357
v -0.204881 -0.405855 0.550786
v 0.440886 -0.26361 -0.326629
v -0.216657 -0.383339 0.556237
v -0.8373108 0.5684719 0.18403625
v 0.55293274 0.111328125 -0.036750793
v -0.229586 -0.326371 0.570207
v 0.480923 -0.0731233 -0.216057
v -0.648637 -0.96746 -0.0626315
v -0.216403 -0.27125 0.581511
v -0.211144 -0.245904 0.589967
v 0.220829 0.163337 -0.113918
v 0.0458376 0.807753 -0.229191
v 0.133675 0.185988 -0.101985
v -0.21769 -0.181545 0.588377
v 0.15757 -0.224758 -0.426778
v -0.166763 0.878203 -0.163114
v -0.213168 -0.138158 0.575229
v -0.181821 0.854887 -0.167918
v -0.149317 -0.804828 -0.309608
v -0.24598 0.735115 0.0116257
v -0.22116089 -0.07745361 0.5385132
v -0.219858 -0.0406129 0.518702
v -0.438149 0.306473 0.00442476
v -0.765544 0.554567 -0.143946
v -0.318545 0.241607 0.145256
v -0.62436295 -0.41455078 -0.20555115
v -0.845881 -0.430758 0.273361
v -0.205315 0.0810014 0.434322
v 0.844122 -0.479089 0.141202
v -0.22368622 0.10423279 0.4174881
v -0.14649 -0.0433183 -0.257349
v -0.122113 -0.0798761 -0.278705
v -0.486749 -0.68211 0.225798
v 0.136868 -0.492812 0.763463
v 0.615063 -0.221539 0.562316
v -0.553961 0.330124 0.476464
v 0.7054882 -0.5881958 -0.12184906
v -0.20648 0.170738 -0.0446317
v 0.831492 -0.639299 0.417388
v 0.302812 -0.976726 -0.228719
v 0.85121 -0.659909 0.414397
v -0.21272 0.187948 -0.0131214
v 0.945574 -0.526687 0.0738363
v -0.669598 0.536278 -0.57207
v -0.64746 0.54881 -0.591248
v -0.782785 -0.189625 -0.128662
v -0.223285 0.817208 0.000386298
v -0.092622 -0.919323 -0.189302
v -0.589567 -0.837319 0.428511
v -0.782089 -0.213848 -0.134721
v -0.643449 0.394488 -0.0869733
v -0.778591 -0.239755 -0.138071
v 0.00508564 0.984047 -0.257912
v -0.0703038 0.962777 -0.195659
v 0.0053777695 0.96161914 -0.23642492
v -0.763755 -0.324874 -0.148816
v -0.74972534 -0.35118103 -0.15304565
v -0.7305565 -0.38528442 -0.15307617
v -0.680526 0.397427 -0.0885339
v -0.661949 0.38706 -0.0853318
v -0.062561035 -0.6368866 0.60510254
v -0.193599 -0.723337 0.496042
v 0.323725 0.226619 -0.0297141
v 0.51871014 -0.15903091 0.6041298
v 0.0967556 0.862969 -0.33565
v -0.221045 0.0865363 -0.155618
v -0.19271088 -0.6428375 0.5093231
v -0.205772 0.102549 -0.139338
v -0.0858554 0.640961 -0.0125985
v -0.203873 -0.601689 0.522321
v 0.607041 -0.758245 -0.14742
v -0.23259544 -0.5687108 0.54548836
v -0.35337734 -0.84677887 -0.15022278
v -0.27262115 -0.233284 -0.28333664
v -0.195422 -0.500737 0.538775
v -0.065882325 -0.049848557 -0.2678051
v -0.202003 -0.452656 0.547305
v -0.36656 0.726425 0.0652391
v -0.23299718 -0.62114716 -0.14677429
v -0.082595825 -0.029872894 -0.25832367
v -0.194139 -0.385155 0.55229
v -0.19821 -0.363014 0.554605
v -0.755786 0.530461 -0.151603
v -0.203674 -0.336276 0.558715
v -0.6041496 -0.91073364 -0.07301676
v -0.75927055 0.5064912 -0.16985512
v -0.336907 -0.981574 -0.291445
v -0.818457 -0.472394 0.261089
v 0.527444 -0.174127 -0.249688
v 0.951539 -0.502351 0.263805
v 0.07255554 -0.8870598 0.66332245
v -0.196792 -0.193204 0.592476
v -0.474389 -0.827362 0.574131
v -0.20484 -0.164647 0.587967
v -0.5821209 0.67131233 -0.38368225
v 0.92544 -0.519913 0.0664372
v -0.20401764 -0.09680176 0.55615234
v 0.0228359 -0.174888 -0.370639
v -0.0242655 -0.241653 -0.444955
v -0.0260204 -0.205346 -0.409623
v -0.59889317 0.055143833 0.5324106
v -0.529103 0.423397 -0.0135696
v 0.414509 -0.694766 0.649779
v -0.19732666 -0.0004272461 0.49868774
v -0.77425385 -0.29199886 -0.14171982
v -0.38633704 0.30566218 0.16523933
v -0.041519165 -0.92190135 -0.0087890625
v -0.876076 0.406854 0.554343
v 0.432614 -0.096 -0.254996
v 0.414557 -0.112947 -0.266307
v 0.91080475 -0.78717995 0.08030701
v 0.550435 -0.85171 0.49819
v 0.63274 0.0631169 0.0037401
v 0.674923 -0.480562 -0.162919
v -0.588354 0.530226 -0.110287
v 0.413701 -0.315267 -0.359196
v 0.34008 0.212985 -0.046969
v 0.917683 -0.771165 0.0651879
v -0.129886 0.904875 -0.178074
v 0.787723 -0.32432 0.0129776
v 0.551957 -0.920093 -0.0160114
v -0.0194223 -0.151135 -0.297886
v 0.39984 -0.612477 0.676353
v 0.391831 -0.59107 0.689896
v -0.133621 0.169716 -0.0229545
v 0.33753204 -0.4697609 0.73495674
v -0.6194334 -0.5706787 -0.060287476
v 0.275392 -0.390545 0.739568
v -0.143896 -0.984623 -0.300609
v -0.87533855 -0.40596104 0.16242409
v -0.376094 -0.889839 -0.162646
v -0.347129 0.49787 -0.0306989
v -0.386618 -0.904089 -0.147341
v -0.19954 0.809016 -0.0156478
v -0.395735 -0.926921 -0.143653
v -0.146611 0.882799 -0.181032
v -0.780273 0.599057 -0.17308
v -0.774458 0.575725 -0.159317
v -0.703668 0.52557 -0.527678
v -0.653504 -0.846855 0.0781521
v 0.04782486 0.23094201 0.31781387
v 0.180775 -0.933136 0.188045
v -0.756428 0.526196 -0.172645
v -0.520721 0.171272 0.536925
v -0.730827 0.469256 -0.189738
v 0.904142 -0.470071 0.215042
v -0.325006 0.561325 -0.081654
v -0.32048798 -0.044379234 -0.24013186
v -0.17947102 0.17809296 0.29029083
v -0.164632 -0.72073 0.488783
v -0.0700438 -0.234816 -0.428485
v 0.56591 -0.0426504 -0.164049
v -0.17547798 -0.6474762 0.5015259
v 0.0220967 -0.122003 -0.284301
v -0.100941 -0.269285 -0.438424
v -0.38434 0.520284 0.137755
v -0.0943412 -0.245154 -0.424747
v -0.1927 -0.57629 0.52245
v -0.193995 -0.838816 -0.339525
v 0.280876 0.236885 -0.0178888
v -0.746476 -0.53191 0.0314179
v -0.0277033 0.133989 -0.109039
v 0.467955 -0.740083 0.611142
v -0.185604 -0.472733 0.539155
v 0.0765195 0.0186181 -0.233357
v -0.190057 -0.426164 0.546889
v 0.27873 0.170484 -0.11376
v -0.179334 -0.401187 0.552938
v 0.272773 0.0459621 -0.23172
v 0.278036 -0.141787 -0.279433
v 0.31545258 0.046616554 -0.22192192
v -0.206675 -0.312725 0.565054
v -0.193845 -0.291236 0.577466
v -0.3572731 -0.96630764 0.24797821
v -0.191814 -0.261075 0.585895
v 0.31186676 0.07039642 -0.20729828
v -0.204612 -0.221189 0.5907
v 0.431243 -0.280513 -0.341431
v -0.164938 -0.923586 0.457125
v -0.188451 -0.725157 -0.152064
v -0.027200699 -0.60185814 0.66781235
v -0.191064 -0.148157 0.585369
v -0.186635 -0.12724 0.576413
v -0.33432 -0.829556 -0.163592
v -0.763524 0.638224 -0.325223
v -0.640652 -0.937604 0.458096
v -0.189142 -0.0528299 0.535029
v -0.194968 -0.0234254 0.51546
v -0.158774 0.659958 -0.00767667
v -0.849606 0.00044975 0.48148
v -0.36492813 -0.86569023 -0.15476608
v -0.7498059 -0.0076293945 -0.08242035
v -0.803239 -0.019834 0.448874
v -0.583135 0.718432 -0.620597
v -0.152185 0.604896 -0.117951
v -0.035324097 -0.71643066 0.63049316
v 0.11329031 -0.14494276 -0.32165432
v 0.669826 -0.595128 -0.159685
v -0.771962 0.576746 -0.185507
v 0.174804 -0.152592 0.684499
v 0.63555 -0.511414 -0.211293
v -0.05564499 0.1590805 -0.07485962
v 0.57304 -0.444795 0.59538
v 0.614531 0.0863765 0.012126
v -0.00359402 0.160843 -0.0757084
v -0.29118204 0.22667217 0.023723602
v -0.594822 0.356372 0.496176
v -0.671474 0.0848008 0.686851
v 0.0430275 -0.240116 -0.448097
v -0.584922 0.588212 -0.187096
v 0.7242737 -0.20187378 0.42404175
v 0.416264 -0.527673 0.690314
v 0.40322113 -0.49261856 0.7021332
v -0.888923 0.0200596 0.0816327
v 0.826262 -0.585219 0.38952
v -0.05353 0.969887 -0.21529
v 0.392842 -0.0693212 -0.23346
v -0.409771 0.563633 -0.0541293
v 0.702386 -0.430034 -0.131598
v -0.07147217 0.12445068 -0.12359047
v -0.928517 0.528589 0.196622
v -0.3537445 0.5238037 -0.0513916
v -0.0396216 0.0947616 -0.153868
v -0.203905 -0.617294 -0.179898
v -0.186725 0.834607 -0.026969
v -0.176263 0.857177 -0.038073
v 0.60942 -0.549036 -0.22854
v -0.197254 -0.642004 -0.174879
v -0.191267 -0.670393 -0.165422
v -0.939675 0.212917 0.0828824
v -0.433343 -0.769401 0.215037
v 0.256692 -0.950624 0.0189968
v -0.980038 0.231209 0.353565
v 0.936374 -0.509753 0.0882379
v -0.214181 -0.784252 -0.200198
v -0.386905 -0.920607 -0.171364
v -0.59739 0.760331 -0.764638
v -0.395248 -0.950825 -0.162262
v -0.18041 -0.695991 0.493452
v -0.118400574 -0.025470734 -0.25127983
v -0.0867523 0.941246 -0.199177
v -0.967673 0.0795981 0.468713
v -0.93437 -0.245047 0.256483
v -0.110349 0.88445 -0.216877
v -0.178537 -0.599236 0.511441
v -0.735166 0.521422 -0.396347
v -0.78057 0.596691 -0.19537
v -0.183254 -0.548391 0.524645
v -0.175558 -0.519658 0.52862
v -0.619258 -0.958525 0.36102
v -0.166939 -0.492158 0.533173
v -0.15687 -0.466807 0.543716
v -0.32867 -0.982578 0.0280841
v 0.77889633 -0.3375702 0.35876465
v -0.174646 -0.959193 0.307425
v 0.812817 -0.725316 0.429877
v -0.174667 -0.374357 0.56446
v 0.214819 0.0291391 -0.23308
v -0.179128 -0.345935 0.564086
v -0.184133 -0.319193 0.568459
v -0.743117 -0.482169 -0.0726672
v -0.356082 -0.963794 0.568969
v -0.345383 -0.969594 0.542293
v -0.191533 -0.238351 0.588367
v 0.509575 0.0422665 -0.144145
v -0.181043 -0.218861 0.589975
v 0.520907 0.0590781 -0.126111
v -0.180966 -0.168885 0.593196
v -0.169767 -0.147412 0.584417
v -0.0363952 -0.130317 -0.289882
v 0.999706 -0.603424 0.170281
v -0.085333 -0.240405 0.673282
v 0.882839 -0.50117 0.0803898
v 0.037068307 -0.2674942 -0.46320915
v -0.8934071 0.5529276 0.24115181
v -0.411052 -0.949717 -0.141853
v 0.57897186 -0.13317823 -0.20156479
v -0.490509 -0.820782 0.19787
v 0.827333 -0.797362 -0.0145432
v -0.18226624 0.05215454 0.46054077
v 0.662806 -0.542724 0.51724
v -0.191556 0.0992101 0.418065
v 0.21035767 -0.9259386 0.29225922
v -0.988325 0.180864 0.348698
v 0.9987211 -0.6161175 0.19768143
v 0.6639557 -0.6264801 -0.15872192
v 0.5343561 0.13700485 -0.016586304
v -0.374488 0.482919 0.113814
v 0.217468 0.223337 -0.0359268
v -0.765753 0.601522 -0.0935364
v -0.211967 0.870472 -0.099946
v 0.629594 -0.103982 0.486539
v 0.960996 -0.595287 0.0576167
v -0.212024 -0.592291 -0.18471
v -0.185426 -0.863078 0.666659
v 0.3236313 -0.20546854 -0.35817146
v -0.187368 -0.657604 -0.196576
v -0.180792 -0.684798 -0.196003
v -0.17738152 -0.7294984 -0.17903996
v 0.46185017 -0.11532593 0.6089115
v 0.122028 -0.30385 0.754145
v -0.172912 -0.735665 -0.20068
v -0.179176 -0.755047 -0.18827
v -0.949479 0.0745955 0.405339
v -0.355446 -0.881991 -0.205229
v -0.452865 -0.696512 0.320319
v -0.0700521 0.948538 -0.218837
v 0.107583 -0.974321 -0.286584
v -0.106625 0.9131 -0.200392
v 0.0728819 0.70305 -0.190703
v -0.555108 0.560695 0.415288
v -0.754695 0.561969 -0.199818
v -0.754562 0.534233 -0.19308
v -0.758112 0.515286 -0.210826
v -0.81078243 -0.5035553 0.14793777
v -0.11074829 -0.5494385 0.5657654
v -0.7457757 0.49765205 -0.22342682
v -0.25320435 0.8154907 -0.13078308
v -0.178219 -0.746456 0.502642
v -0.659317 0.4964447 0.53001404
v -0.239436 0.540759 -0.0515484
v -0.72943 0.476536 -0.217224
v 0.817577 -0.456818 0.157463
v -0.170338 -0.672976 0.494049
v 0.302556 0.154564 0.471541
v -0.122432 -0.941364 -0.357568
v -0.169095 -0.621018 0.50473
v -0.066274 -0.235113 0.690322
v 0.54138947 0.06097412 0.45025635
v -0.160285 -0.572944 0.512538
v -0.948281 0.298958 0.368176
v 0.972959 -0.512484 0.152283
v -0.347606 0.155646 0.350762
v -0.76842 0.860682 -0.575597
v 0.923681 -0.783583 0.270349
v 0.0271492 0.0121593 -0.228861
v -0.648844 0.624952 -0.689991
v 0.0730494 0.86931 -0.359597
v -0.625511 0.617346 -0.689569
v 0.0449896 -0.159675 0.666934
v 0.0209658 -0.17484 0.683331
v -0.437931 -0.759394 0.455266
v 0.0418136 0.706453 -0.226221
v 0.520241 -0.618114 -0.299391
v -0.561585 0.384404 0.46379
v 0.137481 0.200331 -0.0852026
v -0.212074 -0.548497 -0.21435
v -0.20541 -0.580043 -0.209427
v -0.199467 -0.607136 -0.204999
v -0.193154 -0.632173 -0.200368
v -0.873326 -0.00326685 0.330759
v -0.173207 -0.697984 -0.22343
v -0.225711 -0.778682 -0.154171
v -0.471074 -0.914421 0.623423
v 0.424094 -0.920396 -0.244081
v -0.168469 -0.303948 0.585661
v -0.344318 -0.858844 -0.19509
v -0.171685 -0.244413 0.586432
v -0.169096 -0.273756 0.586566
v -0.451371 0.477293 0.246101
v -0.36591652 -0.9058006 -0.21634853
v 0.268008 -0.92378 -0.0304441
v -0.168622 -0.195077 0.596424
v -0.380463 -0.951496 -0.213926
v -0.378761 -0.926188 -0.201676
v -0.38848 -0.949903 -0.188861
v -0.0529411 0.953359 -0.23868
v 0.16302109 0.20669746 -0.074588776
v 0.252655 -0.126245 0.616825
v 0.96580315 -0.6631775 0.3082962
v -0.153543 -0.0534665 0.540053
v -0.165507 -0.029515 0.523691
v 0.440327 -0.963875 -0.150777
v -0.783195 0.634279 -0.218685
v -0.782753 0.607004 -0.215658
v -0.770448 0.583263 -0.210322
v -0.751042 0.542452 -0.218152
v 0.950954 -0.691521 0.320361
v -0.42961 0.447089 0.17537
v -0.183506 -0.951322 0.357323
v -0.929156 -0.228313 0.292727
v -0.1780014 -0.6419678 -0.23083496
v -0.17668629 -0.6675916 -0.22343445
v -0.628345 0.4243 -0.128287
v 0.7192 -0.047537 0.0389765
v -0.169331 -0.727757 -0.224974
v -0.308759 -0.827122 -0.221304
v 0.967981 -0.573011 0.075209
v -0.62923336 0.060598373 0.6158142
v -0.32878685 -0.8420067 -0.20364189
v -0.894715 -0.373632 0.21373
v -0.498931 -0.644286 0.328685
v -0.615608 0.753512 -0.754049
v -0.07904053 0.9258499 -0.22494507
v -0.244331 -0.558415 -0.175988
v -0.431638 -0.892586 -0.1236
v 0.316742 0.0572792 0.527469
v -0.594023 -0.889632 0.552266
v -0.165295 -0.422327 0.557925
v 0.301651 0.0391083 0.539873
v -0.403051 -0.900037 -0.131437
v 0.114232 -0.235407 -0.437945
v -0.579953 0.544606 0.458549
v -0.751438 0.603687 -0.281004
v -0.755601 0.523301 -0.236717
v -0.457274 -0.758189 0.386072
v 0.155859 0.08338165 -0.18543434
v 0.71859646 -0.02588749 0.22016907
v 0.0562672 -0.191147 0.709176
v -0.36186695 -0.97094107 0.457824
v 0.0766954 -0.144666 -0.312265
v -0.168052 -0.836178 0.658752
v -0.103408 -0.379239 0.70451
v -0.152735 -0.813952 0.649372
v -0.49512482 -0.83049774 0.3268242
v -0.212469 -0.527096 -0.23029
v -0.8457551 -0.44120312 0.16309357
v -0.197265 -0.569238 -0.234696
v -0.628968 -0.968816 0.208694
v 0.562822 0.0926758 0.406019
v -0.00282307 0.91736 -0.226002
v -0.154226 -0.690538 0.489324
v -0.97740173 0.2376709 0.18307495
v -0.8696251 -0.31451893 0.37293625
v -0.150196 -0.661661 0.493268
v 0.700673 -0.202457 0.463211
v -0.149708 -0.6332 0.497984
v -0.15232 -0.605038 0.504098
v -0.323997 -0.845535 -0.235895
v -0.340861 -0.863731 -0.220911
v -0.153067 -0.540245 0.522287
v -0.147079 -0.512711 0.532585
v -0.353158 -0.885811 -0.232598
v -0.033036 0.956007 -0.263466
v -0.0506064 0.931247 -0.256501
v 0.761901 -0.550562 -0.0126966
v -0.901952 0.0313982 0.338417
v -0.87659 0.36244 0.592836
v -0.07921314 -0.46131897 0.6794205
v -0.597499 0.861495 -0.703272
v 0.0414638 -0.148124 0.639182
v -0.576245 0.581424 0.0992245
v -0.526845 -0.82683 0.369545
v -0.823939 -0.0185456 0.406065
v -0.556638 -0.526603 -0.154014
v 0.38893604 0.25141478 0.09989929
v 0.384883 0.247765 0.0651274
v 0.96639323 -0.73004436 0.22163391
v -0.99125767 0.15679693 0.20804596
v -0.974872 0.0762119 0.285744
v -0.76964855 0.59521866 -0.23770142
v 0.615827 0.0784606 0.360375
v -0.838346 0.207554 -0.0436576
v 0.817606 -0.477667 0.0965531
v 0.46381664 0.21372032 0.072883606
v 0.332447 -0.963409 -0.25816
v 0.810585 -0.456222 0.0881673
v 0.3883202 0.25511694 0.13784027
v 0.66159534 0.036643982 0.33179092
v -0.745578 0.550963 -0.244053
v 0.00578914 -0.196291 0.703482
v -0.00312404 -0.215446 0.716097
v -0.42029667 0.37833977 0.21833038
v -0.752597 0.531097 -0.262662
v -0.729222 0.483366 -0.243954
v -0.212835 -0.950171 -0.375425
v -0.208185 -0.971478 -0.369345
v 0.131755 -0.140519 0.664119
v -0.156046 -0.221778 0.591455
v -0.854436 -0.0480556 0.363589
v -0.943198 0.39632 0.37117
v -0.155494 -0.170854 0.5912
v -0.129448 -0.173429 0.584218
v -0.14501 -0.148348 0.579532
v -0.161062 -0.124803 0.574562
v -0.151105 -0.100385 0.565989
v -0.603767 0.0335805 0.511458
v -0.934059 0.373128 0.354944
v -0.497435 0.329683 0.438419
v 0.00932807 -0.147911 -0.296465
v -0.1468811 -0.0071792603 0.51123047
v -0.108541 -0.326096 0.694162
v -0.164811 0.0271631 0.480989
v 0.0282621 -0.61733 0.706958
v -0.476343 -0.783128 0.442538
v 0.628359 -0.0354123 0.447936
v -0.00484089 0.120932 -0.126656
v -0.19340038 -0.55553246 -0.25489044
v 0.0944985 0.747213 -0.23791
v -0.156616 -0.22534 -0.310542
v -0.185261 -0.58403 -0.255977
v 0.3957448 0.22809792 0.34474182
v 0.389267 0.189631 0.416477
v 0.98542786 -0.60257244 0.10549927
v -0.630933 -0.912131 0.410584
v -0.166139 -0.683213 -0.247633
v 0.980738 -0.624489 0.0901119
v -0.162892 -0.733576 -0.249212
v -0.164911 -0.752677 -0.238198
v -0.41330957 0.34214973 0.09025955
v -0.207824 -0.786061 -0.224124
v -0.583486 0.614196 -0.227739
v -0.592637 0.641277 -0.237205
v -0.24921 -0.774439 -0.130737
v -0.904342 -0.0734456 0.266231
v -0.282763 -0.815731 -0.229248
v 0.4500351 0.21899796 0.281662
v 1.79898e-06 0.741527 -0.243458
v -0.337078 -0.867422 -0.247677
v -0.373024 -0.930539 -0.228507
v 0.133767 -0.975042 -0.280011
v 0.46235657 -0.14250755 0.6190014
v -0.0457505 0.906211 -0.26896
v -0.211283 -0.73982 -0.114441
v 0.660824 -0.747554 -0.0695141
v 0.281076 0.113479 -0.176823
v -0.207157 0.0682593 -0.176914
v -0.486212 -0.788953 0.489096
v -0.5832777 0.677799 -0.5074606
v -0.755736 0.620584 -0.304461
v -0.150966 0.899464 -0.0724024
v -0.7792187 0.6625366 -0.2340393
v -0.78430367 0.6207237 -0.2438469
v -0.992898 0.173252 0.2253
v 0.233614 -0.801701 0.662479
v -0.746904 0.58388 -0.254518
v -0.435579 0.0490894 0.466038
v 0.716856 -0.636913 0.425442
v -0.575414 0.708171 -0.737087
v 0.80735445 -0.40596008 0.27243042
v -0.264717 -0.854559 0.56197
v -0.27512932 -0.10027313 -0.2509842
v -0.508344 0.27342 0.488037
v -0.418269 0.340836 0.278859
v -0.00200211 0.681821 -0.189917
v 0.516689 -0.899152 -0.0575502
v -0.617849 0.512852 -0.393436
v -0.227683 -0.464262 -0.250494
v -0.143991 -0.833383 0.6683
v -0.217632 -0.490339 -0.252622
v 0.95283794 -0.75203073 0.24931717
v -0.206948 -0.516642 -0.253775
v 0.626902 -0.876012 0.385146
v -0.279886 -0.968851 0.543056
v -0.635124 0.750593 -0.3896
v -0.659616 0.585983 0.00563967
v -0.0847168 0.70240784 -0.090774536
v -0.165039 -0.711016 -0.249565
v 0.682608 -0.0842254 -0.0939356
v -0.488891 0.41869 0.394868
v -0.22126985 -0.80139923 -0.25746155
v 0.367578 -0.260165 -0.372178
v -0.018666 -0.972454 -0.233862
v 0.232456 0.212278 -0.0544038
v -0.131723 -0.563459 0.526012
v -0.186203 -0.89528 0.678708
v -0.317645 -0.852028 -0.261739
v -0.347217 -0.890942 -0.259478
v -0.362933 -0.909823 -0.244401
v -0.78243 0.797856 -0.483354
v -0.367689 -0.935588 -0.254157
v 0.062789 -0.959892 -0.307549
v -0.128917 -0.305283 -0.440383
v -0.440891 0.429557 0.225285
v 0.660309 -0.743197 0.439699
v 0.805607 -0.459252 0.274623
v -0.701281 -0.914315 0.0702315
v -0.00996517 0.971328 -0.278291
v -0.939922 0.263218 0.0910286
v -0.700788 0.718922 -0.222942
v 0.503089 -0.721506 0.593484
v 0.223609 0.197127 -0.0757055
v -0.743956 -0.087428 0.491808
v -0.0314611 0.926723 -0.278761
v 0.378962 -0.691843 0.680048
v -0.578669 -0.00484437 0.504532
v -0.9951439 0.19696236 0.24974823
v -0.0145525 -0.0362761 -0.262645
v -0.959825 0.300716 0.232778
v -0.670955 0.724349 -0.254408
v 0.252511 0.0656445 -0.221846
v 0.28072 0.0685068 -0.217418
v -0.656764 0.141011 0.693042
v 0.0790914 0.188781 -0.0767398
v 0.64046 -0.268141 0.559289
v 0.49147987 -0.90584755 -0.09311676
v 0.569521 -0.897474 0.410382
v 0.41126335 0.24679929 0.15849638
v -0.78570414 0.6574936 -0.2624359
v -0.741464 0.557497 -0.270206
v 0.23815 -0.940978 0.0336492
v -0.636435 0.569898 0.0011966
v -0.131334 -0.223316 0.598787
v 0.0852854 0.205046 -0.0555975
v 0.0667591 0.149083 -0.115283
v 0.0751189 0.169369 -0.0951546
v 0.34367752 0.18082428 -0.08948898
v -0.118918 -0.146146 0.586272
v -0.135129 -0.122674 0.57744
v 0.687592 -0.270792 -0.179283
v -0.123862 -0.0974336 0.57135
v 0.279217 -0.138699 0.636989
v -0.123115 -0.0512573 0.546289
v -0.13599 -0.0300792 0.529796
v -0.687633 0.460311 -0.271029
v 0.47318268 -0.019088745 -0.18645477
v 0.0578297 0.176664 -0.0772014
v -0.139017 0.0304585 0.482691
v -0.224518 -0.445696 -0.271467
v 0.514383 -0.44763 0.648043
v -0.2021637 -0.5116348 -0.27435303
v -0.138847 0.0978043 0.423919
v 0.69809 -0.55325 -0.146699
v -0.03781128 0.8006592 -0.17542267
v 0.9411 -0.759708 0.276267
v -0.08622742 -0.47239113 0.65789795
v -0.36348534 0.08879089 0.42567444
v 0.7264862 -0.3641472 0.45537567
v -0.638794 -0.957672 0.415493
v -0.631986 0.720262 -0.307737
v -0.0195367 -0.98242 -0.265554
v 0.49067396 0.20849603 0.1622982
v 0.184141 0.095755 -0.179264
v -0.5425072 -0.9005456 0.6070528
v 0.33144045 0.16179657 -0.12413788
v -0.5521412 -0.95181084 0.6041527
v -0.157396 -0.750604 -0.261556
v -0.17281437 -0.8020992 -0.2985649
v 0.0876347 0.0371238 -0.220394
v -0.326783 -0.875369 -0.270878
v -0.00763666 -0.0123067 -0.245969
v 0.0167321 -0.0107968 -0.240935
v -0.58054733 0.7179451 -0.66104126
v 0.263504 0.0830342 -0.20872
v -0.744751 -0.2494049 0.5320282
v 0.32941055 0.20111847 -0.06877899
v -0.673401 0.905741 -0.720419
v 0.1511899 -0.14991498 -0.33471203
v -0.032989502 0.7708435 -0.1651001
v 0.1964 -0.145228 -0.318223
v -0.784423 0.679348 -0.284986
v -0.677599 -0.32228 0.561428
v -0.787943 0.650492 -0.291553
v -0.7735572 0.6361618 -0.3048706
v -0.736871 0.581707 -0.279866
v 0.0650204 0.788619 -0.230618
v -0.732547 0.566436 -0.321433
v -0.519849 -0.785827 0.00329574
v -0.747052 0.537804 -0.287959
v -0.60043 0.536064 0.474958
v -0.747804 0.518078 -0.305875
v -0.732196 0.495195 -0.299028
v -0.119498 -0.8314 0.676141
v 0.268004 -0.913963 0.373293
v -0.12988 -0.809589 0.659789
v -0.985374 0.128887 0.342009
v -0.969105 0.111705 0.364207
v 0.0810834 -0.975128 -0.287187
v -0.902429 0.542482 0.305431
v 0.690848 -0.175508 0.458354
v -0.227658 -0.402757 -0.283007
v -0.21877337 -0.43386912 -0.31227112
v -0.0937986 -0.409879 0.700899
v -0.9240742 -0.19535065 0.30843353
v -0.070540905 -0.44458008 0.69903946
v -0.131333 -0.681322 0.502544
v -0.182724 -0.567255 -0.281107
v 0.2066803 -0.26646805 0.74407005
v -0.172927 -0.595636 -0.280177
v 0.829005 -0.480211 0.119876
v -0.163994 -0.622828 -0.284246
v -0.14689636 -0.67588997 -0.2964096
v -0.152697 -0.698294 -0.277055
v -0.154683 -0.727417 -0.269731
v 0.0382488 -0.142964 -0.296358
v 0.69911194 -0.20476913 -0.119003296
v 0.887456 -0.55644 0.365995
v -0.583384 0.496195 -0.0324438
v -0.0774532 0.610956 -0.0967907
v -0.462491 0.497804 0.294268
v -0.32292175 -0.19523239 -0.27083397
v -0.599397 0.539342 -0.397472
v 0.457477 0.134355 0.444164
v -0.588393 0.548993 -0.370309
v 0.29864097 0.20193863 0.42448425
v 0.19016838 0.21361542 0.4119339
v -0.307594 -0.863931 -0.278471
v -0.332811 -0.90033 -0.281593
v -0.19139981 0.18809748 0.014154434
v 0.5206957 0.17551994 0.32359314
v -0.353096 -0.917486 -0.269792
v -0.48590994 -0.67775726 -0.0538311
v -0.109228 -0.509091 0.59127
v 0.422252 -0.96212 -0.192616
v -0.981074 0.132042 0.522909
v -0.590035 0.611461 -0.199729
v -0.95267487 0.13230133 0.10292053
v 0.189272 -0.225847 -0.420581
v 0.201241 -0.247101 -0.426104
v 0.2491827 0.115974426 -0.17255402
v -0.623002 0.804872 -0.586649
v 0.2581482 0.13375854 -0.15422821
v -0.0133968 -0.221348 -0.430228
v -0.734563 0.80754 -0.454551
v -0.00187717 -0.237997 -0.444821
v -0.231813 -0.933406 -0.369749
v 0.4915924 -0.91952515 -0.06349182
v 0.5364227 0.1689682 0.080062866
v -0.73573 0.594326 -0.30575
v -0.292188 -0.0389113 -0.237209
v -0.143213 0.19816 0.110146
v -0.42887115 -0.3129654 -0.2585249
v 0.288809 0.173261 0.45675
v -0.12969017 0.11821365 -0.1210022
v -0.221444 -0.360811 -0.298848
v -0.217982 -0.450916 -0.299245
v -0.186893 -0.541618 -0.296246
v 0.543223 -0.153225 0.58162
v -0.141442 0.862675 -0.199661
v -0.922842 0.52106 0.172152
v 0.759256 -0.251119 -0.068112
v -0.15447235 -0.6399765 -0.3011322
v 0.712741 -0.664195 0.423047
v 0.569018 -0.760512 0.511576
v -0.23237 -0.480815 -0.229485
v -0.64169073 0.7424145 -0.34480476
v -0.221938 -0.505129 -0.230499
v -0.875047 0.0177389 0.374379
v -0.311902 -0.883288 -0.290575
v -0.357477 -0.944995 -0.276626
v 0.0416436 -0.00805232 -0.241479
v 0.427405 -0.794888 0.583751
v -0.142431 -0.196761 0.596183
v 0.468586 -0.745512 -0.313552
v -0.30307 -0.960159 -0.0643437
v 0.470296 -0.69543 0.63593
v 0.587911 -0.821332 0.471428
v 0.040912 0.147352 -0.102444
v 0.243133 0.0398192 -0.235159
v 0.597875 -0.00197794 -0.118327
v -0.109869 -0.0724837 0.563258
v 0.614779 0.00469144 -0.0991963
v 0.10036564 0.055647373 -0.20323801
v 0.135731 0.048153 -0.216756
v 0.330984 -0.225968 -0.370655
v -0.127911 0.0117746 0.501166
v -0.790019 0.676435 -0.311213
v -0.783511 0.653868 -0.320693
v 0.333222 -0.0727321 0.588766
v -0.805255 0.370279 -0.0340995
v -0.864027 0.000282525 0.357456
v 0.152255 0.0613261 -0.202751
v -0.583729 0.0340364 -0.159743
v -0.600365 -0.935463 0.56387
v -0.607223 0.0346826 -0.146252
v 0.17072201 0.1593628 -0.11999512
v 0.966479 -0.708143 0.279029
v 0.128677 -0.133773 -0.299583
v 0.101841 -0.138813 -0.304468
v -0.564079 -0.942064 -0.0963583
v 0.695313 -0.451015 0.491729
v 0.30397 0.172103 -0.110443
v 0.182236 0.0870537 0.532612
v 0.442202 -0.735996 -0.328594
v 0.314036 0.186954 -0.0900859
v 0.06768608 -0.0010871887 -0.24433136
v -0.207556 -0.310409 -0.308969
v -0.234715 0.712049 -0.169985
v -0.244669 0.73843 -0.164584
v -0.220855 0.735434 -0.177268
v -0.618278 0.536654 -0.446922
v -0.696503 0.424467 -0.130327
v -0.100348 0.922136 -0.109492
v -0.219731 -0.412339 -0.313522
v -0.649576 0.574816 0.04398
v -0.48333 0.438755 0.385597
v -0.557394 0.588799 0.118917
v -0.109057 -0.849707 0.697479
v -0.13337 -0.855527 0.686331
v -0.205547 -0.474189 -0.311301
v -0.0974559 -0.826318 0.686436
v -0.21357155 -0.4766159 -0.279274
v 0.718594 -0.154118 -0.0734204
v -0.1705575 -0.5785513 -0.32225513
v -0.113889 -0.775588 0.615909
v -0.15428352 -0.61030674 -0.33201218
v -0.129708 0.919619 -0.154253
v -0.636806 0.482231 0.528998
v -0.09251 -0.869929 0.711691
v -0.963504 0.227433 0.440873
v -0.137108 -0.701913 -0.308556
v -0.240011 -0.498655 -0.209326
v -0.44383 0.399623 0.269122
v 0.822277 -0.468469 0.138729
v -0.14567757 -0.7466639 -0.28355217
v -0.88214 -0.0307743 0.285895
v 0.146333 -0.941741 0.642235
v 0.338529 0.149478 -0.139394
v -0.289098 -0.863007 -0.297352
v -0.322265 -0.904232 -0.306304
v -0.341231 -0.927547 -0.29677
v -0.101627 0.597885 -0.0313113
v -0.589886 -0.817505 0.0558465
v 0.538409 -0.96413 0.0562894
v -0.74286 0.619456 -0.328191
v -0.63601875 0.039649963 0.5850296
v -0.855978 0.36423 0.610276
v -0.741051 0.604779 -0.0375896
v -0.729688 0.592479 -0.339702
v -0.44125 -0.695929 0.416121
v 0.332351 0.265059 0.269329
v -0.7419419 0.54402745 -0.31316376
v -0.0983979 -0.966275 0.600048
v -0.190311 -0.298742 -0.328391
v -0.21129 -0.342379 -0.317345
v -0.520209 -0.676424 0.12795
v -0.510836 -0.70572 0.0922251
v -0.506408 -0.699096 0.116219
v -0.210751 -0.371106 -0.326991
v -0.8112123 0.5801858 0.24395442
v -0.221124 -0.386711 -0.304013
v -0.76292 0.703198 -0.251483
v -0.208599 -0.45118 -0.327512
v -0.559398 -0.812523 0.457455
v 0.251907 -0.13116 -0.276516
v 0.5512924 -0.44830322 0.61091614
v -0.8653436 0.2746277 -0.006500244
v -0.178212 -0.539674 -0.322795
v 0.00016188622 -0.058782578 -0.2685356
v -0.834403 0.366915 0.625067
v -0.143991 -0.656309 -0.317172
v 0.101225 -0.95804 0.553968
v -0.666297 0.847319 -0.717428
v -0.589692 -0.634874 0.0338793
v 0.259319 0.0999075 -0.192952
v -0.8278905 -0.4801426 0.14763808
v 0.635008 -0.719603 0.487711
v 0.272848 -0.117935 -0.264881
v 0.139809 -0.198577 -0.410127
v -0.315365 -0.937313 -0.333823
v -0.327233 -0.924236 -0.318934
v 0.310069 0.240728 0.363851
v 0.588996 0.0324234 0.444594
v -0.798118 0.729871 -0.408202
v -0.456564 -0.789264 0.318637
v -0.215897 -0.766921 -0.127379
v 0.31622314 -0.17388058 -0.32118225
v -0.27386475 0.7761688 -0.1347351
v -0.847618 0.558477 0.149618
v -0.538414 0.5648117 0.38972092
v -0.183333 -0.229759 -0.295057
v -0.917008 0.410842 0.489437
v 0.3638032 0.26077175 0.25350952
v -0.933583 0.492004 0.358413
v -0.24197388 0.7726898 -0.15995789
v -0.788936 0.69646 -0.327523
v -0.790947 0.67701 -0.33905
v -0.290304 -0.949843 -0.087833
v -0.61953 0.409208 0.540144
v -0.10903 -0.119252 0.584346
v -0.0966578 -0.0944784 0.577363
v 0.60930467 0.09821892 0.030281067
v -0.773785 0.656514 -0.346258
v -0.735073 0.619961 -0.353568
v -0.573951 0.398491 0.48614
v -0.731632 0.561363 -0.347063
v -0.745686 0.526392 -0.329244
v -0.10074 0.0170915 0.511074
v -0.055163383 -0.020554543 -0.2565341
v -0.152713 -0.237425 -0.334229
v -0.105154 0.0786707 0.451383
v -0.12398815 0.05857849 0.4605255
v -0.113691 0.099183 0.431051
v 0.7170563 -0.5402832 -0.12517548
v 0.774705 -0.258573 0.340871
v -0.0943892 0.899104 -0.112362
v -0.89205 -0.0203823 0.260954
v -0.63416 0.22937 0.63523
v 0.9885769 -0.56810904 0.13388062
v -0.209903 -0.426495 -0.334689
v 0.97764397 -0.53573513 0.12565231
v 0.864506 -0.836844 0.264512
v 0.508168 -0.565634 0.612863
v 0.000308761 0.638996 -0.110937
v -0.169115 -0.560738 -0.336694
v -0.155485 -0.602433 -0.337374
v -0.59769 0.609825 -0.173707
v -0.143107 -0.639295 -0.334788
v -0.132969 -0.680703 -0.325289
v 0.884298 -0.816607 0.278916
v -0.108486176 -0.35301733 0.7001915
v 0.507221 -0.793524 0.536862
v -0.930684 0.363729 0.496519
v -0.120139 -0.70534 -0.333383
v 0.21118781 -0.15828419 -0.33963203
v 0.488436 -0.886867 0.554406
v 0.2854004 0.01979065 0.550827
v 0.771965 -0.897387 0.20544434
v -0.6177254 -0.4638443 -0.18457794
v -0.30667114 0.8000946 -0.008636475
v -0.275401 -0.953201 -0.140051
v 0.13438702 -0.16653156 -0.36701775
v -0.51968 0.595738 0.0267787
v -0.308456 -0.912088 -0.326902
v -0.93709874 0.33662796 0.4796028
v -0.106309 -0.808795 0.668537
v 0.7446213 -0.17715836 -0.041042328
v -0.0846414 -0.744681 0.570559
v -0.0961247 -0.734126 0.551761
v -0.597992 0.873363 -0.757298
v -0.726639 0.602583 -0.363272
v 0.47873688 -0.8988495 -0.16993713
v 0.696299 -0.927876 0.0854595
v -0.00107907 -0.921928 0.689234
v -0.5437269 0.5819864 0.29642868
v -0.933772 -0.229387 0.271544
v -0.635707 -0.919276 0.478984
v -0.177718 -0.286491 -0.345788
v -0.16605 0.688707 -0.179551
v -0.734861 0.772083 -0.357918
v -0.19827366 -0.3211403 -0.33526802
v -0.2042 -0.348806 -0.344781
v 0.44376 -0.687846 0.644415
v -0.231231 -0.124882 -0.267388
v 0.720483 -0.924887 0.138288
v -0.926091 0.529289 0.295174
v -0.208323 -0.398923 -0.336718
v -0.140508 -0.219666 -0.324378
v 0.563624 -0.0396881 0.506631
v -0.366363 -0.954319 0.587619
v -0.193689 -0.473321 -0.339926
v -0.25758 -0.963013 -0.185209
v -0.18083572 -0.51636887 -0.33549118
v -0.167795 -0.538188 -0.348166
v -0.153626 -0.557814 -0.359038
v -0.142731 -0.621276 -0.349189
v -0.00639562 -0.643776 0.679328
v -0.130882 -0.661465 -0.342415
v -0.116289 -0.684298 -0.348721
v 0.337655 0.258892 0.297207
v 0.246238 -0.140492 0.651473
v 0.336477 0.129976 -0.160197
v -0.836941 -0.00987998 0.389334
v 0.488828 -0.812094 -0.244807
v 0.9088 -0.648601 -0.0107593
v 0.685599 -0.271945 0.505358
v -0.162221 0.199678 0.130161
v -0.3671875 -0.61035156 0.5204468
v 0.371171 0.24992752 0.29869843
v 0.4191208 0.23780441 0.08773804
v 0.404698 -0.203138 0.661903
v -0.962907 0.0601185 0.165214
v -0.115837 -0.199566 0.592898
v -0.452284 -0.728161 0.376338
v 0.42851353 -0.9721898 -0.0028381348
v 0.644912 -0.31523 0.553536
v -0.0928158 -0.141512 0.59211
v -0.289707 -0.901933 0.56246
v -0.792703 0.707727 -0.354763
v -0.784889 0.678488 -0.371513
v -0.580336 0.370451 0.478967
v -0.741008 0.6393 -0.371359
v -0.611857 -0.871226 0.410755
v 0.569767 0.142335 0.0754371
v -0.07255173 0.018844604 0.5224304
v -0.729016 0.620166 -0.376489
v -0.095082 0.0608033 0.473734
v -0.558769 0.573157 0.0490217
v -0.7250595 -0.097099304 -0.14007187
v -0.057891846 0.12455368 0.43789673
v -0.462956 -0.775879 0.3617
v -0.620586 0.596202 -0.640514
v -0.9236107 -0.13518524 0.2816925
v -0.591064 0.574453 0.0772163
v -0.276286 -0.96666 -0.166512
v 0.9835777 -0.6659012 0.2542572
v -0.449086 -0.764276 0.310085
v -0.165528 -0.275334 -0.366232
v -0.50650024 -0.5688324 -0.10444641
v 0.771286 -0.31300354 0.37049866
v 0.98368454 -0.6487427 0.26782227
v 0.196597 -0.059765 0.58467
v -0.32460558 -0.9637466 0.15896225
v -0.18886 -0.327207 -0.361893
v 0.60876846 0.11972237 0.15601921
v -0.684023 -0.167351 0.5537
v -0.20303917 -0.37895966 -0.3555374
v -0.123071 0.119493 0.407497
v -0.55718327 0.23090744 -0.078315735
v 0.524753 -0.494672 0.625032
v -0.194482 -0.447214 -0.358276
v -0.122274 0.86104 -0.0947837
v -0.168397 -0.516979 -0.361207
v 0.685163 -0.372099 -0.184569
v -0.297904 -0.356932 -0.247639
v -0.155853 -0.580653 -0.348896
v -0.14112 -0.600047 -0.36017
v -0.0837063 -0.844294 0.702562
v -0.129029 -0.641908 -0.358231
v -0.259087 -0.0349087 -0.237825
v -0.0960004 -0.685967 -0.367272
v -0.0705338 -0.753748 0.589203
v 0.0310477 -0.111097 0.582179
v 0.263049 0.187212 -0.0945785
v 0.334155 0.105593 -0.177387
v -0.324042 0.193982 0.292644
v 0.32295 -0.149198 -0.278177
v -0.765121 0.674228 -0.395347
v -0.08939457 -0.9178998 -0.15930271
v 0.32461977 0.27122355 0.23242569
v 0.312757 -0.0649366 0.570262
v 0.348141 0.173133 0.449251
v -0.117144 0.808115 -0.121858
v 0.381171 0.169916 0.440927
v -0.73219 0.548475 -0.375151
v -0.8260443 -0.48222685 0.20183754
v -0.864142 -0.355687 0.363792
v -0.132099 -0.250425 -0.393781
v 0.21751404 0.17320251 0.45882416
v 0.64636993 -0.0691452 -0.12670898
v -0.484036 0.634865 0.111112
v -0.151524 -0.269234 -0.388581
v 0.37323654 0.26096767 0.1773951
v -0.175959 -0.301162 -0.365467
v -0.5906 0.51207 -0.250649
v 0.56200194 0.15789449 0.119047165
v -0.194511 -0.355088 -0.369768
v -0.0236913 -0.733225 0.636243
v -0.92728 -0.144622 0.144192
v -0.924409 -0.161896 0.120977
v 0.697468 -0.936859 0.160412
v -0.6339412 0.7959933 -0.5458641
v -0.181402 -0.475226 -0.367772
v -0.169624 -0.497519 -0.375633
v -0.782362 0.700203 -0.305455
v -0.12868357 0.19725442 0.08624458
v -0.109429434 0.2038306 0.11959648
v 0.399838 0.226131 0.0151152
v 0.381185 0.241601 0.0371975
v -0.154077 -0.536148 -0.371065
v -0.24926 0.846863 -0.0923503
v -0.12629 -0.620152 -0.370923
v -0.599702 0.511915 -0.330781
v -0.878243 -0.397472 0.105092
v -0.109323 -0.641569 -0.379555
v -0.112836 -0.664048 -0.364978
v -0.118774414 0.6246414 -0.13481903
v -0.0878615 -0.665125 -0.385006
v -0.650489 0.811012 -0.547069
v -0.25393867 0.22468281 0.19501877
v -0.0709846 -0.953092 -0.225524
v 0.233538 0.104236 -0.184
v 0.3467226 0.24563217 0.33819962
v 0.373541 -0.753783 0.653871
v -0.394633 -0.931339 0.603709
v 0.506374 -0.694339 0.606117
v 0.332629 0.0804304 -0.192858
v -0.552654 -0.811333 0.0203332
v -0.697046 -0.305487 0.552649
v -0.591346 0.586181 -0.160767
v -0.249385 -0.978776 0.149971
v 0.680326 -0.395252 -0.176753
v -0.797429 0.706213 -0.388228
v -0.7314806 0.6402092 -0.40083313
v -0.891533 -0.0223809 0.156073
v 0.623692 0.0607989 0.372161
v -0.0181495 0.793494 -0.18398
v -0.613659 -0.225828 -0.218199
v 0.717491 -0.908737 0.0473516
v 0.617612 -0.686534 0.524012
v -0.72556686 0.5780163 -0.36763
v -0.164112 -0.291936 -0.386627
v -0.172806 -0.317455 -0.384948
v -0.18038559 -0.35629869 -0.39146805
v -0.0696581 -0.0924436 0.579986
v -0.07989502 -0.06869507 0.56830597
v 0.874989 -0.759178 0.364223
v -0.194243 -0.379648 -0.377893
v -0.200494 -0.417339 -0.361721
v 0.320432 -0.955236 -0.061384
v -0.189929 -0.430272 -0.385754
v 0.486906 -0.735678 0.599373
v -0.7794609 -0.51416016 0.08047485
v -0.180366 -0.456654 -0.388337
v -0.0823555 0.0850455 0.46266
v -0.089983 0.102376 0.441788
v -0.156912 -0.516412 -0.384158
v -0.254367 0.629223 0.054253
v -0.453094 0.451462 0.246358
v -0.13869 -0.577203 -0.369969
v -0.123331 -0.596751 -0.38106
v -0.192448 0.778431 -0.18783
v 0.0679416 0.709415 -0.23416
v 0.682063 -0.507535 -0.16225
v -0.10220337 -0.5919647 -0.40301514
v 0.17604399 -0.16280651 -0.35688972
v 0.336883 0.0199435 -0.226904
v 0.27271843 0.20512009 -0.07276344
v 0.0043964386 -0.16974449 0.6630869
v 0.6548004 -0.23097229 -0.19018555
v 0.6769409 -0.24244952 -0.1751709
v -0.928836 0.0625817 0.58348
v -0.783608 0.689889 -0.398361
v -0.079737 0.616516 -0.0269494
v -0.744767 0.655217 -0.392972
v 0.318335 -0.550105 0.728155
v -0.43293715 -0.9786575 0.28564453
v 0.60458374 -0.5512619 0.5551605
v 0.368495 -0.0591755 -0.233598
v -0.72032166 0.6211014 -0.42356873
v -0.515087 0.630683 0.0557601
v -0.109504 -0.235435 -0.401552
v -0.137432 -0.272124 -0.410314
v -0.199679 -0.112463 -0.268497
v -0.15218 -0.286098 -0.403499
v -0.15933 -0.307215 -0.406292
v 0.283432 0.13049316 0.48635864
v -0.0677152 -0.866666 0.709324
v -0.181148 -0.387343 -0.400109
v -0.193315 -0.403958 -0.383439
v -0.16594982 -0.48258972 -0.39318085
v 0.0174031 0.852473 -0.228886
v -0.952539 0.318776 0.255672
v 0.7431793 -0.383667 0.42633057
v -0.577505 -0.883943 0.572776
v -0.138805 -0.554914 -0.38115
v 0.0611229 0.195592 -0.0562022
v 0.0693948 0.211171 -0.0334607
v -0.05166626 -0.7057495 0.614563
v 0.98909855 -0.665329 0.14981079
v -0.06838226 -0.72880554 0.58691025
v -0.122405 -0.573374 -0.391149
v -0.451694 -0.738915 0.327469
v -0.12461 -0.551468 -0.40259
v -0.305256 0.617732 0.0721093
v 0.781645 -0.248147 0.318207
v 0.9682865 -0.7246351 0.15914154
v 0.57909393 0.14638758 0.2054863
v 0.569633 -0.317331 0.607246
v -0.987198 0.0996557 0.265231
v 0.717845 -0.511545 -0.126663
v -0.3693695 0.27162933 0.25807
v -0.139589 -0.20496 -0.30689
v -0.0112867 -0.839617 0.685328
v 0.63969 -0.18876 -0.17119
v 0.589417 -0.869317 0.418551
v -0.795052 0.809039 -0.529816
v 0.584669 -0.034471 -0.147821
v 0.420482 -0.614447 0.665046
v 0.135781 0.226483 -0.0336062
v 0.34134123 0.26914904 0.21029282
v -0.185505 0.632015 0.0356018
v 0.141429 -0.112464 -0.281864
v -0.791245 0.706184 -0.415156
v -0.770606 0.690969 -0.418135
v -0.5918555 0.0767889 0.5521374
v -0.72122574 0.59798145 -0.3965454
v -0.71855354 0.5671818 -0.42848206
v 0.598821 -0.85952 -0.0483983
v -0.156451 0.623419 -0.139639
v -0.26288795 0.040359497 0.4629364
v 0.288843 0.137906 -0.154794
v 0.733851 -0.302945 -0.128235
v -0.117433 -0.257501 -0.418064
v 0.46969604 -0.091781616 0.5904999
v 0.987727 -0.539606 0.16065
v -0.891376 0.303382 0.616926
v -0.802849 0.552899 0.407927
v -0.166838 -0.337435 -0.407275
v -0.166375 -0.369193 -0.416667
v -0.8372345 0.54896736 0.38539124
v -0.160718 -0.94896 0.281746
v -0.165367 -0.397056 -0.421019
v -0.470411 -0.778295 0.41299
v -0.179572 -0.4134 -0.405297
v -0.451827 -0.713893 0.330374
v 0.327563 -0.951453 -0.0827132
v -0.173781 -0.439232 -0.408619
v -0.620045 -0.892517 0.395962
v -0.163206 -0.463474 -0.410645
v -0.182339 0.760004 -0.194214
v -0.129414 -0.507388 -0.425208
v -0.501603 -0.690917 0.136777
v -0.14397812 -0.5228958 -0.39959717
v -0.726838 0.783313 -0.384643
v 0.0471163 0.89728 -0.274579
v 0.71700287 -0.49816132 0.4575348
v 0.116265 0.15394 -0.126688
v 0.116677 0.174451 -0.108575
v -0.0818577 -0.116293 0.587311
v 0.049484253 0.21790612 -0.0018615723
v 0.897545 -0.783141 0.0475398
v -0.597578 -0.943554 -0.084129
v -0.1419043 0.026477814 -0.2040577
v -0.0861159 -0.224807 -0.408193
v -0.0976718 -0.216331 -0.38341
v -0.220783 -0.0929354 -0.259817
v -0.779406 0.707891 -0.437665
v 0.547462 -0.426317 0.626188
v -0.745285 0.672597 -0.420635
v -0.0766446 0.0457956 0.500125
v -0.0598609 0.0896912 0.471887
v -0.439736 0.243242 0.43929
v -0.0813559 -0.256491 0.692566
v -0.935275 0.528768 0.267225
v -0.10025787 0.13570023 0.39566803
v -0.711495 0.470192 -0.260412
v 0.785839 -0.257474 -0.000427244
v -0.962129 0.422789 0.268675
v -0.7249794 0.54992676 -0.41799927
v -0.729219 0.525641 -0.42231
v 0.0972821 -0.219179 0.737665
v 0.224897 -0.122257 -0.276053
v -0.376578 -0.00348954 -0.213926
v 0.681313 -0.0522556 -0.0583424
v 0.101464 0.199236 -0.075202
v 0.392516 0.0150839 -0.211548
v 0.127675 -0.0759706 0.582854
v 0.44957 -0.908638 -0.227311
v 0.466461 -0.636189 0.643429
v 0.54903793 0.14953613 0.04638672
v 0.845212 -0.811886 0.343732
v -0.1489 -0.319941 -0.428519
v -0.329076 -0.98044 -0.023422
v -0.419496 0.457867 0.00736851
v -0.04636383 0.1462555 -0.09603119
v 0.7942972 -0.27129364 0.272995
v 0.4964447 -0.11812782 -0.24630737
v -0.0663426 -0.803922 0.672679
v 0.420451 -0.666872 0.652876
v -0.0588397 -0.776981 0.624608
v 0.09145737 0.106594086 -0.16910744
v 0.32961 -0.808922 0.641015
v -0.58545 0.489175 -0.0864049
v 0.07786226 -0.16874623 -0.3718593
v 0.0573253 -0.0811263 -0.28284
v -0.653501 0.270457 -0.0927376
v -0.097660065 0.20289516 0.08477211
v 0.507755 -0.041614 -0.18529
v 0.507737 0.117379 -0.0763821
v -0.925241 0.442784 0.42046
v 0.5188503 0.09797287 -0.09133148
v 0.037994385 0.7922592 -0.3015747
v 0.52317 0.12086 -0.0561076
v -0.209947 -0.829268 -0.325503
v -0.139079 0.200726 0.177624
v -0.801022 -0.389377 0.441489
v -0.784003 0.0851575 0.671015
v 0.0651543 0.814428 -0.248868
v 0.867318 -0.491046 0.101132
v -0.0947494 -0.983041 -0.276241
v 0.4453659 -0.36802673 0.69099426
v 0.498269 0.0234525 -0.159494
v 0.31273365 0.24936104 0.3431511
v -0.74981 -0.137305 0.501735
v 0.346686 -0.966781 -0.0911743
v 0.347563 0.0414415 -0.213568
v -0.73608 0.680653 -0.450403
v -0.71469 0.588992 -0.435709
v 0.387572 -0.811487 0.596715
v -0.712023 0.578433 -0.462339
v -0.400806 0.158017 0.393937
v 0.204482 -0.946496 0.238468
v 0.83901 -0.784528 0.378078
v 0.23843 -0.973346 0.211776
v 0.501832 -0.96662 0.0870445
v -0.0592495 -0.0734583 0.571425
v -0.421541 0.273663 0.395351
v -0.91238785 -0.10105896 0.28363037
v -0.08693695 -0.04827881 0.55677795
v -0.476059 -0.796285 0.362525
v 0.0127985 -0.81335 0.655298
v -0.555451 0.465219 0.487538
v 0.178055 0.191362 -0.0892182
v 0.95370483 -0.7319169 0.10121155
v 0.389243 -0.223387 -0.338476
v -0.0670444 0.106545 0.452162
v -0.808045 0.094862 0.654751
v 0.5980911 -0.6578064 -0.21635437
v 0.0381879 -0.184483 -0.394041
v -0.0014858246 -0.19148707 -0.39331317
v -0.199474 -0.981901 0.184059
v -0.355145 0.728803 -0.0866907
v 0.471993 -0.867056 -0.242969
v 0.00215505 0.0126254 -0.232472
v 0.0937348 0.16213 -0.112754
v -0.734119 0.407547 -0.0708651
v 0.318178 -0.576484 0.72898
v 0.0908297 0.142431 -0.133357
v -0.947339 0.459707 0.202404
v 0.450839 0.153019 0.422462
v -0.0765368 -0.342812 0.732138
v -0.453436 -0.905717 0.617909
v 0.251494 0.166935 -0.115065
v 0.930338 -0.583954 0.358074
v 0.539089 0.0486108 -0.116604
v 0.0383535 0.183049 -0.05856
v 0.249946 -0.160623 0.682355
v 0.19617462 0.11469269 -0.16273117
v -0.0351674 -0.786419 0.636855
v -0.18251991 0.11567688 -0.12171936
v -0.16162491 0.097346306 -0.14701176
v -0.037205 -0.74565 0.617529
v -0.977922 0.163509 0.529847
v 0.353329 0.0621928 -0.196589
v 0.543622 -0.178666 0.596392
v 0.584507 -0.0028513 0.472641
v 0.736084 -0.23199463 0.41186523
v -0.74547005 0.7067871 -0.47428894
v -0.725511 0.654392 -0.440626
v -0.29918 0.757777 0.0469366
v 0.28295 -0.960234 -0.272154
v 0.899024 -0.62042 -0.0101948
v -0.232593 0.65435 0.018695
v -0.72658443 0.58629704 0.3366394
v 0.401868 -0.247786 -0.347317
v -0.616151 0.562328 -0.0493492
v -0.717354 0.552887 -0.467242
v -0.89411163 0.37671483 0.07835388
v -0.724698 0.536129 -0.445365
v 0.406016 0.236196 0.0483315
v 0.430715 0.227973 0.0613034
v 0.425696 0.221744 0.0308504
v 0.495437 -0.949111 0.417345
v -0.496976 -0.792335 0.427928
v -0.76973724 0.38684082 0.6355896
v -0.891324 -0.0591728 0.284476
v 0.0274672 -0.201502 -0.413933
v 0.750249 -0.675451 -0.0469946
v 0.459228 -0.385318 0.689353
v 0.47064 -0.0512166 -0.199945
v 0.534872 0.0705868 -0.101675
v 0.293849 0.216129 -0.0561604
v -0.585239 0.747015 -0.613042
v -0.053066254 -0.5385132 0.6718521
v -0.652258 0.48492 -0.369907
v -0.608851 -0.884602 -0.0560032
v -0.0537177 -0.114173 0.585984
v 0.901521 -0.779469 0.313324
v -0.604261 0.52127 -0.373059
v -0.0379167 -0.0622337 0.56805
v -0.631565 0.57919 0.104146
v 0.581017 -0.241931 -0.246224
v -0.017837524 -0.9218006 -0.33743286
v -0.0371356 0.030029297 0.524765
v 0.54966736 -0.27301025 -0.27391052
v 0.431385 -0.963332 -0.169806
v 0.8009701 -0.24342012 0.16182709
v -0.647211 0.251655 0.63269
v -0.0437017 0.110458 0.461292
v -0.537774 0.533745 0.44873
v 0.559685 -0.0187188 -0.152838
v 0.19541 -0.843544 -0.319687
v -0.493811 -0.719227 0.135048
v 0.2880299 -0.2144475 -0.38694668
v 0.37806892 0.09776306 -0.17271996
v -0.923451 -0.100219 0.194812
v 0.358335 0.114211 -0.167748
v 0.678844 0.0256039 0.0632664
v 0.699658 -0.908791 0.0291101
v 0.83579 -0.607681 0.403502
v -0.95282364 0.27537537 0.4034729
v -0.512846 0.579634 0.203582
v -0.72517776 0.7048645 -0.5046692
v 0.6498108 -0.9013977 -0.0062713623
v 0.941984 -0.588799 0.0378844
v -0.28173733 0.21601391 -0.009162903
v -0.930067 -0.249793 0.27912
v -0.921692 -0.273721 0.285404
v -0.96688 0.121085 0.392726
v -0.8884239 -0.007030487 0.28082275
v 0.113753 0.134027 -0.14689
v -0.605384 0.122695 0.631444
v -0.19552922 -0.801074 -0.2826519
v -0.3774128 0.25959218 0.30856705
v 0.55340004 0.0338974 -0.11609268
v -0.161952 -0.398802 0.573897
v 0.791582 -0.767046 0.42756
v 0.605101 -0.252653 -0.233072
v 0.192336 -0.803844 -0.361219
v -0.571653 0.226942 0.550557
v 0.295918 0.157422 -0.133097
v 0.795571 -0.500642 0.311762
v -0.605768 0.556292 -0.0711246
v -0.506039 -0.728635 0.109023
v 0.28435 0.0902761 -0.20021
v -0.6508339 0.1521908 -0.095474765
v 0.308954 0.0972172 -0.187606
v -0.931817 -0.237089 0.16568
v 0.359615 0.136355 -0.147694
v -0.277361 -0.730544 -0.118486
v -0.518231 0.574722 0.301964
v -0.584126 -0.811578 0.0846123
v -0.799516 0.74968 -0.474688
v -0.784824 0.745861 -0.49255
v -0.7675295 0.7174263 -0.46639633
v -0.591409 0.524394 -0.077805
v -0.7108917 0.60730743 -0.46258545
v -0.707882 0.593639 -0.480197
v -0.0589059 -0.393497 0.733996
v 0.553234 0.0778903 0.429058
v 0.9930687 -0.6217499 0.23851013
v -0.632727 -0.927125 0.501726
v -0.7211189 0.6680527 -0.47384644
v -0.0498493 -0.37429 0.74447
v -0.0317381 -0.361975 0.754767
v -0.7117348 0.64191437 -0.4830017
v -0.626884 -0.931706 -0.0710371
v -0.03623 -0.332144 0.752303
v -0.786177 0.76234 -0.515212
v -0.919145 0.124876 0.624279
v -0.742652 -0.285749 0.531214
v -0.643666 0.0628548 0.642908
v -0.0393714 -0.301617 0.741799
v 0.555381 -0.119177 -0.211288
v 0.43669558 0.23570609 0.15532494
v -0.0338142 -0.841986 0.69472
v 0.135482 -0.101437 0.583801
v 0.902694 -0.676145 0.385625
v -0.265703 -0.979718 0.133695
v -0.70685 0.667707 -0.521473
v -0.046887875 -0.26809692 0.7238312
v -0.6995487 0.6039734 -0.52993774
v -0.878287 -0.328068 0.333575
v -0.724848 0.900201 -0.635851
v -0.634789 0.125645 -0.0942289
v -0.7123089 0.59179974 0.20051575
v 0.07278967 0.86385727 -0.28870964
v 0.89970016 -0.8134384 0.14642334
v -0.603123 -0.854027 0.494911
v 0.564382 -0.422856 0.609079
v -0.103515 -0.729792 -0.338834
v -0.87012 -0.048818 0.333384
v -0.40237045 -0.8887844 0.59388113
v -0.5734663 -0.9845798 -0.072772026
v 0.623715 -0.730599 -0.137714
v -0.0208984 -0.112376 0.580642
v -0.998163 0.161638 0.254793
v -0.0428512 -0.0890666 0.575918
v -0.269726 0.580161 0.0749633
v -0.381119 -0.583037 0.513446
v -0.7066803 0.56639004 -0.5176697
v -0.7192707 0.58457994 0.1211853
v -0.815561 0.384308 -0.0216918
v -0.40173 -0.564123 0.507985
v -0.789889 0.781377 -0.538139
v -0.76045036 0.7593012 -0.5331726
v -0.038711548 0.09057617 0.48104858
v -0.736604 0.737284 -0.525687
v 0.0526568 0.91835 -0.293562
v 0.280032 -0.975801 -0.246754
v -0.17761612 -0.98402655 -0.29763412
v 0.504742 -0.934714 -0.0195724
v 0.7708969 -0.4647751 -0.028778076
v -0.69971466 0.6339264 -0.52882385
v -0.214059 -0.712808 -0.115274
v -0.60497665 0.15083885 0.6326523
v 0.746344 -0.438786 0.415375
v -0.728602 0.748696 -0.551498
v -0.709666 0.695122 -0.534429
v -0.6059942 0.6873665 -0.2964096
v -0.755592 -0.415108 0.465093
v -0.207371 -0.983986 -0.342949
v -0.6930237 0.6279068 -0.5553894
v -0.937122 0.396234 0.39558
v -0.699688 0.577845 -0.549861
v 0.766974 -0.54616 0.366919
v 0.607615 -0.0968926 0.498967
v 0.15431 -0.116272 0.5923
v -0.172048 -0.754398 -0.213763
v 0.126923 -0.1187 0.604036
v -0.0102062 0.986857 -0.232618
v -0.220797 -0.822031 0.588435
v 0.190722 -0.949149 0.519492
v -0.14899 0.90016 -0.158012
v -0.336094 -0.822911 -0.143754
v -0.265679 -0.499395 -0.199018
v 0.74100876 -0.069107056 0.21575928
v -0.0276422 -0.822402 0.682397
v -0.168314 -0.755145 0.526105
v -0.0102871 -0.798486 0.647027
v -0.0338594 -0.767999 0.61831
v -0.0202421 -0.753398 0.627265
v -0.943339 0.420263 0.384869
v -0.792316 0.803643 -0.556847
v -0.0145668 -0.687603 0.660415
v -0.6271777 0.078733444 -0.10711765
v -0.648821 0.441923 -0.197629
v -0.361364 0.746393 0.0441627
v -0.716218 0.721805 -0.543346
v -0.97991 0.120134 0.49749
v 0.61518 -0.520642 -0.227572
v 0.254887 -0.956793 0.507735
v -0.174651 0.594664 0.0242076
v 0.509803 -0.37927 0.659404
v 0.947551 -0.503329 0.112159
v -0.693845 0.579563 -0.577453
v 0.00969881 0.911299 -0.319216
v 0.0036442 0.936788 -0.310607
v -0.694228 -0.897423 0.0828766
v 0.584553 -0.161262 0.5588
v 0.7121496 -0.022355556 0.26612854
v -0.774812 0.804473 -0.57892
v -0.74251 0.771485 -0.562835
v -0.720676 0.759266 -0.575181
v -0.6009091 0.6325302 -0.61343384
v -0.707488 0.730848 -0.572544
v -0.00753176 -0.453392 0.731808
v -0.0159329 -0.425551 0.736458
v -0.0289663 -0.394534 0.746259
v 0.508891 -0.922648 0.486976
v -0.68276215 0.6593628 -0.6039734
v -0.772512 0.325203 0.674265
v -0.68338203 0.60336304 -0.6084671
v -0.0146069 -0.314765 0.753423
v -0.45986 -0.760523 0.181288
v -0.0895458 -0.226484 0.652604
v -0.030764 -0.512143 0.704726
v 0.00419254 -0.231765 0.730631
v -0.9398041 0.32684517 0.17034149
v 0.67090225 -0.008611202 -0.028312683
v -0.947251 0.0773085 0.571441
v -0.7821045 -0.05280304 -0.077949524
v -0.940427 0.293894 0.48186
v -0.667759 -0.405229 0.535153
v -0.0146626 -0.0783026 0.574424
v -0.750596 0.790137 -0.57871
v -0.26121843 -0.080049515 -0.2450769
v -0.69558716 0.70500183 -0.5823059
v -0.01808834 -0.016551971 0.55203056
v -0.6933594 0.67424774 -0.57107544
v -0.015613556 0.015274048 0.53744125
v -0.22564 0.142801 -0.0958871
v -0.0163464 0.0563043 0.51247
v -0.0266752 0.0747205 0.496813
v 0.454897 -0.111411 -0.260165
v 0.435185 -0.124918 -0.267898
v -0.0191788 0.113568 0.468537
v -0.421728 0.399802 0.0869389
v 0.585229 -0.509859 -0.264377
v -0.632822 0.439369 -0.173183
v 0.570669 -0.489458 -0.28042
v -0.676618 0.716658 -0.231306
v -0.778801 0.824874 -0.598154
v -0.774892 0.578045 -0.133025
v -0.6130047 0.27032232 0.56640625
v -0.695707 0.726875 -0.597268
v -0.8964653 -0.3082986 0.31707764
v -0.585638 0.465037 -0.0725949
v -0.0886138 -0.558296 0.598184
v -0.130451 -0.331177 -0.448285
v 0.288148 -0.347491 0.74675
v -0.0558019 -0.16066 0.598838
v -0.466947 -0.967746 0.587025
v -0.93159485 -0.17416382 0.16412354
v -0.73441696 0.7989502 -0.6022644
v 0.7692108 -0.15827942 0.037719727
v -0.704216 0.75390625 -0.6002655
v -0.487581 0.461682 0.386867
v -0.0100973 -0.817231 0.669215
v -0.154343 -0.922463 0.42939
v -0.468782 0.441081 0.325067
v -0.00672664 -0.774352 0.626229
v -0.961695 0.183722 0.567986
v -0.00329363 -0.719974 0.659327
v -0.00243979 -0.748406 0.642651
v -0.67755127 0.63402176 -0.6246643
v -0.451627 -0.697365 0.294848
v 0.105075 -0.817706 0.634037
v -0.629527 0.594199 -0.0753367
v -0.705215 0.905053 -0.690838
v -0.7162857 0.7775574 -0.60131836
v -0.6861801 0.75135803 -0.6331482
v -0.812914 0.519369 0.470041
v -0.68042755 0.71800995 -0.62841797
v 0.572779 -0.780533 -0.204897
v 0.752411 -0.602768 -0.0214449
v -0.9411 0.355191 0.207344
v -0.841038 0.0405452 0.00812997
v -0.78160477 0.52479553 0.48114014
v -0.759467 0.848316 -0.638339
v -0.731438 0.829747 -0.638426
v -0.696784 0.779385 -0.633289
v -0.00314284 -0.374075 0.757231
v 0.693743 -0.10648 0.412777
v 0.683135 -0.694077 -0.0823722
v -0.00972809 -0.343012 0.759176
v 0.953873 -0.494151 0.235997
v -0.677116 0.601335 -0.634976
v -0.020353317 -0.26272583 0.73374367
v -0.662189 0.579102 -0.641751
v -0.756297 0.870661 -0.654595
v -0.740473 0.85137 -0.652646
v 0.691126 -0.130547 0.432315
v 0.374777 -0.776553 0.634901
v -0.71098 0.803826 -0.634007
v -0.00828035 -0.0466164 0.562283
v 0.606283 -0.165275 -0.191501
v -0.728612 -0.556091 0.037763
v 0.00707563 0.00403451 0.548403
v -0.41178894 0.61624146 -0.06266785
v -0.61553764 0.07591629 0.61099243
v -0.6758652 0.6928406 -0.6329346
v -0.66633606 0.6700134 -0.65960693
v -0.504052 0.197446 -0.0676331
v -0.0028076172 0.0947113 0.48794556
v -0.117605 -0.914991 0.715736
v -0.733739 0.866713 -0.668145
v -0.17767334 0.5865326 -0.09957123
v -0.71928 0.843953 -0.661859
v 0.122184 -0.945664 0.537321
v 0.772975 -0.393807 -0.0307228
v -0.66322327 0.7195587 -0.6690674
v 0.340773 -0.859257 0.597266
v 0.00450369 0.960637 -0.300738
v -0.622607 0.327635 0.553819
v -0.420175 0.380852 0.097338
v 0.879491 -0.806701 0.0563298
v -0.235131 0.0709594 -0.173802
v -0.971772 0.0970144 0.446679
v -0.194376 -0.976432 0.256719
v 0.557898 -0.299095 0.6166
v 0.0109997 -0.835062 0.673504
v 0.503412 -0.86562 0.546622
v -0.67829895 0.7791748 -0.663147
v -0.67033386 0.74591064 -0.6613159
v 0.75476074 -0.3114214 0.40063477
v 0.580521 -0.244843 0.587634
v 0.012202 -0.693798 0.674941
v -0.0993374 -0.706289 -0.35253
v -0.831574 0.20998 0.690417
v -0.125454 -0.728087 -0.318903
v -0.723278 0.886235 -0.683193
v -0.619362 0.521898 0.494248
v 0.282604 -0.959378 -0.167036
v -0.6878967 0.79881287 -0.66116333
v -0.471333 -0.937204 0.62161
v -0.491689 -0.928535 0.624036
v -0.486365 -0.956899 0.61158
v -0.434841 -0.0944785 0.550184
v -0.6453247 0.729805 -0.7106018
v -0.296586 0.555209 -0.0819657
v -0.109428 -0.754558 0.5641
v -0.757583 -0.23563 0.521027
v 0.771528 -0.364051 0.373378
v -0.21377134 0.023702621 -0.2082882
v -0.550094 -0.80924 0.12285
v 0.000884859 -0.479883 0.72885
v -0.658555 0.648271 -0.685545
v 0.0110051 -0.43683 0.740118
v 0.00788561 -0.406511 0.7475
v -0.20027 -0.975045 0.307723
v 0.37019157 0.15762329 -0.11835098
v -0.33379745 0.7884331 -0.016605377
v -0.702712 0.879145 -0.6999
v -0.68959427 0.8506508 -0.69512177
v -0.673801 0.825857 -0.69661
v 0.0050783157 -0.29899406 0.7495866
v -0.01008606 -0.2831955 0.74352837
v -0.660958 0.789902 -0.696575
v -0.15000057 -0.9267106 0.37709808
v -0.784453 0.558175 0.0526293
v 0.0187616 -0.211081 0.721618
v 0.0444973 -0.911021 0.50604
v -0.0503343 -0.935658 -0.212363
v -0.239737 -0.393671 -0.258357
v -0.0114856 -0.142381 0.592796
v 0.0087602 -0.0958707 0.578508
v -0.244187 -0.982916 0.123427
v -0.653361 0.701356 -0.692622
v -0.865954 0.236946 -0.023382
v -0.850237 0.256444 -0.0279083
v 0.301407 -0.130119 -0.264754
v 0.0133925 -0.0206456 0.559748
v -0.182472 -0.777249 0.563657
v -0.654015 0.0225022 0.572563
v -0.693096 0.898613 -0.710263
v -0.508379 0.450981 0.423843
v 0.0104904175 0.06161499 0.5142975
v -0.568002 0.579788 0.072779
v -0.679273 0.876356 -0.718179
v 0.00561446 0.1176 0.474472
v -0.547849 -0.869001 -0.071188
v -0.48424911 0.33834457 -0.016036987
v 0.820237 -0.855364 0.0620698
v 0.563607 -0.17146 0.574904
v -0.654047 0.819487 -0.71993
v -0.619347 0.726512 -0.748614
v -0.0832594 0.0434564 -0.199556
v 0.734476 -0.529156 0.425965
v -0.362516 0.175415 0.335992
v -0.563908 0.387533 -0.0532295
v 0.0362966 -0.854477 0.671908
v -0.50843 -0.638817 -0.0311659
v -0.773928 -0.220397 0.502819
v -0.380582 -0.652632 0.505689
v 0.0169811 -0.793602 0.635353
v 0.5679817 0.082107544 -0.056503296
v 0.0205717 -0.765988 0.642906
v 0.0217422 -0.742046 0.658905
v 0.0308449 -0.716654 0.671197
v -0.338513 -0.981014 -0.0525035
v -0.55148315 -0.48025513 -0.1934967
v 0.0227055 -0.673915 0.681563
v -0.149953 -0.930877 0.333912
v -0.632798 0.745841 -0.734961
v 0.000145708 -0.66939 0.676255
v 0.0163917 -0.65397 0.687015
v -0.53287 0.0288972 -0.183964
v -0.38621807 0.28250015 0.08776283
v -0.859316 0.491736 0.472203
v 0.0103147 -0.630364 0.693901
v 0.00685916 -0.60429 0.698706
v -0.206814 0.0453215 -0.196621
v -0.186448 0.03091 -0.20518
v -0.163694 0.0391487 -0.199573
v -0.418299 -0.8056 0.532425
v -0.0130983 -0.588718 0.686547
v 0.0299748 -0.562574 0.711734
v 0.00468926 -0.577381 0.703807
v 5.34813e-05 -0.55036 0.710461
v 0.30033 -0.149503 -0.284385
v 0.351002 0.226132 -0.017437
v 0.0101766 -0.50613 0.725164
v 0.0278697 -0.487119 0.728858
v 0.5528183 -0.35767365 -0.2846527
v 0.56936646 -0.34924316 -0.2685089
v -0.478315 0.164461 0.501071
v -0.643784 -0.445154 -0.184043
v 0.06879616 -0.92347 0.2545433
v -0.347492 0.473697 0.0616195
v 0.0262249 -0.380491 0.750962
v -0.307944 -0.968806 -0.0873956
v 0.0169213 -0.352222 0.75303
v -0.311062 -0.977436 -0.129386
v 0.010258 -0.324512 0.752771
v 0.0290828 -0.305507 0.751883
v 0.109861 -0.110642 -0.287397
v 0.0816509 -0.0403567 -0.268722
v -0.694191 0.442604 0.58509
v -0.174839 -0.0364072 -0.243227
v -0.215311 0.663884 0.000368633
v -0.4929657 -0.010253906 0.5105591
v 0.310954 0.121956 -0.168614
v 0.8670845 -0.5834999 -0.00079345703
v -0.768047 0.723021 -0.303152
v -0.763694 0.740846 -0.328971
v -0.17248 -0.883352 -0.363587
v 0.681525 -0.53181 0.499711
v -0.400947 0.439378 0.0735703
v -0.900189 -0.0391851 0.190579
v 0.134536 0.0342565 -0.234457
v -0.1769371 -0.97076154 0.17010498
v 0.0138791 -0.0677102 0.570122
v 0.975367 -0.668297 0.284945
v 0.04159546 -0.047763824 0.5734348
v -0.627886 -0.894847 0.471853
v 0.219737 -0.956768 0.0903874
v 0.617011 -0.00382638 0.439428
v 0.009151459 0.025543213 0.5371399
v 0.205735 -0.939854 0.0884434
v 0.593444 -0.651979 0.550559
v 0.269264 0.152541 -0.136102
v -0.31085205 0.6906433 -0.1277008
v -0.161486 0.859259 -0.184513
v -0.960689 0.0478424 0.249278
v 0.411555 -0.341389 0.691261
v 0.776066 -0.345427 -0.0260837
v 0.2932434 0.064888 0.53141785
v 0.447265 -0.967819 -0.0272201
v 0.171954 -0.927085 0.211981
v 0.315234 0.144436 -0.149071
v 0.761166 -0.628601 -0.0233048
v 0.0332533 -0.809996 0.643467
v -0.933071 0.324279 0.41131
v 0.563522 -0.676195 0.566494
v -0.16145325 0.7986069 -0.07673645
v 0.18766022 -0.9178271 0.4858284
v -0.519902 -0.80414 0.418507
v -0.609724 0.77884 -0.761941
v -0.185259 -0.857124 -0.353876
v 0.0331167 -0.641059 0.700145
v 0.135784 0.0108388 -0.254995
v -0.778093 0.737121 -0.353876
v 0.463119 0.00525547 -0.183854
v -0.615835 0.112651 -0.0963736
v 0.0275736 -0.591586 0.708062
v 0.160256 0.0258631 -0.239901
v 0.0198172 -0.533245 0.720647
v -0.943238 0.0308361 0.23628
v 0.67115533 -0.94779444 0.15046692
v -0.597515 0.738111 -0.760513
v -0.762043 -0.0726383 0.475825
v 0.0345153 -0.446936 0.744496
v 0.0282586 -0.425606 0.746649
v 0.0382913 -0.406673 0.750516
v -0.77721 -0.058045 0.459348
v 0.0436077 -0.358833 0.755776
v 0.0356598 -0.331936 0.753442
v -0.832582 0.0851888 0.642298
v 0.053922653 -0.3093872 0.7541127
v -0.0127681 0.160173 0.411676
v -0.883899 0.51947 0.397348
v -0.258832 -0.389688 -0.241435
v 0.014539 -0.254021 0.742093
v 0.0310846 -0.230269 0.736428
v -0.57600844 0.64926004 -0.38790894
v 0.0329214 -0.192393 0.706282
v -0.784714 0.809866 -0.508878
v -0.5249872 -0.03994465 -0.21116018
v -0.466308 -0.733687 -0.0626769
v 0.027813 -0.130001 0.59355
v 0.0357516 -0.139713 0.612425
v 0.0354242 -0.0844032 0.577306
v 0.21238899 -0.9593539 0.5258999
v -0.229856 -0.4187 -0.26374
v 0.588235 -0.766395 -0.190327
v 0.139852 -0.969825 0.582503
v -0.23346 -0.438499 -0.245073
v -0.855526 0.264522 0.671327
v 0.0366664 0.0604877 0.523388
v -0.535125 -0.342557 -0.2479
v 0.365955 -0.59554 0.699432
v -0.199922 0.851836 -0.152702
v -0.87192535 0.43951416 0.5252075
v -0.912569 -0.0676936 0.200857
v 0.574951 -0.879966 -0.0419485
v 0.8670788 -0.8289604 0.08245087
v -0.893566 -0.0471662 0.26189
v -0.896227 0.383329 0.552379
v 0.78632164 -0.30161667 -0.007850647
v -0.340452 0.486148 0.0773136
v -0.904006 0.330236 0.580216
v -0.913448 0.308552 0.576365
v -0.497876 -0.809117 0.373128
v -0.922824 0.2582 0.585413
v -0.9247513 0.23293018 0.59542084
v 0.529403 -0.00969277 0.506572
v 0.310328 -0.929386 0.376884
v 0.0166035 0.930166 -0.24823
v -0.940182 0.139818 0.606514
v -0.676279 0.413505 -0.114679
v 0.906333 -0.481268 0.128285
v 0.395778 -0.409714 0.717497
v 0.033761 -0.827786 0.65866
v 0.42257 -0.63912 0.656968
v -0.327094 0.668942 -0.117371
v 0.0400506 -0.759295 0.658485
v -0.241435 -0.966516 0.264191
v -0.377791 0.751198 0.0183828
v 0.61912 -0.602355 -0.221184
v 0.0449191 -0.689053 0.682232
v -0.812987 0.0725245 0.640075
v -0.88173294 0.16656494 -0.017393112
v -0.604348 0.540647 -0.00484395
v 0.488542 -0.892094 -0.132918
v -0.669142 0.0450958 0.647076
v -0.17425 0.77219 -0.0715657
v -0.36064148 0.690506 -0.09284973
v 0.712382 -0.177295 -0.0893581
v -0.795838 -0.33526 0.478424
v -0.942697 0.283026 0.50556
v 0.64377 -0.926144 0.310623
v 0.0490561 -0.538425 0.716004
v -0.5688305 0.09843063 -0.11985779
v -0.560704 0.12616 -0.103041
v 0.64831 -0.30433 -0.217461
v -0.766583 0.675053 -0.207367
v 0.020542145 -0.46429443 0.7353592
v -0.645538 0.606141 -0.675671
v -0.474484 -0.788492 0.508047
v 0.302131 0.203531 -0.0731111
v -0.565512 0.0475151 0.492842
v -0.4866066 -0.7456322 0.14926529
v -0.473986 -0.776705 0.173996
v -0.170544 0.186298 0.0330448
v -0.410338 0.723581 0.0301083
v -0.636056 -0.835289 0.0610928
v -0.419989 -0.78911 0.512251
v -0.400556 0.736362 0.0123551
v -0.445495 -0.785785 0.503323
v 0.0457601 -0.256188 0.747425
v -0.442519 -0.720861 0.284175
v 0.0453996 -0.208278 0.723467
v -0.300432 -0.878161 0.560367
v 0.537262 -0.570869 -0.282032
v 0.794435 -0.202035 0.101605
v -0.768796 0.784795 -0.55935
v -0.9149 0.331386 0.559938
v 0.953313 -0.566339 0.0529191
v -0.64312 0.817616 -0.573398
v 0.0656767 -0.145745 0.651482
v -0.937529 0.234112 0.574847
v 0.0443255 -0.0250759 0.569061
v -0.93575 0.193041 0.600952
v 0.0330449 0.00132688 0.557172
v -0.943711 0.0383963 0.160996
v 0.0435673 0.0406722 0.537545
v 0.489989 -0.652243 0.633458
v -0.938789 0.111562 0.603497
v -0.608949 0.0954738 0.619742
v 0.0498752 0.109141 0.499077
v 0.0312314 0.126015 0.479123
v 0.000869751 0.13241005 0.45772552
v -0.514504 0.119537 0.520212
v 0.51878977 0.19073844 0.1417427
v -0.505375 0.501267 -0.00296958
v 0.164815 -0.922312 0.235453
v -0.787796 -0.07762146 0.4514618
v -0.453073 -0.670546 0.381674
v -0.9035 0.0349463 0.0856321
v -0.684105 0.439967 -0.196322
v -0.640285 0.494934 -0.392348
v -0.284635 -0.0802596 -0.24373
v 0.849564 -0.582295 0.388532
v 0.857064 -0.558899 0.3723
v -0.537907 -0.62396 -0.0280484
v 0.02381897 -0.8843117 0.68081665
v -0.804774 -0.184838 0.46845
v 0.0549242 -0.817822 0.643376
v 0.009811401 0.71388245 -0.1375885
v 0.289409 -0.929265 -0.0496369
v 0.0631454 -0.762617 0.668269
v 0.0484289 -0.739524 0.67088
v 0.0613188 -0.716051 0.681989
v 0.0034458637 0.8687937 -0.22251868
v -0.992238 0.121275 0.287536
v 0.0292937 -0.966768 0.64282
v -0.8027954 -0.35941315 0.46037292
v -0.308722 0.598147 0.0900441
v 0.0468714 -0.60395 0.717532
v -0.4118898 -0.26882744 -0.26008773
v -0.322996 -0.614617 -0.14878
v -0.276504 -0.87286 -0.325795
v -0.191075 -0.0573634 -0.252689
v -0.61377 -0.254584 -0.220235
v 0.682588 -0.901433 0.0060876
v -0.277087 -0.787974 -0.138213
v 0.335677 -0.935007 0.600654
v 0.0381934 -0.51208 0.72155
v 0.177863 -0.0174894 -0.260835
v -0.489502 -0.790628 0.167539
v 0.0490729 -0.430367 0.750931
v 0.898304 -0.803874 0.0982598
v -0.0148423 0.945746 -0.290093
v 0.078243256 -0.39445305 0.7634449
v 0.0695162 -0.364569 0.76234
v -0.550474 0.371469 -0.0550813
v 0.0610241 -0.338018 0.758339
v -0.6841526 0.5555687 0.447258
v -0.549241 -0.889052 0.24982
v 0.678683 -0.449368 0.512569
v -0.551434 -0.906719 0.269897
v -0.11377716 0.761837 -0.11664581
v 0.0612753 -0.225668 0.739478
v -0.154642 0.761402 -0.20605
v -0.794762 0.0672226 0.651974
v 0.706331 -0.147586 0.421597
v -0.422831 0.461865 0.160278
v -0.0761969 -0.887552 0.713683
v -0.701403 0.687403 -0.159333
v -0.492483 -0.672558 0.252413
v 0.069257736 -0.04815674 0.57548666
v 0.060654 0.00179901 0.562219
v 0.383334 -0.459871 0.717028
v 0.0682241 0.0392496 0.544773
v 0.745638 -0.168491 0.363268
v 0.6185379 -0.45821 -0.23876953
v -0.913988 0.35795 0.54492
v 0.0566366 0.0821148 0.516727
v -0.911313 0.384337 0.529438
v -0.926479 0.305027 0.552178
v -0.936663 0.25799 0.560517
v 0.10917854 0.17363358 0.4527092
v 0.45216584 0.2251482 0.24915123
v -0.292604 0.743457 -0.132263
v -0.949887 0.189362 0.585216
v 0.782027 -0.277411 -0.0168066
v 0.261824 -0.922911 0.472636
v -0.954701 0.127497 0.588186
v 0.817759 -0.796801 0.385869
v -0.953051 0.101728 0.581413
v -0.851044 0.340959 0.631934
v -0.647663 -0.000302851 0.511014
v -0.389281 0.732926 0.0428789
v -0.255305 -0.790828 -0.159395
v -0.76706696 -0.09975433 0.47740936
v -0.913884 -0.300527 0.221917
v -0.61141 0.505148 -0.351891
v -0.82774353 -0.17213726 0.44551086
v -0.592779 0.521755 -0.0196589
v -0.8139038 -0.25830078 0.46362305
v 0.0623681 -0.863087 0.664524
v -0.810533 -0.312769 0.467821
v -0.469397 -0.672404 -0.0778209
v -0.412882 -0.177706 -0.26451
v -0.878578 0.0862308 0.638101
v -0.531965 0.355875 -0.051839
v -0.491308 -0.769861 0.152505
v -0.532985 -0.842543 0.19875
v -0.039887 -0.139064 0.590275
v -0.527883 -0.669311 0.0658791
v -0.6440325 0.2169056 0.6551094
v -0.569989 -0.906826 0.249278
v -0.922413 -0.252647 0.303327
v 0.472345 0.160317 0.405353
v 0.0548453 -0.650868 0.708394
v 0.17681 -0.120434 0.61054
v 0.0680608 -0.613028 0.726677
v 0.752512 -0.809805 0.420561
v 0.197622 -0.12527 0.629663
v -0.88329697 0.46740723 0.47753906
v 0.0593895 -0.564444 0.717843
v 0.0464951 -0.58255 0.714602
v 0.064884 -0.58817 0.724935
v 0.7977352 -0.413311 0.31050873
v -0.9362712 0.275177 0.55016327
v 0.0654705 -0.517994 0.727127
v -0.955665 0.070766 0.546446
v -0.25441 -0.476797 -0.211744
v 0.471815 -0.884691 -0.222224
v 0.0544928 -0.493081 0.731622
v 0.0678015 -0.474789 0.743008
v 0.057638 -0.453148 0.747755
v -0.308672 -0.966029 0.240263
v 0.597209 -0.43882 0.583095
v -0.984134 0.153897 0.359168
v -0.949817 0.234297 0.549465
v -0.531302 -0.958877 0.605167
v -0.958854 0.167115 0.580621
v -0.953505 0.149629 0.590955
v 0.0788863 -0.317993 0.756625
v 0.066768646 -0.28107452 0.7482629
v 0.304825 -0.950912 -0.0447259
v 0.0784607 -0.249568 0.745438
v 0.614287 -0.398739 -0.241083
v -0.80044556 -0.14839172 0.464386
v -0.20080352 0.2052244 0.06874466
v 0.019959 -0.943784 -0.322204
v 0.0699615 -0.159624 0.677282
v 0.0782776 -0.176291 0.701824
v 0.0908398 -0.158665 0.684635
v -0.586907 0.786547 -0.64934
v -0.821609 -0.230538 0.452828
v -0.8019104 -0.28375244 0.47991943
v 0.056017 -0.102786 0.581754
v -0.4712617 -0.92188025 -0.12517679
v -0.571603 -0.878948 0.333869
v 0.0954257 -0.0675019 0.579824
v -0.5850282 0.65530586 -0.5128021
v -0.0236736 0.647944 -0.147508
v -0.230192 -0.810476 0.557841
v -0.15059 -0.34968 -0.435106
v -0.146932 -0.382912 -0.440473
v -0.304241 -0.32354 -0.255429
v -0.611062 0.135999 -0.0935568
v -0.021461487 -0.17718935 0.6550331
v -0.8598175 0.48492432 0.4817505
v -0.63576 -0.883329 -0.0357632
v -0.128702 0.658895 -0.0132678
v -0.15280151 0.5866661 -0.089855194
v 0.554069 -0.812339 -0.182131
v -0.237471 -0.750451 -0.114165
v -0.23245895 -0.72863674 -0.11229457
v 0.58507156 0.09263611 0.38441467
v 0.0490261 -0.785403 0.646372
v 0.897894 -0.724321 -0.00104177
v 0.697592 -0.867805 -0.0235012
v -0.575786 0.633209 -0.413942
v 0.284734 -0.944717 -0.0247631
v -0.5344 -0.371038 -0.242672
v -0.189331 0.157208 -0.0597578
v 0.496442 0.130022 0.429036
v -0.0165017 -0.965915 -0.317931
v 0.0577323 -0.840462 0.657849
v -0.800454 0.76917 -0.489891
v 0.0778807 -0.802666 0.640624
v -0.43258858 0.39068604 0.25218582
v 0.276894 -0.235271 -0.399292
v 0.299509 -0.953701 0.487789
v 0.0760885 -0.739914 0.680844
v -0.7886963 -0.39694214 -0.0816803
v 0.076937 -0.694008 0.696102
v -0.791423 -0.434124 -0.060245
v -0.721197 0.617553 -0.0391489
v -0.6204605 -0.9206505 0.5232773
v -0.566761 0.773313 -0.750915
v -0.5139847 -0.82580566 0.18733215
v -0.450019 0.51133 0.2228
v -0.480506 0.65263 0.0867546
v -0.775993 0.825827 -0.523633
v -0.59094 -0.905899 0.230048
v -0.600123 -0.950848 0.248637
v 0.0831178 -0.569032 0.729436
v 0.0757939 -0.543579 0.72498
v 0.892007 -0.768227 0.0235056
v 0.5045891 0.19814718 0.25643158
v 0.0799077 -0.498228 0.740351
v -0.49755096 0.6479397 0.067157745
v -0.4650116 0.67097473 0.06900406
v -0.315993 -0.827302 -0.199323
v 0.09855652 -0.44525146 0.75647926
v -0.877851 0.491219 0.452652
v 0.6099968 -0.7604523 0.48679352
v 0.604332 -0.293712 0.574198
v 0.087285 -0.343711 0.761604
v -0.363558 0.766897 -0.00683001
v -0.89619637 0.42774963 0.50946045
v -0.742884 -0.263708 -0.169747
v -0.945598 0.256887 0.535924
v 0.0896344 -0.273695 0.751055
v -0.967368 0.119478 0.56636
v 0.910596 -0.502951 0.0833394
v -0.96391 0.0941017 0.557205
v -0.817891 -0.113162 0.433933
v 0.0731984 -0.119553 0.595772
v -0.661469 0.272244 0.635973
v 0.0857325 -0.126758 0.614595
v 0.0831554 -0.0974657 0.581997
v -0.591947 0.556871 -0.122822
v -0.822223 -0.202122 0.453289
v -0.62154937 0.5618973 -0.51860046
v -0.168136 0.89312 -0.137265
v 0.9229107 -0.7890625 0.13110352
v -0.8284302 -0.29125977 0.44555664
v -0.59201145 0.5863719 0.15965271
v -0.84459686 -0.31937027 0.4200592
v -0.682572 0.480571 -0.367639
v 0.08809662 0.06741333 0.5334625
v -0.81903076 -0.34167862 0.4499054
v 0.0803255 0.101413 0.510355
v -0.824326 -0.374813 0.424755
v -0.453901 -0.696974 0.34347
v -0.433154 0.518663 -0.0283048
v -0.5747829 0.60963917 -0.28899574
v -0.421606 0.49633 -0.0221985
v 0.594162 -0.45744324 -0.26231384
v 0.808687 -0.491206 0.286517
v -0.0405548 -0.183967 0.649087
v 0.48104 -0.839496 -0.242977
v -0.8231201 0.4814453 0.5197754
v 0.52534866 -0.8876343 0.51251984
v -0.715362 -0.390706 0.515015
v 0.19734955 -0.2692871 -0.4334793
v -0.138736 -0.469391 0.566071
v 0.997897 -0.62951 0.153978
v 0.668174 -0.0920035 -0.118492
v 0.666296 -0.11883 -0.132245
v 0.648963 -0.095736 -0.140127
v 0.0795381 -0.850319 0.654295
v 0.197279 -0.290624 -0.438389
v 0.77867126 -0.44181824 0.35394287
v -0.815979 -0.412969 0.398113
v 0.0790988 -0.830153 0.643157
v -0.809794 -0.402014 0.419969
v -0.164586 -0.957799 -0.367539
v 0.107233 -0.780627 0.66494
v -0.910862 0.00452285 0.184746
v -0.625984 -0.9586 -0.0760655
v 0.0908016 -0.717637 0.692199
v 0.0743487 0.917639 -0.338387
v 0.0947374 -0.671494 0.713025
v 0.634974 -0.45148 -0.21768
v 0.44857025 -0.9390793 0.5594368
v 0.0914584 -0.62146 0.73443
v 0.0880063 -0.594862 0.734116
v -0.928503 0.329196 0.530768
v -0.958084 0.449168 0.324019
v -0.32118 0.530368 0.090827
v -0.611136 -0.92964 0.229896
v 0.0915021 -0.522957 0.735037
v -0.61406 -0.959463 0.230166
v 0.0778823 -0.457384 0.749444
v 0.315759 -0.105806 -0.252642
v -0.59550476 -0.82800055 0.1317749
v -0.42356682 0.15239942 0.4376576
v -0.897859 0.46612 0.456906
v -0.908272 0.437593 0.474087
v -0.34743 -0.706311 0.522565
v -0.776826 -0.360424 0.483198
v 0.0971254 0.811729 -0.336526
v 0.96159035 -0.7441391 0.18007994
v 0.0966416 -0.298324 0.755019
v -0.775277 -0.332004 0.496676
v 0.496536 -0.298166 -0.305041
v 0.11191 -0.250749 0.750159
v -0.38198853 0.69200134 -0.0750885
v -0.302249 0.639073 0.055533
v 0.0727973 -0.199679 0.724453
v -0.771798 0.0610599 0.66488
v -0.763243 0.078669 0.680737
v -0.375379 0.587598 0.123658
v -0.830958 -0.0978196 0.415371
v 0.974997 -0.599849 0.0815126
v -0.837488 -0.124675 0.419061
v -0.23807144 -0.98352695 -0.2763939
v 0.111436 -0.0983562 0.582542
v -0.16781521 -0.8153099 0.6359644
v -0.759808 0.624484 -0.107337
v 0.0940911 -0.0378396 0.57806
v 0.0887784 0.00726107 0.564591
v -0.280555 0.809712 -0.00621149
v -0.150284 -0.422939 0.581697
v 0.360815 -0.119925 -0.266068
v -0.369251 0.565879 0.126609
v -0.221927 -0.982041 0.140471
v -0.736459 -0.0209238 0.51227
v 0.16088867 -0.84711456 -0.3265686
v -0.75076485 -0.39865875 -0.11795807
v 0.12794876 0.1534729 0.47734833
v 0.08982849 0.15624237 0.46774292
v -0.0556257 -0.200242 0.661906
v 0.590701 -0.408503 -0.25966
v -0.635089 -0.859757 0.00748729
v -0.631586 -0.868193 -0.0151223
v -0.936144 -0.242388 0.231456
v -0.745457 -0.103269 -0.128369
v -0.944351 0.382168 0.213307
v -0.952392 0.409304 0.214851
v -0.457042 -0.67487 0.354951
v -0.868677 -0.352074 0.340128
v -0.385655 0.549247 0.140783
v 0.0999688 -0.847506 0.645499
v -0.4593134 0.44833732 0.26830292
v 0.0987177 -0.795021 0.648853
v -0.50537 -0.793986 0.152349
v -0.862661 0.546051 0.128633
v 0.13178253 -0.7423248 0.69506073
v -0.544696 -0.818434 0.148148
v 0.107392 -0.695996 0.704264
v -0.834906 -0.400205 0.384739
v -0.594216 -0.88657 0.352165
v -0.595538 -0.839645 0.475458
v -0.895919 0.487387 0.431629
v -0.917173 0.441194 0.446735
v -0.189691 -0.263513 -0.302925
v 0.777879 -0.882412 0.0642676
v 0.68359 -0.535789 -0.164838
v -0.9377365 0.17181015 0.6056442
v -0.27581 -0.0601276 -0.240146
v 0.10864 -0.502262 0.750859
v -0.8885746 -0.062149048 0.08558655
v -0.292351 -0.812458 -0.199846
v 0.11381 -0.424517 0.760825
v -0.588271 0.689724 -0.407686
v -0.387359 0.492493 0.131382
v 0.105416 -0.397994 0.763637
v 0.0965376 -0.370614 0.764873
v 0.114911 -0.350009 0.759398
v 0.33513 -0.93538 0.448
v 0.105012 -0.323392 0.758108
v -0.418965 0.419707 0.0695427
v 0.12323189 -0.27004623 0.75311923
v 0.203991 -0.929725 0.624275
v 0.307125 -0.0847011 0.590224
v -0.57450104 -0.8613434 0.3587799
v 0.101283 -0.18922 0.718804
v -0.84454346 -0.24734497 0.42468262
v 0.10696 -0.167361 0.698586
v 0.792828 -0.328056 0.314703
v 0.1102 -0.149312 0.676773
v 0.668808 -0.9262848 0.28878784
v 0.6832428 -0.36836243 0.5036621
v -0.59444046 -0.35262966 -0.2269082
v -0.843172 -0.349894 0.412326
v -0.841393 -0.376269 0.399319
v -0.826582 -0.393976 0.406404
v 0.0981501 -0.115737 0.599018
v 0.469383 -0.188883 -0.276169
v -0.1975069 -0.020879745 -0.22644901
v 0.71958 -0.0902241 0.360481
v -0.960008 0.48491 0.279147
v -0.436756 -0.805207 0.250624
v -0.325734 0.615936 -0.108194
v -0.350379 0.619953 -0.0993295
v -0.602174 -0.976534 -0.0808347
v -0.99953 0.179371 0.277587
v -0.52317 -0.61395 -0.0485857
v 0.10897 0.0533132 0.544288
v -0.526185 -0.801833 0.136933
v 0.10812378 0.075668335 0.5315552
v 0.887507 -0.468923 0.199918
v 0.08798599 0.12591553 0.49441528
v 0.40768242 0.24518251 0.24827576
v -0.875193 -0.406257 0.243616
v -0.626067 -0.915738 0.384929
v -0.672466 0.624763 -0.64724
v -0.613254 -0.902993 0.211494
v -0.331041 -0.143395 -0.257197
v -0.92563057 0.535594 0.21907616
v -0.1277411 -0.5377407 0.5421467
v -0.63251 -0.923441 0.209842
v 0.88633 -0.67223 0.397011
v 0.875038 -0.654666 0.404144
v -0.42262 -0.645396 0.455899
v -0.62955 -0.945006 0.220363
v -0.4595108 0.68226624 0.043380737
v -0.9122 0.464829 0.429384
v -0.618311 0.555647 -0.0100046
v -0.635805 0.584825 0.357295
v 0.113586426 -0.76210785 0.6800995
v -0.1499033 -0.7849159 0.6040344
v -0.181595 -0.773175 -0.230909
v 0.119811 -0.718954 0.69959
v -0.176663 -0.976792 0.228759
v -0.671844 -0.866485 0.0681431
v 0.117286 -0.629215 0.736963
v -0.0369393 0.976384 -0.237577
v -0.357768 0.242529 0.269441
v -0.8456726 -0.091278076 0.39700317
v 0.11078644 -0.54907036 0.7346897
v 0.354167 -0.704021 0.692631
v -0.908302 0.0166617 0.126728
v 0.114253 -0.528116 0.739548
v -0.0372829 -0.983491 -0.29923
v -0.203483 -0.77255 -0.177298
v -0.602193 -0.379225 -0.221237
v 0.046974182 -0.93343544 -0.19589233
v 0.321395 -0.00119423 -0.233807
v -0.156478 -0.772903 0.575526
v -0.63345194 0.19406247 -0.09464916
v -0.702176 -0.907839 0.115306
v 0.12399 -0.377928 0.76113
v -0.77616 0.396515 -0.0491291
v 0.131773 -0.328866 0.752464
v -0.0713335 -0.21931 0.669305
v 0.0125763 -0.9676 0.599121
v -0.621745 -0.614719 -0.00330343
v -0.547038 -0.507425 -0.17635
v -0.273412 0.518805 0.0370101
v 0.131037 -0.225097 0.742249
v -0.646088 -0.945482 0.205195
v 0.125912 -0.200475 0.728945
v -0.910691 0.483703 0.408964
v -0.412086 0.0941304 0.428176
v -0.662019 0.729694 -0.277917
v 0.753363 -0.649666 -0.034246
v 0.7453766 -0.14481258 -0.020935059
v 0.71108246 -0.23327065 0.46098328
v -0.857169 -0.0978357 0.386826
v -0.855572 -0.133582 0.403245
v -0.86642456 -0.15058708 0.3959961
v 0.39778 -0.970603 -0.201245
v 0.648915 -0.793213 0.422506
v -0.515932 0.300537 0.476961
v -0.8442993 -0.19356155 0.43041992
v 0.111296 -0.0144144 0.576019
v -0.5804472 0.64432144 -0.30648804
v -0.852482 -0.281345 0.411949
v -0.856691 -0.32486 0.397059
v -0.855675 -0.354151 0.387755
v 0.13387299 0.1010437 0.5172577
v -0.852032 -0.379886 0.37315
v -0.965433 0.292028 0.258048
v -0.20222 0.74676 -0.0468894
v -0.721263 -0.498063 -0.0699273
v -0.530008 0.610269 0.0534554
v -0.634864 0.486182 -0.349996
v -0.569255 -0.821952 0.136902
v -0.634863 -0.9017 0.191287
v 0.5949309 0.122550964 0.30324554
v -0.651016 -0.924715 0.189907
v 0.0268827 0.681358 -0.191032
v 0.14163208 -0.86756897 0.6395111
v 0.0216941 -0.939293 0.679455
v 0.136465 -0.817573 0.634522
v 0.133837 -0.781486 0.668472
v 0.146471 -0.763729 0.685904
v -0.636304 -0.935333 0.399065
v -0.735023 0.61946 -0.0579761
v -0.922221 0.463492 0.408406
v 0.135834 -0.697816 0.710351
v -0.115955 0.923156 -0.173257
v -0.662675 0.445312 -0.224019
v -0.834972 -0.0327548 0.385842
v 0.1135 -0.602032 0.740232
v -0.857515 -0.0775395 0.376885
v -0.864355 -0.118067 0.386677
v -0.931958 0.346344 0.340518
v 0.131004 -0.549924 0.738813
v -0.86964417 -0.17638493 0.3982849
v 0.631882 -0.482315 0.54151
v -0.8831787 -0.21987915 0.3817749
v 0.142474 -0.46151 0.771133
v -0.24133587 -0.97271156 0.3255844
v 0.137407 -0.431895 0.767618
v -0.862373 -0.295588 0.393005
v 0.131276 -0.405566 0.762246
v -0.172551 -0.787153 -0.275407
v -0.0640627 -0.607577 0.608561
v 0.146368 -0.357317 0.754452
v -0.19792175 0.7981415 -0.18147278
v -0.7473602 -0.43758392 -0.101867676
v 0.658093 -0.573153 0.523901
v -0.358714 -0.973063 -0.276438
v -0.836891 -0.432708 0.299417
v -0.856141 -0.431571 0.0799534
v -0.653637 -0.906824 0.165936
v 0.501584 0.0627852 0.470211
v -0.650739 -0.966717 0.190737
v 0.44135 -0.279233 0.66038
v -0.5786673 0.5657215 -0.31113434
v -0.935291 0.447105 0.393811
v -0.907258 0.227529 0.621073
v -0.298562 -0.235663 -0.279007
v -0.871045 -0.100721 0.370292
v 0.37117195 -0.97444195 -0.02428627
v 0.245477 -0.937378 0.492105
v 0.549219 -0.0589346 0.518446
v 0.803461 -0.310548 0.0903266
v 0.466578 -0.795904 0.559401
v -0.867032 -0.268491 0.393026
v 0.358486 -0.875559 0.597738
v -0.8337116 -0.46752167 0.09724808
v 0.847848 -0.707781 0.411966
v -0.441237 -0.728352 0.202126
v 0.248662 -0.911437 -0.0949783
v -0.586352 0.702092 -0.509712
v 0.70170593 -0.06912613 -0.026672363
v 0.26393 -0.915299 -0.117338
v 0.738977 -0.074475 0.0422116
v -0.35793304 0.5632019 -0.07383728
v -0.281403 -0.284108 -0.273353
v -0.175759 0.675048 -0.0265247
v -0.639815 -0.866359 0.150046
v 0.745223 -0.224025 -0.0783772
v -0.108386 0.591064 -0.0578771
v -0.926705 0.476543 0.387905
v -0.1494 0.573896 -0.0443066
v -0.00282643 0.775755 -0.18346
v -0.466896 -0.604854 -0.101861
v -0.952445 0.487443 0.206316
v -0.1252675 -0.22734857 -0.36800385
v -0.88275146 -0.13936806 0.37132263
v -0.868972 0.33606 0.0233181
v 0.567789 -0.631015 0.580302
v -0.228192 0.610658 0.0615474
v -0.884957 -0.191922 0.379426
v 0.540859 0.0887889 -0.0762253
v -0.149152 0.605499 0.0168688
v -0.165084 0.621904 0.0323837
v -0.894928 -0.24829483 0.36038208
v -0.877031 -0.284539 0.372718
v -0.88317 -0.303693 0.349656
v -0.927441 -0.115951 0.237399
v 0.550201 -0.783078 0.514572
v 0.525491 -0.545913 0.600633
v -0.2856884 -0.96004885 0.17710876
v -0.44421 -0.753757 0.195861
v 0.333206 -0.315197 0.734523
v -0.296987 -0.297127 -0.261861
v -0.696649 0.552148 -0.567576
v 0.522867 -0.674677 0.59575
v 0.63653564 -0.53025055 0.53670883
v -0.496023 -0.865066 0.265235
v 0.0257064 0.680192 -0.118984
v 0.65760803 -0.21734619 0.52672577
v -0.65166 -0.88516 0.152562
v -0.668542 -0.890533 0.140542
v 0.628403 -0.443086 0.559126
v -0.20483 0.56712 -0.0807191
v 0.7304096 -0.91349983 0.08236694
v 0.328223 -0.337302 0.734973
v -0.946559 0.439578 0.373351
v -0.690975 0.0272496 0.631535
v 0.721048 -0.129441 0.383646
v -0.00820209 0.146577 0.435016
v -0.326684 0.55361 0.103795
v 0.5086212 -0.931427 0.45629883
v 0.362818 0.152031 0.462584
v -0.582158 0.843965 -0.719523
v -0.51802 -0.798482 0.439442
v -0.893419 -0.169481 0.363609
v -0.957373 0.392312 0.275242
v 0.41188812 -0.38428116 0.70770645
v 0.435948 -0.387336 0.700658
v -0.57691 0.819549 -0.713749
v 0.444431 -0.653384 0.649043
v -0.314588 0.24022 0.113922
v 0.666592 -0.508845 0.513308
v -0.923148 0.156741 0.620977
v -0.928856 -0.271326 0.217349
v -0.420946 0.588149 -0.0550602
v -0.762288 -0.480101 -0.055351
v -0.578553 0.0725874 0.524987
v -0.856604 0.406221 0.57255
v -0.52697897 -0.7988065 0.4922619
v 0.0277166 -0.912655 0.521086
v -0.07041931 0.6886978 -0.08079529
v -0.8007355 -0.21871948 0.4729309
v 0.707504 -0.107622 0.393248
v 0.878034 -0.579978 0.382371
v -0.951678 0.420353 0.361812
v -0.942719 0.462567 0.369423
v -0.171333 0.720399 -0.063753
v 0.624319 -0.806021 0.431921
v 0.5945015 -0.1319313 0.5394821
v -0.667336 -0.933571 0.169968
v 0.582312 -0.142015 0.551614
v -0.896819 -0.141737 0.349082
v -0.640174 -0.930698 0.429615
v -0.900866 -0.197004 0.355159
v -0.893375 -0.272574 0.352939
v -0.624546 -0.982637 -0.0612244
v -0.0706841 -0.574138 0.616979
v -0.196334 -0.84472513 0.6425512
v 0.041812897 0.78453255 -0.21238708
v -0.145395 -0.941356 0.254626
v -0.659535 -0.87037 0.135296
v 0.596802 -0.677378 0.540001
v 0.36113 -0.805791 -0.318328
v 0.994043 -0.567511 0.234245
v -0.676241 -0.916331 0.148643
v -0.195017 -0.790327 -0.253226
v -0.26613164 -0.96571094 0.26867962
v 0.376059 -0.615608 0.684964
v -0.157107 -0.979847 -0.352956
v -0.687158 -0.944504 0.152037
v 0.50024 -0.882486 -0.108855
v -0.236943 0.669058 0.00218423
v 0.4641571 -0.56710815 0.650589
v 0.638775 -0.858975 0.392538
v -0.751165 0.478739 0.556547
v 0.502407 -0.920469 -0.0457003
v -0.21819305 -0.20270157 -0.2852497
v -0.286286 -0.475251 -0.206234
v -0.617047 0.135089 0.654777
v -0.978473 0.266239 0.258751
v -0.623285 -0.900234 0.501425
v -0.986187 0.244146 0.261163
v -0.265671 -0.452843 -0.214568
v -0.658853 -0.371144 -0.204047
v -0.919729 -0.227531 0.318011
v 0.993746 -0.549761 0.18786
v -0.948654 0.0337972 0.210092
v 0.992531 -0.547609 0.216147
v -0.357684 0.485679 0.0976355
v -0.80096436 -0.0708313 -0.068603516
v -0.907904 -0.171911 0.33913
v -0.90697 -0.225128 0.344196
v 0.356733 -0.310082 0.722821
v -0.909633 -0.256128 0.331438
v -0.454445 -0.783061 0.195581
v -0.0919926 -0.155594 -0.293607
v -0.294005 -0.505958 -0.196598
v 0.499447 -0.0464037 0.533071
v 0.530842 -0.824864 -0.190542
v 0.0189414 -0.959131 0.666408
v -0.7660217 -0.30543518 0.5122757
v 0.488182 -0.152771 0.615581
v -0.299788 -0.533142 -0.185441
v -0.978172 0.107881 0.5183
v 0.443079 -0.17939949 0.62985706
v -0.739287 -0.155968 0.517678
v -0.622763 0.406611 -0.089423
f 6422 6424 5197 
f 1902 6807 5530 
f 2904 7732 5402 
f 145 174 146 
f 5527 1692 235 
f 3004 3047 3148 
f 4114 1348 4112 
f 8343 8462 1674 
f 6893 5467 1175 
f 44 9724 8342 
f 4097 6372 842 
f 2375 3307 847 
f 2720 10584 8548 
f 1003 892 1278 
f 3983 2443 2199 
f 9983 6907 7136 
f 10338 7717 2625 
f 4850 9246 4893 
f 5613 2107 2038 
f 9191 9646 9729 
f 8096 10200 10082 
f 8104 771 1804 
f 9318 9171 9266 
f 281 4849 9505 
f 4248 9141 3005 
f 3761 328 327 
f 6441 6205 3095 
f 10322 8171 5666 
f 4236 2094 2022 
f 1943 2606 2925 
f 5429 1741 2529 
f 6033 8860 2489 
f 10200 8096 7948 
f 4556 5054 4559 
f 3834 10382 3953 
f 91 2945 10192 
f 343 5904 1542 
f 9218 9597 662 
f 4445 4892 4812 
f 1363 5684 2895 
f 7374 7377 1710 
f 2614 1652 2656 
f 5401 2319 5309 
f 7629 4923 3948 
f 1857 3619 3028 
f 4376 941 2778 
f 6678 6242 1087 
f 55 4845 8976 
f 687 8889 1452 
f 6143 5876 4200 
f 4196 3877 6995 
f 9139 976 4175 
f 3237 9136 3214 
f 73 5 6942 
f 7167 5238 1660 
f 7988 1632 10611 
f 2937 9565 8448 
f 10180 9997 10135 
f 5229 5989 9916 
f 1775 109 9224 
f 2071 424 2872 
f 9089 9368 997 
f 5845 2430 2171 
f 5655 7047 143 
f 1399 8495 972 
f 7332 2246 10436 
f 1660 4522 7167 
f 838 6642 8108 
f 1369 1522 9514 
f 4757 6525 1728 
f 145 77 173 
f 7569 82 146 
f 2627 3718 300 
f 7569 146 175 
f 147 115 114 
f 4506 4530 3173 
f 920 7600 9214 
f 92 93 28 
f 6879 7813 3376 
f 5554 8292 8062 
f 9003 9004 9067 
f 5373 4282 5116 
f 843 1732 3307 
f 8478 10577 3795 
f 1054 1924 162 
f 8948 106 1099 
f 10197 2051 9243 
f 10153 10504 10505 
f 2699 7485 101 
f 5587 4873 8719 
f 1022 1122 1124 
f 4008 157 529 
f 3723 1101 3716 
f 9815 8418 1319 
f 10048 274 7478 
f 6771 1898 10650 
f 8667 10226 9009 
f 3005 9014 8653 
f 6832 2047 8073 
f 10509 10153 10544 
f 1759 8486 4121 
f 8661 8549 8711 
f 581 236 7439 
f 8305 2552 1868 
f 1858 1797 1856 
f 10125 8196 4712 
f 9192 1720 2445 
f 5899 6018 5871 
f 1302 2040 6601 
f 8225 8482 8313 
f 8533 3738 8541 
f 5369 5654 5371 
f 4376 2778 7244 
f 4986 5771 730 
f 7372 8120 5049 
f 6797 2389 7690 
f 9800 4714 8517 
f 4369 4470 4640 
f 941 9597 9218 
f 2358 7073 7132 
f 3812 4439 7274 
f 7158 3588 10332 
f 2778 941 9218 
f 9705 6132 9703 
f 8950 634 5078 
f 3407 10014 7113 
f 7854 113 7462 
f 66 7462 113 
f 9832 192 188 
f 10013 9652 6549 
f 8289 3317 7030 
f 195 466 353 
f 3023 1152 184 
f 8101 3360 10231 
f 7308 7421 7423 
f 6997 7066 160 
f 4894 4792 6526 
f 976 8704 8611 
f 9896 229 9021 
f 174 145 173 
f 675 633 2222 
f 3151 3100 8057 
f 6669 2790 2841 
f 7773 4477 633 
f 9896 322 323 
f 157 9823 9850 
f 205 208 151 
f 173 172 200 
f 142 141 224 
f 9387 9865 160 
f 200 9064 174 
f 8941 8816 8942 
f 7730 2803 2888 
f 390 3025 392 
f 478 3389 2529 
f 3143 10287 8274 
f 5525 6718 2001 
f 2538 5525 4389 
f 9644 6462 9723 
f 10290 10288 10512 
f 1665 2518 1664 
f 7536 6684 6584 
f 10345 8704 5440 
f 9587 4653 10607 
f 6575 9133 7914 
f 207 4018 9040 
f 9180 8587 4653 
f 2499 5146 9478 
f 2872 5008 9720 
f 2359 2360 1616 
f 2298 2445 1720 
f 7210 8347 9639 
f 1987 9175 5425 
f 9510 2004 8143 
f 10241 8956 2380 
f 8891 1973 4109 
f 9055 2779 6347 
f 9694 9766 9675 
f 220 8573 187 
f 5924 8517 9456 
f 2002 184 1152 
f 3961 2014 6348 
f 3893 5043 2920 
f 9599 4686 826 
f 9687 3929 3589 
f 1605 1535 1604 
f 4329 458 3742 
f 5870 702 8190 
f 542 589 495 
f 2628 7475 9590 
f 10253 10262 5597 
f 4411 268 9630 
f 5370 2577 6331 
f 9929 841 1798 
f 262 594 598 
f 4792 6558 6526 
f 1190 9784 3144 
f 4332 3137 4214 
f 263 222 6213 
f 8274 5913 3143 
f 1775 9224 10369 
f 113 9146 66 
f 7047 5655 7791 
f 10663 1271 2543 
f 8842 7010 3147 
f 4345 9828 3006 
f 1383 828 1247 
f 4209 2883 5409 
f 5882 441 35 
f 218 9478 1658 
f 9953 2869 3157 
f 5207 771 8069 
f 151 48 116 
f 8211 6117 297 
f 147 204 3694 
f 229 9898 230 
f 6511 4581 6510 
f 8580 324 8999 
f 9021 8898 9896 
f 6020 2228 1785 
f 8044 10180 2457 
f 7541 10680 10319 
f 54 16 48 
f 1397 3013 2791 
f 8900 3779 3732 
f 1967 1631 2128 
f 1283 2801 2069 
f 5054 10659 5173 
f 7518 671 5909 
f 4651 5569 2391 
f 2051 5525 2001 
f 2413 3061 7359 
f 1658 9478 996 
f 7634 5395 10319 
f 6592 6585 2245 
f 4633 5566 10364 
f 3132 4904 10468 
f 6922 3019 2570 
f 2149 2868 2157 
f 398 8893 10558 
f 2598 9824 2587 
f 5242 1744 7098 
f 1700 3239 9940 
f 9355 10259 3722 
f 3536 352 718 
f 10671 584 3723 
f 2330 10694 2233 
f 7644 9077 6862 
f 1631 734 2126 
f 2600 1977 2274 
f 329 6283 9131 
f 2351 2631 3549 
f 5358 4598 8536 
f 1626 5843 1995 
f 4272 1541 374 
f 187 6143 252 
f 762 758 10622 
f 140 837 2385 
f 504 4166 1949 
f 7324 6937 6444 
f 6965 10192 2945 
f 6352 2434 8914 
f 9984 9923 10061 
f 9919 9917 9977 
f 6921 7221 761 
f 1547 4597 4353 
f 3011 2771 2961 
f 6375 2766 597 
f 6357 2575 464 
f 4350 3548 9296 
f 3339 3708 6230 
f 6610 2151 1811 
f 229 200 9021 
f 8438 1764 776 
f 6042 2009 3970 
f 9832 9583 6805 
f 10663 10597 1271 
f 9339 9296 1516 
f 4632 9764 5968 
f 368 5207 8069 
f 297 4308 872 
f 180 114 175 
f 9394 9645 5067 
f 5766 3660 5645 
f 3982 5611 10633 
f 2743 5638 256 
f 9138 202 9064 
f 208 88 151 
f 5729 1129 7553 
f 54 56 4049 
f 6375 2765 2766 
f 9408 8322 5281 
f 2245 1730 3926 
f 6264 1824 2355 
f 4899 4988 4040 
f 4565 6448 5171 
f 3755 9355 9781 
f 5994 7665 10707 
f 6739 10 1586 
f 9455 1150 1565 
f 78 4504 9827 
f 2560 9918 9144 
f 5461 5561 6499 
f 8833 8617 4372 
f 1031 1953 4728 
f 2573 2563 9426 
f 1589 615 845 
f 4580 10432 1750 
f 6564 9732 10529 
f 3589 3929 3945 
f 1905 1761 1367 
f 6053 8617 8833 
f 8190 3577 10559 
f 430 98 7142 
f 9592 10287 3809 
f 6477 8147 5766 
f 10326 3550 5018 
f 4566 6348 9121 
f 1161 4383 1141 
f 10569 10540 1271 
f 6514 1122 1011 
f 2525 2684 2527 
f 5332 5238 3744 
f 541 588 542 
f 44 45 43 
f 3125 8409 6944 
f 4439 7485 7274 
f 4905 4970 4901 
f 257 9200 5240 
f 8377 6960 5141 
f 2962 5727 6161 
f 2464 2206 2381 
f 104 242 1190 
f 10611 109 7988 
f 5 7047 5359 
f 2759 2943 566 
f 2936 7074 1717 
f 10691 5605 10693 
f 4310 3944 7028 
f 9548 9517 8981 
f 519 570 523 
f 180 204 147 
f 6690 2996 10718 
f 10541 10503 10569 
f 5683 10445 8309 
f 4041 2834 7886 
f 6942 6805 73 
f 10288 10208 10155 
f 229 230 9064 
f 555 346 557 
f 88 48 151 
f 2764 2765 2727 
f 88 54 48 
f 9626 6712 8630 
f 1487 446 10344 
f 2560 9144 1983 
f 4119 9523 325 
f 5129 1002 5219 
f 7023 6958 7094 
f 2124 2332 1464 
f 10243 7 2554 
f 2359 110 2360 
f 8872 8567 8683 
f 8835 8545 8885 
f 2561 2731 6476 
f 2001 9340 2051 
f 2978 2832 2941 
f 5119 3725 7250 
f 998 196 3019 
f 3144 7317 9815 
f 158 6040 191 
f 179 2446 4785 
f 6968 6966 7166 
f 6076 6737 2263 
f 7876 7781 7966 
f 9978 8033 3703 
f 2937 8448 5607 
f 8995 2260 3061 
f 1581 1738 1587 
f 10332 2350 7158 
f 108 1530 8101 
f 4952 5007 5066 
f 1543 3673 1526 
f 2187 8628 9370 
f 2286 6420 6011 
f 724 6350 346 
f 9638 634 8950 
f 10191 10136 10273 
f 5050 6465 6424 
f 1901 2946 1973 
f 1031 6056 610 
f 4059 9650 10028 
f 3112 7436 501 
f 2573 3358 9428 
f 4816 4659 4508 
f 542 448 541 
f 295 873 3765 
f 104 2400 242 
f 873 829 4144 
f 5421 2739 712 
f 8759 9449 8758 
f 8058 7872 8150 
f 2935 7074 10124 
f 8644 8909 8771 
f 3033 2742 6830 
f 143 197 7066 
f 2216 10172 10094 
f 7998 360 3306 
f 3999 10147 3440 
f 7470 9607 7387 
f 3765 301 3763 
f 5241 5389 6453 
f 9865 9387 3798 
f 9900 9964 9821 
f 7791 169 7047 
f 4596 4365 5368 
f 9397 9560 2666 
f 9293 7028 6915 
f 8629 8630 1105 
f 2627 1685 3718 
f 11 6117 9172 
f 115 87 38 
f 3700 8297 8036 
f 8971 296 254 
f 2449 8852 8205 
f 8079 6997 5819 
f 10359 366 9615 
f 7464 7465 7301 
f 2922 3047 2926 
f 7342 5399 6326 
f 92 10237 7967 
f 4996 6884 933 
f 8854 8893 8724 
f 8600 2074 6292 
f 8193 8003 8191 
f 4754 3008 5669 
f 44 43 489 
f 3008 4754 8749 
f 9819 963 9773 
f 59 10687 8699 
f 7359 2621 2256 
f 1100 5924 9456 
f 4150 811 8312 
f 87 47 4356 
f 870 3182 585 
f 7965 7963 8091 
f 6242 6678 7486 
f 1231 2636 1228 
f 6398 5375 6660 
f 243 435 652 
f 1388 10408 1479 
f 4187 8787 9288 
f 9124 8370 58 
f 6614 6594 8985 
f 1761 2244 9893 
f 7984 670 3173 
f 2430 2342 2671 
f 2920 2111 4930 
f 4712 3499 4718 
f 243 290 537 
f 9080 8349 2711 
f 4786 5298 2117 
f 10385 8319 7995 
f 1820 5076 4337 
f 10034 6293 8681 
f 2947 2880 2908 
f 6352 8914 2158 
f 498 2411 500 
f 9814 9959 9895 
f 345 2429 448 
f 8782 1848 589 
f 4309 863 9304 
f 6109 2213 3323 
f 10605 10666 10606 
f 7958 6472 1667 
f 403 8578 6214 
f 1760 4547 9770 
f 6208 1834 6464 
f 1154 7710 7510 
f 8537 7632 5571 
f 7294 709 6672 
f 7301 7208 7383 
f 9903 3751 2673 
f 9081 3005 9141 
f 10491 6589 1689 
f 10211 10395 10419 
f 6528 556 977 
f 10068 3778 4867 
f 8510 8511 4170 
f 6579 5025 10189 
f 1435 1503 1437 
f 8813 9797 4919 
f 8832 8830 8947 
f 1253 1216 1290 
f 2203 4683 9075 
f 10276 6139 6135 
f 4712 1300 10125 
f 3543 4070 9498 
f 9304 863 3927 
f 202 9095 180 
f 2512 650 711 
f 5505 6430 4411 
f 7129 1910 2093 
f 5882 35 77 
f 9615 88 208 
f 8827 8544 10696 
f 9927 1355 5428 
f 10319 7718 7541 
f 10679 7654 2036 
f 9894 7444 6147 
f 606 642 3394 
f 875 874 4149 
f 1691 6797 2062 
f 9702 3656 5350 
f 9095 202 9138 
f 4356 4670 87 
f 6142 9264 6680 
f 2396 90 2408 
f 2538 3835 5525 
f 7976 1815 914 
f 2500 1299 1297 
f 5010 10163 10251 
f 10107 8274 10287 
f 2334 2004 4807 
f 1108 1201 1997 
f 171 7807 2180 
f 420 2973 9305 
f 6574 9965 518 
f 9343 9341 5509 
f 4449 2500 296 
f 4930 10417 2920 
f 3173 4530 4057 
f 2636 1430 1596 
f 8977 5540 9081 
f 874 875 301 
f 9752 5849 9754 
f 10401 6821 4306 
f 2465 2471 1943 
f 264 3992 6529 
f 9499 10076 429 
f 8448 7635 10309 
f 9710 9670 9721 
f 3949 8611 288 
f 1611 6909 9115 
f 8673 8524 8722 
f 10458 1134 6022 
f 6986 3651 6988 
f 5469 9706 8733 
f 837 140 335 
f 3657 3656 9913 
f 191 1643 893 
f 4904 1101 3723 
f 2513 6641 4081 
f 6536 1014 4765 
f 396 6195 6661 
f 2455 2462 2269 
f 2203 4598 5358 
f 4236 1528 1915 
f 6212 6216 8256 
f 5518 8681 10650 
f 10034 7978 10044 
f 342 380 249 
f 91 57 2945 
f 445 345 380 
f 7858 9118 9933 
f 2227 7952 2225 
f 5430 5433 5147 
f 5549 10433 9904 
f 7568 7254 7415 
f 6115 7104 7195 
f 3005 5540 10399 
f 2241 9401 1160 
f 2709 10138 6567 
f 8995 6708 18 
f 798 2159 1240 
f 2380 8956 7443 
f 10546 10601 10665 
f 7304 5615 4108 
f 7186 8723 4196 
f 1058 2438 341 
f 604 3209 606 
f 8928 6795 10035 
f 5306 428 3586 
f 6510 4581 6452 
f 645 353 466 
f 245 6330 8439 
f 3189 1840 3126 
f 7791 167 1173 
f 3451 5057 5689 
f 10198 10349 9375 
f 6119 1494 1076 
f 3767 870 9204 
f 5790 362 1092 
f 4429 9371 10141 
f 147 116 115 
f 10359 205 361 
f 7791 1673 8079 
f 11 5882 82 
f 56 8292 17 
f 6094 1846 413 
f 3896 3897 3899 
f 1997 987 5232 
f 479 4581 3897 
f 10202 92 7967 
f 17 5987 9414 
f 720 5587 5914 
f 6230 653 6339 
f 1841 98 430 
f 10686 7220 2710 
f 4033 3935 4544 
f 1793 6776 540 
f 6863 632 2971 
f 3592 4686 7181 
f 6681 9291 6405 
f 2753 9927 5955 
f 5852 2319 5401 
f 2288 2290 8446 
f 8717 6376 9261 
f 10333 10256 1956 
f 2747 7010 4351 
f 516 928 1423 
f 10437 10438 4521 
f 4557 4466 4632 
f 10296 1516 6559 
f 6574 5790 9369 
f 968 362 5790 
f 4891 7319 7666 
f 9630 268 2316 
f 2708 733 1455 
f 237 9137 9843 
f 4467 4774 6815 
f 5688 5414 5276 
f 5593 1992 1731 
f 7270 6945 7273 
f 5740 4501 10449 
f 4402 2184 7284 
f 2621 3061 2260 
f 5712 10413 5086 
f 1699 1766 2057 
f 7299 7519 7414 
f 1081 5229 6353 
f 6736 4697 9963 
f 627 377 583 
f 7892 6629 7789 
f 10650 1898 5216 
f 4470 4075 4795 
f 6964 5815 9944 
f 345 183 249 
f 8359 7188 9292 
f 10664 8782 588 
f 4501 8413 1848 
f 2675 2627 347 
f 8219 8140 8134 
f 604 1556 9755 
f 3799 4194 3991 
f 3890 5621 3681 
f 4439 9270 7485 
f 1324 8118 138 
f 10627 9647 10566 
f 6996 6998 2110 
f 183 124 8789 
f 1775 2205 107 
f 2478 2509 4858 
f 172 165 5819 
f 8544 10168 10696 
f 6942 192 6805 
f 5099 2284 946 
f 2741 4368 5254 
f 8394 10706 7231 
f 9740 6657 6840 
f 5311 10437 4521 
f 9896 323 229 
f 347 4875 2675 
f 2551 683 3765 
f 9138 9064 230 
f 188 10369 9832 
f 8250 575 5107 
f 224 195 353 
f 2364 5146 2499 
f 1374 9161 9281 
f 3694 275 205 
f 10254 9972 719 
f 9731 1300 6595 
f 3394 9588 606 
f 362 1090 1092 
f 5554 1709 2904 
f 4912 1413 8312 
f 56 3640 4049 
f 2926 3004 9507 
f 4510 4326 1979 
f 4406 1251 7243 
f 9842 9695 9923 
f 3742 8167 4329 
f 1893 2247 2195 
f 8960 4930 7127 
f 607 511 500 
f 2888 9507 7730 
f 8284 478 2821 
f 4678 2597 8728 
f 6358 67 6285 
f 2559 2668 2458 
f 5683 2833 10445 
f 10067 9845 10066 
f 8065 7639 7460 
f 9217 3792 5391 
f 8072 7887 7977 
f 3732 3779 8275 
f 5598 10225 1359 
f 9608 1582 2253 
f 6226 6233 6790 
f 213 243 1034 
f 4035 1595 1184 
f 1042 851 4335 
f 3775 2282 22 
f 3588 4750 10631 
f 8015 9608 2253 
f 5518 3278 1481 
f 6751 2893 5977 
f 1480 1341 1373 
f 6269 6108 6398 
f 2879 4026 6310 
f 2294 9305 2054 
f 9619 2899 3787 
f 2070 1971 2066 
f 10010 9927 5428 
f 7653 9482 7800 
f 4274 9029 9178 
f 9920 1234 1142 
f 701 210 680 
f 10037 8095 9517 
f 9288 4975 4187 
f 9717 2276 4303 
f 7747 3714 5468 
f 6134 7726 3962 
f 1063 357 9898 
f 2192 7885 1849 
f 893 3324 2134 
f 8095 3296 461 
f 6455 5504 5351 
f 8573 220 64 
f 2565 6240 99 
f 882 8582 10563 
f 7595 7194 1442 
f 5734 153 2307 
f 3361 3200 3360 
f 7248 1632 10188 
f 6399 4625 7627 
f 10338 2625 2985 
f 10661 10676 10681 
f 10315 10179 349 
f 1125 789 5359 
f 197 266 9387 
f 4592 112 896 
f 167 8079 165 
f 3798 9387 266 
f 5002 331 366 
f 807 9298 4256 
f 9947 6861 9910 
f 5129 1568 1002 
f 200 174 173 
f 8510 4170 3853 
f 6292 2074 2168 
f 4064 7354 4485 
f 331 368 6712 
f 5170 2959 5213 
f 151 149 205 
f 5742 3507 7542 
f 7730 9507 3791 
f 1538 8842 3147 
f 17 3640 56 
f 8364 2520 4268 
f 43 45 4528 
f 8869 1105 8069 
f 9192 2436 1720 
f 1968 1320 3615 
f 3663 1238 2267 
f 1594 1813 3408 
f 618 2691 2559 
f 618 1520 2115 
f 9487 1158 2112 
f 4116 4105 9931 
f 5750 1070 5755 
f 4979 4977 992 
f 8028 2761 10633 
f 3582 2475 6011 
f 9573 9558 10239 
f 7315 7150 7229 
f 8518 7823 1065 
f 968 355 362 
f 9158 10218 4146 
f 8709 326 8755 
f 1108 590 1303 
f 9026 9123 2026 
f 10703 10665 5685 
f 8446 2616 2288 
f 6620 4822 9669 
f 6540 1424 2893 
f 9891 7197 6985 
f 5099 946 987 
f 7638 6467 2593 
f 4562 4800 4794 
f 325 9232 10625 
f 3964 1128 4390 
f 8947 9048 9159 
f 10515 1683 10446 
f 3784 1823 3608 
f 1962 1569 2119 
f 3644 4207 3827 
f 6585 4556 4559 
f 605 2632 6996 
f 7349 7461 3892 
f 605 2110 9309 
f 2540 9489 2041 
f 8867 2271 921 
f 5685 10665 10702 
f 5177 6308 6355 
f 4694 4397 4398 
f 1331 2280 8167 
f 2497 7164 374 
f 6481 6659 10348 
f 834 9017 10591 
f 9717 6143 2276 
f 589 542 8782 
f 10532 4501 1848 
f 4886 934 7452 
f 4328 2793 706 
f 5856 10436 7553 
f 5042 4421 10339 
f 9159 9048 9098 
f 7573 5144 6443 
f 10561 770 10621 
f 9112 9103 9216 
f 3465 294 2039 
f 8337 185 3600 
f 7742 4604 3162 
f 185 10188 10678 
f 3138 3302 3303 
f 9640 2990 824 
f 6491 5991 6534 
f 9161 8941 8952 
f 601 70 73 
f 5896 4588 7058 
f 7856 10692 2018 
f 1632 7248 6213 
f 7077 7076 7214 
f 9896 8898 161 
f 1619 1491 820 
f 7167 789 1125 
f 8079 1673 6997 
f 525 616 572 
f 9898 357 230 
f 5359 169 1125 
f 9003 9067 1804 
f 2444 3408 6845 
f 8950 8282 9638 
f 1806 1017 1850 
f 1338 685 1370 
f 1286 531 5376 
f 7342 8869 7123 
f 6712 9626 331 
f 10618 3837 1655 
f 2888 2852 2924 
f 2179 4088 10457 
f 4259 4405 3756 
f 1523 1909 1912 
f 5780 2910 6017 
f 1105 8869 8629 
f 7334 7344 6556 
f 1083 9891 7351 
f 2508 2128 2210 
f 2740 1922 6301 
f 1756 5634 9309 
f 6570 6624 8315 
f 1591 2041 1755 
f 6161 6183 2962 
f 2514 10668 5023 
f 10227 2505 9554 
f 9239 8904 9024 
f 2402 2278 1816 
f 8305 9934 2552 
f 1616 1788 2359 
f 8752 8686 8537 
f 683 586 3765 
f 8453 6832 4010 
f 3866 4595 2685 
f 3842 9525 302 
f 1866 10071 1761 
f 121 808 8768 
f 5172 5345 1002 
f 2356 1934 4924 
f 5375 6540 6854 
f 2253 213 8015 
f 6959 1294 7070 
f 8784 7054 8716 
f 5977 211 120 
f 784 376 2804 
f 7315 7229 8142 
f 4318 1202 6597 
f 6522 1034 6082 
f 85 3976 2491 
f 4642 493 8864 
f 99 364 10634 
f 5909 594 632 
f 4026 2879 9060 
f 5409 2883 2998 
f 5033 8034 8125 
f 1842 2830 8433 
f 4822 3771 4926 
f 7557 8707 1363 
f 8882 7269 9928 
f 6931 8190 702 
f 9851 2814 5122 
f 3456 8400 3313 
f 593 1346 496 
f 345 249 380 
f 1791 1795 1707 
f 3497 5559 9158 
f 4917 10496 10494 
f 2831 5640 4321 
f 8402 8316 8056 
f 7074 2935 1717 
f 2028 10698 439 
f 215 10552 2397 
f 1859 10375 8019 
f 5303 4121 8486 
f 8571 9665 9641 
f 7735 1835 1836 
f 5232 1383 950 
f 69 2050 195 
f 8099 2514 5023 
f 9591 2100 308 
f 6909 351 9115 
f 8236 8347 8553 
f 1921 463 263 
f 572 10558 8250 
f 1823 2984 1188 
f 10359 9615 208 
f 4734 2833 5683 
f 161 9865 322 
f 358 271 357 
f 10575 10546 10605 
f 419 412 519 
f 9898 323 1063 
f 1778 714 724 
f 771 8104 7123 
f 7129 1510 10394 
f 6300 10033 2348 
f 3664 2805 8849 
f 10097 5399 7566 
f 7393 615 1589 
f 1161 2258 7416 
f 7730 3791 6043 
f 146 5882 145 
f 4325 9772 10224 
f 8562 5596 6667 
f 732 1122 4771 
f 10680 2061 8062 
f 10518 5734 259 
f 8123 3676 10469 
f 1177 4772 8693 
f 6216 6486 6599 
f 1266 1097 924 
f 2242 1319 2243 
f 7719 6554 3594 
f 3629 6181 8541 
f 488 6374 10060 
f 6820 2549 8706 
f 1790 2526 1635 
f 7376 7145 7579 
f 3998 3078 5331 
f 6148 527 2003 
f 6683 8467 4536 
f 3327 8822 552 
f 2602 7137 5499 
f 5375 6398 6107 
f 7273 6945 1502 
f 3235 5029 3236 
f 9608 1502 1582 
f 5680 537 290 
f 8473 932 2572 
f 7908 7715 7997 
f 739 738 859 
f 7721 7732 2904 
f 5091 2243 1853 
f 6427 4299 4891 
f 1853 6545 4954 
f 120 156 4471 
f 250 5232 987 
f 6888 3391 7850 
f 1386 1352 1412 
f 4570 4744 4014 
f 6212 8256 5654 
f 8624 7929 8625 
f 187 8573 6143 
f 10382 3834 10381 
f 6037 388 5963 
f 674 8578 403 
f 7627 7298 6399 
f 2799 2921 2848 
f 2200 1729 1900 
f 6208 5899 1834 
f 9794 1727 1574 
f 448 495 345 
f 785 784 2802 
f 7977 7883 8068 
f 6895 2010 1847 
f 262 1346 544 
f 6446 422 778 
f 6589 1281 6591 
f 6440 6936 3495 
f 5462 10368 4016 
f 7262 6886 9643 
f 262 496 1346 
f 3024 3416 1857 
f 5101 4464 4551 
f 10665 10636 10702 
f 5406 2965 5495 
f 8130 3524 8278 
f 4589 7034 6967 
f 1201 1108 1188 
f 7232 3665 7928 
f 6301 1922 2214 
f 7988 4755 1632 
f 3144 9815 10548 
f 6495 10600 3617 
f 853 104 10678 
f 2097 782 780 
f 6965 9802 9801 
f 7862 2080 234 
f 805 5120 10119 
f 1876 5628 832 
f 4922 436 1376 
f 5530 4522 1660 
f 1807 5469 8733 
f 1564 707 9348 
f 451 9505 1408 
f 9719 9745 9759 
f 1177 8693 1070 
f 5594 3843 4915 
f 273 9095 9138 
f 9796 7822 9771 
f 5207 368 5002 
f 163 10123 316 
f 2358 3516 4885 
f 771 5207 6341 
f 1301 10491 5255 
f 8527 8529 8528 
f 7123 8104 7342 
f 20 9045 9053 
f 1472 1607 1548 
f 2571 2619 3105 
f 2381 2204 2458 
f 6824 761 5665 
f 3023 4448 1152 
f 10362 1163 8453 
f 6789 4084 4036 
f 1732 843 2065 
f 3631 4227 482 
f 285 1851 996 
f 4818 6520 898 
f 7382 7266 7258 
f 1367 5472 2606 
f 10195 10196 9964 
f 4595 6012 9396 
f 6959 6751 4471 
f 8006 526 7873 
f 156 212 2253 
f 6353 9916 9445 
f 1955 8853 7216 
f 7159 6959 7070 
f 120 6751 5977 
f 1034 652 6082 
f 936 6522 1134 
f 7870 10073 3236 
f 10657 10566 10591 
f 4305 4455 4787 
f 4846 8196 10125 
f 695 627 741 
f 4374 2228 5474 
f 5373 10689 10708 
f 5700 9877 9809 
f 2687 152 5029 
f 10313 10317 10238 
f 10396 504 2105 
f 10246 10015 10088 
f 345 495 255 
f 262 64 220 
f 5619 4765 2392 
f 2364 3186 5146 
f 8793 8672 8720 
f 6488 244 4592 
f 8697 2380 1864 
f 882 768 8582 
f 4875 10301 158 
f 7181 4063 5642 
f 950 8139 7955 
f 2127 960 6411 
f 8633 9596 1271 
f 6171 10066 10065 
f 9042 1932 3117 
f 7728 1560 2892 
f 888 8304 1950 
f 5753 5861 5807 
f 8560 9932 8563 
f 7736 3603 10592 
f 8083 9809 9878 
f 9293 10309 7635 
f 10700 5661 8451 
f 3324 893 1323 
f 192 6942 5359 
f 2932 2209 7968 
f 3125 2087 5196 
f 2504 6620 9669 
f 3744 769 170 
f 10283 655 727 
f 3408 2444 1594 
f 3744 170 441 
f 575 621 4855 
f 2436 2915 9520 
f 4000 8250 5107 
f 2024 2073 4109 
f 4000 572 8250 
f 7848 4283 3573 
f 9050 7667 9223 
f 419 357 1063 
f 2245 2191 1730 
f 6839 7763 6607 
f 366 10359 361 
f 519 358 419 
f 361 205 275 
f 6784 1749 10432 
f 2159 1072 851 
f 10479 8516 647 
f 616 5599 398 
f 549 603 9490 
f 7444 1176 6147 
f 3302 5511 5478 
f 6689 5040 1536 
f 5460 5478 5480 
f 10343 176 6069 
f 10460 10263 6267 
f 4457 2015 4938 
f 1992 5593 126 
f 1085 5902 6593 
f 6880 5990 6818 
f 10505 10504 10541 
f 10085 2051 10197 
f 1394 126 2375 
f 2349 3836 4370 
f 2084 452 3821 
f 348 1543 1526 
f 30 9830 7194 
f 2513 4081 1902 
f 2972 2897 7472 
f 3153 3054 3100 
f 1060 377 435 
f 4296 3941 1527 
f 2971 2658 6863 
f 9461 878 876 
f 7277 7389 7390 
f 6818 2818 6880 
f 5059 3274 1774 
f 7574 9731 8469 
f 3555 7574 8469 
f 726 2067 6736 
f 8606 1486 6357 
f 10296 3555 8469 
f 213 290 243 
f 6348 2014 3891 
f 9827 1816 2278 
f 7138 7144 7078 
f 10436 7231 7553 
f 5135 4826 4985 
f 7234 3957 2103 
f 1168 1167 8849 
f 2490 1543 348 
f 444 2711 2429 
f 345 255 187 
f 885 743 4934 
f 5130 320 407 
f 1236 4609 4578 
f 3309 1478 1960 
f 965 1094 1018 
f 2988 3324 1685 
f 1331 1332 178 
f 7485 9270 3600 
f 2838 4614 3922 
f 26 885 4646 
f 2595 9461 876 
f 8634 9628 9647 
f 8692 2129 2814 
f 3147 4483 1538 
f 10058 866 10000 
f 2497 7074 2936 
f 195 222 466 
f 3296 10037 9679 
f 10058 10000 10140 
f 3976 85 1921 
f 6397 6466 1871 
f 609 6977 10119 
f 8579 5865 8890 
f 263 3976 1921 
f 10621 10588 10672 
f 7663 5475 7492 
f 7066 1673 5655 
f 575 7278 5107 
f 9176 4305 423 
f 8416 224 266 
f 441 5332 3744 
f 10000 9999 10056 
f 273 271 361 
f 8529 8399 8528 
f 175 174 202 
f 9929 1165 841 
f 273 9138 271 
f 1592 2973 278 
f 6875 4770 5860 
f 398 5599 8724 
f 4786 10381 9741 
f 6341 5207 576 
f 2888 2803 2852 
f 8629 5395 8630 
f 10273 7879 4777 
f 3130 3206 3133 
f 413 6297 6094 
f 9754 5849 6300 
f 9340 9243 2051 
f 4732 3292 3293 
f 6155 6067 9179 
f 9981 813 2260 
f 6634 6838 6735 
f 10624 7175 1931 
f 9072 9071 3392 
f 2038 8518 3693 
f 7466 1912 1881 
f 898 1065 4818 
f 1188 1303 2444 
f 6196 6388 6433 
f 370 7657 1321 
f 4906 7529 7625 
f 3159 2149 1009 
f 6897 6898 3231 
f 6404 6113 6551 
f 1034 6522 8015 
f 5407 622 5679 
f 6319 5446 7455 
f 1502 6945 1294 
f 306 3022 7339 
f 56 54 89 
f 212 290 213 
f 6215 8939 8713 
f 3285 1941 527 
f 2512 2390 1513 
f 937 2208 2687 
f 3236 5721 6022 
f 954 1043 955 
f 743 1782 4934 
f 8870 4531 8699 
f 5008 2872 10501 
f 7801 7589 7696 
f 42 7513 3567 
f 5116 6796 10689 
f 2111 595 8254 
f 9126 6218 5937 
f 918 7374 5906 
f 1605 1572 1607 
f 8658 10449 10532 
f 1470 10146 269 
f 10395 10211 7473 
f 10253 6437 1263 
f 1755 1470 1591 
f 594 671 598 
f 5112 9804 9776 
f 9346 1268 8979 
f 5218 4736 5590 
f 7632 6952 217 
f 1289 10353 1358 
f 7268 6446 8554 
f 9676 2537 2374 
f 1523 3717 1909 
f 262 598 1921 
f 1914 1755 2044 
f 2548 9157 1623 
f 6154 638 5936 
f 1181 10485 758 
f 4146 7402 9158 
f 598 463 1921 
f 444 9566 2711 
f 160 8898 6997 
f 7198 6992 7295 
f 9387 160 7066 
f 10446 10065 10294 
f 3144 3145 10012 
f 7263 6041 760 
f 4216 4068 8008 
f 194 335 1256 
f 69 66 2050 
f 9584 9567 9623 
f 6647 9858 9807 
f 1867 456 1561 
f 7066 6997 1673 
f 6980 5736 5735 
f 245 8401 570 
f 9883 5998 9881 
f 8898 9021 5819 
f 524 616 525 
f 802 801 4955 
f 9067 8963 5357 
f 525 358 524 
f 9958 9957 10106 
f 569 412 3798 
f 7928 8542 7232 
f 9636 3158 2131 
f 6906 9754 3814 
f 613 8666 1589 
f 8724 8673 8722 
f 888 737 8304 
f 204 180 9095 
f 4874 9068 3876 
f 7666 10190 7417 
f 480 9083 816 
f 4681 4683 2203 
f 2824 1677 305 
f 2127 9794 960 
f 198 221 7331 
f 470 2079 3424 
f 1583 2700 50 
f 127 126 338 
f 2017 4038 1138 
f 3122 7065 5010 
f 8525 1990 5415 
f 6846 747 6943 
f 4618 2912 3940 
f 9083 480 6989 
f 2225 2161 9265 
f 10197 6880 2818 
f 8551 7447 8657 
f 48 47 116 
f 692 775 4038 
f 2360 110 1622 
f 10006 561 337 
f 6169 8342 9724 
f 8325 5814 8650 
f 4374 4740 4694 
f 432 933 1144 
f 9002 7329 8117 
f 10609 8887 7827 
f 7277 7155 7389 
f 590 1108 7955 
f 1429 7242 10415 
f 34 3204 7401 
f 5795 10025 2457 
f 1056 5485 4091 
f 1160 7865 7517 
f 9902 6753 7201 
f 8675 10713 8463 
f 2769 2732 2040 
f 5161 5313 5208 
f 1919 8057 8059 
f 10073 5721 3236 
f 8555 6982 152 
f 10622 10672 762 
f 563 2626 2521 
f 5300 5710 5850 
f 277 1124 732 
f 4389 6850 2538 
f 10597 10569 1271 
f 7666 9533 4891 
f 10476 6374 8133 
f 8609 3788 8621 
f 9230 10593 7586 
f 3839 2806 5642 
f 494 3695 130 
f 2200 1900 2367 
f 8933 5160 4631 
f 6845 1188 2444 
f 10644 10004 9574 
f 3861 8987 528 
f 541 2711 8349 
f 5740 2697 2142 
f 6912 1584 1735 
f 9488 9942 10635 
f 8359 9294 9466 
f 495 448 542 
f 8703 8701 8945 
f 4424 4870 4871 
f 2892 3837 10114 
f 1096 1018 1094 
f 6189 2949 10280 
f 3538 7636 5919 
f 8879 8772 8825 
f 5740 2468 4501 
f 10130 2612 855 
f 10231 3360 3200 
f 10495 788 10563 
f 4481 6423 2555 
f 5319 5486 7642 
f 7296 10377 7200 
f 1738 1581 6912 
f 2668 2381 2458 
f 10331 6226 4894 
f 6096 10443 10392 
f 2614 5076 3512 
f 9023 8764 8762 
f 10316 10394 1510 
f 10285 6767 3434 
f 1632 4755 10188 
f 9640 10708 10689 
f 1063 323 322 
f 3010 1218 6340 
f 8559 8050 7026 
f 3123 3333 7920 
f 1804 6341 9003 
f 114 180 147 
f 366 576 5002 
f 6290 4334 2745 
f 4855 9004 9003 
f 5 73 102 
f 4710 4273 5878 
f 772 1996 1994 
f 6742 1964 1406 
f 8776 10401 4307 
f 4856 8268 6754 
f 5864 5807 5861 
f 2000 1999 1394 
f 2483 228 1448 
f 10693 5605 1170 
f 10025 5795 9687 
f 9692 9670 9710 
f 4038 79 55 
f 6016 5507 67 
f 1383 250 828 
f 9483 9321 9481 
f 5123 755 622 
f 652 1034 243 
f 9190 9147 9237 
f 4144 4148 873 
f 3425 3611 3612 
f 10524 428 5306 
f 7070 7277 7159 
f 1589 670 6508 
f 3132 2205 9445 
f 8638 7847 8346 
f 6959 6755 6751 
f 9510 5358 8536 
f 4198 39 5684 
f 1146 512 607 
f 6884 4996 6900 
f 7158 1985 521 
f 6473 2979 8622 
f 6591 1281 33 
f 7071 7128 7069 
f 400 7146 1580 
f 2110 503 9309 
f 768 704 7518 
f 1006 4476 1843 
f 8569 9134 6198 
f 2317 2156 2382 
f 2600 9428 127 
f 8298 8439 6249 
f 2619 1917 1920 
f 7690 2222 6797 
f 5462 2811 5308 
f 1852 8917 5270 
f 5638 4209 8382 
f 10396 3957 9593 
f 10563 8582 10495 
f 10211 6214 7760 
f 7234 1234 9920 
f 9080 1142 8349 
f 3642 3680 3679 
f 714 839 1323 
f 1096 1094 1133 
f 5061 5492 1468 
f 10249 9566 444 
f 5867 6200 1834 
f 4767 4812 5157 
f 7185 3122 5722 
f 2272 1093 6875 
f 2607 737 888 
f 7960 7869 7958 
f 1405 1345 1380 
f 4824 3380 4899 
f 10114 3837 3306 
f 4831 4526 4791 
f 7059 8130 9397 
f 2628 1718 7970 
f 1439 679 1398 
f 303 6899 8576 
f 10718 2652 8214 
f 10697 3176 10699 
f 2834 4041 1089 
f 8039 5177 2943 
f 786 645 7548 
f 412 570 519 
f 675 4834 7773 
f 8489 7721 1709 
f 5956 5911 5910 
f 10669 8575 10361 
f 3654 256 8382 
f 8964 9004 4855 
f 285 1332 8983 
f 6648 6313 233 
f 298 7369 9639 
f 4983 4663 4662 
f 5532 4931 4709 
f 7566 5357 10097 
f 9307 9786 9723 
f 621 8250 10558 
f 3162 2608 1278 
f 361 231 273 
f 1266 9334 7762 
f 2552 9934 1866 
f 9803 6562 6775 
f 6411 4762 5251 
f 1371 2441 2676 
f 1574 1735 1584 
f 4095 2577 9617 
f 1686 7739 1763 
f 485 4936 5662 
f 46 45 8342 
f 2562 2949 5128 
f 1290 1216 1213 
f 8516 9009 647 
f 4090 8822 3327 
f 1061 2628 7970 
f 1314 6265 6209 
f 10085 10233 8525 
f 5853 6877 8479 
f 4881 4848 4880 
f 1737 7644 5491 
f 10096 4562 3207 
f 2446 6641 2513 
f 4438 2292 1280 
f 10018 7404 10154 
f 5127 4981 4660 
f 212 213 2253 
f 5686 5273 3733 
f 9344 609 10119 
f 344 1237 1456 
f 754 850 755 
f 4319 10608 6740 
f 251 8595 10454 
f 526 1539 2241 
f 10141 2163 299 
f 2253 1582 156 
f 4337 582 5760 
f 241 211 5977 
f 4429 299 3909 
f 10383 7870 6982 
f 6103 7996 10236 
f 8867 921 889 
f 10073 6559 7824 
f 7870 5029 152 
f 847 2000 1394 
f 691 739 814 
f 537 663 1060 
f 6082 652 2237 
f 9038 9299 2141 
f 6226 6790 9372 
f 1529 4080 7796 
f 8586 4162 8740 
f 9290 9460 7933 
f 862 859 948 
f 9101 9051 9162 
f 3786 1164 4094 
f 9971 8504 8624 
f 10546 10421 10509 
f 10289 4279 4849 
f 8349 1142 10664 
f 10532 10664 8658 
f 2930 2929 3014 
f 2833 867 10445 
f 1711 5336 1337 
f 2879 3935 6479 
f 7153 4366 7152 
f 9759 9735 9719 
f 7556 2261 3050 
f 9945 8647 9875 
f 2520 4276 4268 
f 518 9965 1651 
f 541 448 2429 
f 3122 7185 7065 
f 3278 5518 10650 
f 4162 8612 8687 
f 7728 2892 10116 
f 7920 2072 10050 
f 1762 2658 2972 
f 8601 8970 4042 
f 9137 6385 1408 
f 10114 360 10167 
f 10167 10116 10114 
f 9876 8647 9950 
f 228 226 3578 
f 10167 360 10255 
f 8851 8793 8892 
f 10275 10145 10143 
f 9874 3786 10266 
f 1250 8848 1465 
f 466 463 645 
f 3322 4589 7101 
f 10333 1956 10255 
f 9856 10008 9786 
f 943 4511 4168 
f 2161 9685 9265 
f 3798 353 645 
f 742 8848 8849 
f 3798 322 9865 
f 7704 6684 8962 
f 7298 3459 8077 
f 4067 3530 6124 
f 1683 3849 5183 
f 8011 7845 7941 
f 10712 7596 5748 
f 2206 2119 2381 
f 4250 4304 1608 
f 4804 4597 4709 
f 4273 4710 6136 
f 2220 4175 976 
f 2121 790 3714 
f 7513 8811 7442 
f 576 5107 7278 
f 3045 1666 795 
f 3249 2870 8050 
f 361 271 358 
f 3694 149 147 
f 5357 8962 10097 
f 4775 8221 4509 
f 8527 5599 614 
f 1863 3252 3253 
f 576 7278 6341 
f 10581 4339 1705 
f 9893 2244 1079 
f 3488 3494 5776 
f 5259 5673 1678 
f 772 126 1394 
f 1028 2531 6745 
f 2901 7357 3315 
f 1915 2606 2471 
f 6473 8615 9229 
f 8536 4598 2004 
f 10052 10330 10135 
f 4477 5684 39 
f 1051 6748 1131 
f 1141 9330 1161 
f 333 10180 9999 
f 5135 4668 4826 
f 2362 2032 7947 
f 2237 2250 6082 
f 2562 848 2530 
f 4307 10401 9257 
f 6847 1563 1567 
f 735 622 755 
f 156 120 211 
f 6908 1829 4909 
f 2375 847 1394 
f 10556 4403 6333 
f 10377 6399 7297 
f 6935 97 9416 
f 1643 191 3920 
f 6595 10046 9731 
f 1637 1315 1277 
f 241 5820 287 
f 10649 6652 4042 
f 2304 9028 5697 
f 2952 5128 6189 
f 8993 8970 10146 
f 6559 10383 10296 
f 2443 5341 2199 
f 748 767 698 
f 7462 9583 7854 
f 7753 10552 10677 
f 2844 6669 2841 
f 1917 2619 2571 
f 2125 1962 2207 
f 1641 1571 4027 
f 4083 3757 2532 
f 6593 7211 1085 
f 9082 6917 3212 
f 9481 9424 9605 
f 8658 10664 7027 
f 4720 4445 5151 
f 7124 4180 7823 
f 9546 158 10301 
f 2142 10395 7473 
f 544 594 262 
f 3908 240 10669 
f 8209 8128 5105 
f 2443 4698 7641 
f 3035 2947 2907 
f 1268 577 8979 
f 4508 754 755 
f 6363 9681 4564 
f 7142 9296 3579 
f 2085 1010 610 
f 2095 277 732 
f 1137 1057 1096 
f 10331 7259 6512 
f 1204 6363 9498 
f 7070 1294 6945 
f 10063 10145 2161 
f 7742 892 8188 
f 8242 6377 6151 
f 10702 3214 8827 
f 7548 1162 10667 
f 4734 337 2833 
f 9711 7445 5254 
f 5941 6035 5963 
f 3210 8078 9222 
f 7492 6390 10603 
f 4937 484 7186 
f 7220 2045 2710 
f 9356 8248 8923 
f 7302 7352 564 
f 5727 7924 10511 
f 8399 8524 8528 
f 10251 10163 1129 
f 619 6931 10448 
f 2747 8358 9210 
f 2857 2742 1721 
f 7778 8714 5991 
f 5125 7590 7494 
f 483 9846 5783 
f 591 495 589 
f 8500 1318 9812 
f 2078 9655 8364 
f 2683 9625 7015 
f 987 946 250 
f 10072 10150 9956 
f 7732 7730 6043 
f 9212 2490 1646 
f 2605 5527 235 
f 9769 9697 9842 
f 4481 9427 2139 
f 337 3155 2833 
f 10042 9880 6734 
f 1928 2049 1163 
f 5819 9021 172 
f 7737 6013 2368 
f 2062 6797 5923 
f 5798 2611 6457 
f 9475 5901 9614 
f 5705 5846 5433 
f 3188 2333 5990 
f 9905 477 2480 
f 553 7309 2555 
f 10020 7681 9576 
f 1671 8046 1681 
f 426 2302 2305 
f 836 4499 10615 
f 2649 5115 2762 
f 3876 9056 7000 
f 780 841 9303 
f 9738 9692 9710 
f 5827 5984 5688 
f 6035 6070 6037 
f 9470 3539 4944 
f 967 1090 362 
f 405 4504 78 
f 6563 4621 1820 
f 2217 8957 8486 
f 856 1033 947 
f 10383 10073 7870 
f 5820 433 2645 
f 9679 10037 10038 
f 9843 8605 5682 
f 4257 1573 4003 
f 583 377 1060 
f 6082 2250 1134 
f 7291 6670 7172 
f 712 2739 7384 
f 2611 5798 3476 
f 1192 1307 1193 
f 5788 5787 921 
f 8196 4846 749 
f 262 9270 4439 
f 167 77 35 
f 3953 568 566 
f 604 606 9588 
f 6222 6253 6254 
f 10637 3458 4792 
f 2200 2201 1729 
f 2246 98 1841 
f 7109 333 9999 
f 10041 2638 7371 
f 1678 9686 2322 
f 7680 559 7833 
f 1398 1437 1439 
f 10271 9988 10175 
f 6365 7332 1877 
f 706 2793 707 
f 8582 7518 10335 
f 6080 5765 6188 
f 971 598 704 
f 2523 7947 2352 
f 2523 2858 2362 
f 9822 9678 9821 
f 676 1458 2109 
f 2252 1205 8193 
f 9334 924 3786 
f 762 395 3676 
f 9490 8668 9432 
f 2679 6174 5917 
f 1386 1310 1352 
f 245 570 412 
f 976 1680 8704 
f 2406 1927 328 
f 10378 6399 10377 
f 9983 7136 1575 
f 3249 641 6330 
f 4656 4184 4629 
f 6205 4678 8728 
f 9676 2041 1591 
f 2959 6387 7302 
f 1756 8750 209 
f 9787 7326 417 
f 2191 4559 4558 
f 2456 2115 2373 
f 2366 2797 973 
f 2334 5669 753 
f 4758 2563 2616 
f 2234 8649 4747 
f 10071 9934 2145 
f 7565 5155 5928 
f 3358 2065 843 
f 4650 10570 9118 
f 8516 6720 10149 
f 6651 6850 4389 
f 38 87 11 
f 2867 2290 1917 
f 9324 8003 7913 
f 9792 10015 9867 
f 6040 3920 191 
f 3665 2749 3432 
f 9785 2039 1285 
f 1582 1294 4471 
f 1060 663 583 
f 1033 1140 1000 
f 3369 6541 261 
f 5141 8133 8377 
f 290 287 5680 
f 8930 4463 307 
f 741 627 691 
f 1134 10458 936 
f 1134 2250 6022 
f 1559 8227 4553 
f 1994 8754 8395 
f 6522 6082 1134 
f 3454 1892 936 
f 3910 3519 9848 
f 3479 6334 7262 
f 1069 1004 1037 
f 8606 464 9998 
f 4635 10625 9232 
f 6517 3499 8196 
f 8523 3432 879 
f 953 695 765 
f 586 8304 8139 
f 10458 3454 936 
f 6129 6093 6156 
f 5480 5442 5460 
f 5398 6688 5331 
f 2246 1897 98 
f 9216 9103 3789 
f 2900 1088 4811 
f 10579 3296 10612 
f 4956 7057 5768 
f 181 8062 9615 
f 2485 40 4528 
f 3287 7846 9060 
f 7248 10188 185 
f 10231 5131 5085 
f 3547 3102 2034 
f 2456 2373 2691 
f 362 355 970 
f 5022 9932 5496 
f 4813 6198 9998 
f 9281 8952 10123 
f 262 220 255 
f 9574 7952 6338 
f 7456 602 7615 
f 7250 4186 563 
f 704 671 7518 
f 704 598 671 
f 9908 5867 7880 
f 10289 1061 6488 
f 5442 5418 5460 
f 7093 7018 7089 
f 1206 1252 1137 
f 8978 9085 8982 
f 2302 1231 2305 
f 1298 5373 10708 
f 5006 473 9946 
f 3784 1822 1823 
f 6262 10408 8258 
f 3499 4712 8196 
f 10076 8700 429 
f 1433 1420 1844 
f 4294 3670 9013 
f 4244 8449 6391 
f 1095 4565 878 
f 7548 10667 2680 
f 5783 291 483 
f 7815 9725 1719 
f 3450 5620 1698 
f 10667 10322 10439 
f 8736 679 9956 
f 795 794 911 
f 794 786 792 
f 4334 453 6699 
f 245 412 569 
f 6497 8789 2338 
f 8371 3266 3057 
f 731 930 979 
f 415 781 4229 
f 848 2535 2528 
f 2112 2373 9487 
f 1144 1713 432 
f 981 731 979 
f 2954 4087 9022 
f 3629 7239 1680 
f 5591 8883 8384 
f 2280 3890 3681 
f 9512 9041 637 
f 9709 637 304 
f 10026 731 981 
f 9150 9283 9242 
f 2352 7947 1894 
f 4838 4835 5343 
f 2768 2770 5364 
f 9021 200 172 
f 8784 8716 8127 
f 10026 10425 1824 
f 2467 7096 7024 
f 7244 9093 8425 
f 4829 4668 5137 
f 637 694 304 
f 8288 7743 8157 
f 2250 3235 6022 
f 1597 4949 9779 
f 4474 7108 6149 
f 3437 1197 3362 
f 8417 573 9808 
f 2858 2523 2856 
f 8912 1638 7642 
f 856 735 850 
f 859 738 858 
f 7660 5637 52 
f 1826 891 4042 
f 947 858 856 
f 8814 9030 7281 
f 7563 2740 7224 
f 10050 3518 3123 
f 763 907 815 
f 5123 5273 755 
f 1008 1195 1121 
f 782 6909 1611 
f 7579 7145 7375 
f 4968 7340 6917 
f 9561 9273 9570 
f 6175 8015 6522 
f 2987 8462 8343 
f 10436 2246 6438 
f 652 435 377 
f 8124 834 10397 
f 6067 1590 1518 
f 6987 1051 5768 
f 3248 8765 4261 
f 4609 4684 4647 
f 7142 9140 9296 
f 7231 6438 8394 
f 1774 3270 3942 
f 7013 7149 7150 
f 10676 10561 10622 
f 1251 1206 4415 
f 9783 6427 7209 
f 9598 2680 10439 
f 173 77 172 
f 9505 451 7331 
f 792 978 4371 
f 2651 3474 582 
f 4646 852 26 
f 10511 7924 7046 
f 773 2116 9741 
f 152 2208 8555 
f 9762 7121 1460 
f 2547 4410 6442 
f 5908 3978 9223 
f 5202 6688 5184 
f 1974 1138 4038 
f 1432 7284 2184 
f 8043 1752 2849 
f 9382 4688 10184 
f 4231 4768 6313 
f 5463 3374 6470 
f 4975 9288 8561 
f 8304 586 683 
f 2599 1475 2591 
f 9703 6132 7830 
f 3106 1933 897 
f 4352 4181 4517 
f 1225 9576 8552 
f 8757 9379 8747 
f 4510 4414 4326 
f 8610 9202 3984 
f 9921 1996 1999 
f 951 3308 7594 
f 4211 7603 6539 
f 9201 6440 3409 
f 4511 943 4508 
f 4869 389 8017 
f 10306 4942 2659 
f 290 212 287 
f 8326 7647 1058 
f 10137 10374 10373 
f 5133 9132 6946 
f 622 735 623 
f 4845 2614 3512 
f 1465 8848 742 
f 759 735 856 
f 2448 9683 372 
f 4073 3592 4525 
f 6982 8555 8 
f 10220 7407 9262 
f 2051 10085 5525 
f 1209 1577 1211 
f 733 1814 1455 
f 2685 9758 9217 
f 738 580 759 
f 8740 1170 5605 
f 9886 6440 8063 
f 6504 1087 6240 
f 4762 1696 313 
f 2249 375 749 
f 4675 5410 6552 
f 6542 2438 3792 
f 9147 9084 9187 
f 1258 9005 1402 
f 1629 1008 1043 
f 2961 2960 3054 
f 748 916 767 
f 763 814 862 
f 763 862 907 
f 10389 10105 10162 
f 8555 2211 3873 
f 8441 1129 5729 
f 1721 6168 805 
f 8010 7837 8073 
f 632 594 544 
f 7601 7511 4355 
f 602 10270 7523 
f 7462 6805 9583 
f 9570 9473 9567 
f 4945 4947 2829 
f 1731 2861 2818 
f 2224 7601 4355 
f 10525 10495 10455 
f 4451 9076 10625 
f 8887 2903 7134 
f 7200 7371 7296 
f 788 10495 10525 
f 902 10681 10676 
f 7728 7760 6214 
f 902 758 10485 
f 3302 5546 3303 
f 10676 758 902 
f 2372 2535 5844 
f 6863 1956 10256 
f 10714 824 2511 
f 1252 1206 1251 
f 1584 1581 1613 
f 1133 6543 4415 
f 1456 1840 344 
f 320 8938 407 
f 9639 7369 7210 
f 7856 2018 9593 
f 1879 1788 1790 
f 221 9606 2628 
f 1207 1252 1273 
f 7548 1137 4607 
f 629 6514 922 
f 523 358 519 
f 4032 81 3369 
f 795 1666 745 
f 1096 882 1018 
f 291 6525 9500 
f 8993 1826 8970 
f 4038 2017 692 
f 251 8856 3494 
f 3178 1620 1619 
f 1164 9874 10221 
f 1648 2739 989 
f 10029 6150 10028 
f 3620 3502 7252 
f 2901 3315 9903 
f 2016 5309 2319 
f 396 6661 10173 
f 7243 6543 81 
f 3512 8976 4845 
f 298 4803 4074 
f 9007 2948 5979 
f 9552 1891 3760 
f 20 1287 831 
f 2879 6479 9060 
f 9992 4018 6197 
f 9053 9045 6202 
f 8661 8790 8662 
f 10397 10497 10461 
f 1730 6426 4882 
f 1882 6781 2618 
f 2373 2112 2370 
f 2585 2219 2230 
f 6190 1353 4046 
f 2385 3310 140 
f 4882 3547 3549 
f 2582 9240 3674 
f 287 5820 5680 
f 10598 7222 823 
f 5722 5315 10588 
f 7639 8065 4010 
f 965 788 10661 
f 5407 5123 622 
f 7476 3238 3234 
f 641 6249 8439 
f 21 2117 6649 
f 212 211 287 
f 8524 8468 8596 
f 7515 52 5637 
f 5367 5531 697 
f 9190 9150 9085 
f 9221 2518 7295 
f 7715 7716 7620 
f 858 759 856 
f 1307 1306 1349 
f 663 738 739 
f 8404 6340 8217 
f 144 2507 2484 
f 9434 133 9998 
f 1584 1613 9983 
f 907 871 815 
f 10343 4942 10347 
f 817 871 2033 
f 10394 10516 7129 
f 1414 1459 1519 
f 6474 5151 10095 
f 2748 8935 3511 
f 9437 6447 7820 
f 9354 6494 2080 
f 638 531 1286 
f 8384 678 676 
f 7013 7150 7085 
f 6740 1153 6745 
f 8974 3608 9103 
f 9789 9736 9788 
f 7191 7287 7365 
f 9864 10088 10015 
f 9142 8009 1907 
f 7951 6054 8451 
f 6434 2617 3734 
f 976 9139 3967 
f 3404 900 2440 
f 7049 7147 7052 
f 3670 4294 9078 
f 5213 2959 6366 
f 4858 2280 178 
f 5022 4489 3297 
f 1234 7027 1142 
f 1133 4415 1096 
f 1057 971 1096 
f 3064 1207 1273 
f 7613 7708 7808 
f 9993 10132 1633 
f 1083 5042 5830 
f 5485 5354 10574 
f 911 5855 3045 
f 977 6159 6236 
f 8544 9531 10168 
f 4649 10102 2670 
f 2920 5353 3893 
f 3144 10012 1190 
f 2210 2507 2508 
f 4790 4139 5447 
f 4620 6586 6558 
f 8803 1818 9058 
f 1223 1513 2390 
f 127 1977 2600 
f 2270 2402 2866 
f 2000 2022 9921 
f 2279 4599 1908 
f 1374 9281 1874 
f 2771 2177 2961 
f 4203 3999 3807 
f 481 61 2610 
f 9761 7391 8440 
f 7098 1744 7646 
f 5371 1481 2784 
f 5179 6281 6282 
f 458 4329 4896 
f 9418 10150 7948 
f 2799 2722 2847 
f 7511 7362 7510 
f 9791 294 5586 
f 856 850 1030 
f 947 1033 1000 
f 709 2952 3257 
f 5051 550 2052 
f 2923 7246 8692 
f 947 1035 948 
f 948 858 947 
f 7974 7252 9620 
f 1232 6242 7486 
f 1037 1004 862 
f 7810 8389 8388 
f 2508 144 3599 
f 8203 3264 4599 
f 1110 1033 1030 
f 879 182 8523 
f 5696 3986 10017 
f 2207 2206 2464 
f 5787 2095 2366 
f 675 3961 4834 
f 1900 1726 2032 
f 583 691 627 
f 2569 10326 6831 
f 8349 588 541 
f 9134 9434 6198 
f 7539 5456 3291 
f 8567 8807 8683 
f 4745 8855 9857 
f 5175 3081 5194 
f 7200 7297 6827 
f 2949 280 10280 
f 1284 8997 33 
f 7287 7125 7286 
f 7786 7680 820 
f 1938 4144 4142 
f 7367 3194 7244 
f 10124 4938 2015 
f 269 1591 1470 
f 8458 8719 4873 
f 1809 2355 10425 
f 1755 1914 5900 
f 248 734 1967 
f 4120 3780 4189 
f 5253 10028 9650 
f 9653 9622 9670 
f 8966 6992 7198 
f 2491 9270 85 
f 10333 10459 10335 
f 1096 704 882 
f 9672 9671 9813 
f 8778 7239 656 
f 971 704 1096 
f 3962 1467 10573 
f 5428 5412 5311 
f 972 2069 1399 
f 9180 10516 10514 
f 4684 4574 4482 
f 4013 8843 182 
f 4406 868 1273 
f 7576 3912 7577 
f 9356 471 10439 
f 9598 978 792 
f 9410 10318 1370 
f 9183 2967 10310 
f 1337 2838 3922 
f 9068 9056 3876 
f 1613 5644 2258 
f 215 8791 10552 
f 7650 1746 1789 
f 7366 4868 4621 
f 6529 3992 1841 
f 1865 246 8607 
f 2457 10180 10135 
f 10227 9554 5841 
f 803 6152 1545 
f 2269 2462 2135 
f 2928 10267 3399 
f 2676 2343 2430 
f 871 817 815 
f 7676 3883 9047 
f 6317 7098 3508 
f 858 948 859 
f 10402 866 10058 
f 4045 4703 4046 
f 10306 3715 6483 
f 5327 2496 5170 
f 5155 8484 1931 
f 9063 10365 693 
f 1444 1401 10316 
f 10274 10196 10346 
f 9848 7524 3910 
f 3000 10170 9945 
f 9972 9310 7961 
f 1209 1211 1474 
f 10139 3752 2753 
f 1819 1140 1111 
f 4912 8312 2030 
f 937 695 2211 
f 937 2211 2208 
f 10101 8667 10149 
f 741 691 815 
f 9296 3548 1516 
f 1148 955 1043 
f 1629 910 1008 
f 5621 4534 10390 
f 4049 3640 29 
f 620 10113 1049 
f 3216 3425 3381 
f 2302 1168 1430 
f 9228 452 226 
f 1592 8697 2690 
f 1391 1315 1389 
f 907 862 1007 
f 2820 8239 1842 
f 1044 955 1148 
f 3984 3788 8610 
f 10326 10131 3550 
f 1284 1281 6589 
f 8752 8537 8685 
f 6393 2763 8828 
f 6699 9613 4334 
f 168 6040 5505 
f 2243 1319 8543 
f 827 955 1012 
f 6585 4559 2191 
f 7330 7772 6077 
f 4586 3888 3889 
f 10691 2454 10517 
f 10483 421 5516 
f 1316 1249 1277 
f 1018 882 965 
f 5909 632 10256 
f 8359 9466 9191 
f 7274 5091 1853 
f 1137 1252 1207 
f 10139 9011 3752 
f 10170 3000 14 
f 5237 8875 4705 
f 10377 2650 10378 
f 8506 1770 9256 
f 4371 911 792 
f 6404 6668 6276 
f 5744 471 8923 
f 1166 3410 499 
f 9571 9356 10322 
f 3703 8033 1464 
f 5173 2632 605 
f 1619 820 3178 
f 2281 10408 6262 
f 10044 4005 10042 
f 1684 318 5376 
f 4626 8709 8755 
f 1569 8750 4169 
f 6349 8381 5764 
f 2286 2273 2462 
f 5212 9981 15 
f 5494 5493 6091 
f 2504 7468 6620 
f 6898 3645 1235 
f 6722 3088 9089 
f 781 9544 4229 
f 7130 3191 2655 
f 7669 2187 3510 
f 405 6358 18 
f 4255 1464 2332 
f 5662 5626 1646 
f 10293 10092 10024 
f 1336 1111 1110 
f 3269 3060 3464 
f 2357 866 10402 
f 2942 5648 1157 
f 5675 5292 6092 
f 4024 3989 4076 
f 2022 9924 9921 
f 1033 856 1030 
f 10404 10261 10334 
f 3652 2998 819 
f 738 759 858 
f 663 580 738 
f 5805 1110 1030 
f 1370 10318 1401 
f 859 862 814 
f 1041 862 1004 
f 1450 1480 1483 
f 10477 10474 10543 
f 152 2687 2208 
f 953 2033 910 
f 5496 9932 8560 
f 3823 3772 3859 
f 205 149 3694 
f 1149 1044 1148 
f 7747 2532 3757 
f 1918 2068 2248 
f 4720 6474 4713 
f 1519 1457 1518 
f 9140 7142 98 
f 8394 1062 10612 
f 6748 6987 2023 
f 1404 5499 7137 
f 113 7854 10611 
f 2602 7190 7125 
f 1008 910 952 
f 1277 1044 1637 
f 7198 7296 7371 
f 2248 9994 10141 
f 10464 10244 10086 
f 5392 2174 10480 
f 9179 6067 456 
f 1181 762 3676 
f 2956 2848 2921 
f 10685 2549 4558 
f 2900 7176 1088 
f 7548 463 971 
f 3369 902 10485 
f 3303 4130 7487 
f 6067 6155 1590 
f 3840 3990 3841 
f 7548 971 1057 
f 111 7840 5367 
f 1841 6438 2246 
f 2202 6912 1735 
f 9799 9746 9759 
f 6525 4757 8248 
f 8877 8092 7861 
f 7460 4449 8065 
f 9719 1025 9745 
f 9991 8274 10107 
f 9616 3118 6467 
f 3442 3359 4387 
f 1935 10162 10037 
f 981 979 2125 
f 3641 3679 6814 
f 1204 4802 5998 
f 2126 981 2125 
f 169 769 1125 
f 5037 5324 4748 
f 6553 2578 10565 
f 1130 8208 4462 
f 5393 8869 4841 
f 7560 9194 3164 
f 8641 5773 5612 
f 9061 7560 3164 
f 5000 1475 2599 
f 2901 3604 2545 
f 8473 1482 3017 
f 8124 10266 3786 
f 2552 1905 1868 
f 4008 529 1087 
f 10250 7796 3456 
f 4255 2310 4096 
f 2623 9770 5914 
f 3309 1960 4505 
f 10151 785 4701 
f 7578 7491 7790 
f 8141 2396 10291 
f 3715 9688 6483 
f 4557 2277 10438 
f 3404 1976 1441 
f 2662 3734 6202 
f 1958 660 327 
f 9922 6552 514 
f 4075 4074 4322 
f 1303 590 1228 
f 7073 6003 6224 
f 9273 9129 9227 
f 9675 9627 9618 
f 1241 1242 1195 
f 2199 10400 3983 
f 4896 9012 10390 
f 1229 1140 1819 
f 7100 6780 6988 
f 627 2687 2237 
f 1265 1230 1305 
f 7932 8488 3982 
f 8751 883 8621 
f 3984 2136 3788 
f 3075 6207 7835 
f 3784 2027 903 
f 3896 9704 9651 
f 9833 1711 9767 
f 410 3205 1208 
f 698 10125 5886 
f 7753 8662 8790 
f 968 5790 6574 
f 7263 3699 6041 
f 4910 5038 4544 
f 1044 1045 1012 
f 8627 3466 8568 
f 1300 4712 6595 
f 7287 7126 7125 
f 7126 2602 7125 
f 7287 7286 7362 
f 597 5393 9911 
f 1008 1074 1117 
f 9480 2534 9547 
f 7204 459 10579 
f 1548 1550 1503 
f 8979 577 2023 
f 7297 8077 6827 
f 5499 7057 7190 
f 7040 7220 10686 
f 6468 6623 9232 
f 2619 1920 2618 
f 1745 1737 5491 
f 1530 108 5307 
f 7567 10618 1655 
f 81 8730 7243 
f 10569 10503 10540 
f 10681 1094 965 
f 9166 9975 6881 
f 1097 1266 552 
f 4607 1207 3064 
f 8808 8567 8872 
f 3529 3459 1309 
f 7762 9334 9331 
f 6815 4774 4193 
f 5388 8355 7776 
f 8206 8397 1570 
f 910 1629 953 
f 5315 10672 10588 
f 3269 3464 8746 
f 4716 10619 3970 
f 4852 3264 3285 
f 3159 2090 6760 
f 2701 3812 7274 
f 2207 2128 2126 
f 9627 9675 9730 
f 1974 51 8046 
f 5271 6900 4996 
f 9434 4496 133 
f 8568 8477 8540 
f 3535 3575 3576 
f 2831 4321 7562 
f 6830 3542 2287 
f 587 656 9502 
f 3799 3612 3796 
f 4496 4350 9008 
f 2179 10456 9582 
f 5672 5677 5260 
f 1905 2606 1528 
f 3664 1167 10137 
f 9125 123 2026 
f 5945 7910 1986 
f 1187 10463 5716 
f 6997 8898 5819 
f 8211 297 872 
f 6841 12 6020 
f 50 5601 1583 
f 5601 50 53 
f 5221 6324 857 
f 5129 5084 1568 
f 685 1227 7015 
f 663 739 583 
f 1588 1405 1483 
f 1030 943 3715 
f 687 1452 2229 
f 850 754 943 
f 1345 1265 1380 
f 1117 1074 1116 
f 9660 9629 9586 
f 2392 1949 4166 
f 10050 2072 1312 
f 905 5527 7600 
f 1637 1149 1389 
f 4274 9030 8975 
f 1389 1149 1275 
f 9424 9561 9562 
f 7487 3152 3525 
f 5631 9572 9577 
f 8017 7063 4869 
f 6044 3101 3153 
f 4865 1301 4810 
f 8290 3553 4810 
f 9822 9577 9678 
f 10201 8852 2449 
f 8815 84 4190 
f 4088 764 6938 
f 5419 731 10026 
f 4785 3716 179 
f 2752 3323 5843 
f 10296 8469 9339 
f 2345 283 10354 
f 6848 3793 3788 
f 9344 5160 9255 
f 4598 2203 9075 
f 660 1406 6173 
f 2976 2663 8369 
f 3364 7136 5056 
f 2672 8093 10688 
f 1655 1560 7567 
f 3499 459 7204 
f 83 7139 6469 
f 9729 9863 9728 
f 4371 5855 911 
f 6302 6258 6359 
f 4808 4804 4797 
f 1996 162 1994 
f 1771 8539 8614 
f 8958 8790 8837 
f 2571 2143 8817 
f 1367 1761 9893 
f 9611 9698 9769 
f 2576 10254 1886 
f 2310 992 4096 
f 3590 355 968 
f 910 2033 871 
f 5712 5086 4 
f 5879 1027 5881 
f 4860 10304 10221 
f 6722 6905 3088 
f 4025 8805 3367 
f 9966 3786 924 
f 3024 3980 3416 
f 6119 1076 3852 
f 8613 1496 1495 
f 5112 9789 9823 
f 1799 9953 9929 
f 2810 3728 1103 
f 2188 2082 7959 
f 10001 6312 2640 
f 3705 10070 5366 
f 1335 6739 1586 
f 406 677 10599 
f 1036 8654 8832 
f 9173 2027 3784 
f 4343 4344 2716 
f 4299 4890 4891 
f 4468 10652 966 
f 3862 3825 5842 
f 9971 7770 8504 
f 8729 7411 10301 
f 6792 6502 7146 
f 6189 10280 4634 
f 3345 10223 5475 
f 4386 4911 8028 
f 976 8611 2220 
f 9642 6462 7338 
f 5826 5686 5825 
f 3458 4620 4792 
f 9488 10635 6771 
f 1373 1304 1338 
f 10650 5216 3278 
f 1480 1444 1511 
f 1267 1189 1306 
f 1143 1041 1069 
f 5155 6278 8484 
f 3255 3286 3288 
f 8402 8056 8225 
f 4887 176 9410 
f 1030 850 943 
f 3803 3806 3619 
f 3724 1763 10440 
f 943 9688 3715 
f 3873 8 8555 
f 1116 1074 1114 
f 2211 8555 2208 
f 10449 4501 10532 
f 9325 8865 9926 
f 1148 1043 1121 
f 1007 862 1041 
f 8401 8298 8399 
f 1114 1007 1041 
f 9654 443 6028 
f 5698 7121 6591 
f 8184 7997 7903 
f 233 4443 6648 
f 400 635 8934 
f 8943 8879 8986 
f 2066 1896 5268 
f 1277 1249 1045 
f 9603 1515 2 
f 7937 6506 387 
f 10576 4739 1377 
f 5698 1393 7121 
f 7606 7513 7442 
f 9667 546 9668 
f 5152 5300 6692 
f 2171 2332 5845 
f 802 3116 801 
f 7057 7356 7190 
f 5791 6546 2139 
f 4425 5553 5956 
f 1129 7006 7553 
f 4721 867 2082 
f 6362 6383 3964 
f 10255 7998 10451 
f 6096 10389 10443 
f 5826 5688 5686 
f 7298 1309 3459 
f 2620 6061 5806 
f 9598 786 7548 
f 7180 6888 6937 
f 3768 3766 9204 
f 1070 5750 1177 
f 1935 9548 389 
f 2638 9556 8966 
f 6735 6636 6634 
f 5580 4853 4009 
f 2042 803 2412 
f 2838 2129 4614 
f 5606 8448 8434 
f 2218 3062 2254 
f 7173 6974 7111 
f 9418 7948 10717 
f 6810 7396 5391 
f 127 9428 843 
f 1603 1533 1571 
f 8552 7681 8969 
f 4359 4191 4524 
f 3266 3464 2855 
f 2396 2524 5767 
f 2272 6875 5860 
f 3447 1446 3415 
f 603 549 9596 
f 1142 9080 9920 
f 2206 1962 2119 
f 7219 5436 7461 
f 8730 8123 3529 
f 2254 3062 10071 
f 4754 4598 132 
f 6492 3217 5940 
f 1977 1883 2274 
f 10203 10205 3311 
f 7575 7490 7788 
f 1569 680 209 
f 9307 9580 6728 
f 5900 1914 891 
f 7484 7256 7376 
f 1766 1831 2057 
f 10162 8135 10389 
f 6760 2149 3159 
f 2429 345 445 
f 10396 9593 4166 
f 6530 9492 10500 
f 1140 1067 1000 
f 1030 3715 5805 
f 6041 3699 934 
f 10430 10394 10316 
f 739 859 814 
f 8018 8014 10235 
f 10441 10080 7697 
f 1305 1380 1265 
f 8 7574 6982 
f 7574 3555 6982 
f 3873 2211 953 
f 1392 1315 1391 
f 5949 9448 4837 
f 1117 1194 1008 
f 1389 1462 1391 
f 10148 6267 5665 
f 8008 7005 4216 
f 1148 1196 1149 
f 7157 9671 9672 
f 5255 8290 4810 
f 1131 6748 1050 
f 9024 9023 9353 
f 5424 10113 1854 
f 1045 1044 1277 
f 10065 9769 9842 
f 1621 10594 122 
f 8304 737 8139 
f 7606 7512 7601 
f 5499 7190 2602 
f 6112 6111 6127 
f 3734 1850 1017 
f 926 1084 8113 
f 596 1112 9207 
f 8037 10278 10072 
f 1181 4032 10485 
f 1162 7548 4607 
f 2151 1263 6437 
f 9598 792 786 
f 1188 2984 1201 
f 9677 9586 9627 
f 6243 10017 7235 
f 6584 6684 6534 
f 8731 8216 454 
f 6313 7026 1728 
f 7024 7097 6961 
f 8921 8801 8360 
f 6845 3408 3790 
f 6957 1355 9927 
f 3343 9443 3341 
f 7651 6270 6322 
f 8086 7746 6343 
f 6750 555 5264 
f 2384 10542 2010 
f 4917 6448 4572 
f 1766 110 1831 
f 4423 4424 7454 
f 1133 1094 261 
f 3266 2991 3464 
f 5941 5939 6035 
f 4335 956 1042 
f 4306 5885 3052 
f 5036 2439 3915 
f 3793 9186 8621 
f 831 2662 9045 
f 2088 49 694 
f 10628 1768 10020 
f 1212 10353 1289 
f 8301 2049 8300 
f 249 183 6497 
f 3210 6698 3417 
f 8264 10648 9319 
f 3216 2994 3425 
f 5472 2057 2231 
f 4398 4374 4694 
f 2011 7486 6678 
f 8531 6394 6409 
f 3440 10147 1553 
f 8163 8072 7977 
f 2310 4255 2502 
f 8308 7669 3509 
f 595 10313 10156 
f 2563 2303 2616 
f 10397 10340 10266 
f 4328 9007 2313 
f 1785 201 10682 
f 301 875 355 
f 3439 3436 3807 
f 7336 7255 7418 
f 3359 8207 7745 
f 2470 2976 7060 
f 9971 8572 7770 
f 2962 6296 10232 
f 3110 4581 6511 
f 9940 4455 4459 
f 178 1332 7475 
f 2264 9340 2001 
f 7189 8324 4751 
f 1352 1239 1351 
f 1140 1033 1111 
f 9410 1370 4887 
f 8812 8814 2516 
f 2867 6519 2290 
f 1325 1440 6239 
f 10551 10486 10410 
f 8851 8963 8964 
f 8892 8962 5357 
f 10652 1968 966 
f 1194 1117 1193 
f 4379 2974 2019 
f 3075 6813 5305 
f 1194 1193 1272 
f 2389 6797 1691 
f 1193 1116 1192 
f 10216 9714 8153 
f 5521 10568 8237 
f 8116 8204 7116 
f 8469 3579 9339 
f 1633 8601 6652 
f 5371 404 5369 
f 1195 1242 1196 
f 1389 1275 1387 
f 5252 7293 4625 
f 10332 2927 3003 
f 5175 8688 4401 
f 3644 2876 4065 
f 1148 1121 1196 
f 2602 7063 7137 
f 1249 1050 1045 
f 9692 9766 9694 
f 7794 7602 7503 
f 6272 750 6904 
f 577 1045 1050 
f 2101 2343 2441 
f 8997 1284 4811 
f 4405 4587 3866 
f 7076 6999 7214 
f 3928 2864 5156 
f 8290 4030 6658 
f 363 6722 6695 
f 7512 7362 7511 
f 2385 2128 2207 
f 9435 9860 9644 
f 7011 6162 381 
f 339 10305 4036 
f 4164 957 7279 
f 6512 6233 10331 
f 10632 1158 5275 
f 6611 5201 6870 
f 1370 1401 1338 
f 8816 8818 8702 
f 10278 10358 10200 
f 9386 8726 9714 
f 7627 7293 868 
f 3529 4406 7243 
f 8615 4590 9229 
f 10621 10672 10622 
f 8883 678 8384 
f 4747 8649 3668 
f 9719 9666 9707 
f 5350 3656 6829 
f 1741 1322 4119 
f 5568 5839 5840 
f 5096 5325 5097 
f 1417 3055 3101 
f 2367 2032 2362 
f 5106 9928 7269 
f 1308 9585 9753 
f 3502 3942 8746 
f 7947 2523 2362 
f 260 8371 2140 
f 4839 8739 4679 
f 2086 350 3597 
f 4535 4679 4205 
f 9720 6038 3109 
f 4205 3999 4535 
f 4231 6926 4230 
f 7874 7779 7872 
f 3807 3436 3806 
f 5418 5386 5383 
f 2248 2068 1936 
f 2073 2074 8600 
f 7862 234 2159 
f 9200 1688 9401 
f 6929 567 9453 
f 7955 1997 950 
f 2497 4957 26 
f 2774 8137 386 
f 9988 10304 4860 
f 10146 1470 8993 
f 4576 7537 6482 
f 4142 829 828 
f 3076 9213 2512 
f 5145 689 9635 
f 3943 5616 5138 
f 6563 1820 7828 
f 10580 3835 2538 
f 5483 3290 6310 
f 8120 2701 4612 
f 9199 1539 1221 
f 2657 1403 2651 
f 3525 10230 7487 
f 1196 1121 1195 
f 6541 6543 1133 
f 10440 8740 9601 
f 1189 1069 1113 
f 7067 233 7115 
f 8401 245 8439 
f 2091 2802 793 
f 4702 6065 6172 
f 1189 1113 1186 
f 4566 2895 4834 
f 1349 1306 1345 
f 1035 1000 1067 
f 6123 265 6199 
f 5805 3715 10306 
f 1168 8849 1430 
f 5611 8028 10633 
f 3840 3804 3802 
f 6845 3789 3608 
f 1459 1412 1519 
f 293 5805 2659 
f 1272 1193 1239 
f 1819 1227 1229 
f 9178 8409 3125 
f 1593 2913 1414 
f 7719 1042 6901 
f 1121 1043 1008 
f 1193 1117 1116 
f 8840 893 10079 
f 1275 1149 1196 
f 9526 393 2807 
f 1249 1131 1050 
f 1008 952 1074 
f 459 3296 10579 
f 1330 3030 3244 
f 5206 7237 6643 
f 2761 8028 8029 
f 8747 9379 4516 
f 3244 3440 1553 
f 10637 6649 2117 
f 3462 5314 8222 
f 7606 5970 5529 
f 6780 6876 6988 
f 7886 1532 8319 
f 5633 4559 5054 
f 10544 10505 10597 
f 1520 4169 1158 
f 9106 8607 2251 
f 456 6600 9179 
f 3716 2428 10671 
f 758 762 1181 
f 4916 1176 7444 
f 1162 8171 10667 
f 10615 9660 4284 
f 9663 8123 8730 
f 8828 8826 8602 
f 1769 1654 1767 
f 10560 7048 10577 
f 3940 370 1321 
f 4510 1967 2128 
f 1924 6182 8754 
f 3579 10046 7142 
f 8825 8772 9979 
f 7171 7346 7173 
f 9963 1499 10016 
f 3666 5715 5092 
f 2490 348 2083 
f 485 1474 1886 
f 10160 2227 1641 
f 10353 10120 1358 
f 4535 4202 4679 
f 4147 1269 103 
f 9242 9090 9150 
f 4203 3806 4202 
f 6808 1610 6312 
f 10042 4005 9880 
f 8144 8565 6496 
f 2856 2678 2855 
f 1726 1563 6847 
f 1055 8640 517 
f 9331 912 7762 
f 231 275 3694 
f 2464 2381 2668 
f 7978 4004 4005 
f 9451 2770 2768 
f 2359 1879 1831 
f 4113 4029 4110 
f 3106 897 3105 
f 3062 1761 10071 
f 7021 7122 6920 
f 1128 8938 4390 
f 3889 7985 4586 
f 5415 3625 6651 
f 316 1403 6862 
f 4871 5477 10535 
f 6600 4851 8580 
f 5278 4412 8738 
f 9395 8570 2394 
f 1111 1033 1110 
f 1192 1114 1143 
f 5449 10547 4254 
f 3295 4237 3491 
f 8921 8360 8922 
f 6161 10298 4332 
f 7596 944 10155 
f 10111 6220 10161 
f 1189 1186 1265 
f 2299 2646 6793 
f 1041 1004 1069 
f 8388 8389 7215 
f 454 6290 9778 
f 3281 10344 6897 
f 1307 1192 1267 
f 1819 1336 7015 
f 2162 253 5070 
f 6734 6838 6634 
f 2724 6201 2722 
f 5637 7660 6644 
f 7251 7249 7373 
f 1192 1116 1114 
f 8996 2011 6678 
f 3952 3990 4077 
f 8979 4434 8981 
f 5028 1185 3947 
f 7121 1989 6591 
f 993 248 1967 
f 8400 3456 9955 
f 5456 1734 4101 
f 8193 7918 2252 
f 7151 2598 8543 
f 4893 2825 4850 
f 9422 9273 9561 
f 226 8131 1777 
f 1205 7913 8193 
f 8133 6374 6368 
f 10344 3281 1487 
f 2388 4976 8026 
f 7052 7256 10342 
f 3292 3935 2879 
f 10372 8140 8220 
f 3590 968 3762 
f 8775 4289 513 
f 9199 1221 8874 
f 6733 8066 5363 
f 7688 7881 7390 
f 6943 747 3782 
f 2240 9429 1925 
f 950 1997 5232 
f 6281 4950 6258 
f 6225 6251 1703 
f 9694 9623 9692 
f 5583 8138 1703 
f 874 873 4148 
f 4912 5159 1413 
f 868 4406 1309 
f 4658 2461 9727 
f 1299 2500 1286 
f 3099 762 10672 
f 3940 9641 370 
f 2534 9480 1627 
f 6737 1335 6636 
f 4399 4143 5832 
f 8248 9500 6525 
f 10450 9752 9730 
f 8824 8937 8825 
f 8182 8791 215 
f 9814 9747 9673 
f 6512 7259 363 
f 2616 2303 2288 
f 2142 2697 10395 
f 8634 9647 10656 
f 8525 10233 1990 
f 8979 8981 9346 
f 7978 4005 10044 
f 1696 1963 10644 
f 4147 2146 4608 
f 4679 4202 4836 
f 10670 6507 4886 
f 10148 5665 8241 
f 1020 10020 1625 
f 1604 1645 1605 
f 1953 1031 610 
f 313 2067 5251 
f 3421 3417 1226 
f 8300 7632 8410 
f 754 4508 943 
f 10270 869 10013 
f 2392 2018 5619 
f 325 4982 4119 
f 9776 9738 9789 
f 8395 6182 1990 
f 6285 9637 2594 
f 2827 3980 3024 
f 7459 7349 7558 
f 166 5082 7377 
f 8948 7787 421 
f 5288 5699 5568 
f 3436 3029 3028 
f 7878 4235 880 
f 9817 10270 6549 
f 6288 6002 6286 
f 8833 4372 8957 
f 1662 2312 2579 
f 6151 5057 3451 
f 8474 994 1522 
f 1812 1553 1178 
f 3104 3312 3475 
f 8814 8975 9030 
f 10381 21 10382 
f 6978 7178 6867 
f 4359 4524 4671 
f 10208 7596 10155 
f 2154 1847 2309 
f 9322 5500 4863 
f 947 1000 1035 
f 4653 9587 10384 
f 1186 1113 1067 
f 8707 5049 8120 
f 1195 1194 1241 
f 2457 10330 5795 
f 1306 1189 1345 
f 9123 9226 9266 
f 1310 1272 1352 
f 9823 9820 9850 
f 1824 2351 2361 
f 9507 6052 10202 
f 10213 3610 8682 
f 7379 7380 10342 
f 1462 1387 1414 
f 3067 10486 10551 
f 1311 1310 1386 
f 8114 8011 8112 
f 9897 9747 9895 
f 10165 5499 1404 
f 1392 1391 1419 
f 5186 4893 4751 
f 6987 10165 1404 
f 3782 1957 8733 
f 8424 10519 6380 
f 3083 9839 1178 
f 9457 3704 9167 
f 10255 360 7998 
f 7137 8017 8980 
f 4374 4988 4740 
f 6202 9045 2662 
f 2076 1287 2042 
f 2693 6273 8960 
f 7969 8811 42 
f 6202 7364 9053 
f 2692 4069 4071 
f 10041 6827 8303 
f 537 580 663 
f 5289 6147 4082 
f 709 2882 2952 
f 9256 2951 2572 
f 2225 9265 1748 
f 1614 5045 8353 
f 6411 3646 2127 
f 2858 2859 2525 
f 5580 5338 6136 
f 2855 2678 2851 
f 1290 1213 1289 
f 282 6605 3363 
f 5704 199 5705 
f 1630 1431 1395 
f 3806 3803 4202 
f 10126 10363 779 
f 5327 8678 2496 
f 10278 8037 10356 
f 10252 3432 2749 
f 9373 9234 9321 
f 5520 3558 9892 
f 9020 9123 9026 
f 5097 5324 5037 
f 6877 5853 6580 
f 3424 2079 1903 
f 2182 2180 2343 
f 6735 6838 7049 
f 5461 5465 9075 
f 485 1886 484 
f 107 109 1775 
f 5867 6705 6200 
f 8833 6071 6053 
f 3018 3768 9204 
f 9015 7038 10271 
f 7564 766 5211 
f 3617 10600 1248 
f 1893 1856 1889 
f 6705 5867 9908 
f 1590 8478 1593 
f 557 5264 555 
f 6344 1100 9597 
f 6574 3762 968 
f 10239 9558 9557 
f 5399 10097 7536 
f 5748 7596 10208 
f 250 1240 257 
f 10428 10290 10513 
f 10295 10318 9410 
f 8571 9641 3940 
f 3771 5694 4643 
f 1482 7263 4050 
f 264 10579 1062 
f 1588 1483 1511 
f 9351 9352 7953 
f 2734 1668 10031 
f 1037 1035 1113 
f 8775 9035 9036 
f 515 4289 8445 
f 1275 1196 1242 
f 1069 1037 1113 
f 1143 1189 1267 
f 5663 3729 6232 
f 603 9596 796 
f 1090 2603 2774 
f 6137 6255 6256 
f 1192 1143 1267 
f 8365 8053 7861 
f 1711 1337 1339 
f 8139 950 1247 
f 954 748 953 
f 1596 1228 2636 
f 620 2871 912 
f 872 4308 920 
f 1387 1386 1414 
f 1210 1462 1414 
f 7764 4832 7767 
f 2023 577 1050 
f 1317 1249 1316 
f 9762 3410 7355 
f 7279 913 7187 
f 2072 424 2071 
f 2504 5340 7468 
f 1502 9604 7273 
f 9675 9618 9694 
f 4455 4305 9176 
f 4978 4816 5273 
f 7143 6110 3645 
f 4829 4671 4524 
f 4401 6639 3298 
f 1786 2188 3068 
f 10413 1 3 
f 3155 867 2833 
f 1798 780 439 
f 3048 2894 6360 
f 3975 4183 4520 
f 8055 7871 7869 
f 9978 71 9 
f 10685 5633 5634 
f 4836 3803 4363 
f 3109 1314 1313 
f 2508 2507 144 
f 4836 4202 3803 
f 4192 4523 4191 
f 267 3833 1787 
f 10521 8141 9499 
f 6996 2632 8900 
f 7175 5928 5155 
f 9343 7915 5971 
f 1801 1803 1783 
f 1603 1641 1672 
f 1361 1329 1396 
f 4361 5290 4529 
f 9537 6701 5991 
f 5143 4363 4529 
f 1628 4402 7284 
f 7032 6929 5457 
f 5426 5702 5290 
f 1139 1212 1213 
f 1290 1289 1326 
f 5704 5705 5430 
f 1020 1216 10628 
f 6698 4025 1226 
f 1437 1503 1473 
f 9633 8549 8662 
f 618 2456 2691 
f 2094 4236 1915 
f 8768 84 121 
f 8322 9944 5281 
f 1656 4666 9475 
f 10691 203 5605 
f 1892 9859 9111 
f 1879 2057 1831 
f 10247 7589 7801 
f 5648 8713 3142 
f 8933 4631 1888 
f 1313 2720 4618 
f 4401 3298 3081 
f 1072 2159 798 
f 4247 4689 3666 
f 10092 10295 9410 
f 6446 4582 422 
f 8113 7654 4667 
f 1381 1345 1405 
f 4234 5338 5580 
f 10269 10411 10412 
f 1143 1069 1189 
f 6599 4004 3433 
f 6155 8999 8478 
f 1074 1007 1114 
f 313 1696 7780 
f 6503 9462 8786 
f 2913 1210 1414 
f 2875 3082 3491 
f 1387 1311 1386 
f 1770 5211 766 
f 9453 10595 6929 
f 1836 1835 4370 
f 913 499 7189 
f 5377 951 7594 
f 6999 7076 1521 
f 9310 9648 9609 
f 6170 10492 8608 
f 6210 10190 7666 
f 3953 10382 6776 
f 4614 2129 7246 
f 2676 2430 5845 
f 2837 2836 2908 
f 1587 1591 269 
f 2218 4758 8446 
f 4241 5013 5193 
f 1868 4341 8305 
f 1179 1808 1767 
f 8819 1686 7749 
f 8222 5314 6335 
f 3093 6736 9441 
f 9249 4243 9036 
f 7146 4136 6792 
f 6847 2032 1726 
f 6638 5693 5833 
f 5382 1524 5383 
f 4697 10160 4027 
f 1292 1222 1253 
f 1097 834 9966 
f 8866 8262 6696 
f 4975 8561 5270 
f 5004 5150 5152 
f 2024 2070 2148 
f 1469 1428 1427 
f 1284 6589 10491 
f 9881 4802 8344 
f 9534 8959 796 
f 1988 9752 9754 
f 7879 8044 10025 
f 7126 7287 7191 
f 440 4996 1376 
f 1258 4830 5943 
f 9628 4782 3728 
f 3473 3063 4172 
f 9673 9747 9569 
f 65 6016 6358 
f 1965 2286 2475 
f 4182 5560 4104 
f 6661 10144 6864 
f 505 809 958 
f 6838 6734 6837 
f 2402 65 2278 
f 5279 5414 5557 
f 4935 4616 8684 
f 2437 3137 10511 
f 6661 4796 10173 
f 4658 9727 2546 
f 9063 9817 6549 
f 5775 660 793 
f 2818 2861 10233 
f 2906 9135 6048 
f 8557 8530 8598 
f 5311 6261 10437 
f 1310 1242 1241 
f 2365 8787 5650 
f 2167 690 8293 
f 2683 1336 5805 
f 2315 7463 8648 
f 6069 176 4887 
f 1037 948 1035 
f 10253 5597 9184 
f 10092 9410 176 
f 1588 1381 1405 
f 1454 1381 1588 
f 8721 8596 8672 
f 8999 324 10577 
f 6271 5984 5827 
f 1239 1193 1307 
f 1136 10365 5033 
f 1349 1345 1381 
f 3227 3416 9149 
f 1307 1349 1382 
f 7790 7793 7578 
f 1462 1389 1387 
f 4662 4346 4512 
f 6994 9859 6076 
f 8134 8140 7972 
f 7270 7272 7155 
f 2400 104 853 
f 4668 4829 4524 
f 713 4141 62 
f 1342 6600 8580 
f 4672 4359 4671 
f 7267 8965 10590 
f 9792 9649 9728 
f 3420 9532 9531 
f 5678 6334 10215 
f 3797 3796 3611 
f 8817 2866 1917 
f 6011 2676 3582 
f 5604 207 2869 
f 1832 9744 1025 
f 4095 3951 2557 
f 4991 5137 5287 
f 1394 1996 772 
f 5287 5285 5564 
f 5662 2083 1765 
f 9637 6285 9941 
f 2101 2099 2182 
f 10243 5712 4 
f 3030 1330 10370 
f 2932 7032 3326 
f 3049 2096 349 
f 1259 6125 6284 
f 3061 2413 6708 
f 9565 9144 9139 
f 2526 1790 1909 
f 333 9330 1141 
f 2576 1474 1211 
f 6861 9122 9019 
f 9751 2556 2405 
f 1919 8501 3151 
f 9592 2617 4698 
f 6274 8666 2437 
f 1567 1563 3646 
f 9552 3760 376 
f 7245 9465 6785 
f 2434 8891 8914 
f 8179 9638 8299 
f 1716 5045 1715 
f 1971 2070 2024 
f 1603 1645 1604 
f 2074 2073 2148 
f 3999 4203 4535 
f 7238 7809 9357 
f 6679 8356 2212 
f 10160 6871 6338 
f 3371 1638 5671 
f 10353 1212 10354 
f 6048 2348 6822 
f 695 937 627 
f 6484 8650 5814 
f 4871 4689 4247 
f 1868 1528 4341 
f 102 7047 5 
f 2045 3604 9903 
f 8056 7871 8055 
f 10208 10288 10157 
f 269 5644 1587 
f 775 7645 25 
f 9868 7151 6635 
f 1210 2825 1461 
f 3642 3679 4391 
f 336 408 9718 
f 9969 9968 10045 
f 7278 9003 6341 
f 7307 10581 1705 
f 2355 1809 6264 
f 6460 8291 4265 
f 6048 9669 2906 
f 10516 10429 10514 
f 3036 6977 5674 
f 1227 1819 7015 
f 4721 2082 1677 
f 7848 3860 3672 
f 10428 10513 10514 
f 10024 10157 10293 
f 6976 7112 7045 
f 2683 5805 293 
f 1380 1305 1341 
f 8619 5901 2130 
f 1937 1276 2289 
f 1382 1349 1381 
f 9628 7934 9647 
f 5503 5546 3302 
f 7998 3306 7185 
f 5200 8645 1488 
f 8906 9915 7521 
f 1519 1412 1457 
f 8218 9635 689 
f 3222 5267 105 
f 1952 440 438 
f 1239 1352 1272 
f 1195 1008 1194 
f 8982 9150 9090 
f 295 586 1247 
f 5918 2794 8183 
f 73 142 102 
f 10442 6015 10444 
f 1460 4751 9762 
f 9605 9629 4499 
f 6167 9559 5390 
f 126 127 2375 
f 6293 10034 10044 
f 1364 1965 3 
f 10 8973 447 
f 9645 9726 9646 
f 4589 3322 2472 
f 1 5712 68 
f 2069 2801 3176 
f 10583 3835 10580 
f 45 2596 2485 
f 692 2649 2762 
f 1877 1878 699 
f 8623 8627 8568 
f 1428 1630 1326 
f 2522 2345 2678 
f 3057 2851 2728 
f 10427 5138 10480 
f 1428 1469 1630 
f 1503 1435 1472 
f 1268 9346 2138 
f 8665 613 8859 
f 1431 1535 1607 
f 5283 5135 4985 
f 1511 1444 1510 
f 65 2498 6016 
f 582 4337 5076 
f 4953 4863 5500 
f 8446 2290 6519 
f 1489 1279 3776 
f 5981 6006 5958 
f 1655 3837 2892 
f 8705 8703 8774 
f 4523 4192 3975 
f 5557 5417 5279 
f 3381 3425 974 
f 5283 6638 5562 
f 4537 5153 5853 
f 6046 6087 6047 
f 4593 4669 4282 
f 3646 726 1567 
f 3801 9149 3799 
f 2912 3350 1566 
f 4181 3367 4168 
f 4957 374 1541 
f 9205 9254 9258 
f 4191 3797 4192 
f 6806 1348 4114 
f 3796 3797 4191 
f 5898 5921 4823 
f 8977 8930 5539 
f 5400 6299 4943 
f 10566 9404 10534 
f 10225 5598 4485 
f 3421 3797 3611 
f 4169 8750 5275 
f 10238 10008 9856 
f 1812 3244 1553 
f 1802 4011 2093 
f 4826 4984 4985 
f 6625 7295 2518 
f 7596 10712 4722 
f 9290 9291 8757 
f 2167 2166 690 
f 10295 10429 10430 
f 1812 1255 1293 
f 1229 1227 1304 
f 1229 1230 1140 
f 10384 1910 9180 
f 6140 5799 6415 
f 1802 1910 10384 
f 2683 293 9625 
f 10444 10292 10442 
f 7340 2742 3033 
f 1511 1483 1480 
f 2176 1867 1454 
f 6710 7804 9391 
f 1454 1867 1457 
f 7268 8293 7549 
f 5545 3745 5544 
f 1381 1454 1382 
f 6106 1424 6107 
f 1351 1239 1307 
f 1377 3073 2403 
f 1457 1351 1382 
f 5888 4131 8370 
f 8655 3522 1109 
f 6024 6046 1347 
f 5774 1419 1391 
f 8110 1218 1217 
f 1471 10624 1931 
f 13 1558 5212 
f 6645 7555 6927 
f 7507 3308 3395 
f 9674 10632 381 
f 5427 2674 5089 
f 9762 8324 3410 
f 904 1974 55 
f 1699 2521 1622 
f 893 1643 10079 
f 8419 4552 4733 
f 1183 2347 6318 
f 6351 5181 4380 
f 99 9073 364 
f 7508 7399 7505 
f 4028 7741 3573 
f 4998 2614 1745 
f 2545 2379 2544 
f 6253 10111 9855 
f 1657 3697 10206 
f 7193 9182 5182 
f 5045 1572 1715 
f 2434 2251 1901 
f 1472 1395 1431 
f 5330 3482 4056 
f 10275 5769 10277 
f 10160 4697 6871 
f 5636 9108 9476 
f 1707 1603 1672 
f 3999 4205 10147 
f 1553 10147 3083 
f 3991 3801 3799 
f 3504 5459 9392 
f 8614 8807 8567 
f 1672 2225 1748 
f 2164 1165 2074 
f 9595 626 9795 
f 1439 9956 679 
f 6563 7828 1691 
f 45 46 2596 
f 536 308 3750 
f 5896 7058 5891 
f 4926 3771 6767 
f 6742 660 1958 
f 1742 4702 6172 
f 2361 2351 2034 
f 2762 7645 775 
f 1671 2157 2868 
f 85 262 1921 
f 10137 1039 4472 
f 3765 873 874 
f 352 2705 2612 
f 2804 376 3760 
f 3621 3825 3869 
f 7789 2479 7892 
f 9411 1636 9441 
f 9125 2026 9268 
f 2674 437 9855 
f 4306 4276 10401 
f 423 520 9176 
f 593 496 591 
f 10295 10293 10428 
f 1450 1341 1480 
f 7450 2209 3326 
f 6203 7838 7846 
f 1067 1140 1230 
f 1370 685 4887 
f 2080 1160 234 
f 2093 1910 1802 
f 1854 620 914 
f 10121 2132 9757 
f 6518 8110 3685 
f 8140 10372 7972 
f 3830 8777 9230 
f 5168 10076 5069 
f 2950 940 7326 
f 6457 5030 5356 
f 8133 8131 10476 
f 2703 6142 6144 
f 6468 9232 9523 
f 6623 1443 4635 
f 1983 2393 2560 
f 2594 9637 9978 
f 6 2285 5845 
f 4010 8065 8971 
f 6793 10053 9529 
f 8812 8753 1026 
f 7963 7799 7893 
f 590 737 2607 
f 4351 10590 7080 
f 8950 5639 10536 
f 3856 3657 9913 
f 7636 1531 2307 
f 10083 10008 10238 
f 5339 8162 7388 
f 6043 3791 10237 
f 4104 10297 4182 
f 7151 1319 8418 
f 4181 4168 4517 
f 2223 2389 8719 
f 5872 6499 5793 
f 6169 9724 1009 
f 4524 4523 4668 
f 5132 5279 5417 
f 1360 1328 1395 
f 7400 7508 385 
f 1636 1894 3093 
f 3126 1282 393 
f 1604 1533 1603 
f 1500 1630 1469 
f 1971 1973 2946 
f 1783 1803 1805 
f 2837 2756 2836 
f 1293 1255 1329 
f 1503 1472 1548 
f 9551 9907 9168 
f 1716 1715 1800 
f 5414 4981 5276 
f 2227 10160 6338 
f 9260 4275 8334 
f 1395 1326 1630 
f 4183 4025 4181 
f 4529 5290 5143 
f 9113 9485 9484 
f 6854 6759 6660 
f 5147 4836 5430 
f 1572 1614 1548 
f 9856 10081 10156 
f 1973 1971 2024 
f 10519 8424 1757 
f 6084 9452 9535 
f 9828 9214 3811 
f 1867 2176 8251 
f 2394 8570 8906 
f 2402 2270 2498 
f 7123 8869 8069 
f 1316 1277 1315 
f 1368 4746 10158 
f 5067 3623 9394 
f 5601 8976 3512 
f 5859 3863 3272 
f 4547 8952 8941 
f 2222 5923 6797 
f 746 533 5609 
f 9756 9745 9744 
f 6317 3051 6318 
f 6400 210 701 
f 435 1837 1060 
f 4081 6641 7212 
f 4699 8197 10547 
f 4426 5218 4251 
f 5411 7237 5117 
f 4506 3173 9624 
f 4741 5563 4778 
f 7592 4403 8424 
f 4689 4056 4048 
f 1226 4025 4183 
f 1230 1186 1067 
f 619 10448 7268 
f 9180 1910 10516 
f 4708 520 4465 
f 3505 6700 2531 
f 2167 8293 7268 
f 4870 4424 10470 
f 7929 8624 7407 
f 3139 4011 5870 
f 5896 5898 4588 
f 8820 476 4536 
f 4726 465 1200 
f 4851 2482 6931 
f 785 2802 2091 
f 7396 5180 5391 
f 6140 3412 6229 
f 10543 10474 5484 
f 8251 2176 3577 
f 8293 8580 4851 
f 6600 8251 2482 
f 1351 1457 1412 
f 599 500 2411 
f 4877 5692 5260 
f 1414 1519 1593 
f 1454 1588 2176 
f 5942 7994 5412 
f 7009 3442 4387 
f 8120 7372 2701 
f 6136 4710 4853 
f 6053 6071 9413 
f 276 6145 1885 
f 1588 1511 1552 
f 1663 7496 4272 
f 10374 10137 4472 
f 1646 5626 2533 
f 2425 2090 6635 
f 7749 1495 1496 
f 1430 2636 2302 
f 270 1124 277 
f 854 4941 9467 
f 3494 8097 1021 
f 481 2413 24 
f 1371 6011 6420 
f 2029 4895 9394 
f 10583 6718 3835 
f 1684 531 535 
f 1805 1901 2251 
f 2231 373 2925 
f 4057 7984 3173 
f 1273 868 3064 
f 9224 9832 10369 
f 1828 6864 9541 
f 9072 7419 9806 
f 1970 1895 1939 
f 829 295 1247 
f 8849 1167 3664 
f 7281 2408 8815 
f 2010 3583 1847 
f 9685 2161 10145 
f 1358 10120 1427 
f 7136 6907 5056 
f 2337 1966 4939 
f 4511 4346 4168 
f 10277 4947 10182 
f 1360 1292 1328 
f 1533 1500 1469 
f 1329 1255 1292 
f 6116 5836 5835 
f 5984 5985 5691 
f 1636 9411 283 
f 5132 4984 4983 
f 8356 1650 1679 
f 3612 3799 9149 
f 135 3494 8856 
f 2632 5173 10659 
f 5268 7765 1191 
f 4354 4665 4826 
f 4668 4523 4354 
f 5287 5137 5285 
f 4993 4361 4672 
f 5132 5417 6638 
f 1401 1373 1338 
f 2645 5825 3733 
f 1255 1171 1222 
f 9086 8899 3166 
f 1329 1292 1360 
f 3028 3029 2827 
f 246 8356 1679 
f 4360 3991 4194 
f 4360 4194 4359 
f 7163 9061 3164 
f 1681 2368 6169 
f 4529 4197 4361 
f 5276 4981 5127 
f 2635 1521 3234 
f 4991 4671 4829 
f 5820 2645 5407 
f 7656 7558 7943 
f 9949 9650 4878 
f 5127 5273 5276 
f 3512 1820 1661 
f 10653 10207 10155 
f 2391 1270 4769 
f 5699 5564 5992 
f 5137 4668 5135 
f 787 8586 2259 
f 5363 7419 7855 
f 54 88 89 
f 8834 8832 8949 
f 4836 4363 5143 
f 7016 3264 8203 
f 2590 1881 1616 
f 3765 874 301 
f 7935 6401 1038 
f 2282 10091 1706 
f 4475 2690 1772 
f 5290 5702 199 
f 9716 1554 1794 
f 1289 1213 1212 
f 2247 1887 10182 
f 1998 1416 1825 
f 3138 5511 3302 
f 7863 7409 5824 
f 8813 6178 9797 
f 432 1713 756 
f 9625 293 6069 
f 1701 3505 2531 
f 29 16 4049 
f 1113 1035 1067 
f 5222 6204 5486 
f 1341 1305 1304 
f 5543 5222 7322 
f 9715 5452 4392 
f 10644 9574 1696 
f 10537 3510 1862 
f 10325 4870 5951 
f 846 9734 1557 
f 7425 7424 7580 
f 4987 4902 4994 
f 8371 1625 2140 
f 6042 10619 2300 
f 5186 2825 4893 
f 6600 2482 4851 
f 6163 7524 1443 
f 2344 5355 700 
f 4159 6822 3320 
f 9517 1935 10037 
f 10414 10488 8464 
f 10363 10126 10212 
f 2913 1593 8478 
f 5067 9466 9294 
f 4825 1615 1948 
f 3480 5450 4866 
f 1210 1461 1391 
f 2243 5091 2242 
f 1311 1242 1310 
f 6981 7117 7048 
f 10281 10279 3969 
f 334 5369 404 
f 10678 4755 853 
f 5246 7363 3194 
f 935 8874 9110 
f 10478 6043 10237 
f 1760 316 10123 
f 1662 3836 2487 
f 3077 4729 5451 
f 3032 3118 9616 
f 5131 10100 9528 
f 10507 6723 3399 
f 7258 7266 8025 
f 222 195 2050 
f 979 930 1962 
f 6203 7846 3557 
f 4268 4276 4306 
f 7275 2739 5421 
f 8674 7646 1744 
f 8731 6933 8216 
f 2152 2081 3519 
f 9296 9339 3579 
f 9914 6582 5604 
f 9421 9363 4946 
f 6614 9909 9198 
f 8858 5769 86 
f 4876 4877 5677 
f 9179 8999 6155 
f 10096 4353 4562 
f 10374 2053 6171 
f 8192 6071 8833 
f 3441 8302 836 
f 2157 1671 1681 
f 2345 1212 2728 
f 7905 6445 7906 
f 5559 4676 4719 
f 8053 8383 7483 
f 7136 3364 960 
f 3364 6392 960 
f 1894 7947 6847 
f 9411 10354 283 
f 1707 1672 1748 
f 1472 1360 1395 
f 1435 1396 1472 
f 141 142 70 
f 1292 1253 1328 
f 1857 3028 3024 
f 1858 1856 1893 
f 5865 2990 8955 
f 6476 2179 9582 
f 6352 10538 9106 
f 2564 6502 6792 
f 2092 10201 1390 
f 10644 1963 10402 
f 6016 2498 5507 
f 8228 308 2100 
f 4660 4512 4659 
f 6982 3555 10383 
f 5989 4522 6807 
f 2193 6434 2662 
f 2543 3214 10663 
f 4659 4511 4508 
f 8219 4856 7661 
f 6269 6271 5827 
f 6670 6555 6764 
f 3627 728 5711 
f 4868 7366 4477 
f 3723 3716 10671 
f 5984 5557 5414 
f 3367 6483 943 
f 6279 6120 5992 
f 7211 6593 5895 
f 1687 50 3554 
f 3836 2360 2487 
f 6106 6108 5826 
f 6547 3729 5370 
f 9222 6698 3210 
f 4973 5292 5304 
f 8316 8487 8588 
f 4672 4360 4359 
f 3426 2233 487 
f 7051 3381 974 
f 7960 1667 8145 
f 1526 990 644 
f 4892 6903 10218 
f 2946 1901 1805 
f 6972 1274 6973 
f 7695 7598 7792 
f 8449 3903 1343 
f 4373 5254 4368 
f 8091 7963 8031 
f 6955 7675 2002 
f 952 871 907 
f 3797 3421 4192 
f 1230 1229 1305 
f 1812 1293 1330 
f 6685 6780 7100 
f 1812 1330 3244 
f 1556 9588 1557 
f 5265 6905 9017 
f 2009 6042 3025 
f 702 5870 899 
f 3274 3270 1774 
f 6041 4886 6507 
f 7683 3326 5457 
f 2711 9566 9080 
f 2465 1943 1054 
f 199 5997 6125 
f 2108 6173 1406 
f 1241 1194 1272 
f 8194 7851 9904 
f 74 7594 3308 
f 5196 9030 4274 
f 9342 10449 8658 
f 806 808 121 
f 10143 10145 10063 
f 7189 4751 4893 
f 2625 2638 6406 
f 10661 10681 965 
f 3842 3945 9525 
f 3471 8831 6207 
f 1692 9414 5987 
f 7828 1820 4337 
f 187 252 345 
f 9097 9048 8991 
f 9487 2373 2115 
f 2768 491 9451 
f 8755 326 1128 
f 6944 2087 3125 
f 6745 6700 6740 
f 4623 4621 4868 
f 10247 7801 10245 
f 7560 1809 2474 
f 8414 8595 881 
f 4040 4988 4374 
f 8482 3479 9643 
f 1924 1054 373 
f 7448 7447 8551 
f 1889 1887 2247 
f 4934 804 885 
f 8 1300 7574 
f 7037 5295 3700 
f 1027 5879 4021 
f 4807 4598 4754 
f 10262 10263 10460 
f 2359 1788 1879 
f 1288 1806 8704 
f 2352 2522 2523 
f 881 8595 251 
f 1361 1293 1329 
f 1225 696 371 
f 6224 5621 2478 
f 9624 7046 7520 
f 1973 8891 1901 
f 4154 6574 518 
f 3849 8926 5176 
f 10207 10653 10284 
f 3537 1865 8037 
f 4294 2102 436 
f 1191 7209 8467 
f 3429 3955 1369 
f 6885 8671 2964 
f 2157 6169 1009 
f 1661 1583 3512 
f 9089 8822 4090 
f 8545 8512 1036 
f 7726 8620 6331 
f 1622 110 1766 
f 809 6361 958 
f 10201 2976 6505 
f 586 295 3765 
f 10288 10290 10157 
f 2834 1219 1532 
f 7979 8231 5706 
f 1339 3320 8502 
f 2607 888 2305 
f 9659 3875 2376 
f 881 8415 8414 
f 6193 1075 1821 
f 10438 2277 4521 
f 9178 9029 9234 
f 4534 6003 6219 
f 6574 4154 3762 
f 9388 4505 1960 
f 1802 10384 945 
f 3760 3761 2005 
f 1552 3577 2176 
f 1309 4406 3529 
f 4142 9409 1938 
f 8200 9037 7068 
f 7742 8188 10642 
f 1265 1186 1230 
f 5254 4373 9711 
f 1593 1518 1590 
f 10538 8633 7931 
f 3117 7203 9042 
f 3337 3336 3355 
f 10172 10329 10178 
f 3214 9136 8827 
f 6472 8048 10215 
f 5093 3755 3103 
f 6244 4298 28 
f 2648 5069 6009 
f 6600 456 1867 
f 3502 3620 3942 
f 2632 4700 8900 
f 3497 7402 9967 
f 438 2102 9013 
f 8959 9992 9490 
f 6519 2867 2402 
f 2231 1951 373 
f 6514 5394 1122 
f 9743 9737 1164 
f 5327 5214 5215 
f 10506 8857 8143 
f 7122 7221 6921 
f 4556 6592 6811 
f 9659 1570 8397 
f 8657 7447 9042 
f 7553 7231 5729 
f 8627 8623 8753 
f 4346 4662 4168 
f 606 3209 757 
f 3877 8723 10239 
f 3780 4119 4982 
f 2404 2395 3549 
f 5135 5285 5137 
f 10123 8952 1760 
f 8095 461 2138 
f 10193 10140 9727 
f 4882 3549 4165 
f 5426 4993 4992 
f 5356 4692 5798 
f 10277 9685 10145 
f 9973 5195 321 
f 4992 4671 4991 
f 5288 4991 5287 
f 330 10571 71 
f 5992 6120 5839 
f 2067 6871 4697 
f 4992 4991 5288 
f 10063 2161 7952 
f 476 6683 4536 
f 4947 4945 10182 
f 10016 10120 9441 
f 1576 1473 1550 
f 9323 2460 3213 
f 2415 2042 2412 
f 1779 2251 1679 
f 5995 6122 5997 
f 2371 164 10648 
f 8353 1783 1650 
f 3987 8590 8588 
f 2195 2247 4945 
f 4610 6219 4885 
f 6022 3235 3236 
f 4361 4993 5290 
f 8767 8534 8766 
f 1211 3222 2576 
f 875 4150 355 
f 10213 4643 5694 
f 8633 2158 9596 
f 31 3725 4345 
f 9840 9818 9734 
f 5258 1095 9461 
f 3494 4914 10308 
f 6169 2368 6013 
f 6043 10478 5402 
f 107 7988 109 
f 9445 1775 6353 
f 3573 7835 4028 
f 10279 10209 6881 
f 2090 2425 6760 
f 167 165 77 
f 1912 1909 1790 
f 7407 8103 7929 
f 2748 6663 384 
f 9528 1741 5429 
f 1095 5258 1714 
f 10374 6171 10446 
f 4771 2533 2797 
f 10490 25 7645 
f 7440 2442 3908 
f 6340 1106 8217 
f 4895 6462 9463 
f 2031 1527 2120 
f 9529 10053 8456 
f 4031 3959 3956 
f 1063 412 419 
f 10394 10429 10516 
f 4094 9737 1815 
f 7186 719 8723 
f 10102 4649 6114 
f 4011 899 5870 
f 5613 2038 3693 
f 10450 9730 9767 
f 8860 4366 7087 
f 5608 6743 5592 
f 3796 3612 3611 
f 10645 376 784 
f 7455 5446 4033 
f 1549 6833 8693 
f 8075 7980 8166 
f 4033 5446 5451 
f 8831 3471 4409 
f 9775 4101 1734 
f 3568 1617 876 
f 6914 6444 6888 
f 2045 8483 3305 
f 369 1159 6549 
f 4743 5666 8171 
f 5019 4962 9062 
f 6713 4037 10488 
f 1025 9707 1832 
f 4030 5385 7437 
f 3389 478 9990 
f 3131 4916 1789 
f 2487 1622 2521 
f 3748 5608 9712 
f 7955 1108 1997 
f 1272 1310 1241 
f 312 1408 9505 
f 10116 7230 7728 
f 828 829 1247 
f 9428 3358 843 
f 831 9045 20 
f 1141 9997 333 
f 3188 5990 9419 
f 296 8065 4449 
f 2626 563 10481 
f 6225 7328 6251 
f 5851 1793 8041 
f 10313 10386 10317 
f 9978 9637 9941 
f 9445 2205 1775 
f 8911 8806 8910 
f 2483 1448 76 
f 4357 4619 7497 
f 10277 5769 4947 
f 86 2463 2461 
f 1298 4285 5373 
f 1614 1550 1548 
f 3969 10279 6881 
f 5352 1860 1269 
f 8858 10715 5769 
f 8858 86 9467 
f 8514 2158 8914 
f 2049 9708 1163 
f 8872 1026 8808 
f 8736 2827 2828 
f 8736 3980 2827 
f 2829 1350 4945 
f 8095 10037 3296 
f 668 5119 9172 
f 8914 3419 8514 
f 9597 6729 6630 
f 2567 5020 5658 
f 3 4958 1364 
f 5942 1355 5862 
f 2612 6109 352 
f 2971 593 2972 
f 10296 10383 3555 
f 1542 1778 346 
f 10233 10085 10197 
f 9134 4350 4496 
f 4477 39 4868 
f 3891 9121 6348 
f 2278 78 9827 
f 9345 9347 5971 
f 1091 5286 5277 
f 5287 5564 5699 
f 8603 10634 364 
f 1327 10620 3740 
f 7593 5188 957 
f 2213 2141 2808 
f 1809 2662 2630 
f 10157 10290 10293 
f 4624 7844 3979 
f 8939 6215 6413 
f 9426 2254 2145 
f 10316 10318 10430 
f 6410 6675 6412 
f 9692 9653 9670 
f 6408 6407 6673 
f 1059 6505 2470 
f 5562 5564 5285 
f 5919 7636 10587 
f 1127 1248 2424 
f 2246 7332 1897 
f 3419 8600 6292 
f 9742 2467 7160 
f 2598 7151 9868 
f 5836 6116 6277 
f 7083 7084 2232 
f 7247 2144 9388 
f 4565 4572 6448 
f 3440 3244 3439 
f 9146 113 10611 
f 7043 7041 7264 
f 4400 4313 4396 
f 4839 5434 8739 
f 665 5840 5839 
f 7894 7983 8169 
f 7160 5974 9742 
f 10249 444 1852 
f 8577 8575 8702 
f 2916 10608 4312 
f 9172 6117 8211 
f 4191 4359 4194 
f 2700 7737 3554 
f 8820 7756 476 
f 201 2228 4398 
f 5115 2649 2550 
f 1409 7552 4325 
f 6018 5899 5926 
f 656 8498 8778 
f 929 1184 1595 
f 2620 3905 8953 
f 7473 10211 7760 
f 4058 4060 3939 
f 4510 2508 4414 
f 3557 7846 3287 
f 8411 8321 8493 
f 5182 2805 3664 
f 2616 8446 4758 
f 5012 5013 5484 
f 9644 9463 6462 
f 53 50 1687 
f 1888 1890 3208 
f 65 2402 2498 
f 10362 7496 1663 
f 1866 9934 10071 
f 4698 10107 10287 
f 1939 1893 2195 
f 4283 1617 3568 
f 10222 6399 10378 
f 587 9502 7500 
f 9685 10182 1887 
f 10567 866 2357 
f 5671 10418 3678 
f 3060 2856 2855 
f 1396 1329 1360 
f 10277 10145 10275 
f 3557 3556 6204 
f 9534 796 8514 
f 10554 10486 3067 
f 1801 1800 1895 
f 1942 1104 4001 
f 783 2048 7740 
f 8678 713 2496 
f 1185 5792 3947 
f 8037 7931 10473 
f 740 2657 4998 
f 5043 3503 3501 
f 5086 2475 3582 
f 9182 2805 5182 
f 7893 8030 8031 
f 1410 8222 8223 
f 10641 10009 9393 
f 9656 8033 9 
f 9526 244 394 
f 897 10002 3105 
f 22 10490 24 
f 7162 7025 7097 
f 7212 1101 4904 
f 3516 2358 7132 
f 2985 3122 10338 
f 317 1465 9182 
f 7735 1836 6747 
f 7644 1737 9077 
f 3857 3933 4007 
f 3104 3475 3581 
f 4051 4053 3971 
f 8985 2411 6614 
f 9079 8544 3505 
f 6734 6634 10042 
f 4288 8626 4290 
f 1248 3829 2424 
f 7849 7733 3932 
f 10570 5593 6818 
f 7185 770 7998 
f 9788 9736 9746 
f 1795 1856 1797 
f 2331 1357 6195 
f 5419 701 731 
f 3625 2231 6651 
f 3619 1857 3227 
f 1883 2303 2274 
f 2774 379 1090 
f 79 775 25 
f 9361 4946 9318 
f 4368 4701 4373 
f 1908 8060 7466 
f 8418 9335 6635 
f 3191 7130 2334 
f 5790 1092 3387 
f 5015 5084 5085 
f 6682 6872 6876 
f 363 7259 9017 
f 1865 3537 246 
f 6213 2491 3976 
f 7338 6462 9392 
f 749 827 2249 
f 25 10490 1706 
f 8187 8111 8109 
f 345 252 183 
f 1444 1480 1373 
f 3306 360 10114 
f 8540 8476 8475 
f 8900 4700 409 
f 2582 2459 7339 
f 5120 805 6168 
f 1675 2170 9748 
f 9079 3505 1701 
f 9191 9728 8359 
f 5989 1081 4522 
f 2123 5424 9743 
f 4487 2083 348 
f 6184 7534 10640 
f 10651 61 5115 
f 8519 7384 3402 
f 1745 1706 2515 
f 6321 10465 5670 
f 4842 1003 4047 
f 10240 9732 10388 
f 4976 2388 4692 
f 8750 1756 9309 
f 5127 4660 4978 
f 287 211 241 
f 9243 9340 6880 
f 10275 86 5769 
f 1715 1712 1797 
f 1940 1801 1895 
f 4984 4663 4983 
f 5846 1259 5848 
f 6108 5827 5826 
f 5992 5564 5836 
f 8607 1679 2251 
f 6072 4447 9010 
f 5009 661 4907 
f 3514 2677 411 
f 6397 5899 6208 
f 1712 1572 1605 
f 4659 4816 4978 
f 5276 5273 5686 
f 7444 6337 1789 
f 7857 1260 7858 
f 6973 1274 7170 
f 5552 5407 2645 
f 10712 10347 4942 
f 6565 6288 6286 
f 384 3218 2748 
f 4983 5279 5132 
f 3623 5067 9165 
f 4983 4662 4821 
f 3132 9445 4904 
f 7400 7399 7508 
f 9601 8687 3141 
f 7666 7319 6210 
f 59 4695 8284 
f 7400 7169 7168 
f 6279 5836 6277 
f 7909 7816 7716 
f 912 2871 7762 
f 6558 4792 4620 
f 3871 9475 4666 
f 10385 7886 8319 
f 10685 4558 5633 
f 10541 10473 10503 
f 55 53 904 
f 8987 6771 528 
f 10580 2526 10583 
f 1222 10628 1216 
f 8713 809 505 
f 5415 6182 1951 
f 3060 2859 2858 
f 1328 1290 1326 
f 2422 2122 2121 
f 10335 7518 5909 
f 8859 845 9050 
f 6897 3231 9406 
f 9881 5998 4802 
f 2189 4558 2549 
f 3294 3295 3491 
f 3536 718 4576 
f 10631 4750 2811 
f 6219 4610 2077 
f 989 9054 5200 
f 5901 959 8203 
f 5671 1638 8912 
f 4434 6987 1404 
f 7966 7874 8058 
f 1409 10592 7552 
f 5596 8327 8415 
f 7774 7771 7958 
f 9077 10081 6862 
f 10548 101 10678 
f 10204 10422 10205 
f 10224 7080 1409 
f 2478 1434 9825 
f 5607 10697 10699 
f 4188 8636 9116 
f 5261 5804 6092 
f 6626 539 10007 
f 2686 2688 4259 
f 3433 5519 8256 
f 1320 9267 865 
f 9060 6479 4729 
f 10329 10328 10539 
f 5507 2498 2270 
f 4095 9617 4101 
f 9979 8772 9982 
f 9978 9941 71 
f 4785 2446 2428 
f 1706 10490 2282 
f 7399 7166 7504 
f 10331 8146 4933 
f 1689 5255 10491 
f 5843 3323 1995 
f 2007 4909 7748 
f 1958 6975 6742 
f 4907 9207 2108 
f 4658 854 9467 
f 1350 1939 2195 
f 443 4940 4941 
f 158 2675 4875 
f 1396 1360 1472 
f 6028 443 4299 
f 4941 4890 443 
f 1566 7892 9522 
f 1801 1716 1800 
f 6061 8396 6618 
f 841 780 1798 
f 4197 4529 3803 
f 2946 1803 1896 
f 8353 1650 1614 
f 3669 7474 10023 
f 1830 5245 7929 
f 4594 4637 4903 
f 1760 8952 4547 
f 10026 1824 5419 
f 3926 6592 2245 
f 7529 4906 7528 
f 3308 7507 1166 
f 10263 10262 10253 
f 2099 2101 6295 
f 544 1346 2971 
f 2402 2868 1079 
f 8445 4289 386 
f 913 7279 957 
f 2614 4998 1652 
f 734 981 2126 
f 4180 4137 4224 
f 8706 1756 6621 
f 7512 7511 7601 
f 9798 1523 7466 
f 3835 6718 5525 
f 8674 1978 7646 
f 9489 2378 2044 
f 4542 4488 4486 
f 9365 2308 9611 
f 3012 5860 8612 
f 7500 20 9053 
f 6333 7592 10247 
f 8819 8820 7417 
f 2579 1836 1662 
f 6523 4112 10481 
f 6275 437 5735 
f 141 70 69 
f 3821 452 9228 
f 2515 1706 10091 
f 1990 10233 2861 
f 2460 9323 1118 
f 9941 67 5507 
f 8429 8340 8427 
f 4961 4799 4798 
f 8048 6472 7771 
f 7127 2219 2585 
f 6623 6163 1443 
f 7359 22 2413 
f 4796 5227 3746 
f 8263 9444 6211 
f 5460 5418 1524 
f 2351 6264 2631 
f 930 680 1569 
f 6483 9688 943 
f 4 6 10243 
f 9807 9858 944 
f 4194 3799 3796 
f 8361 6391 8449 
f 2960 510 5925 
f 8242 4311 3107 
f 6931 2482 8190 
f 6013 46 8342 
f 8046 51 1681 
f 2541 7754 100 
f 4520 4352 4665 
f 2190 7356 8121 
f 6338 7952 2227 
f 6411 6392 4762 
f 1970 1350 7765 
f 5273 5127 4978 
f 7610 7514 7405 
f 6028 4299 9783 
f 9467 2461 4658 
f 5426 4992 5288 
f 1576 1650 8356 
f 1716 1801 1783 
f 5688 5276 5686 
f 10601 10544 10636 
f 2647 3434 6767 
f 5679 5680 5407 
f 3419 6292 2624 
f 4695 9990 478 
f 2915 2916 9520 
f 444 445 380 
f 9803 5997 6122 
f 8708 1452 8889 
f 5075 8953 2194 
f 10678 104 10012 
f 7614 7711 7616 
f 3619 3436 3028 
f 8084 5233 5711 
f 3444 1676 3342 
f 9970 7924 5727 
f 6421 833 8690 
f 834 1097 5265 
f 8575 8458 2615 
f 6965 5650 1426 
f 9002 8117 8178 
f 9528 10100 1322 
f 9066 5179 6283 
f 4806 6692 5300 
f 10278 10200 10150 
f 4197 3991 4360 
f 8590 8490 8316 
f 2264 9419 9340 
f 66 69 601 
f 2730 7949 931 
f 5349 3828 3827 
f 1313 2751 1312 
f 3235 2687 5029 
f 4870 10325 5477 
f 8709 5239 407 
f 9581 9634 9632 
f 8415 6667 5596 
f 4114 4783 7054 
f 2765 2764 2850 
f 4517 4168 4662 
f 1912 1788 1616 
f 3273 6114 6835 
f 5070 8352 2162 
f 1338 1304 1227 
f 4688 6520 9447 
f 1647 7877 2519 
f 2377 1543 2490 
f 2290 2288 1920 
f 9869 9804 5112 
f 10299 5664 1960 
f 1986 364 9073 
f 4510 1979 1967 
f 9174 3480 10418 
f 9910 6861 9909 
f 3623 9165 7787 
f 2168 4738 6292 
f 4539 4441 5328 
f 9523 3361 6468 
f 240 3908 2442 
f 2452 4879 10613 
f 2342 2180 7807 
f 272 1485 1833 
f 4189 931 2821 
f 3489 3930 6179 
f 9675 9766 9767 
f 3466 8627 2516 
f 2373 2370 2691 
f 2671 2342 4649 
f 5758 100 8138 
f 9838 5670 10483 
f 8212 2575 5937 
f 2145 2147 9426 
f 7203 8657 9042 
f 10016 9441 9963 
f 4833 4292 5061 
f 6885 3016 3058 
f 4697 6736 2067 
f 6274 9624 3173 
f 1350 2195 4945 
f 8405 1555 7765 
f 4940 9467 4941 
f 10143 10194 2463 
f 7951 825 7107 
f 10038 10706 9679 
f 8662 10466 9633 
f 4599 9614 8203 
f 2946 1896 1971 
f 1763 7731 7559 
f 9453 3953 6776 
f 8434 3117 5606 
f 3419 8914 8891 
f 10072 2212 3537 
f 6832 7639 4010 
f 5223 1443 10400 
f 10335 5909 10256 
f 6661 1357 10144 
f 7326 4727 1754 
f 3095 6811 3446 
f 10430 10318 10295 
f 8256 5519 5654 
f 2111 2920 10527 
f 1874 9580 1374 
f 7016 7130 1941 
f 6327 5112 157 
f 9843 9137 8605 
f 2349 4370 1744 
f 5789 6989 2229 
f 2490 2083 1646 
f 8940 5682 8605 
f 1952 1522 1369 
f 2780 9409 935 
f 10653 10155 944 
f 9769 9701 9611 
f 1731 1992 2861 
f 7130 8143 2004 
f 1994 1992 772 
f 9419 1602 3188 
f 9924 2094 2465 
f 4992 4672 4671 
f 1330 1361 10370 
f 7823 2038 3770 
f 4750 3588 3634 
f 2625 7717 9556 
f 5967 6091 4408 
f 656 7239 9502 
f 3821 9228 1618 
f 8754 162 1924 
f 5876 1984 4200 
f 5234 3181 4935 
f 2332 2124 5845 
f 1800 1797 1858 
f 5806 6210 7319 
f 1754 4727 10305 
f 2370 1371 2691 
f 2135 1362 897 
f 4017 4746 1368 
f 2296 1158 10632 
f 2381 2119 2204 
f 618 2115 2456 
f 2866 72 2270 
f 4 2285 6 
f 8343 3787 2899 
f 759 580 735 
f 9713 8479 6877 
f 2194 854 5075 
f 7460 7639 7618 
f 1471 4404 7766 
f 7841 7618 7837 
f 6870 6791 7245 
f 6775 6414 9803 
f 6662 4217 1425 
f 4940 443 9654 
f 4109 1973 2024 
f 5835 5562 5833 
f 7291 7172 7290 
f 1856 1795 1889 
f 8037 10473 10356 
f 10182 9685 10277 
f 3538 2043 10658 
f 10541 10504 10473 
f 5283 5285 5135 
f 6329 2707 1455 
f 7232 3289 2749 
f 1139 1213 1020 
f 254 1297 1438 
f 634 545 3979 
f 2254 10071 2145 
f 5407 5552 5123 
f 8706 2549 10685 
f 1256 335 140 
f 5273 5123 5552 
f 6562 9803 6122 
f 6820 3785 2933 
f 1801 1940 1803 
f 4977 13 4096 
f 6004 6289 6421 
f 9906 6002 6289 
f 8120 39 4198 
f 6972 6973 6764 
f 4821 4981 5279 
f 3619 3806 3436 
f 2064 2022 2000 
f 5836 5564 5835 
f 5710 5300 5299 
f 3876 3203 1103 
f 6284 5997 9803 
f 6502 3442 1580 
f 4867 522 164 
f 6055 6944 6788 
f 2065 4341 1732 
f 2675 2134 2988 
f 3886 4178 5334 
f 9293 9438 7028 
f 5359 7047 169 
f 8211 2744 668 
f 4341 1528 4236 
f 9074 9027 9129 
f 3763 301 3762 
f 3557 3287 3284 
f 2868 1816 7458 
f 4641 10521 10152 
f 8271 6652 10649 
f 1881 2346 1908 
f 7098 6317 6318 
f 2191 2245 6585 
f 1817 7588 5746 
f 302 2620 8953 
f 847 2064 2000 
f 789 188 192 
f 5411 2183 5974 
f 2111 2219 7127 
f 10507 3399 10659 
f 2135 897 1933 
f 9446 7615 7727 
f 8523 10387 9252 
f 144 837 1925 
f 3599 3304 4414 
f 5723 7949 2730 
f 1175 3131 8295 
f 993 1967 1979 
f 10229 9937 10083 
f 2387 1979 4326 
f 5239 1514 1438 
f 282 4140 5080 
f 2286 1965 2273 
f 506 4261 8765 
f 4009 4014 4034 
f 6745 1153 1028 
f 9610 9573 9609 
f 1816 2868 2402 
f 3382 6369 6654 
f 9176 520 4760 
f 1994 8395 1992 
f 9591 9349 581 
f 8024 7793 7790 
f 7373 7478 7576 
f 2784 5216 1949 
f 1431 1630 1500 
f 7209 1555 9783 
f 6454 2021 4494 
f 374 1663 4272 
f 2463 10194 10193 
f 895 4541 1659 
f 1576 1614 1650 
f 1970 7765 5268 
f 1939 1858 1893 
f 7765 1555 1191 
f 9041 10166 2088 
f 537 5680 623 
f 1669 6608 6329 
f 2071 1312 2072 
f 1679 8607 246 
f 4977 2693 1781 
f 4880 10030 4881 
f 8967 2730 1753 
f 9068 9687 5795 
f 1054 1943 2925 
f 6899 9054 8576 
f 2126 2125 2207 
f 2818 6818 1731 
f 1852 342 8917 
f 6781 3106 3105 
f 628 2634 3674 
f 6020 5465 6841 
f 2353 2356 4924 
f 4303 9802 9717 
f 7130 7016 1904 
f 9412 5413 7439 
f 9105 9521 9168 
f 8957 5303 8486 
f 4193 1298 10714 
f 2690 8697 1864 
f 8491 5245 1830 
f 7164 1421 1663 
f 9948 6766 8020 
f 3897 3110 2819 
f 3616 4246 3540 
f 628 7500 9502 
f 316 1736 1403 
f 10285 4387 7745 
f 1425 1152 4448 
f 10384 9587 945 
f 6163 6165 1530 
f 8467 2066 1191 
f 8301 8362 884 
f 7576 7478 274 
f 10358 10278 10356 
f 2485 41 40 
f 1809 2630 6264 
f 6202 1017 7364 
f 7054 8784 4298 
f 1721 2735 2816 
f 7237 5411 6643 
f 5093 8442 3719 
f 9061 2662 1809 
f 6740 6700 9136 
f 6143 8573 1984 
f 9913 10415 7839 
f 6117 4670 297 
f 8305 2065 2147 
f 7645 24 10490 
f 3118 3032 7949 
f 6844 7041 6969 
f 2064 847 1732 
f 4191 4194 3796 
f 201 1785 2228 
f 9556 7717 3179 
f 4130 3303 3136 
f 698 5886 3873 
f 3064 868 7293 
f 1748 9265 1791 
f 1889 2247 1893 
f 476 2164 6683 
f 2168 9953 3157 
f 7847 532 8260 
f 1686 1763 3724 
f 4197 3803 3801 
f 2404 2412 2008 
f 7514 7408 7405 
f 8385 1179 1767 
f 8600 3419 4109 
f 5833 5988 5835 
f 2307 153 2480 
f 7291 6866 6768 
f 7985 5065 5334 
f 8513 8387 8512 
f 10606 10550 10575 
f 7065 7185 3306 
f 3399 6723 2928 
f 7166 7399 7168 
f 2821 4120 4189 
f 2036 7654 5278 
f 2302 426 1168 
f 4698 10287 9592 
f 6358 405 65 
f 6412 6562 6122 
f 2631 2630 2415 
f 3785 6820 6400 
f 2076 2662 831 
f 1545 6152 9385 
f 10469 3676 395 
f 1596 1430 1594 
f 4703 4045 2920 
f 5995 665 6122 
f 1351 1307 1382 
f 4806 5300 5579 
f 6652 8271 9993 
f 540 6649 9372 
f 3801 3991 4197 
f 9737 4094 1164 
f 6760 2425 2428 
f 2971 1346 593 
f 165 172 77 
f 1079 2446 1367 
f 7006 1129 10618 
f 5850 5579 5300 
f 5415 1990 6182 
f 1602 2655 3191 
f 6065 5043 6172 
f 2443 3983 2081 
f 1345 1189 1265 
f 10414 8464 10346 
f 6426 2189 3102 
f 6596 6351 4380 
f 1521 3516 6999 
f 6166 5964 5526 
f 3893 3889 3503 
f 9018 8932 3752 
f 2639 3009 6317 
f 5366 3831 5560 
f 3671 10529 6622 
f 4599 8060 1908 
f 1990 2861 8395 
f 2895 5684 7773 
f 8783 5576 8889 
f 4624 7843 7844 
f 1307 1267 1306 
f 5328 5047 3846 
f 2715 2197 7228 
f 492 615 6730 
f 4845 79 2588 
f 6802 4685 9703 
f 5990 6880 9419 
f 9976 6881 9975 
f 362 970 967 
f 6010 5349 4052 
f 1275 1242 1311 
f 7000 9015 3876 
f 2315 6354 8505 
f 1679 1650 1779 
f 8373 653 8859 
f 10234 4965 5603 
f 10567 3364 5056 
f 9432 4319 9136 
f 10571 330 10142 
f 6502 2564 3968 
f 5674 5106 7269 
f 3552 4692 5111 
f 1688 257 1240 
f 5582 5111 8009 
f 5593 1731 6818 
f 9563 1150 303 
f 1507 305 300 
f 2740 891 5538 
f 1900 2032 2367 
f 9955 4080 2814 
f 1809 10425 2474 
f 4306 3052 4268 
f 1951 3625 5415 
f 2155 335 3106 
f 2415 2412 2631 
f 6921 6920 7122 
f 6191 9734 846 
f 3672 6229 3276 
f 7543 7542 3205 
f 1923 5353 2310 
f 1249 1317 33 
f 10243 6 7 
f 557 346 6350 
f 9918 3967 9139 
f 6789 9059 7712 
f 10571 9 71 
f 2343 2180 2430 
f 4471 6751 120 
f 6192 2746 8195 
f 10527 4045 3671 
f 6542 3792 9758 
f 285 8983 1851 
f 7749 1686 10090 
f 2637 1786 4875 
f 2244 6519 2402 
f 5716 10463 2433 
f 6811 3095 6723 
f 9670 9622 9668 
f 4882 4165 1730 
f 4587 6012 3866 
f 6276 6407 6277 
f 6789 7533 9059 
f 4897 5629 4861 
f 9806 7787 9071 
f 5612 9628 8634 
f 6400 701 5419 
f 1870 9423 2118 
f 10444 10294 10292 
f 10196 10274 10198 
f 2950 2779 940 
f 537 1060 1837 
f 1923 2502 2667 
f 4901 4970 5572 
f 4582 6446 10448 
f 7788 10701 7882 
f 5669 631 753 
f 9099 9049 9160 
f 7827 686 4172 
f 5985 6551 6113 
f 2286 6011 2475 
f 503 7011 381 
f 9726 9645 9463 
f 5273 5552 3733 
f 5693 5691 5831 
f 7382 7584 7682 
f 1319 7151 8543 
f 814 763 691 
f 6853 7504 6966 
f 95 2107 1904 
f 2153 8934 2647 
f 3803 3227 3801 
f 5290 4993 5426 
f 5287 5699 5288 
f 6370 1644 6088 
f 2606 1915 1528 
f 6116 5835 5988 
f 6555 6768 6407 
f 8001 9011 7834 
f 1165 2164 1496 
f 10237 3791 7967 
f 6972 6664 6971 
f 9843 329 9131 
f 2499 10463 1187 
f 6562 6774 6775 
f 8819 7417 10190 
f 2148 2164 2074 
f 3015 932 3017 
f 4770 351 6909 
f 7519 7614 7616 
f 5997 199 5995 
f 3081 5175 4401 
f 10532 1848 8782 
f 5844 2537 2372 
f 565 2483 9914 
f 2274 2563 2573 
f 605 9309 5634 
f 1883 2155 6781 
f 10335 10459 8582 
f 5568 5699 5839 
f 7816 7623 7716 
f 916 954 955 
f 10656 6983 8634 
f 6934 10648 164 
f 5054 10507 10659 
f 7736 5479 7662 
f 999 4463 7992 
f 248 238 734 
f 5146 285 996 
f 5430 5143 5704 
f 6776 10382 540 
f 9567 9421 9527 
f 7135 7455 9145 
f 4284 8207 10615 
f 2737 1053 2736 
f 6284 9803 6414 
f 5086 10413 2475 
f 2458 2204 618 
f 9859 1892 3454 
f 33 8997 1131 
f 3237 3214 2543 
f 10525 10661 788 
f 9568 9673 9569 
f 1584 9983 1575 
f 4213 4540 4375 
f 2800 7219 3919 
f 7952 2161 2225 
f 809 5648 2942 
f 1371 2676 6011 
f 2670 2171 2671 
f 4932 3374 751 
f 8079 167 7791 
f 6603 6602 5817 
f 5912 391 4833 
f 5799 4682 5055 
f 7416 8970 8601 
f 8438 10453 7631 
f 9331 914 912 
f 5937 6218 8212 
f 9766 9776 9767 
f 10664 1142 7027 
f 2256 2591 3775 
f 3062 2244 1761 
f 10435 6790 6233 
f 4463 8930 8978 
f 2624 207 9040 
f 4536 8467 1634 
f 9328 6032 8463 
f 5617 2433 1049 
f 1742 3501 3498 
f 1191 1555 7209 
f 5988 5833 5831 
f 926 3294 3082 
f 901 4265 8291 
f 3363 6605 2488 
f 4034 5590 4736 
f 9960 6679 2212 
f 1895 1800 1858 
f 5112 9823 157 
f 10163 3306 1129 
f 9646 9466 9645 
f 5767 6055 10291 
f 6636 6735 6737 
f 8613 841 1165 
f 3888 3501 3503 
f 10256 632 6863 
f 7249 7042 2150 
f 7645 2762 481 
f 2059 10578 553 
f 1367 2606 1905 
f 8189 2174 5392 
f 854 4658 4777 
f 2064 1732 4341 
f 10102 5400 4943 
f 5624 5969 5968 
f 8691 7888 8886 
f 5817 6602 10562 
f 52 1261 216 
f 1079 2244 2402 
f 8834 1036 8832 
f 4586 5334 4178 
f 6492 5940 7550 
f 8967 3304 2417 
f 1626 3518 7657 
f 4503 10481 4112 
f 4695 4397 4694 
f 3899 2997 3896 
f 405 2278 65 
f 10571 9656 9 
f 61 10651 4504 
f 7526 2738 10031 
f 4198 8707 8120 
f 334 925 5369 
f 642 1577 1209 
f 10244 10323 10088 
f 1881 2590 2346 
f 3264 7016 3285 
f 2629 7008 4645 
f 2496 713 6346 
f 1639 5979 2948 
f 4459 7843 9155 
f 2251 1779 1805 
f 4891 9533 6427 
f 7559 5083 10440 
f 1165 9929 2168 
f 9254 9160 9253 
f 8575 10669 8458 
f 8447 6618 7731 
f 2437 7046 6274 
f 1720 2436 9520 
f 8945 8772 8879 
f 4576 718 9665 
f 540 10382 21 
f 1014 7033 404 
f 51 1974 904 
f 8807 8911 8348 
f 8549 8515 8711 
f 3313 8400 9943 
f 5979 9361 9317 
f 9925 418 677 
f 2554 9656 10571 
f 5845 2285 2676 
f 339 4036 9674 
f 907 1007 952 
f 8588 8487 8585 
f 10327 6789 7712 
f 2369 2296 2101 
f 2550 2017 7458 
f 5988 5831 6113 
f 2119 1959 2204 
f 1158 2296 2112 
f 5564 5562 5835 
f 6807 9916 5989 
f 4826 4665 4984 
f 6269 6550 6271 
f 4050 760 3384 
f 115 116 47 
f 965 882 10563 
f 4512 4511 4659 
f 4852 8060 3264 
f 5285 5283 5562 
f 4993 4672 4992 
f 9070 8946 6057 
f 8987 1898 6771 
f 4013 182 879 
f 8431 8432 8345 
f 4852 6148 9798 
f 8240 5596 8329 
f 1793 540 9372 
f 2981 8454 3768 
f 8581 8511 8510 
f 7172 6973 7170 
f 6125 1259 5846 
f 5783 1728 6525 
f 476 1496 2164 
f 5386 5345 5344 
f 681 3627 5711 
f 7522 7414 4493 
f 7476 7002 7800 
f 9534 9040 8959 
f 3157 2869 207 
f 7620 7619 7715 
f 278 2973 420 
f 8959 9490 603 
f 6869 7092 6774 
f 5831 5985 6113 
f 4363 3803 4529 
f 8596 8468 8593 
f 2105 8987 3861 
f 6550 6664 6763 
f 1779 1650 1783 
f 9953 1799 10698 
f 2194 3905 4890 
f 6184 710 6725 
f 10498 6469 1598 
f 560 10006 4734 
f 4372 5303 8957 
f 2135 2273 1362 
f 1933 3106 335 
f 8706 10685 5634 
f 2464 3310 2385 
f 5275 503 381 
f 8963 8892 5357 
f 8074 8010 8111 
f 606 757 642 
f 9742 5974 2238 
f 4933 8146 10656 
f 3419 8891 4109 
f 9799 9819 9820 
f 7673 5832 8365 
f 7545 835 8560 
f 4381 5317 3071 
f 7525 166 7457 
f 4326 3304 8967 
f 3130 3133 3038 
f 6304 6580 5153 
f 5311 4521 10010 
f 4102 5088 5136 
f 9741 2116 4786 
f 8270 1367 2513 
f 4233 5282 4257 
f 3501 6172 5043 
f 10222 5796 4625 
f 2525 2367 2362 
f 4220 8463 6032 
f 6214 1560 7728 
f 4097 6201 8182 
f 4286 3489 3844 
f 2197 7828 7228 
f 5375 6854 6660 
f 7024 6960 7023 
f 6287 1109 4111 
f 2897 591 8413 
f 651 10704 10613 
f 10475 4413 2686 
f 2028 9115 10060 
f 782 4770 6909 
f 960 6392 6411 
f 2594 5212 6285 
f 4096 3703 4255 
f 8926 5483 5176 
f 6567 5005 5889 
f 9280 397 5178 
f 7317 9784 584 
f 10288 10155 10512 
f 7957 9894 9995 
f 7180 3391 6888 
f 7961 10239 8723 
f 9355 3722 8281 
f 1374 7338 5459 
f 2147 9934 8305 
f 4704 4656 5828 
f 918 5906 10043 
f 2619 2618 6781 
f 8571 3940 3368 
f 8242 6151 3451 
f 5748 10347 10712 
f 6947 7458 2017 
f 10157 10024 5748 
f 10582 468 5602 
f 2128 2484 2210 
f 10236 1546 4793 
f 7227 8990 8142 
f 10546 10509 10544 
f 10365 1023 693 
f 5065 3279 4394 
f 4921 3985 4270 
f 6618 7559 7731 
f 2130 3981 1945 
f 10088 10087 10244 
f 2655 527 1941 
f 6671 6557 6666 
f 3608 8974 9173 
f 9502 2634 628 
f 3371 5671 3867 
f 3613 3650 3696 
f 3213 1934 2356 
f 1843 9431 516 
f 324 596 10577 
f 8928 8760 6761 
f 2784 1014 404 
f 1603 1571 1641 
f 9129 9027 9125 
f 475 710 1246 
f 5105 8128 2314 
f 1402 1813 8848 
f 460 2427 2426 
f 10384 9180 4653 
f 3671 4045 4046 
f 5240 9200 935 
f 179 3716 1101 
f 1282 3126 1456 
f 10215 6334 6472 
f 2230 2256 2255 
f 736 134 9471 
f 3322 7101 2725 
f 3339 6230 6339 
f 2621 813 2255 
f 7018 7093 7022 
f 7154 7087 7153 
f 10609 3779 2386 
f 2973 7196 9305 
f 2288 2618 1920 
f 470 9994 9931 
f 3963 10650 8681 
f 2950 1754 8275 
f 1618 10321 3821 
f 335 194 2269 
f 9934 2147 2145 
f 5691 5417 5557 
f 10706 10038 8016 
f 580 623 735 
f 5833 5693 5831 
f 2101 2182 2343 
f 1827 837 335 
f 6197 9989 2916 
f 850 735 755 
f 6550 6551 6271 
f 4985 4984 5132 
f 3377 693 7940 
f 5126 9791 2321 
f 3494 3488 8097 
f 5033 4480 7659 
f 5056 6907 1115 
f 5000 2599 8254 
f 4816 755 5273 
f 1917 2866 2867 
f 4985 6638 5283 
f 5825 433 6105 
f 2446 179 6641 
f 10002 1362 1364 
f 10570 6818 5990 
f 2918 4117 75 
f 1602 9419 2264 
f 8877 6785 9465 
f 706 490 6995 
f 1635 2057 1879 
f 2003 527 2264 
f 3651 7622 7305 
f 1260 7857 800 
f 6780 6685 6569 
f 3327 1851 776 
f 5212 2594 13 
f 1096 4415 1137 
f 1333 2893 1424 
f 3105 10002 2571 
f 6114 4649 6835 
f 9575 10712 8078 
f 5354 341 8895 
f 10264 10406 8550 
f 8413 4501 2468 
f 1941 3285 7016 
f 7866 10498 6687 
f 2270 71 9941 
f 8125 8034 5918 
f 2455 2269 194 
f 365 5830 10339 
f 10400 1443 7524 
f 7956 3083 517 
f 2383 1546 8846 
f 2898 1491 2374 
f 3460 1936 10573 
f 8798 9575 2175 
f 8425 8426 7367 
f 2866 2402 2867 
f 6145 3273 7807 
f 3070 7423 7626 
f 517 10147 4205 
f 2270 9941 5507 
f 4776 5612 5773 
f 491 6778 7030 
f 7638 3008 8870 
f 3631 4232 4227 
f 2041 2374 2540 
f 4747 3668 2682 
f 9089 997 6722 
f 775 692 2762 
f 9274 7071 7069 
f 10345 8611 8704 
f 7588 5745 5746 
f 10236 7996 1546 
f 10091 3775 2591 
f 3827 5338 5349 
f 753 3191 2334 
f 7230 2658 1762 
f 1123 1534 7740 
f 2733 382 2553 
f 9961 9895 10109 
f 1917 2571 8817 
f 1738 1906 9676 
f 2235 9427 10144 
f 1399 3176 10697 
f 8181 9987 8108 
f 8515 8461 8546 
f 5474 12 2970 
f 10144 1357 2235 
f 4439 64 262 
f 5353 1923 4943 
f 5756 7292 9000 
f 8502 6822 2348 
f 7996 8846 1546 
f 4758 2218 2254 
f 206 1869 4318 
f 305 2637 300 
f 3721 3637 3753 
f 9564 5144 7573 
f 6374 488 6368 
f 1606 10419 10395 
f 772 1992 126 
f 9981 5212 1558 
f 10002 4958 2143 
f 7517 7743 526 
f 346 555 1542 
f 1118 9323 1484 
f 4328 6995 2948 
f 2904 1709 7721 
f 806 2999 3701 
f 3836 2590 2360 
f 8886 7888 961 
f 2786 3301 3690 
f 3276 6229 3272 
f 3317 5878 8023 
f 10454 8595 8594 
f 3083 7956 8969 
f 6209 468 8548 
f 2999 4641 5905 
f 9847 6130 7480 
f 162 9921 9924 
f 1640 7635 8448 
f 4718 6595 4712 
f 338 126 150 
f 10651 1816 9827 
f 3056 3016 3014 
f 6621 209 210 
f 7541 7718 8489 
f 2823 1118 5378 
f 10682 5465 1785 
f 3121 5574 6368 
f 1967 734 1631 
f 930 731 701 
f 75 72 2918 
f 3453 3925 3168 
f 4753 8829 7004 
f 4682 5799 4622 
f 6701 8791 9408 
f 6305 8700 5168 
f 2180 2342 2430 
f 10216 9332 9386 
f 9417 3790 1813 
f 8876 7932 1250 
f 3977 5515 1107 
f 8738 7276 5180 
f 582 3474 5760 
f 5822 7141 7251 
f 2945 57 9802 
f 6079 6104 8569 
f 2271 5788 921 
f 10199 6259 7604 
f 1383 5232 250 
f 63 8479 9713 
f 6198 9434 9998 
f 8188 4842 7655 
f 9333 9237 9332 
f 7657 7039 1626 
f 4294 756 9555 
f 8547 3218 384 
f 3350 8548 5643 
f 95 1904 7016 
f 9743 5424 914 
f 10075 3510 10537 
f 4341 4236 2064 
f 7723 3377 7940 
f 2670 10102 2667 
f 950 1383 1247 
f 2560 2393 6051 
f 2474 734 238 
f 8454 2981 5234 
f 6855 5628 1876 
f 2455 1371 6420 
f 6295 6789 10327 
f 2273 1364 1362 
f 6001 5975 6948 
f 9584 9623 9694 
f 10232 9970 2962 
f 8041 1458 5851 
f 8327 8414 8415 
f 8203 9614 5901 
f 5591 10453 458 
f 10142 2554 10571 
f 8615 1032 4590 
f 15 9981 2260 
f 9456 657 1100 
f 98 1897 9140 
f 5971 2702 9345 
f 8985 6594 1668 
f 4746 4704 10158 
f 8234 4063 7181 
f 4948 3913 8956 
f 3974 10456 10457 
f 1484 4404 1118 
f 1901 8891 2434 
f 9883 9881 9876 
f 1371 194 2559 
f 9223 7667 715 
f 2395 4165 3549 
f 1771 8689 8623 
f 5255 5385 8290 
f 429 10152 10521 
f 9992 8959 9040 
f 3870 9206 10152 
f 8373 3978 6339 
f 6167 9557 9558 
f 7196 9538 5583 
f 6562 6412 6773 
f 10692 9566 10249 
f 8410 8362 8300 
f 833 6686 8690 
f 1544 5785 475 
f 5526 5824 7409 
f 6004 9906 6289 
f 5963 6035 6037 
f 5568 5840 5702 
f 9303 10090 1174 
f 199 5704 5290 
f 613 8665 8666 
f 7619 7522 4493 
f 3023 184 1488 
f 8511 8581 1036 
f 1999 1996 1394 
f 4224 1065 4180 
f 3968 7921 8302 
f 5091 2699 10548 
f 4679 1055 4205 
f 2231 2057 1635 
f 2494 10521 4641 
f 1580 3442 7009 
f 1771 8614 8689 
f 4499 4606 9605 
f 5188 10647 6380 
f 8578 699 1878 
f 330 2270 72 
f 7860 4806 728 
f 9719 9735 546 
f 6305 5168 1733 
f 4427 10 447 
f 3149 3688 7819 
f 8483 3712 8951 
f 4073 2098 4686 
f 3285 6148 4852 
f 9178 9234 9373 
f 1373 1341 1304 
f 3382 8463 10713 
f 8310 6893 8385 
f 10063 9574 10004 
f 8615 196 3356 
f 3617 5236 6495 
f 7131 10379 10645 
f 5622 6401 2553 
f 4699 554 10404 
f 6545 1048 4954 
f 5080 901 4266 
f 1733 2153 6305 
f 10411 10110 10109 
f 3490 6713 3844 
f 6349 3777 10646 
f 5347 6206 4391 
f 7641 4698 2617 
f 9442 7075 4525 
f 4882 3102 3547 
f 5505 4411 168 
f 1994 162 8754 
f 6328 10154 7404 
f 9280 8488 317 
f 3893 5353 4943 
f 2288 1882 2618 
f 9766 9692 9738 
f 4745 9857 10441 
f 7722 1390 10201 
f 6587 5892 8147 
f 2100 9591 3354 
f 2052 7486 2011 
f 8061 8058 8233 
f 3022 10456 3974 
f 8231 8054 8229 
f 2187 7370 3510 
f 6592 3446 6811 
f 1993 497 2786 
f 7838 5543 4749 
f 491 3317 9269 
f 5873 6027 5884 
f 4570 4271 4571 
f 7468 8796 8357 
f 8059 8057 8151 
f 2076 2042 2420 
f 1702 1278 2608 
f 482 4583 3631 
f 4788 3389 9322 
f 9677 9660 9586 
f 478 2529 2821 
f 8651 8705 8774 
f 3145 10678 10012 
f 7500 628 5791 
f 5230 3742 8438 
f 5678 6321 5670 
f 338 150 1925 
f 10370 1435 1437 
f 1 4117 3 
f 7855 7004 5363 
f 7417 9533 7666 
f 9693 9239 9504 
f 6896 2569 8364 
f 423 434 520 
f 4166 9593 2392 
f 6306 6531 8403 
f 995 9076 4451 
f 2912 4618 2720 
f 9120 4188 1794 
f 19 8547 5778 
f 1753 3780 2387 
f 7224 6301 10304 
f 2204 1959 1520 
f 2594 9978 3703 
f 8749 132 10682 
f 974 9149 3416 
f 4641 10152 9206 
f 1884 2417 2240 
f 201 4531 10682 
f 1962 930 1569 
f 2207 1962 2206 
f 7567 6214 8578 
f 7324 9442 5745 
f 1377 4739 6332 
f 2269 1933 335 
f 5601 53 8976 
f 10166 9041 9512 
f 6526 6558 6983 
f 1867 8251 6600 
f 930 701 680 
f 6017 7928 4288 
f 1256 2668 2559 
f 721 4626 664 
f 9124 9028 5888 
f 2676 4900 3582 
f 2366 2095 2797 
f 4739 3273 6145 
f 3279 9423 1954 
f 6989 502 2229 
f 4149 4148 5244 
f 2332 2502 4255 
f 9299 9038 1449 
f 6951 7413 2238 
f 4648 4685 4687 
f 2204 1520 618 
f 223 5954 5813 
f 1834 5871 5867 
f 3670 5777 1187 
f 10282 10279 10431 
f 1178 9839 1171 
f 209 8750 1569 
f 2861 1992 8395 
f 6985 5556 10068 
f 4541 4565 1095 
f 6599 3433 8256 
f 2804 3760 2005 
f 6759 6398 6660 
f 8432 8635 8637 
f 4962 9866 10492 
f 817 741 815 
f 6853 6756 6963 
f 8447 6061 6618 
f 8244 8164 8331 
f 9286 8742 10517 
f 3307 127 843 
f 1996 9921 162 
f 3733 5552 2645 
f 1463 2124 1464 
f 3273 4739 6114 
f 6924 2788 2758 
f 10212 10360 9381 
f 4821 4512 4660 
f 68 75 1 
f 10594 2584 1400 
f 2529 3389 5429 
f 2742 7340 4968 
f 10033 8500 8502 
f 8973 10 3758 
f 6540 5375 1424 
f 5702 5426 5568 
f 2585 8064 8960 
f 10705 7445 10666 
f 5995 5840 665 
f 2255 8064 2585 
f 6869 6773 6867 
f 7572 7568 7571 
f 9035 9130 9034 
f 2715 5914 5587 
f 585 3182 5517 
f 2554 68 10243 
f 6978 7408 7516 
f 8766 6063 8904 
f 9369 6575 6574 
f 2331 2395 2404 
f 6277 6116 6276 
f 6412 6675 6773 
f 7638 9616 6467 
f 6131 6004 6421 
f 6002 1259 6286 
f 5809 2776 2981 
f 451 4390 8938 
f 4017 4278 4066 
f 8160 239 1885 
f 1316 1315 1392 
f 6594 8685 1668 
f 1528 1868 1905 
f 5530 6807 4522 
f 6387 3299 6381 
f 1762 7473 7760 
f 1486 674 10419 
f 10048 7478 2150 
f 5667 5551 5020 
f 4038 775 79 
f 8181 2644 9987 
f 9624 6274 7046 
f 1999 2000 9921 
f 5308 2800 3919 
f 2235 1357 1545 
f 8723 3877 4196 
f 1064 6355 1490 
f 4958 2918 2143 
f 7354 4064 8234 
f 4236 2022 2064 
f 2389 2223 7690 
f 5652 5924 5927 
f 10385 10368 6817 
f 9470 5513 311 
f 3446 6592 3926 
f 3732 6998 6996 
f 7586 10593 10670 
f 2254 9426 4758 
f 4165 396 1730 
f 7500 9053 587 
f 1951 1924 373 
f 4042 8970 1826 
f 1959 1569 4169 
f 4341 2065 8305 
f 3429 1107 5515 
f 3537 8037 10072 
f 9060 4729 3287 
f 4117 2918 4958 
f 2393 6350 1833 
f 5340 2504 4159 
f 3813 3839 7432 
f 886 391 3383 
f 2420 2415 2630 
f 5313 8765 3248 
f 3691 2721 6176 
f 4046 4703 4702 
f 4558 4559 5633 
f 6951 3735 5063 
f 2588 79 25 
f 636 743 60 
f 7276 10475 4259 
f 9482 2477 1609 
f 6152 20 7500 
f 2610 2413 481 
f 8497 1211 1577 
f 3554 2696 1687 
f 10137 10373 3664 
f 9094 8943 8986 
f 9798 6148 1523 
f 9656 1463 8033 
f 2591 2256 2230 
f 1371 2370 2441 
f 10711 1475 10528 
f 8064 1781 2693 
f 1977 1827 2155 
f 5472 2925 2606 
f 2260 813 2621 
f 209 6621 1756 
f 9878 9879 7698 
f 1703 6251 4507 
f 753 2333 3191 
f 6581 6915 7202 
f 5010 10338 3122 
f 9966 924 1097 
f 7762 3327 1266 
f 8687 9601 8740 
f 8800 6191 5944 
f 9732 10386 6622 
f 3062 2218 2244 
f 7831 7727 4490 
f 10420 10352 9375 
f 7033 1014 6536 
f 2155 1883 1977 
f 7001 7002 7476 
f 1957 558 1807 
f 3775 10091 2282 
f 6486 6344 6630 
f 8109 8073 2047 
f 1920 1917 2290 
f 6651 8525 5415 
f 9270 2491 3600 
f 9503 429 8700 
f 2441 2343 2676 
f 2124 1463 7 
f 2105 504 8987 
f 7936 6784 10432 
f 4036 10305 7533 
f 2285 4 4900 
f 7376 7581 7484 
f 4387 10285 7009 
f 6789 6295 4084 
f 9059 9787 6879 
f 10243 68 5712 
f 3510 10075 7669 
f 6093 6070 6156 
f 2284 2984 903 
f 6879 239 9059 
f 1449 8417 10423 
f 1516 3548 9117 
f 6447 8531 6409 
f 1201 987 1997 
f 5211 5524 3058 
f 7859 9987 2644 
f 8323 6554 7719 
f 4130 7325 3152 
f 6879 9787 417 
f 5412 1355 5942 
f 6781 2155 3106 
f 4533 8826 2221 
f 4335 949 2284 
f 8849 2805 742 
f 6420 2462 2455 
f 1072 4335 851 
f 5815 6964 3115 
f 8935 6335 1784 
f 6352 8633 10538 
f 3913 4948 10387 
f 4158 8882 8299 
f 6638 4985 5132 
f 9014 5668 4955 
f 8653 4955 9306 
f 8150 8056 8316 
f 6539 562 7904 
f 7891 7890 8027 
f 5656 5551 2320 
f 6859 9416 97 
f 5977 6105 433 
f 9318 9266 9317 
f 6968 6854 6966 
f 8072 7980 7887 
f 2758 1861 4756 
f 5110 4568 8844 
f 1184 2894 4035 
f 7607 7896 7608 
f 9374 8409 9373 
f 5035 5037 4980 
f 1274 7169 7288 
f 6638 5417 5693 
f 4102 5616 5603 
f 8297 3239 8388 
f 3624 6137 5854 
f 5688 5826 5827 
f 8978 8878 4463 
f 9090 8984 8982 
f 3096 6178 1102 
f 8318 6177 6133 
f 9812 1711 1339 
f 9306 9091 8653 
f 1904 2107 10506 
f 599 747 500 
f 1578 6716 6296 
f 2938 2939 2826 
f 3611 2994 3421 
f 148 6133 8726 
f 10231 3200 5131 
f 8153 2713 6653 
f 3651 7305 6988 
f 4317 4269 4222 
f 2902 2939 2977 
f 9049 8949 8947 
f 5149 5510 7556 
f 9347 9284 5971 
f 9258 6669 9208 
f 3048 6360 2917 
f 2509 5621 3890 
f 3757 4083 1471 
f 10026 981 10425 
f 9371 1918 2248 
f 5722 2985 5315 
f 10659 3399 4700 
f 10461 9404 10398 
f 9878 9809 9877 
f 2792 7208 7303 
f 10146 7416 2258 
f 3524 3593 5553 
f 2541 1423 383 
f 9284 9247 9343 
f 9283 9338 9244 
f 9117 3548 8569 
f 5050 6424 10498 
f 8069 771 7123 
f 2848 2850 2799 
f 7056 10709 7055 
f 4527 773 9683 
f 4375 4540 6027 
f 6704 5071 5873 
f 2596 46 7737 
f 6534 5991 6701 
f 331 5002 368 
f 679 2828 1398 
f 3982 10633 9175 
f 2866 2143 2918 
f 2237 2687 3235 
f 2440 900 4335 
f 2765 6375 2727 
f 9933 631 2593 
f 10621 770 10588 
f 10372 3078 10556 
f 6897 9406 3281 
f 5892 5895 5894 
f 3846 7797 927 
f 7834 9011 10139 
f 3231 6898 5211 
f 5003 4960 5653 
f 4968 6917 4799 
f 9224 9583 9832 
f 6977 609 5674 
f 6458 7090 4760 
f 5865 3853 2990 
f 8358 10224 9772 
f 6294 8506 7007 
f 6428 2177 2771 
f 3037 3036 2732 
f 4633 10510 3163 
f 2471 2465 2094 
f 9171 9123 9266 
f 6379 9465 7245 
f 3888 4178 3498 
f 5609 533 9829 
f 4337 7228 7828 
f 9322 3389 9990 
f 1683 10515 3849 
f 2388 1880 6170 
f 5296 4652 4741 
f 3143 6174 10287 
f 1408 312 9137 
f 3919 7021 7020 
f 1975 2934 1723 
f 977 5342 6159 
f 5048 4555 4563 
f 7356 2190 136 
f 6240 2565 6504 
f 1907 4348 880 
f 5280 5408 427 
f 7292 5095 10267 
f 6310 9932 3297 
f 4897 5205 5629 
f 8311 4966 8873 
f 1595 9514 929 
f 6413 7392 6884 
f 9306 801 3116 
f 8417 10179 4772 
f 8285 2830 8643 
f 7540 6518 4708 
f 995 1979 4982 
f 2792 6999 3516 
f 5098 5325 4349 
f 5183 5182 3664 
f 4538 4228 4965 
f 10212 10282 10360 
f 5073 1091 4847 
f 3925 3453 5227 
f 8556 6327 9943 
f 7047 102 143 
f 8763 9264 6142 
f 5994 10707 4211 
f 7864 1853 2243 
f 7577 7375 7373 
f 6211 8866 8263 
f 3074 2941 2977 
f 8505 1586 4427 
f 3171 3031 3169 
f 3284 3556 3557 
f 7798 7687 7891 
f 3608 9173 3784 
f 8271 9988 7836 
f 2717 2713 2785 
f 2873 2783 2826 
f 3134 3089 3133 
f 6681 8757 9291 
f 4047 7885 2192 
f 7100 7421 7308 
f 2905 2835 2878 
f 2878 2877 3080 
f 2881 2839 2909 
f 2982 2983 3080 
f 10402 10193 10194 
f 10216 9333 9332 
f 7556 5510 5509 
f 6844 6969 3365 
f 1039 10137 426 
f 3125 5196 4274 
f 6827 10041 7200 
f 5509 7915 9343 
f 8653 9033 3005 
f 4339 1384 1433 
f 4783 4112 6523 
f 3241 3183 3268 
f 5971 9284 9343 
f 6763 6668 6551 
f 584 10468 3723 
f 6385 3964 4390 
f 9282 9333 9336 
f 622 623 5679 
f 1949 1014 2784 
f 10398 2810 3203 
f 5667 5498 2320 
f 6105 5977 1333 
f 5243 5403 4654 
f 4931 5532 5531 
f 8245 8247 8075 
f 1474 485 1765 
f 9162 9099 9205 
f 7879 3842 5075 
f 9159 9098 9253 
f 10601 10636 10665 
f 3046 3146 3215 
f 6052 8725 93 
f 2885 2796 2845 
f 2957 2922 2956 
f 9116 8636 8896 
f 10215 5763 9636 
f 177 2690 1864 
f 8464 4037 10416 
f 7792 7597 7390 
f 437 2674 5659 
f 4062 3550 10131 
f 2724 3111 6201 
f 6125 5705 199 
f 5074 611 745 
f 2848 2922 2924 
f 4756 6924 2758 
f 7291 7408 6978 
f 6869 6867 7178 
f 9043 8825 8937 
f 6768 6555 6670 
f 698 767 4846 
f 3877 10239 9557 
f 3425 3612 974 
f 1784 8013 8076 
f 7697 4865 5111 
f 5610 4861 5124 
f 10590 3478 7267 
f 5251 2067 726 
f 10376 10199 4062 
f 6569 6288 6682 
f 10380 4828 5673 
f 776 5230 8438 
f 6986 7095 7183 
f 7626 7421 7624 
f 6125 5846 5705 
f 6087 6046 6112 
f 5866 5818 5864 
f 4661 5069 10076 
f 4760 7090 4459 
f 6422 6687 6424 
f 4857 6190 6187 
f 8151 9662 8148 
f 9084 8930 8977 
f 2315 6293 6354 
f 2863 7834 10139 
f 9361 5390 9559 
f 933 7702 8843 
f 4351 7080 10224 
f 9405 10602 9495 
f 2354 4483 2356 
f 4158 8472 8407 
f 4909 2007 6908 
f 2013 3752 8932 
f 9392 128 3504 
f 5472 5119 2057 
f 7656 8007 7750 
f 60 4272 10533 
f 2363 2801 6750 
f 1386 1412 1459 
f 8841 10154 6328 
f 6806 6747 2579 
f 5138 5616 5136 
f 1532 7886 2834 
f 8025 9111 8161 
f 3747 9152 3585 
f 5911 3593 2401 
f 9438 9293 5917 
f 1933 2269 2135 
f 7814 9857 8855 
f 8191 8003 8443 
f 10130 1379 2612 
f 3720 8773 2860 
f 725 6442 9319 
f 8561 10249 5270 
f 6382 10095 5026 
f 3667 6470 5256 
f 9495 9539 9459 
f 4862 9280 5333 
f 9957 9813 10032 
f 1099 9069 128 
f 7213 7119 6603 
f 6081 473 6083 
f 9282 9237 9333 
f 2617 1850 3734 
f 4060 4137 4061 
f 4227 3276 6320 
f 5889 5005 8853 
f 2452 3591 3860 
f 4151 4153 1199 
f 4741 4778 5692 
f 52 7515 1261 
f 6881 9976 3969 
f 7144 7218 7222 
f 2578 6553 3870 
f 3220 3171 3169 
f 3812 8573 4439 
f 10217 10216 8153 
f 1872 6086 6626 
f 4879 7741 4028 
f 9247 9341 9343 
f 2092 1539 10039 
f 3414 1676 3444 
f 9332 9279 9386 
f 10137 1167 1168 
f 7448 8206 1570 
f 2941 3031 2978 
f 6836 6732 6731 
f 8532 9104 8765 
f 1687 2696 51 
f 2712 2783 2902 
f 6497 183 8789 
f 2873 2826 2939 
f 10217 8153 6653 
f 6397 1871 8617 
f 3050 10217 7556 
f 9244 9338 9341 
f 6998 7011 503 
f 2873 2902 2783 
f 2755 2719 2754 
f 6344 6216 5927 
f 3805 3713 3804 
f 10 6739 3758 
f 2756 2702 2755 
f 1042 830 3595 
f 5931 7778 5932 
f 8139 1247 586 
f 3804 3841 3805 
f 8943 8945 8879 
f 3789 6845 3790 
f 10657 10627 10566 
f 3851 6598 8926 
f 2844 2841 2914 
f 9258 9208 9205 
f 752 1039 1651 
f 3034 3035 2907 
f 6314 6389 9358 
f 9160 9049 9159 
f 851 1042 3595 
f 4921 4656 4704 
f 9573 7961 9609 
f 5488 5611 3982 
f 189 1081 188 
f 8673 8724 5599 
f 3226 3328 3228 
f 5160 10555 9255 
f 9254 9253 9295 
f 9944 8322 6964 
f 2921 2847 2887 
f 9408 5281 6584 
f 8714 8664 10677 
f 2645 433 5825 
f 7536 6584 5281 
f 3002 3001 3042 
f 7119 1610 6603 
f 3041 2995 3091 
f 3811 3006 9828 
f 9111 7273 9604 
f 17 8292 5554 
f 6105 1424 6106 
f 597 5815 6375 
f 3733 5825 5686 
f 61 481 2762 
f 6756 6854 6540 
f 2850 2852 2765 
f 2926 2888 2924 
f 5211 6898 7564 
f 6918 6425 3043 
f 1969 1109 6287 
f 2322 5629 6946 
f 10353 10354 9411 
f 7170 7288 7403 
f 4508 755 4816 
f 3766 8481 3767 
f 10633 2761 9177 
f 5691 5557 5984 
f 5279 4981 5414 
f 8407 6601 2732 
f 6867 6866 6978 
f 9118 2333 753 
f 8432 8346 8345 
f 6277 6407 6408 
f 4690 5413 9412 
f 6224 6003 5621 
f 9563 9673 9568 
f 6168 4968 5120 
f 2040 6428 2769 
f 7997 7715 7714 
f 6669 2844 9211 
f 4214 7283 4332 
f 5158 4048 4056 
f 8846 7640 2383 
f 6668 6404 6551 
f 3294 3085 3295 
f 9909 2411 498 
f 1355 6957 5862 
f 6956 4303 2276 
f 7619 7620 7522 
f 4909 7821 7748 
f 3090 6231 3135 
f 9282 9241 9237 
f 8180 8345 8346 
f 5472 8270 5119 
f 7295 6992 9221 
f 1898 8987 504 
f 9906 5434 5848 
f 906 7110 812 
f 4867 728 10068 
f 1658 1851 399 
f 5373 5116 10689 
f 10436 6438 7231 
f 5398 3167 8221 
f 2754 2718 2787 
f 9682 9753 9968 
f 10440 1763 7559 
f 1627 10154 5011 
f 4827 3161 4492 
f 2202 2372 1906 
f 4930 8960 6273 
f 5775 2802 2804 
f 7569 38 82 
f 9390 5750 5755 
f 5603 4965 6159 
f 4650 150 5593 
f 2896 9286 10517 
f 4513 4464 4971 
f 2935 1807 558 
f 10131 2569 6896 
f 4628 3426 9967 
f 8416 143 102 
f 5175 5194 5034 
f 2584 5581 5335 
f 4500 3066 4651 
f 1946 1674 647 
f 6831 2689 3654 
f 2422 2121 2423 
f 6153 6089 6127 
f 5584 4778 5563 
f 5163 4502 2006 
f 112 8940 896 
f 3830 9285 10089 
f 10439 10322 9356 
f 3283 3480 9174 
f 4450 5028 9001 
f 9276 9278 9185 
f 5178 7193 5183 
f 2871 1658 7762 
f 9275 9327 9181 
f 1709 7541 8489 
f 5149 2718 5510 
f 7019 7119 5881 
f 5911 3899 2819 
f 10549 10551 10407 
f 10217 6653 7556 
f 243 537 435 
f 3178 820 7680 
f 2755 2754 2835 
f 10355 5462 7020 
f 3038 2909 2947 
f 2756 2755 2836 
f 2836 2755 2835 
f 8984 8937 8824 
f 4100 7348 7242 
f 3094 3041 3183 
f 8190 10559 5870 
f 9244 9154 9242 
f 1403 2657 740 
f 2396 8141 90 
f 3711 3804 3713 
f 2666 9712 9397 
f 3737 3696 3822 
f 521 9603 3634 
f 9631 3247 8455 
f 308 536 9591 
f 9931 1080 470 
f 1845 4793 118 
f 9057 8954 9052 
f 3001 3041 3094 
f 4813 464 9942 
f 5083 10693 1170 
f 6201 4097 2704 
f 6837 6836 7141 
f 7577 7373 7576 
f 1674 1946 8343 
f 1016 2221 8576 
f 717 8958 9795 
f 8681 6293 3963 
f 8505 7463 2315 
f 2847 2921 2799 
f 2548 2831 7562 
f 7348 1208 7542 
f 756 1713 1840 
f 2640 7055 10709 
f 4527 2116 773 
f 9211 9209 9208 
f 1169 7188 9649 
f 9258 2758 2790 
f 7152 7233 6243 
f 1562 277 5787 
f 6694 6788 9374 
f 2957 3146 3046 
f 10202 7967 9507 
f 3640 905 29 
f 5527 9414 1692 
f 7655 5730 9213 
f 6771 10650 3963 
f 2926 3047 3004 
f 6828 6825 1046 
f 9739 1359 5578 
f 7278 575 4855 
f 9604 1502 9608 
f 780 9303 2097 
f 2803 2766 2852 
f 2349 2347 3836 
f 10202 93 92 
f 7578 7580 7491 
f 6739 6737 6076 
f 7072 6755 6959 
f 2665 5625 4673 
f 5048 4664 5046 
f 8385 6893 8295 
f 8631 5934 382 
f 5192 5231 3406 
f 4899 4040 4824 
f 1294 1582 1502 
f 9151 9036 4243 
f 7272 7386 7494 
f 7602 7504 7503 
f 7688 7390 7389 
f 2259 5605 617 
f 3181 8389 4935 
f 6108 6106 6107 
f 9210 4483 3147 
f 7290 7170 7403 
f 3055 3014 2963 
f 10534 10591 10566 
f 6398 6108 6107 
f 4821 4660 4981 
f 765 695 817 
f 7400 7288 7169 
f 526 8288 7873 
f 9832 6805 192 
f 6675 6410 6673 
f 7291 6978 6866 
f 1378 514 5410 
f 1274 6972 6971 
f 5120 4799 4961 
f 7034 7029 7099 
f 7019 5881 7056 
f 4561 3642 6206 
f 3281 9406 6044 
f 389 4869 2975 
f 5358 9510 4681 
f 9213 571 7818 
f 6565 6414 6775 
f 8698 390 1937 
f 6276 6116 6404 
f 5662 1765 485 
f 6675 6673 6866 
f 2487 2312 1662 
f 8843 5508 182 
f 8415 10308 6667 
f 1083 5830 2160 
f 7622 7620 7716 
f 9436 4035 2894 
f 7620 7183 7522 
f 7622 7183 7620 
f 5489 6287 7105 
f 5160 9344 4631 
f 7230 10116 227 
f 2336 2335 4123 
f 5433 5434 5147 
f 2730 4189 1753 
f 4958 3 4117 
f 5197 6465 4152 
f 3582 4900 5086 
f 3856 6337 7957 
f 5077 4994 5046 
f 9031 9128 9364 
f 9031 3156 8909 
f 5653 5658 5003 
f 5942 1875 7994 
f 813 1781 8064 
f 4826 4668 4354 
f 7228 5760 2623 
f 10403 9163 219 
f 7128 7205 7378 
f 1403 740 6862 
f 834 10497 10397 
f 877 6882 1359 
f 4587 1086 6012 
f 5822 6939 6837 
f 9933 2593 7858 
f 4834 6348 4566 
f 9025 8367 6323 
f 8076 8013 8011 
f 5387 10159 5046 
f 2118 9423 2643 
f 2634 9502 7239 
f 9619 5620 2899 
f 135 63 9713 
f 5306 998 10524 
f 3707 7916 3818 
f 5572 5575 4901 
f 8302 7921 4606 
f 5545 7222 7306 
f 5176 5183 3849 
f 2103 3957 10396 
f 5071 4375 5873 
f 1724 7904 1385 
f 8556 9869 6327 
f 6654 4358 5630 
f 1942 5159 4912 
f 8077 3459 8123 
f 8609 8621 883 
f 2694 8726 6177 
f 2941 2832 2902 
f 550 7486 2052 
f 2911 2839 2881 
f 3885 7128 7071 
f 2880 2788 2837 
f 3039 2881 2909 
f 6588 6868 8903 
f 3198 3316 3199 
f 1511 3139 10559 
f 8361 5885 6821 
f 3175 4784 4281 
f 4678 6059 193 
f 5801 8341 5802 
f 8121 1088 7176 
f 2841 2790 2839 
f 2634 2582 3674 
f 9293 7635 2060 
f 2790 6669 9258 
f 7741 4879 2452 
f 9104 2595 8765 
f 7626 7624 9324 
f 4866 5446 6319 
f 6231 3233 3265 
f 6748 2023 1050 
f 842 626 2704 
f 6489 6732 9880 
f 3263 3321 3325 
f 8169 7983 7982 
f 9057 9052 9102 
f 4955 8653 9014 
f 6656 8168 9407 
f 10304 9988 7224 
f 9057 9793 9595 
f 2276 6143 4200 
f 9258 9254 9295 
f 2764 2722 2799 
f 5619 8561 6536 
f 3245 3215 3211 
f 3417 3421 2994 
f 10290 10550 10513 
f 7481 8224 5739 
f 7967 3791 9507 
f 9910 4128 9947 
f 8357 4913 7468 
f 2829 8405 1350 
f 2957 3047 2922 
f 2824 10445 4721 
f 3357 3431 3312 
f 7064 457 3864 
f 6637 10303 3832 
f 10185 9888 10103 
f 9947 9122 6861 
f 8011 8074 8112 
f 1388 2581 8258 
f 7919 6936 6557 
f 1168 426 10137 
f 9672 9813 9814 
f 1144 344 1713 
f 10240 10083 10317 
f 4812 4892 3108 
f 5105 5567 2665 
f 7386 7270 8025 
f 10158 2589 1368 
f 6386 4974 4971 
f 6756 7072 6963 
f 7072 6959 7159 
f 2670 2671 4649 
f 10446 10373 10374 
f 10555 7088 9018 
f 2857 6830 2742 
f 630 8217 1106 
f 2749 3665 7232 
f 8612 4162 3012 
f 454 453 6290 
f 6533 507 1198 
f 6168 1721 2742 
f 1493 9286 2896 
f 581 5413 9591 
f 7290 7608 7405 
f 2868 7458 1671 
f 4431 3254 8842 
f 1951 6182 1924 
f 6273 2693 4979 
f 7597 7277 7390 
f 2775 5842 3825 
f 2338 4187 4975 
f 6357 464 8606 
f 6773 6675 6867 
f 6407 6276 6555 
f 1407 2309 2454 
f 8920 976 3967 
f 8324 499 3410 
f 6279 5992 5836 
f 4596 4637 4365 
f 4825 1948 1975 
f 5839 5699 5992 
f 7299 7178 7410 
f 6410 6279 6408 
f 8418 6635 7151 
f 8050 641 3249 
f 8169 7982 8075 
f 6768 6670 7291 
f 4448 3023 5148 
f 4664 5387 5046 
f 1827 1977 127 
f 6116 5988 6404 
f 2257 8398 10479 
f 7178 7299 6869 
f 3545 908 1669 
f 4278 122 4735 
f 665 5839 6120 
f 6094 3684 1066 
f 8655 5943 3522 
f 191 2134 158 
f 8054 8231 9465 
f 10392 10443 9810 
f 7178 6978 7516 
f 10069 507 6533 
f 7104 7311 7427 
f 6696 6309 8263 
f 4290 8626 5765 
f 1897 9008 9140 
f 2335 2336 1615 
f 9106 2434 6352 
f 3483 3445 3414 
f 7210 6527 8347 
f 10350 10022 4632 
f 8794 9448 8795 
f 5567 4828 9132 
f 10498 7866 6469 
f 8212 6218 2103 
f 7097 7025 6961 
f 5005 5489 7907 
f 9511 9390 5755 
f 5227 4796 9541 
f 4041 7709 6463 
f 2376 3875 8495 
f 3123 3518 1626 
f 2694 9714 8726 
f 6139 9413 561 
f 2713 2695 2712 
f 2020 6762 7611 
f 5894 3467 5203 
f 3448 3447 3486 
f 4854 4696 5504 
f 687 502 1146 
f 2982 2877 2978 
f 6993 10524 3019 
f 150 126 5593 
f 8197 4252 10547 
f 2736 8622 2979 
f 9237 9147 9236 
f 2579 6747 1836 
f 2873 2939 2902 
f 9196 9094 9154 
f 2718 5149 2717 
f 2907 2835 2905 
f 3226 3206 1215 
f 8881 9469 9849 
f 2836 2835 2907 
f 7020 6819 5224 
f 6278 2121 3714 
f 4736 5580 4009 
f 2879 6310 6578 
f 3086 3087 3035 
f 5281 6801 6326 
f 300 347 2627 
f 1861 2758 9258 
f 6443 1279 1489 
f 3084 3080 3124 
f 2839 2790 2758 
f 2841 2839 2911 
f 3461 3533 3463 
f 2847 2798 2887 
f 1972 3385 3379 
f 3135 3180 3091 
f 2847 2722 2798 
f 2722 2704 2798 
f 2914 2841 2911 
f 1215 3206 3225 
f 9793 2796 9595 
f 1363 4198 5684 
f 6372 4097 215 
f 4756 1861 9297 
f 123 8348 9026 
f 712 6891 7091 
f 3183 3041 3091 
f 1607 1472 1431 
f 10303 5793 6499 
f 6486 6489 6599 
f 3004 6052 9507 
f 1831 110 2359 
f 4345 3006 31 
f 6076 9859 3454 
f 10591 9017 10657 
f 3146 3044 32 
f 10034 1899 7978 
f 8429 8255 8340 
f 662 6956 2782 
f 9522 2479 3438 
f 9925 991 10673 
f 8674 1744 1835 
f 3046 3047 2957 
f 5046 4980 5077 
f 4348 5001 8608 
f 8041 1793 6790 
f 9850 8996 6678 
f 4847 4843 4840 
f 9328 3382 6654 
f 5925 9661 2960 
f 2353 2354 2356 
f 6341 1804 771 
f 5925 10108 9662 
f 2889 2812 2769 
f 2963 2889 2771 
f 10119 4961 9344 
f 852 7074 2497 
f 5480 5478 5511 
f 3056 3014 3055 
f 7821 4909 4442 
f 8806 8807 8686 
f 10709 4358 2641 
f 3883 7676 10214 
f 3188 3191 2333 
f 7876 7966 8061 
f 9988 7563 7224 
f 6755 7072 6756 
f 6228 4591 1942 
f 8845 1578 225 
f 7280 7072 7159 
f 1424 5375 6107 
f 6008 9172 8270 
f 3522 4830 7017 
f 7894 7986 7703 
f 3337 3397 3357 
f 8235 8156 8321 
f 7403 7288 385 
f 3193 8748 5589 
f 2093 4011 3139 
f 4781 5035 4730 
f 5722 3122 2985 
f 8068 8067 8240 
f 6470 3667 5466 
f 7699 7508 7505 
f 8807 8806 8911 
f 8035 5512 139 
f 8172 7986 8336 
f 7363 3338 1501 
f 9869 4226 9804 
f 8290 6658 4693 
f 1162 3026 8171 
f 6548 6759 6857 
f 4381 4380 5317 
f 4902 4888 4994 
f 3572 2166 8554 
f 6963 7280 6853 
f 7343 7425 7264 
f 7172 7170 7290 
f 9868 2090 3159 
f 8635 8636 8637 
f 1104 1942 4912 
f 8549 8462 8515 
f 1465 317 8876 
f 5731 5701 5728 
f 8476 8477 8249 
f 8386 8383 6741 
f 6081 7521 9946 
f 7344 7257 6345 
f 5430 4836 5143 
f 9595 2798 626 
f 3435 5192 321 
f 5050 3868 6465 
f 6122 665 6412 
f 9315 5236 10604 
f 7507 3410 1166 
f 5656 2665 5567 
f 2653 915 5064 
f 6972 6764 6763 
f 1496 7756 7749 
f 4751 8324 9762 
f 2689 6831 5018 
f 7622 1599 7305 
f 6983 8146 6526 
f 2783 2712 2695 
f 8314 6696 1693 
f 2902 2785 2712 
f 2783 2694 6177 
f 3196 3119 3171 
f 388 3160 6475 
f 8260 8346 7847 
f 5509 9341 2261 
f 1759 7959 5362 
f 6286 1259 6284 
f 8318 7693 6177 
f 3328 3226 1215 
f 9649 9870 1169 
f 906 4151 2418 
f 9150 9241 9283 
f 3518 10050 1312 
f 10217 9336 9333 
f 9295 1861 9258 
f 4615 7648 8507 
f 5510 2719 2702 
f 3329 3386 3352 
f 3858 3737 3822 
f 5172 5217 5269 
f 2914 2911 2992 
f 4523 3975 4354 
f 3134 3206 3226 
f 424 4454 7547 
f 2912 3706 3368 
f 2232 7008 2629 
f 3576 3698 3658 
f 2638 8966 7371 
f 1215 3225 3263 
f 9793 9057 9102 
f 3287 3077 3284 
f 189 789 7167 
f 6372 2397 8958 
f 9102 9164 9793 
f 5328 3846 4223 
f 9253 9098 9289 
f 2015 5469 1807 
f 9793 2795 2796 
f 8222 1410 3462 
f 5473 6052 3004 
f 2347 2590 3836 
f 2926 2924 2922 
f 1463 9656 7 
f 6747 8821 7735 
f 6896 9655 7830 
f 2349 5242 2347 
f 8087 8159 10367 
f 7140 6337 3856 
f 9122 9226 9123 
f 1136 2431 1023 
f 7293 5235 3064 
f 1232 9073 6242 
f 6771 8648 9488 
f 2147 3358 9426 
f 8404 8557 8472 
f 3239 8297 3700 
f 9255 5674 609 
f 3659 7564 1235 
f 8885 8834 8949 
f 3056 3055 1417 
f 4462 8208 6906 
f 1 10413 5712 
f 7786 2882 709 
f 10517 2454 2896 
f 5765 2891 7561 
f 734 2474 981 
f 2664 10427 4959 
f 558 2738 2935 
f 7256 7484 7379 
f 4925 844 1844 
f 1815 9737 9743 
f 5403 5253 10219 
f 1911 8608 5001 
f 5431 5249 2328 
f 8872 8968 8972 
f 8918 2539 4059 
f 6081 8929 7521 
f 10 4427 1586 
f 7877 4905 7878 
f 3646 5251 726 
f 7382 1214 7587 
f 8215 4673 6754 
f 8025 7273 9111 
f 5549 9904 10098 
f 1838 2570 8622 
f 6634 6493 10042 
f 8698 7007 10526 
f 3009 1656 3051 
f 9556 3179 4789 
f 2398 1982 6800 
f 7059 4724 3524 
f 6395 3092 9010 
f 6994 7258 8161 
f 5473 2165 8725 
f 201 4398 4531 
f 8557 8598 1302 
f 8238 8412 8414 
f 8487 8316 8402 
f 1938 711 5244 
f 1146 1492 687 
f 1705 1291 1011 
f 1001 7540 4465 
f 2810 9404 7934 
f 3777 4104 5623 
f 5793 10303 9107 
f 10031 2738 2734 
f 7280 7159 7277 
f 8638 8346 8432 
f 1989 7355 7437 
f 4506 3165 5576 
f 9615 9626 181 
f 9275 8320 9327 
f 7983 7699 7982 
f 2785 2713 2712 
f 9714 2695 8153 
f 6756 6540 6755 
f 3069 3074 2977 
f 7057 5499 10165 
f 9559 9472 4946 
f 1773 6193 1821 
f 5394 2533 4771 
f 2410 3192 2409 
f 7608 7403 7607 
f 2880 2837 2908 
f 6548 6269 6398 
f 5679 623 5680 
f 8145 8225 8055 
f 7703 385 7701 
f 3198 3124 3080 
f 207 5604 6582 
f 8888 2330 8701 
f 6555 6668 6764 
f 1514 1782 636 
f 2911 2881 3039 
f 6288 6565 6682 
f 6673 6407 6768 
f 3038 3087 3130 
f 9297 9289 9347 
f 6412 665 6120 
f 9454 8846 7996 
f 975 3233 6231 
f 7336 7025 7162 
f 7915 5510 2702 
f 3263 3328 1215 
f 2992 2911 3039 
f 5704 5143 5290 
f 3134 3226 975 
f 3130 3225 3206 
f 3228 3328 3379 
f 9164 9102 9209 
f 6872 6682 6565 
f 8954 9795 8958 
f 7622 3651 7183 
f 9102 9052 9101 
f 2884 2993 3040 
f 9253 9289 9295 
f 601 7462 66 
f 1098 3422 7912 
f 3044 3042 32 
f 833 6685 6878 
f 3282 5473 3004 
f 206 7827 8887 
f 1223 6505 1059 
f 5402 5987 2904 
f 7457 7374 918 
f 6077 7772 388 
f 2089 6025 3020 
f 7283 6230 3708 
f 8062 181 10680 
f 3194 7557 5246 
f 4323 1413 5159 
f 8148 9662 9778 
f 5570 5133 5058 
f 7184 7532 7279 
f 3081 3298 2864 
f 9209 9101 9162 
f 5161 5208 4866 
f 8358 1484 9323 
f 4619 4357 3493 
f 805 10119 6977 
f 3101 3054 3153 
f 149 151 116 
f 3029 3030 2828 
f 2329 5521 10586 
f 2963 2929 2889 
f 5674 9255 10555 
f 4726 1200 5154 
f 9818 9840 9844 
f 4057 5972 7984 
f 6179 6460 6814 
f 3477 4731 6598 
f 7322 5881 7119 
f 4722 10712 9575 
f 7082 7079 10598 
f 10487 4906 6370 
f 9651 10075 10537 
f 751 5094 4730 
f 5031 4932 5032 
f 9973 5101 5195 
f 10229 10011 9862 
f 5632 2306 4362 
f 159 6778 9986 
f 6137 6158 8265 
f 6170 4692 2388 
f 5451 6479 4033 
f 1725 9677 1988 
f 4656 4629 9974 
f 5833 5562 6638 
f 7221 7122 7461 
f 8873 4966 2760 
f 7523 9817 1224 
f 5470 4987 4994 
f 1907 5999 8043 
f 8673 8528 8524 
f 6511 9188 3110 
f 6860 6804 7477 
f 6213 3976 263 
f 7683 3936 7449 
f 9032 8239 8243 
f 10427 4324 5162 
f 484 1886 719 
f 10355 5224 6817 
f 7653 7079 3340 
f 4261 506 6049 
f 2181 3066 4500 
f 6564 10388 9732 
f 9835 7061 9834 
f 9643 1537 8066 
f 2150 7042 941 
f 2506 4324 2664 
f 4851 7549 8293 
f 10272 6754 5625 
f 7256 7052 7147 
f 2782 9218 662 
f 4843 4844 4719 
f 4730 5312 5032 
f 556 5342 977 
f 101 185 10678 
f 9235 9141 9185 
f 475 4763 1544 
f 2978 2980 2982 
f 6194 4099 3027 
f 10407 10265 10549 
f 3448 3486 3517 
f 10163 5010 7065 
f 6348 4834 3961 
f 3031 2941 3074 
f 5508 10387 182 
f 3758 5103 10458 
f 3220 3286 3255 
f 3050 9336 10217 
f 3347 3258 3373 
f 9295 9289 9297 
f 6939 7147 7049 
f 3089 975 3090 
f 9289 9203 9347 
f 2228 12 5474 
f 9037 8200 8776 
f 10607 9711 9587 
f 6342 1151 5153 
f 549 9490 9432 
f 10454 6342 4537 
f 7272 7270 7386 
f 9543 3616 3540 
f 3148 3046 3215 
f 3230 3329 3352 
f 1064 10381 3834 
f 5827 6108 6269 
f 5629 2322 8355 
f 2846 2798 2796 
f 8835 9052 8954 
f 10237 28 10478 
f 2956 3044 2957 
f 3622 3581 3475 
f 2428 2425 10671 
f 433 5820 241 
f 1835 7735 8471 
f 8300 8362 8301 
f 3397 3431 3357 
f 7630 4591 6316 
f 7980 7795 7794 
f 10282 10209 10279 
f 7419 5516 9806 
f 7504 7394 7503 
f 2391 4769 4651 
f 9967 9829 4628 
f 9298 807 10351 
f 4763 475 1246 
f 481 24 7645 
f 8522 8336 8519 
f 7794 7695 7887 
f 7526 5571 217 
f 5299 9906 5710 
f 3100 9661 8057 
f 4795 4075 4444 
f 3014 2929 2963 
f 9210 9323 3213 
f 1944 7769 6531 
f 2816 2735 2813 
f 1417 3101 6044 
f 7593 7591 7592 
f 2287 3542 8671 
f 3151 3153 3100 
f 6876 6780 6682 
f 8933 7088 5160 
f 9172 5119 8270 
f 9582 10456 3022 
f 9618 9584 9694 
f 7250 2057 5119 
f 1501 3338 2150 
f 9799 963 9819 
f 1049 2433 218 
f 3986 2341 2181 
f 1947 7441 797 
f 5186 4751 1460 
f 7312 7427 3948 
f 4138 4951 5088 
f 3141 8612 4770 
f 9698 9611 9128 
f 9823 9799 9820 
f 2015 4457 5469 
f 10455 10523 10525 
f 5970 7067 5718 
f 8089 8213 8090 
f 9497 1506 1657 
f 5335 1400 2584 
f 4903 4637 5301 
f 3821 10321 2084 
f 5401 915 2169 
f 5438 5110 3817 
f 10695 5164 5163 
f 5711 728 4806 
f 1989 7437 1689 
f 7877 7878 5533 
f 5199 6365 699 
f 3422 3341 9443 
f 9906 5848 6002 
f 5719 4817 9890 
f 5033 10365 4480 
f 7218 7144 7138 
f 7156 9087 8093 
f 2501 3509 3511 
f 753 631 9933 
f 4288 7928 8727 
f 6077 6828 6923 
f 4973 5304 5291 
f 9062 9892 3558 
f 8028 5611 4386 
f 5333 5176 5483 
f 3998 5202 5257 
f 10272 2320 2006 
f 2519 5044 1647 
f 9784 1190 242 
f 3477 6015 4633 
f 6796 487 10694 
f 6290 8148 9778 
f 8337 3600 2491 
f 7330 7938 9873 
f 3401 3362 1262 
f 298 9639 8236 
f 2980 3119 3120 
f 669 508 1089 
f 3403 7802 6121 
f 4240 4611 10543 
f 3384 6507 6765 
f 2815 1693 6098 
f 2630 2662 2420 
f 7643 7853 2409 
f 2577 3729 9617 
f 8912 7642 3556 
f 3128 3034 3127 
f 367 9018 9011 
f 4386 3639 4911 
f 8297 8126 8210 
f 2783 2695 2694 
f 3892 7461 5436 
f 10562 1610 3423 
f 8837 8790 8661 
f 3120 3197 3198 
f 8534 8535 8350 
f 6728 9580 1874 
f 3864 457 8618 
f 3805 3808 3713 
f 7154 7089 7087 
f 7800 9482 1609 
f 2835 2754 2878 
f 3034 3086 3035 
f 1596 1594 2444 
f 9331 7976 914 
f 2702 2719 2755 
f 9543 3496 3576 
f 1903 4779 3418 
f 3044 3146 2957 
f 3658 9543 3576 
f 5106 5674 10555 
f 2884 2795 2844 
f 8711 8659 8836 
f 9052 8994 9101 
f 10075 3511 3509 
f 7881 7688 7785 
f 3148 3047 3046 
f 9205 9160 9254 
f 8150 7872 8056 
f 4063 3988 5642 
f 2919 2885 2845 
f 6580 5853 5153 
f 2077 4534 6219 
f 9463 9394 4895 
f 28 93 6244 
f 8821 2165 8471 
f 1145 3735 2890 
f 6274 3173 670 
f 6650 1547 3544 
f 10511 7046 2437 
f 8470 8217 8379 
f 7494 7155 7272 
f 1589 6274 670 
f 3685 8936 9039 
f 8479 63 8856 
f 2817 2964 3542 
f 5011 10154 8841 
f 7070 6945 7155 
f 9412 5087 4690 
f 3151 8057 1919 
f 1849 4507 356 
f 2816 2854 2817 
f 6815 4193 2511 
f 7505 7795 7699 
f 8329 8562 8331 
f 1919 10324 3750 
f 3037 6977 3036 
f 8338 8173 8172 
f 1371 2559 2691 
f 4178 3888 4586 
f 5825 6105 6106 
f 7280 7277 7597 
f 2113 9368 2109 
f 2734 558 1957 
f 3101 3011 3054 
f 7377 5082 7378 
f 1770 8506 6294 
f 9644 9723 9435 
f 3025 8698 10526 
f 9340 9419 6880 
f 10179 7411 1549 
f 7504 6853 7394 
f 7675 8522 3402 
f 7504 7602 7505 
f 9855 10111 2674 
f 5281 9944 6801 
f 3080 2905 2878 
f 6971 7169 1274 
f 10443 1810 9810 
f 5291 5284 4973 
f 946 1240 250 
f 3652 819 2079 
f 7805 7610 7706 
f 1863 9231 3252 
f 6670 6764 6973 
f 7502 8213 8209 
f 9976 8604 3969 
f 7405 7291 7290 
f 5501 8584 1001 
f 8875 5024 5026 
f 7421 1599 7623 
f 632 544 2971 
f 344 1840 1713 
f 7716 7623 7622 
f 10441 7697 8052 
f 8635 8526 8896 
f 1710 5906 7374 
f 2268 4146 10218 
f 5595 5534 2025 
f 7997 7714 7811 
f 5021 8875 5237 
f 4723 4719 4844 
f 6100 7606 7601 
f 7522 7183 7095 
f 7100 7305 1599 
f 6569 6289 6288 
f 9115 2028 1611 
f 3689 3759 3650 
f 7903 8088 8184 
f 6565 6286 6414 
f 6984 6774 7092 
f 8937 8984 9090 
f 7100 7308 6878 
f 7860 6692 4806 
f 5191 8916 5405 
f 4475 1846 4476 
f 8931 8933 1888 
f 728 3627 10068 
f 236 9285 7439 
f 8598 8597 8737 
f 5999 1907 880 
f 5162 7911 5185 
f 356 9169 5708 
f 8564 6249 8559 
f 5284 1512 4973 
f 6092 5292 4805 
f 7523 4490 7727 
f 10372 8221 3167 
f 3558 5019 9062 
f 4030 8290 5385 
f 8806 8804 8910 
f 7464 7301 7527 
f 8982 9085 9150 
f 6276 6668 6555 
f 7992 533 746 
f 9375 10118 10198 
f 1866 1761 2552 
f 3196 3171 3220 
f 7595 8604 9976 
f 10506 2107 5613 
f 1423 100 5758 
f 3314 3169 2410 
f 10705 10605 10703 
f 8437 8372 7643 
f 3192 2410 3169 
f 10556 3078 3618 
f 3124 3198 3199 
f 2878 2787 2877 
f 10467 5330 10535 
f 10264 6527 10406 
f 1084 5868 2692 
f 3067 10551 4707 
f 8488 8876 317 
f 3119 3031 3171 
f 5349 5338 4234 
f 5450 3480 3283 
f 5118 7509 7498 
f 6764 6668 6763 
f 6653 2717 5149 
f 3119 2980 3031 
f 4414 2508 3599 
f 6495 5236 9315 
f 7618 7527 7460 
f 3169 3069 3192 
f 3255 3316 3197 
f 3038 2947 3035 
f 10420 10496 895 
f 877 5872 5793 
f 3095 3446 6441 
f 3427 3390 3332 
f 3089 2992 3039 
f 134 736 5536 
f 2884 2844 2914 
f 8837 8711 8836 
f 4007 1649 3857 
f 6263 807 4256 
f 1592 2690 1147 
f 3433 4004 7978 
f 7363 4566 9121 
f 7869 7774 7958 
f 4319 9432 4312 
f 2919 2846 2885 
f 9294 3392 9071 
f 6534 7704 6491 
f 2296 6295 2101 
f 8674 8471 6693 
f 3811 9214 2605 
f 5252 9571 5666 
f 4019 9260 578 
f 8594 8718 10454 
f 9740 6121 6657 
f 8502 3320 6822 
f 4687 6928 7850 
f 3615 4442 4909 
f 7049 6843 6735 
f 1244 5665 6267 
f 8145 3479 8482 
f 10003 8584 5501 
f 2769 2812 2813 
f 3929 4874 9938 
f 6342 10454 8718 
f 7389 7494 7688 
f 1028 983 9718 
f 6751 6755 2893 
f 3281 2104 1487 
f 2817 2857 2816 
f 2687 627 937 
f 3011 3055 2963 
f 9661 9662 8151 
f 1780 4577 5514 
f 5467 4916 1175 
f 6068 5962 6031 
f 3311 4761 6794 
f 2893 6755 6540 
f 8142 9834 7316 
f 8718 1151 6342 
f 4108 6615 4815 
f 10454 4537 8479 
f 9252 4948 8727 
f 1721 2816 2857 
f 2611 951 6457 
f 2893 1333 5977 
f 8880 8774 9096 
f 9087 7156 8695 
f 8234 9599 3455 
f 6550 6269 6548 
f 608 10241 2380 
f 8652 4819 3659 
f 8638 8639 7847 
f 3457 5521 8237 
f 7703 7701 7894 
f 3911 3103 3755 
f 10047 10118 10352 
f 8081 7898 7897 
f 385 7607 7403 
f 1755 2041 9489 
f 636 1782 743 
f 8068 7881 8067 
f 5024 5021 5408 
f 188 789 189 
f 4293 4297 4238 
f 10183 10689 10694 
f 7794 7795 7602 
f 8714 10677 9537 
f 7769 1944 7768 
f 6120 6279 6410 
f 1080 9775 1734 
f 1087 6504 4008 
f 10135 9997 10052 
f 9376 2862 5690 
f 8462 8465 8466 
f 7668 8285 7658 
f 6703 6184 3697 
f 1400 5335 9142 
f 8545 1036 8834 
f 8660 8657 7203 
f 3651 6986 7183 
f 7092 7299 6984 
f 10442 5566 6015 
f 2056 10099 2055 
f 9159 9049 8947 
f 6568 7866 6878 
f 746 4146 999 
f 7044 6976 6975 
f 7942 4349 5443 
f 6774 6773 6869 
f 9047 7748 7676 
f 2572 932 9256 
f 7890 7793 7962 
f 4976 5356 5257 
f 8452 6554 8717 
f 9936 3113 9740 
f 983 1028 2436 
f 6837 6732 6836 
f 1666 5074 745 
f 2810 10398 9404 
f 3344 3286 3370 
f 7909 8094 7816 
f 4982 1979 2387 
f 3169 3031 3074 
f 2819 5910 5911 
f 9295 9297 1861 
f 3344 1446 3288 
f 2878 2754 2787 
f 1841 3992 6438 
f 176 10343 10092 
f 9617 3729 5663 
f 6653 5149 7556 
f 3565 3449 3520 
f 3316 3198 3197 
f 6914 1254 10014 
f 5860 3012 2272 
f 3223 3199 3316 
f 3202 3086 3128 
f 3034 3128 3086 
f 3490 4044 6713 
f 8574 2495 5365 
f 5582 8009 9142 
f 7755 7831 7829 
f 4392 10613 4879 
f 6659 6481 6480 
f 4265 901 4140 
f 3133 3039 3038 
f 9303 1495 10090 
f 2702 2756 6924 
f 7797 5092 927 
f 3040 2993 3090 
f 3888 3498 3501 
f 8949 8832 8947 
f 8958 8836 8954 
f 9595 9795 9057 
f 5611 4489 5022 
f 1402 8848 5863 
f 9060 8563 4026 
f 4911 3639 3638 
f 2909 2880 2947 
f 3100 3054 2960 
f 8688 4857 6187 
f 3311 10055 10203 
f 2955 2919 3001 
f 7349 7221 7461 
f 7565 6278 5155 
f 626 717 9795 
f 3580 3541 3621 
f 9394 3623 2029 
f 8973 5721 7824 
f 767 827 749 
f 9538 5758 8138 
f 2840 649 729 
f 1001 8584 2840 
f 5647 9349 4515 
f 1309 7298 7627 
f 2745 8148 6290 
f 6051 2561 2560 
f 3137 2437 8666 
f 1260 800 150 
f 4811 10491 1301 
f 9482 3340 2726 
f 1085 1642 1643 
f 7874 7682 7779 
f 4004 6599 6489 
f 8035 139 2506 
f 6150 6153 6127 
f 6727 8795 8894 
f 10108 8737 8597 
f 9691 8004 9360 
f 4791 4794 4831 
f 8066 1537 5363 
f 1670 8694 5763 
f 8614 8686 8807 
f 1017 6202 3734 
f 7258 7380 7382 
f 1902 5530 2513 
f 8230 8233 8058 
f 5575 4835 4593 
f 1028 9718 408 
f 1832 9707 2106 
f 8145 8482 8225 
f 8239 6573 7192 
f 7950 1845 118 
f 8585 8487 8402 
f 5466 5444 5454 
f 10029 5403 5310 
f 4238 4297 4110 
f 545 10286 6642 
f 7710 4355 7511 
f 5551 5656 5550 
f 10570 4650 5593 
f 6181 8533 8541 
f 9048 8947 8991 
f 7977 8068 8163 
f 4693 3552 3553 
f 5089 5431 5427 
f 4445 6903 4892 
f 10431 10279 10281 
f 8420 9540 5641 
f 7389 7155 7494 
f 5829 3667 5256 
f 3586 428 4764 
f 6853 6854 6756 
f 3813 216 1261 
f 6871 7780 6338 
f 8336 8338 8172 
f 5975 6384 5996 
f 2540 1491 1619 
f 8576 9054 1016 
f 9074 9129 9320 
f 7897 7987 8081 
f 7982 7699 7795 
f 3201 3223 3260 
f 8522 8521 8338 
f 6763 6551 6550 
f 3069 3169 3074 
f 3201 3127 3124 
f 9443 3343 9491 
f 5702 5840 5995 
f 3224 3174 3260 
f 3710 3630 3709 
f 3903 8449 4244 
f 7288 7170 1274 
f 3120 2983 2980 
f 4986 1453 5148 
f 7291 7405 7408 
f 8040 10557 2048 
f 2832 2877 2785 
f 7805 7706 7898 
f 5005 1508 5489 
f 3325 3328 3263 
f 3120 3119 3196 
f 7982 7980 8075 
f 3224 3128 3174 
f 5641 7091 8420 
f 3127 3174 3128 
f 3810 3721 3753 
f 6986 6872 7095 
f 2788 6924 2837 
f 8077 10469 6827 
f 6986 6876 6872 
f 9840 9734 6191 
f 2993 2992 3089 
f 10636 10544 10597 
f 8789 124 10192 
f 9345 2702 6924 
f 9367 1453 1005 
f 3277 3245 3243 
f 2845 2795 2884 
f 3087 3038 3035 
f 3180 3268 3183 
f 3379 3329 3228 
f 1637 1044 1149 
f 870 585 3018 
f 2180 2182 171 
f 2964 2817 2930 
f 3773 5842 2775 
f 3215 3146 3211 
f 8644 8267 8535 
f 4063 4064 9980 
f 6878 6685 7100 
f 8137 2772 4323 
f 4276 7975 9257 
f 5514 4577 6115 
f 6286 6284 6414 
f 9214 872 920 
f 6115 83 7104 
f 2822 3472 3355 
f 8558 3853 4170 
f 2506 2664 8035 
f 5171 878 4565 
f 236 9349 5647 
f 7028 9438 4310 
f 4690 6110 3354 
f 3927 9037 9304 
f 3416 3980 799 
f 4270 4184 4921 
f 9778 10108 8731 
f 1235 2660 3659 
f 727 9547 9560 
f 8841 6280 6980 
f 426 2305 1039 
f 5537 10059 10127 
f 3689 3816 3759 
f 641 8439 6330 
f 8796 6703 3697 
f 2518 1665 6625 
f 5786 1664 3567 
f 4819 766 7564 
f 4442 3254 4431 
f 3294 2770 3085 
f 2506 139 2056 
f 4237 7003 7005 
f 2975 1810 389 
f 5534 2058 6470 
f 2094 1915 2471 
f 3573 4283 6813 
f 4601 2383 7640 
f 1719 3913 7815 
f 835 5496 8560 
f 4952 4953 5500 
f 4351 10224 2747 
f 6228 6316 4591 
f 8608 1911 6170 
f 5360 4188 9116 
f 6903 10614 10218 
f 7964 1961 7156 
f 9209 9211 9164 
f 7113 10014 1343 
f 9334 3786 7976 
f 7755 7829 7723 
f 3401 1262 6083 
f 798 946 949 
f 4458 7865 2080 
f 7757 8326 9245 
f 3238 2635 3234 
f 6589 6591 1989 
f 797 7922 5072 
f 1486 10419 1606 
f 8917 2338 4975 
f 3013 1397 8393 
f 2330 9982 8701 
f 7582 7379 7484 
f 5544 5396 9835 
f 8888 8703 8890 
f 6994 2263 10342 
f 4861 5632 4897 
f 4554 4820 4593 
f 8161 9111 9859 
f 5165 5163 5164 
f 5090 5463 5096 
f 6304 5153 4753 
f 4518 10229 10240 
f 8027 8090 8129 
f 9660 10615 9629 
f 7677 7869 7871 
f 101 10548 2699 
f 9491 6211 9444 
f 8230 8316 8490 
f 8964 621 8893 
f 1704 1676 3370 
f 4471 1294 6959 
f 6733 8585 8313 
f 3547 2351 3549 
f 3300 3224 3260 
f 7971 7881 7785 
f 796 8959 603 
f 3448 3347 3373 
f 8752 8804 8806 
f 3261 3225 3202 
f 2982 2980 2983 
f 224 141 195 
f 7896 7703 7986 
f 3089 3039 3133 
f 3130 3087 3086 
f 4533 2221 8097 
f 3126 1840 1456 
f 7505 7399 7504 
f 311 9092 509 
f 8789 10192 1426 
f 9920 10692 7856 
f 7463 6079 9337 
f 6966 6854 6853 
f 6857 6968 7169 
f 7987 7986 8172 
f 2822 3540 3472 
f 3971 3937 3858 
f 6664 6550 6548 
f 4129 1649 4007 
f 329 5682 265 
f 4012 2601 1945 
f 9333 10216 10217 
f 3469 3534 3575 
f 3469 3535 3470 
f 8064 2255 813 
f 7172 6670 6973 
f 6866 6673 6768 
f 459 461 3296 
f 3275 3335 625 
f 8432 8431 8635 
f 2796 2795 2845 
f 5063 7413 6951 
f 7778 8669 4295 
f 2919 2845 2995 
f 9057 9795 8954 
f 7794 7503 7695 
f 4217 8756 6955 
f 3872 7558 7349 
f 7908 7716 7715 
f 8422 8247 8245 
f 7990 8340 8255 
f 7894 8169 7986 
f 8169 8075 8247 
f 2779 3779 10609 
f 8713 8939 3142 
f 4351 3478 10590 
f 4493 7714 7619 
f 3116 802 7603 
f 9349 236 581 
f 8646 8267 8644 
f 9635 8218 8216 
f 3750 308 8228 
f 10698 1799 439 
f 5834 9377 5953 
f 6988 6876 6986 
f 1945 3981 4012 
f 8780 6469 7866 
f 7811 4493 7616 
f 4491 10134 7000 
f 9034 9248 9249 
f 3502 8746 3506 
f 7647 8899 9086 
f 3597 8532 2086 
f 887 4395 5855 
f 8445 386 8137 
f 6444 3407 7324 
f 802 4955 5668 
f 6686 6687 6422 
f 1223 2390 7722 
f 2526 10580 6850 
f 4856 10272 2006 
f 7624 7623 7816 
f 8702 8575 2615 
f 5089 5139 5140 
f 1780 2568 7754 
f 5535 6156 6070 
f 9364 2308 9130 
f 7677 7871 7679 
f 109 7854 9224 
f 4347 4317 4344 
f 3123 5755 3333 
f 2472 2445 667 
f 8602 6363 8828 
f 2214 1922 7040 
f 4284 9660 1725 
f 664 10462 1627 
f 3697 1506 8796 
f 5822 6837 7141 
f 6941 131 5797 
f 4706 3827 3828 
f 1728 5783 9846 
f 9585 1005 1453 
f 1563 9794 2127 
f 6586 4620 6919 
f 10453 676 2109 
f 857 4717 5221 
f 1743 2931 9658 
f 2661 5862 6957 
f 4052 4240 4241 
f 1835 8471 8674 
f 5567 4960 5550 
f 8390 1254 6914 
f 7079 7078 7144 
f 2337 4939 5646 
f 4253 9231 1863 
f 4584 6454 10484 
f 3290 8926 6598 
f 512 502 480 
f 3315 7833 559 
f 633 675 7773 
f 6894 2025 5408 
f 321 5195 3435 
f 4626 1782 1514 
f 5919 708 3538 
f 1727 9794 1726 
f 4763 3673 1543 
f 8636 8635 8896 
f 10283 8278 5553 
f 5350 6829 5780 
f 2924 2852 2850 
f 3199 3223 3201 
f 3080 3084 2905 
f 6259 7605 7604 
f 6937 7324 5745 
f 6194 7812 8437 
f 7156 5368 8695 
f 6491 7704 5932 
f 2978 3031 2980 
f 3120 3198 2983 
f 6131 6421 8690 
f 1228 1596 2444 
f 2636 1231 2302 
f 3595 6307 851 
f 8323 7719 8154 
f 9864 10015 9792 
f 1237 879 10252 
f 3039 2909 3038 
f 2909 2839 2880 
f 2993 2914 2992 
f 7771 7774 7579 
f 829 4142 4144 
f 8960 8064 2693 
f 3091 3040 3135 
f 3388 3463 3427 
f 3091 3180 3183 
f 3351 3349 3492 
f 1649 3900 3857 
f 9208 6669 9211 
f 10465 8948 421 
f 1887 1791 9265 
f 3388 3330 3352 
f 8158 7971 8235 
f 936 1892 6175 
f 6737 6735 6843 
f 9793 9164 2795 
f 9804 9833 9776 
f 7783 7785 7590 
f 3772 4246 3616 
f 3321 3351 3325 
f 2289 1276 6830 
f 455 8216 8218 
f 8194 1071 8403 
f 7273 8025 7270 
f 7971 7785 8235 
f 186 3204 5770 
f 4566 5246 2895 
f 3535 3576 3496 
f 8985 1668 2734 
f 10046 3579 9731 
f 4783 6523 3006 
f 1355 5412 5428 
f 38 7569 114 
f 219 5549 8004 
f 2329 10614 6903 
f 7688 7494 7590 
f 6635 2090 9868 
f 2550 2649 2017 
f 9014 3005 10399 
f 6857 6664 6548 
f 10437 5676 10438 
f 8336 7986 8335 
f 7857 6467 3118 
f 8420 8245 8244 
f 6968 6857 6759 
f 8521 8427 8338 
f 2428 3716 4785 
f 9348 9083 6989 
f 2521 1699 7250 
f 7897 7898 7706 
f 2956 2922 2848 
f 4114 4298 6806 
f 9902 1262 2215 
f 1627 5011 2534 
f 5058 4939 1966 
f 8519 8336 8423 
f 784 10151 10645 
f 5595 3874 5555 
f 8173 8340 8081 
f 4764 428 7216 
f 8423 8336 8335 
f 6673 6410 6408 
f 10125 698 4846 
f 3348 5778 8547 
f 5410 2737 1378 
f 5329 5437 1600 
f 7409 3136 5546 
f 8260 8184 8088 
f 216 7660 52 
f 5676 4636 10438 
f 6984 6775 6774 
f 8646 8443 8267 
f 5088 4102 556 
f 7901 7805 7991 
f 10101 985 111 
f 1139 1625 3057 
f 7909 8267 8094 
f 620 912 914 
f 5183 10373 1683 
f 5024 8875 5021 
f 5151 4767 8875 
f 9023 8761 9120 
f 8643 7973 7538 
f 4094 7976 3786 
f 2889 2769 6428 
f 1205 2252 7629 
f 8661 8711 8837 
f 1599 7421 7100 
f 7351 9891 988 
f 10493 1985 5289 
f 9032 6573 8239 
f 5151 6474 4720 
f 7470 7387 7385 
f 3762 355 3590 
f 7468 3636 3610 
f 2337 2339 4123 
f 291 9500 483 
f 6014 7313 8496 
f 8641 8634 6983 
f 6236 1792 2519 
f 4280 5862 2661 
f 7758 8080 8082 
f 1669 6329 3545 
f 10346 10416 10274 
f 7424 7260 7420 
f 2524 2087 5767 
f 6553 10565 3708 
f 9973 5192 5437 
f 2661 8931 3208 
f 3370 3286 3314 
f 8620 4372 8617 
f 3867 4261 3251 
f 3255 3196 3220 
f 4664 5048 4563 
f 3929 9687 9068 
f 5578 7433 7432 
f 8016 8441 5729 
f 6676 536 10324 
f 1570 9659 2376 
f 9030 5196 7281 
f 3851 3477 6598 
f 3107 7550 5940 
f 10535 5477 10393 
f 3531 3385 1972 
f 3816 3730 3854 
f 3492 3528 1972 
f 3073 1377 2643 
f 4207 3644 4277 
f 9997 9996 10052 
f 2168 9929 9953 
f 835 3559 6461 
f 3521 3601 3523 
f 921 5787 2366 
f 5805 10306 2659 
f 5161 2086 8532 
f 9858 10653 944 
f 8951 3712 3895 
f 3390 3427 3469 
f 281 221 2628 
f 4172 686 2466 
f 203 617 5605 
f 3210 2994 3216 
f 3698 3576 3614 
f 1907 8043 9142 
f 4012 3981 4061 
f 2921 2887 2955 
f 5240 828 257 
f 2113 1458 8041 
f 3859 3901 7471 
f 7761 1126 2874 
f 3002 2955 3001 
f 10324 8059 6676 
f 658 311 5513 
f 6701 9408 6584 
f 4874 3929 9068 
f 6294 8671 5524 
f 7802 3403 3398 
f 1627 10462 10018 
f 8272 9699 9700 
f 4790 5448 4320 
f 3697 1657 1506 
f 6064 5535 6068 
f 1417 6044 9406 
f 6561 2103 6218 
f 6406 2985 2625 
f 3794 3818 10242 
f 1377 6332 2643 
f 9514 1522 994 
f 7872 7679 7871 
f 8321 8156 8233 
f 10271 10341 9015 
f 7590 5125 7783 
f 8411 8158 8235 
f 6215 7081 6413 
f 593 2897 2972 
f 9608 8015 6175 
f 8493 8591 1151 
f 6698 9222 8805 
f 8067 7971 8238 
f 9983 1613 2258 
f 795 745 794 
f 9651 10537 479 
f 1180 410 3160 
f 10674 4054 4133 
f 6256 6141 6280 
f 5237 5286 5081 
f 1214 7382 7682 
f 5539 309 10399 
f 3725 5119 4345 
f 6594 6614 8804 
f 4323 2772 2603 
f 5125 1214 7781 
f 6159 4228 401 
f 573 8417 9143 
f 1746 7650 1747 
f 6436 1648 184 
f 4800 4562 4353 
f 440 1376 438 
f 10646 3777 9764 
f 4737 5447 5455 
f 6891 8519 8423 
f 7166 6966 7504 
f 5815 3115 6375 
f 3241 3318 3271 
f 8335 8247 8423 
f 8556 9955 9851 
f 9852 7451 5201 
f 8659 8546 8835 
f 8335 7986 8169 
f 7505 7602 7795 
f 3936 8883 5591 
f 2106 5267 3222 
f 982 5639 3010 
f 6126 6146 6217 
f 5653 5060 1723 
f 2535 848 5844 
f 5337 6064 5965 
f 431 9400 2293 
f 9716 1794 4302 
f 4570 4853 4271 
f 1729 1727 1900 
f 8587 10607 4653 
f 6412 6120 6410 
f 9433 8766 8904 
f 8878 533 7992 
f 6073 7438 9170 
f 7607 7703 7896 
f 9194 7560 9954 
f 5198 6146 9872 
f 8346 8260 8180 
f 7092 6869 7299 
f 10333 10455 10459 
f 8085 7901 7991 
f 8866 6211 7939 
f 6088 10487 6370 
f 435 537 1837 
f 3201 3124 3199 
f 2441 2369 2101 
f 5169 400 1733 
f 5353 992 2310 
f 4065 2876 3085 
f 1598 4567 5050 
f 5167 8450 6656 
f 8644 8535 8767 
f 5457 3326 7032 
f 3127 3084 3124 
f 4289 8775 3190 
f 3225 3086 3202 
f 3198 3080 2983 
f 3300 3260 3319 
f 5717 9724 44 
f 6878 7308 6568 
f 3898 3816 3854 
f 3569 3647 3606 
f 4163 4122 4161 
f 9703 4685 9705 
f 8312 967 4150 
f 6258 4950 4560 
f 2696 3554 7737 
f 8909 8644 4995 
f 9674 4084 10632 
f 3352 3386 3388 
f 3330 3388 3332 
f 8021 8283 3460 
f 9056 5707 4491 
f 10190 6210 8447 
f 4065 9451 9269 
f 10069 3864 2340 
f 3470 3334 3390 
f 9086 10641 9393 
f 8284 931 3032 
f 5575 5572 4835 
f 2846 2796 2885 
f 9189 10069 6533 
f 32 3275 3243 
f 10491 4811 1284 
f 6601 8557 1302 
f 28 10237 92 
f 9248 2308 9365 
f 2553 9634 2733 
f 4441 5193 5328 
f 6693 4617 3104 
f 3243 3275 3336 
f 2229 502 687 
f 10481 4186 31 
f 2778 3996 9093 
f 1103 3203 2810 
f 3320 1796 4159 
f 210 6400 6621 
f 2138 461 375 
f 3498 1264 3500 
f 10481 31 6523 
f 3863 5859 5181 
f 1038 5622 8363 
f 357 419 358 
f 5385 5255 1689 
f 7962 7793 8089 
f 8292 9615 8062 
f 4490 7723 7829 
f 3755 5093 10259 
f 2169 2293 9400 
f 1321 2751 4618 
f 3045 2870 1666 
f 5397 5677 5660 
f 9005 1813 1402 
f 4809 3099 5315 
f 5560 5623 4104 
f 6042 392 3025 
f 1072 949 4335 
f 5301 4555 4927 
f 3217 6492 6378 
f 9639 8347 8236 
f 10510 779 10363 
f 1228 590 2607 
f 7877 1647 4905 
f 3903 2098 5079 
f 4872 5448 4929 
f 5404 7061 5261 
f 6081 7201 8929 
f 5644 269 2258 
f 8574 5365 8922 
f 3912 7576 1670 
f 7521 8328 8792 
f 10215 9636 5678 
f 3250 6351 6596 
f 4647 4685 4648 
f 5231 5192 3435 
f 5670 9838 5678 
f 4692 5356 4976 
f 8918 2306 2539 
f 7590 7785 7688 
f 6047 1347 6046 
f 5397 5660 5651 
f 8493 8321 8408 
f 9604 9608 6175 
f 2724 2722 2764 
f 8327 8067 8238 
f 1888 3208 8931 
f 2668 1256 140 
f 2047 8453 1163 
f 8493 1151 8718 
f 4842 8188 892 
f 3735 1145 7777 
f 8945 8701 8772 
f 299 8884 3909 
f 8493 8718 8594 
f 7494 7386 7587 
f 8402 8225 8313 
f 8144 8178 8098 
f 1783 8353 1716 
f 1757 8424 4403 
f 3454 5103 6076 
f 8105 411 8098 
f 2172 3539 9922 
f 7701 7699 7983 
f 3562 3484 3515 
f 8372 8437 7812 
f 9498 10668 2514 
f 1024 7832 6261 
f 8700 10076 5168 
f 3487 3347 3448 
f 2644 10555 367 
f 7896 7897 7705 
f 7608 7705 7405 
f 6759 6854 6968 
f 7598 7280 7597 
f 3225 3261 3263 
f 9797 6178 3096 
f 160 161 8898 
f 7987 7897 7896 
f 3485 3563 3486 
f 385 7703 7607 
f 3349 3300 3319 
f 47 16 4356 
f 2839 2788 2880 
f 8403 2186 8194 
f 4951 4138 5019 
f 9969 10047 9826 
f 3427 3332 3388 
f 6703 8796 2923 
f 7535 4121 6134 
f 3202 3128 3224 
f 6181 9918 8533 
f 8022 4784 1525 
f 2995 2884 3040 
f 3816 3687 3730 
f 3265 3330 3267 
f 2921 2955 3002 
f 7898 7991 7805 
f 3385 3329 3379 
f 8085 7991 8177 
f 450 9539 9495 
f 7177 214 1083 
f 4340 4171 4250 
f 6984 7299 7095 
f 4120 4119 3780 
f 7816 9324 7624 
f 4531 4398 8699 
f 6526 8146 4894 
f 8184 8260 8350 
f 7903 7808 7993 
f 7410 7178 7516 
f 10049 7850 3391 
f 1735 1574 1729 
f 7903 7993 8088 
f 3334 3318 3268 
f 4647 4648 4609 
f 7903 7711 7808 
f 3337 3355 3397 
f 3387 379 3190 
f 6130 9847 6129 
f 10013 10148 9652 
f 1622 2487 2360 
f 7460 7300 4449 
f 4464 4513 4551 
f 1391 1462 1210 
f 8002 1700 4616 
f 8267 8351 8535 
f 2193 9061 7163 
f 9133 9440 9513 
f 7440 3961 6702 
f 8480 8249 8477 
f 8495 1399 9329 
f 2714 5423 3494 
f 4282 5373 4285 
f 1723 6800 5653 
f 1429 1046 6825 
f 9257 10401 4276 
f 73 6805 601 
f 744 8450 6034 
f 4790 4831 4794 
f 5354 5482 10574 
f 1792 6236 401 
f 11 82 38 
f 920 29 905 
f 9127 8871 9189 
f 5349 5218 4426 
f 1048 4612 2701 
f 2665 4673 7502 
f 3568 5171 5305 
f 2743 4185 9225 
f 1095 1714 4541 
f 8259 2324 2646 
f 9032 7769 4837 
f 7707 8915 6345 
f 8112 8111 8246 
f 992 5353 10417 
f 5875 5114 5113 
f 861 8459 2865 
f 5130 5372 1299 
f 6383 10018 1334 
f 9174 3556 3284 
f 8676 2040 1302 
f 1638 5319 7642 
f 5296 5687 4584 
f 6988 7305 7100 
f 2068 7920 3333 
f 159 9986 8287 
f 761 7221 7225 
f 7318 10017 3986 
f 5520 5165 10695 
f 5734 7037 414 
f 7557 1363 5246 
f 10481 4503 2312 
f 915 5401 5064 
f 3832 4347 4344 
f 7248 8337 2491 
f 2103 10396 2105 
f 1600 5437 5405 
f 4155 5124 5588 
f 3856 6054 3657 
f 8242 5502 4311 
f 6823 6376 8323 
f 6940 1340 10629 
f 2300 3883 6042 
f 9358 8320 9275 
f 3080 2877 2982 
f 2677 3443 411 
f 8011 8013 7845 
f 4896 7449 3936 
f 8715 4106 4020 
f 4827 3794 10242 
f 10577 7048 2265 
f 7784 8214 8223 
f 327 2005 3761 
f 6476 8533 2561 
f 6224 2478 9825 
f 2958 10361 10465 
f 7679 7582 7581 
f 8321 8233 8408 
f 3258 3316 3288 
f 3630 3560 3709 
f 7783 5125 7876 
f 8493 8408 8591 
f 3373 3447 3448 
f 8412 8238 8158 
f 3174 3127 3201 
f 3288 1446 3373 
f 2908 2836 2907 
f 9111 9604 1892 
f 3344 3415 1446 
f 4753 7004 6304 
f 9270 262 85 
f 3601 3721 3602 
f 1798 1799 9929 
f 4163 4210 4249 
f 3218 8547 7106 
f 2781 1842 8433 
f 2995 2845 2884 
f 967 355 4150 
f 4122 4163 4125 
f 2822 625 3496 
f 8411 8594 8412 
f 7394 6853 7280 
f 9268 9171 9363 
f 3268 3180 3267 
f 8067 7881 7971 
f 3042 3183 3241 
f 129 3065 4291 
f 3135 3040 3090 
f 2221 7275 964 
f 8768 9370 84 
f 3842 8953 5075 
f 7608 7290 7403 
f 1493 6919 4620 
f 7598 7597 7792 
f 7503 7394 7695 
f 3443 5263 8144 
f 10170 14 5952 
f 9703 6045 6802 
f 8422 6891 8423 
f 6773 6774 6562 
f 6393 8828 4564 
f 9850 9820 8996 
f 3337 3277 3336 
f 7898 8081 7990 
f 3277 3243 3336 
f 6806 6244 6747 
f 3621 3541 2775 
f 3859 7471 3823 
f 4137 4060 4098 
f 7982 7795 7980 
f 8471 2165 6693 
f 2559 2458 618 
f 7610 7405 7705 
f 2002 1152 6955 
f 4457 4157 5972 
f 9268 9227 9125 
f 192 5359 789 
f 8345 8180 8257 
f 3009 3662 4666 
f 93 8725 6244 
f 5834 5797 131 
f 8635 8431 8526 
f 4206 4079 4115 
f 5512 5163 2006 
f 6454 4550 2021 
f 4673 5625 6754 
f 8185 7909 7908 
f 3274 2530 2684 
f 6823 8154 2481 
f 8035 5163 5512 
f 2653 5064 2652 
f 3584 5610 4155 
f 4104 3777 6349 
f 189 4522 1081 
f 5667 2320 5551 
f 7895 7692 7799 
f 556 6528 9866 
f 4568 5110 5438 
f 4692 6170 1911 
f 8644 8767 4995 
f 6196 5947 6727 
f 8902 7344 8744 
f 8137 2774 2772 
f 1757 3618 5030 
f 6316 7312 3948 
f 8009 5111 5001 
f 9267 7267 865 
f 8741 2592 8794 
f 10061 5537 10129 
f 9973 321 5192 
f 7741 7848 3573 
f 6781 1882 1883 
f 8994 8885 9051 
f 9367 1005 8491 
f 2979 2737 2736 
f 5309 3462 1410 
f 2419 2248 3460 
f 9989 76 9520 
f 2883 4209 2944 
f 5672 5260 5220 
f 4667 9986 5364 
f 7740 5432 1123 
f 8015 213 1034 
f 2339 2337 5646 
f 3013 2272 3012 
f 6319 2086 5161 
f 1600 9872 2493 
f 5194 3928 4883 
f 8197 4611 4338 
f 7480 10161 6220 
f 4915 4707 5449 
f 4271 4853 4710 
f 7217 7120 5068 
f 6090 9768 703 
f 2820 1842 2781 
f 5293 2519 1792 
f 4392 7012 9715 
f 3861 2575 8212 
f 2677 7643 7989 
f 7853 2677 3342 
f 8861 8178 8117 
f 3628 3560 10314 
f 8730 81 4032 
f 430 6529 1841 
f 1461 2825 5186 
f 2832 2978 2877 
f 8381 5471 1654 
f 3288 3286 3344 
f 3344 3372 3415 
f 7459 7223 640 
f 4936 973 5626 
f 8437 2409 4099 
f 3517 3487 3448 
f 5468 3714 790 
f 3086 3225 3130 
f 3319 3375 3521 
f 7216 428 10524 
f 2297 3984 3411 
f 9686 8355 2322 
f 4115 4201 4204 
f 4163 4161 4245 
f 7209 1634 8467 
f 2237 652 377 
f 6575 10630 9965 
f 9094 8986 9154 
f 6884 9722 6413 
f 2839 2758 2788 
f 3265 3267 3180 
f 4173 4129 4007 
f 8401 8529 570 
f 3461 3385 3531 
f 2284 949 946 
f 2639 3508 3581 
f 2956 3002 3044 
f 458 8438 3742 
f 3859 3739 3769 
f 6230 4214 653 
f 4112 1348 4503 
f 2030 6025 2089 
f 10680 7541 2061 
f 10150 9418 3980 
f 7783 7876 8156 
f 7054 4298 4114 
f 8412 8158 8411 
f 8984 8824 533 
f 10453 8438 458 
f 9061 1809 7560 
f 3987 1151 8591 
f 4190 84 9370 
f 8829 4753 3987 
f 7782 8355 7678 
f 5021 427 5408 
f 5487 4655 4630 
f 3175 1838 9665 
f 8875 10095 5151 
f 9082 2729 1890 
f 7494 7587 5125 
f 10275 10143 2463 
f 2423 2121 6278 
f 4593 4820 5575 
f 8595 8414 8412 
f 1728 9846 5109 
f 8844 1961 2672 
f 746 7402 4146 
f 8992 37 1842 
f 7751 6303 6433 
f 7977 7792 7883 
f 4134 10674 4177 
f 4103 4101 9775 
f 4366 8393 7014 
f 6963 7072 7280 
f 5663 7539 9617 
f 8556 9943 8400 
f 6222 7480 6220 
f 4809 2985 6406 
f 8423 8247 8422 
f 4566 7363 5246 
f 8888 10183 2330 
f 7995 5661 2927 
f 7987 8172 8173 
f 8247 8335 8169 
f 2588 1706 2614 
f 7658 8285 7538 
f 3955 3429 5515 
f 6763 6664 6972 
f 3260 3174 3201 
f 6913 5842 3773 
f 3192 4099 2409 
f 9353 9120 1554 
f 1152 1425 6955 
f 3483 3514 3561 
f 7990 7991 7898 
f 8435 9680 4448 
f 3373 1446 3447 
f 7901 7808 7708 
f 7414 7095 7299 
f 7997 7811 7903 
f 9310 105 9648 
f 3258 3288 3373 
f 1085 7211 1642 
f 3452 3319 3521 
f 7705 7897 7706 
f 3570 3461 3531 
f 6872 6775 6984 
f 9876 9881 2012 
f 4462 6906 3814 
f 4206 4204 4242 
f 2599 2230 2219 
f 7095 6872 6984 
f 3526 3349 3523 
f 8976 53 55 
f 8904 8764 9024 
f 5578 1359 6882 
f 6637 4343 1280 
f 9035 8771 3156 
f 4326 1753 2387 
f 3379 3328 3325 
f 9135 6300 2348 
f 3904 3981 2130 
f 10195 10269 10414 
f 2822 3496 9543 
f 8775 513 9035 
f 478 8284 4695 
f 9473 9273 9227 
f 3271 3275 32 
f 1599 7622 7623 
f 2197 2389 1691 
f 2013 8931 2661 
f 3312 3104 4617 
f 235 1692 10478 
f 7471 3938 3902 
f 8842 3254 3478 
f 3937 3901 3858 
f 7646 1978 3508 
f 2347 2346 2590 
f 1845 2031 2120 
f 2312 4503 1348 
f 10614 2329 10586 
f 1098 6911 8574 
f 5243 4654 10484 
f 7780 6871 313 
f 6716 6767 3771 
f 9790 80 573 
f 1535 1500 1604 
f 8916 5191 8918 
f 4049 16 54 
f 274 10048 3891 
f 1264 3498 4178 
f 2118 2643 1930 
f 5594 3097 4286 
f 10391 10244 10464 
f 2025 6894 5595 
f 3175 6922 1838 
f 7839 2144 7247 
f 7689 3839 3988 
f 8550 8669 5931 
f 9016 289 9112 
f 10404 8197 4699 
f 516 5758 1843 
f 3832 9447 6520 
f 9866 5019 4138 
f 7133 7443 530 
f 1985 10493 6138 
f 4767 5151 4445 
f 4308 4356 16 
f 3943 10234 5616 
f 2708 9184 5597 
f 10350 7615 9446 
f 10104 4145 5006 
f 6760 2446 1079 
f 9885 3092 6395 
f 8489 597 2766 
f 3401 5006 4145 
f 6048 4159 9669 
f 10337 5027 3947 
f 6012 3886 9396 
f 6575 9965 6574 
f 1243 6224 9825 
f 6199 8940 112 
f 3670 9078 223 
f 2660 1235 6110 
f 6133 9276 9327 
f 5189 3406 2336 
f 5072 2398 6800 
f 1950 683 5361 
f 2537 5844 2898 
f 4199 4787 10021 
f 9768 6090 6089 
f 4457 4938 4157 
f 10046 6595 6529 
f 2133 1891 9552 
f 7190 7356 7361 
f 298 3242 4230 
f 2589 4745 2584 
f 6958 7023 6960 
f 7643 2409 8437 
f 1732 847 3307 
f 6717 7937 387 
f 7837 8010 7841 
f 5271 3142 6900 
f 10307 10314 411 
f 8594 8411 8493 
f 8235 7783 8156 
f 2787 2785 2877 
f 10169 7253 5174 
f 6900 9722 6884 
f 6723 10507 6811 
f 6733 8829 8585 
f 4111 3301 5174 
f 3260 3223 3259 
f 3192 3069 4099 
f 8316 8588 8590 
f 3314 2410 1704 
f 9297 9347 4756 
f 10051 9666 9690 
f 3993 4035 9436 
f 7433 7734 216 
f 9806 5516 421 
f 1501 3194 7363 
f 3321 3349 3351 
f 6099 4443 94 
f 3566 3602 3686 
f 3332 3334 3268 
f 3091 2995 3040 
f 7584 7379 7582 
f 8163 8164 8072 
f 3576 3575 3614 
f 3042 3001 3094 
f 8166 7980 8072 
f 4750 5308 2811 
f 2461 2463 10193 
f 9794 1575 960 
f 3574 3534 3571 
f 3353 3335 3318 
f 3280 3277 3337 
f 824 10714 10708 
f 1613 1581 5644 
f 6830 2857 3542 
f 7701 7983 7894 
f 2887 2798 2846 
f 8238 8414 8327 
f 4184 4656 4921 
f 2007 9047 2300 
f 8210 2431 1136 
f 3369 10485 4032 
f 3658 3739 3772 
f 3725 4186 7250 
f 9602 9501 9600 
f 7168 7169 7166 
f 4599 3264 8060 
f 5434 5299 5150 
f 2605 235 8127 
f 9680 1859 6662 
f 4155 1052 9650 
f 9367 8435 5148 
f 4887 685 9625 
f 5632 3584 2539 
f 5658 6800 1982 
f 7169 6971 6857 
f 6129 6095 6093 
f 8340 8173 8427 
f 3402 8522 8519 
f 8756 7675 6955 
f 7938 5190 9873 
f 4308 16 29 
f 7675 3402 2002 
f 10325 5951 5952 
f 3249 5074 1666 
f 4808 3985 4801 
f 7613 7410 7516 
f 5475 6390 7492 
f 7727 7834 9446 
f 999 4146 2268 
f 9622 9653 9612 
f 5811 6381 6346 
f 2823 5378 1875 
f 1110 5805 1336 
f 8876 8488 7932 
f 7160 7022 7093 
f 8929 7201 8894 
f 8152 3880 5792 
f 2564 7320 7921 
f 860 4823 5922 
f 552 1266 3327 
f 1621 2584 10594 
f 4450 6248 1185 
f 6005 515 8443 
f 5159 4591 7630 
f 7546 7538 7973 
f 8880 8651 8774 
f 5107 366 4000 
f 9293 6915 6581 
f 4640 4804 4709 
f 8859 613 845 
f 3669 9070 7547 
f 10029 10028 5253 
f 2142 2468 5740 
f 1180 9847 3205 
f 431 4494 2021 
f 2037 8908 6019 
f 5892 5203 5766 
f 130 8691 5108 
f 9973 5329 5102 
f 5758 516 1423 
f 6938 10655 5743 
f 3003 9995 2350 
f 9872 6146 6101 
f 10474 10539 5484 
f 6181 3629 8920 
f 2409 7853 2410 
f 3286 3220 3314 
f 1676 3414 3372 
f 4707 3843 3067 
f 10717 7948 7051 
f 4616 4935 8002 
f 1411 1751 9153 
f 8781 7685 6119 
f 9711 10607 7445 
f 7653 7002 7079 
f 7858 6467 7857 
f 2787 2717 2785 
f 4179 4135 4222 
f 7502 5105 2665 
f 3561 3596 3515 
f 3319 3259 3375 
f 3319 3260 3259 
f 6461 7652 6459 
f 3258 3223 3316 
f 7835 5347 4028 
f 3331 6262 10232 
f 3521 3375 3449 
f 7609 9307 6728 
f 6390 5070 10604 
f 3325 3351 1972 
f 4330 3378 2215 
f 3523 3452 3521 
f 2305 1231 2607 
f 9149 3801 3227 
f 2771 2889 6428 
f 3263 3261 3321 
f 6841 5461 5872 
f 10698 2869 9953 
f 1651 1039 909 
f 10613 4392 10626 
f 1231 1228 2607 
f 7856 9593 3957 
f 1972 3379 3325 
f 5622 5934 8363 
f 4632 2277 4557 
f 8280 6842 8226 
f 2237 3235 2250 
f 8920 3967 6181 
f 9707 1025 9719 
f 1268 1045 577 
f 3857 3819 3933 
f 3739 3658 3698 
f 4807 4754 5669 
f 9374 9373 9483 
f 1843 5758 1006 
f 3650 3574 3649 
f 3575 3534 3613 
f 5678 9636 6321 
f 8136 6225 1703 
f 1268 2249 827 
f 8313 8585 8402 
f 7086 5635 6769 
f 2887 2846 2919 
f 3901 3937 4054 
f 8233 8156 8061 
f 4770 782 3141 
f 6074 6259 10376 
f 8408 8490 8591 
f 7787 8948 3623 
f 1062 3992 264 
f 7587 7386 7266 
f 3973 863 4309 
f 3848 3921 3924 
f 7471 3901 4054 
f 5125 7587 1214 
f 5806 6061 6210 
f 3865 3862 3939 
f 6472 6334 1667 
f 9499 10291 4661 
f 6493 1344 6354 
f 5140 5431 5089 
f 1699 1622 1766 
f 2548 2642 2831 
f 3558 8189 4951 
f 7533 6789 4036 
f 9550 5563 4741 
f 7929 1308 8625 
f 5569 1512 2391 
f 1437 1473 1439 
f 8089 8209 8213 
f 5333 6311 4862 
f 1318 10450 9767 
f 4018 207 6582 
f 8958 717 6372 
f 1975 1723 4898 
f 6217 4059 10028 
f 5444 7922 5443 
f 8390 6050 6045 
f 1375 5250 6234 
f 5931 8592 8550 
f 9602 9689 9504 
f 10149 8667 8516 
f 9911 5393 6801 
f 8672 8596 8593 
f 6322 6270 8372 
f 4929 1752 4872 
f 149 116 147 
f 9501 9602 9238 
f 5368 716 4596 
f 7121 5774 1460 
f 8232 1612 3345 
f 385 7288 7400 
f 7675 8756 8632 
f 4986 777 5771 
f 8740 5083 1170 
f 8338 8336 8522 
f 8767 8535 8534 
f 10114 10116 2892 
f 5085 5084 5129 
f 8904 6063 8764 
f 7168 7399 7400 
f 7809 2536 9357 
f 7768 1944 9852 
f 7293 4743 5235 
f 1983 9565 3396 
f 10446 1683 10373 
f 7410 7614 7519 
f 252 124 183 
f 7146 6502 1580 
f 4550 4584 5687 
f 9023 8762 8761 
f 2392 9593 2018 
f 6852 6496 7651 
f 7711 7614 7808 
f 1995 3150 9390 
f 7708 7613 7514 
f 6005 513 515 
f 5159 7725 4323 
f 7895 7965 7900 
f 1092 379 3387 
f 8191 8445 8193 
f 1727 1729 1574 
f 5777 3670 223 
f 2505 10226 8667 
f 3564 3563 3598 
f 9665 1838 6078 
f 6432 3184 861 
f 3092 7438 9010 
f 3560 3514 10314 
f 3259 3347 3375 
f 4279 8605 312 
f 3560 3561 3514 
f 10307 3675 3628 
f 6493 6634 6636 
f 8568 3466 8480 
f 2194 4890 4941 
f 4857 5175 5034 
f 7598 7394 7280 
f 10334 10474 10477 
f 7652 7213 3638 
f 3520 3635 3565 
f 3602 3523 3601 
f 5338 3827 4207 
f 9880 4004 6489 
f 9269 8023 4277 
f 5484 4423 5012 
f 4085 4118 4161 
f 4157 6730 7393 
f 3321 3300 3349 
f 10133 9984 10292 
f 3566 3726 3643 
f 1556 1557 9796 
f 8909 4995 9031 
f 3332 3267 3330 
f 2658 2971 2972 
f 3228 975 3226 
f 9335 8418 7317 
f 10052 10132 10330 
f 6203 5222 5543 
f 10081 7609 6728 
f 3687 3648 3730 
f 9632 4726 9581 
f 3251 6596 3371 
f 5585 6704 5884 
f 9172 5882 11 
f 3133 3206 3134 
f 3271 3042 3241 
f 4616 4459 9155 
f 3622 4666 3662 
f 4159 1796 5340 
f 7914 10630 6575 
f 3386 3329 3385 
f 6940 8374 1379 
f 614 524 523 
f 1016 9054 7275 
f 3335 3353 3496 
f 8827 3505 8544 
f 4150 4149 811 
f 9956 1439 9960 
f 1661 1820 4621 
f 3243 3211 32 
f 5025 6579 10623 
f 2891 962 7561 
f 10302 10220 682 
f 3215 3246 3148 
f 6261 5311 5412 
f 112 1814 733 
f 6272 7081 6215 
f 3613 3574 3650 
f 3663 9579 1238 
f 10250 6184 6703 
f 7646 3508 7098 
f 5331 5202 3998 
f 6470 5466 5463 
f 3455 6247 8234 
f 1191 2066 5268 
f 10252 669 1237 
f 8591 8490 8590 
f 6009 5069 4661 
f 10308 8415 881 
f 1049 218 620 
f 1667 3479 8145 
f 2228 4374 4398 
f 6214 10419 403 
f 4555 5301 4637 
f 8836 8659 8835 
f 8482 8066 8313 
f 2703 3418 4779 
f 2169 5318 5401 
f 4200 3996 2782 
f 7779 7582 7679 
f 785 3572 4701 
f 8408 8230 8490 
f 9633 2257 8466 
f 8058 8061 7966 
f 8240 8163 8068 
f 7561 3112 4290 
f 9165 5067 9294 
f 989 2739 7275 
f 7523 1224 4490 
f 3458 2117 5298 
f 5664 10299 1808 
f 146 82 5882 
f 6784 5681 1536 
f 5952 10172 2216 
f 10707 7603 4211 
f 3990 4492 3989 
f 8929 8042 8328 
f 9212 10054 2490 
f 10378 2650 7360 
f 9257 7975 8277 
f 6924 4756 9345 
f 557 6350 2393 
f 454 455 453 
f 10598 7079 7144 
f 9812 1339 8500 
f 2791 2450 1397 
f 8130 8278 9560 
f 4189 3780 1753 
f 8623 8540 1771 
f 5968 5082 7525 
f 10622 10561 10621 
f 4231 6648 6926 
f 5668 574 802 
f 6282 6283 5179 
f 3683 3564 3598 
f 6496 8178 8144 
f 6889 6524 8165 
f 6662 1425 9680 
f 7616 7414 7519 
f 3485 3484 3562 
f 3484 3445 3515 
f 3562 3515 3596 
f 9716 682 5887 
f 3709 3560 3628 
f 7614 7410 7613 
f 1653 3628 3675 
f 3802 1653 3800 
f 8632 8896 8526 
f 4419 4293 4418 
f 3521 3449 3565 
f 3180 6231 3265 
f 4115 4113 4201 
f 423 4305 10117 
f 4364 6297 413 
f 3850 3815 3727 
f 3349 3452 3523 
f 2993 2884 2914 
f 3261 3202 3224 
f 3921 3848 3960 
f 3352 3330 3265 
f 376 10645 534 
f 3329 3230 3228 
f 884 8475 8476 
f 8445 8191 515 
f 3189 3126 394 
f 3001 2919 3041 
f 3218 7784 10005 
f 9805 5247 2532 
f 3904 3865 4061 
f 8443 8646 6005 
f 3755 9781 3911 
f 8687 8612 3141 
f 4054 10674 4055 
f 7242 2144 7839 
f 3739 3698 3769 
f 3312 3282 3280 
f 995 325 9076 
f 3246 3004 3148 
f 9557 6167 1639 
f 654 727 655 
f 3772 3616 3658 
f 6943 8733 9706 
f 2159 234 1688 
f 8301 884 8187 
f 3871 4666 3622 
f 7958 7771 6472 
f 3869 3871 3622 
f 4420 7797 3846 
f 5242 2349 1744 
f 10638 2488 6605 
f 6693 1978 8674 
f 10171 2553 10174 
f 2001 6718 2003 
f 3058 5524 6885 
f 1964 5009 4907 
f 5569 3066 5262 
f 6049 6320 3251 
f 4689 10535 5330 
f 5824 7867 7863 
f 5164 10695 5165 
f 7142 10046 430 
f 1644 6370 9450 
f 8364 9655 6896 
f 4021 5879 3071 
f 5089 2674 10111 
f 7244 1501 4376 
f 5727 2962 9970 
f 4729 3077 3287 
f 4858 1434 2478 
f 10543 5484 5013 
f 4251 7649 4254 
f 8604 9262 8503 
f 1539 526 10039 
f 2669 9306 3116 
f 9184 2708 1455 
f 4630 4655 5098 
f 6734 6732 6837 
f 5609 9829 9967 
f 4889 4445 4720 
f 12 2228 6020 
f 3757 1931 8484 
f 2331 2404 1357 
f 6432 6640 7817 
f 9337 6198 4813 
f 957 1077 913 
f 8037 1865 7931 
f 2297 2136 3984 
f 10118 10045 10198 
f 5148 1453 9367 
f 5237 4705 5277 
f 2284 5099 2984 
f 1166 74 3308 
f 3012 4162 2791 
f 5520 10695 8189 
f 7261 7425 7343 
f 4890 7321 7319 
f 5768 1051 1131 
f 1564 9348 5788 
f 3516 7132 2792 
f 5914 4547 720 
f 4692 4693 3476 
f 10581 7307 8682 
f 10054 2377 2490 
f 8988 8333 3413 
f 1896 2066 1971 
f 7989 8565 5263 
f 3927 3973 5456 
f 3517 3486 3563 
f 5363 7004 6733 
f 3485 3415 3484 
f 3596 3561 3630 
f 10465 106 8948 
f 8591 8590 3987 
f 3632 3562 3596 
f 8235 7785 7783 
f 10391 10464 10531 
f 326 407 8938 
f 3375 3347 3487 
f 3561 3515 3483 
f 9455 1565 5631 
f 7966 7781 7874 
f 3847 3753 3845 
f 7872 7779 7679 
f 3259 3223 3258 
f 84 2408 90 
f 2752 5843 1626 
f 5913 9438 5917 
f 3520 3517 3564 
f 3601 3521 3565 
f 118 8492 7950 
f 7395 9492 5302 
f 3643 3528 3566 
f 8743 4057 10499 
f 8052 5581 10441 
f 1542 5904 1778 
f 3261 3224 3300 
f 6396 4990 2120 
f 3601 3565 3637 
f 4404 4083 5247 
f 9198 8804 6614 
f 9122 9947 2313 
f 3789 9103 3608 
f 4443 6124 3530 
f 3090 975 6231 
f 975 3089 3134 
f 6364 894 5424 
f 710 6184 10640 
f 3754 3810 3960 
f 1508 6287 5489 
f 3469 3463 3571 
f 6695 6722 997 
f 2043 4300 4199 
f 3461 3386 3385 
f 1859 9680 10489 
f 3442 6502 3441 
f 3848 3924 3815 
f 8632 8429 8521 
f 6499 10184 9447 
f 3869 3825 3865 
f 4666 1656 3009 
f 4766 3910 7524 
f 7519 7299 7410 
f 9516 10371 3540 
f 263 466 222 
f 6895 8494 2010 
f 3088 8822 9089 
f 8431 8257 8255 
f 1053 5410 4675 
f 4246 3773 2775 
f 4302 682 9716 
f 8762 8639 8638 
f 8897 8927 4437 
f 3865 3825 3862 
f 899 4011 422 
f 10499 6846 8743 
f 9956 10150 8736 
f 9433 8904 9239 
f 4614 1796 3922 
f 6215 1075 6272 
f 6468 6165 6623 
f 3556 9174 8912 
f 3713 3682 3711 
f 5607 8448 5606 
f 8306 8249 8246 
f 2319 2327 2016 
f 5422 5039 4292 
f 3299 2959 9749 
f 9158 5559 3108 
f 5032 5312 6382 
f 2519 5522 5044 
f 10141 9371 2248 
f 797 5187 5443 
f 852 10124 7074 
f 3567 2518 42 
f 8796 1506 8357 
f 7938 8269 5190 
f 8593 8553 8592 
f 4643 5248 6296 
f 6070 6035 6068 
f 5332 441 5882 
f 8361 8449 1343 
f 10634 7534 99 
f 8311 4365 4594 
f 5896 5893 5941 
f 4866 6319 5161 
f 2925 5472 2231 
f 10716 5181 5859 
f 9974 4629 2224 
f 3200 10100 5131 
f 3756 7276 4259 
f 4692 5001 5111 
f 5671 3678 3867 
f 198 319 221 
f 6104 5565 9117 
f 9009 8677 1946 
f 1038 6401 5622 
f 6830 2287 2289 
f 9554 697 5531 
f 10158 8855 2589 
f 9224 7854 9583 
f 10470 10328 5951 
f 7005 7003 4223 
f 7429 8543 2587 
f 8870 10687 7638 
f 8392 8391 8460 
f 3827 4706 3644 
f 4691 5228 2773 
f 2849 4735 10594 
f 6391 6387 6381 
f 10539 10328 10470 
f 8677 9619 3787 
f 2876 4706 4539 
f 8995 9774 15 
f 3841 3804 3840 
f 1078 4492 3881 
f 8963 9067 9004 
f 7996 6103 10169 
f 3515 3445 3483 
f 3449 3375 3487 
f 3445 3372 3414 
f 683 4154 5361 
f 3754 3726 3686 
f 4113 4115 4031 
f 8969 8264 8552 
f 8475 1771 8540 
f 3683 3635 3564 
f 3352 3265 3230 
f 7419 1537 5516 
f 3682 3808 3887 
f 6165 3360 1530 
f 7576 274 8694 
f 3730 3648 3727 
f 3261 3300 3321 
f 5142 5739 8224 
f 3180 3135 6231 
f 4333 4377 4336 
f 9735 9759 9746 
f 96 4784 3175 
f 9842 10133 10065 
f 3815 3850 3848 
f 1063 3798 412 
f 3613 3534 3574 
f 547 8380 6521 
f 3230 975 3228 
f 5056 7109 10567 
f 5265 3088 6905 
f 3643 3648 3647 
f 3472 10371 3355 
f 3355 3336 625 
f 7630 4923 7725 
f 3850 3754 3960 
f 6398 6759 6548 
f 3606 3687 3570 
f 3357 3312 3280 
f 3541 3580 3430 
f 7584 7582 7779 
f 4222 4267 2716 
f 816 4128 9910 
f 3397 3355 10371 
f 3355 625 2822 
f 9175 1987 7932 
f 1173 169 7791 
f 3496 3353 3428 
f 3007 9511 3123 
f 1656 9475 9614 
f 10371 3541 3430 
f 4323 2603 1413 
f 1445 8032 9696 
f 9759 9745 963 
f 3051 2279 1183 
f 7840 7369 4327 
f 6088 1644 5542 
f 7214 6999 2792 
f 2325 5804 5967 
f 10125 1300 5886 
f 6654 4257 5282 
f 7911 2058 5185 
f 3209 604 9755 
f 6980 2666 8841 
f 4939 5058 5133 
f 642 1447 3394 
f 9560 9397 8130 
f 2494 8141 10521 
f 5479 10592 7080 
f 8850 5933 8962 
f 7221 7349 7225 
f 4275 3783 8332 
f 9596 549 1271 
f 697 2503 111 
f 9487 2115 1520 
f 8461 8460 8546 
f 9915 8907 7707 
f 6511 6510 3701 
f 6776 1793 5851 
f 2763 6393 673 
f 6425 4677 3043 
f 4713 4568 5438 
f 4278 4017 122 
f 6798 6291 1509 
f 7817 6640 7937 
f 9097 9203 9098 
f 1995 9390 3007 
f 9023 9024 8764 
f 4946 9363 9318 
f 7705 7608 7896 
f 8526 8255 8429 
f 10344 7143 3645 
f 8766 8534 6063 
f 3103 3910 6902 
f 2753 5955 10139 
f 7708 7805 7901 
f 5969 7381 7378 
f 10631 4016 2927 
f 6567 1508 5005 
f 10165 5768 7057 
f 6394 6429 1119 
f 7678 9686 7571 
f 10387 7815 3913 
f 708 1612 2842 
f 1173 35 441 
f 3288 3316 3255 
f 7708 7514 7610 
f 3887 3683 3682 
f 8105 10307 411 
f 1078 3749 3794 
f 7150 7149 7229 
f 2958 10465 6321 
f 2107 95 3770 
f 3794 3707 3818 
f 3562 3632 3563 
f 6889 8165 5339 
f 2772 2774 2603 
f 9010 4447 861 
f 3881 3990 3838 
f 8166 8072 8164 
f 633 5923 2222 
f 2237 377 627 
f 7739 1686 8819 
f 3710 3802 3711 
f 8982 8878 8978 
f 6012 1086 3886 
f 8408 8233 8230 
f 3259 3258 3347 
f 3601 3637 3721 
f 3425 2994 3611 
f 3520 3487 3517 
f 3602 3721 3686 
f 566 568 2759 
f 3447 3415 3485 
f 9980 3988 4063 
f 1972 3528 3569 
f 9572 9569 9750 
f 1972 3351 3492 
f 5333 9280 5178 
f 3894 3854 3924 
f 3496 625 3335 
f 4009 4853 4570 
f 10541 10569 10597 
f 3431 3430 3580 
f 4504 405 2610 
f 7815 5508 7702 
f 5277 5286 5237 
f 4079 4206 4118 
f 6606 6463 1669 
f 3523 3602 3526 
f 3349 3319 3452 
f 9161 5459 8944 
f 3534 3469 3571 
f 655 715 7667 
f 3470 3390 3469 
f 5222 5879 7322 
f 4473 9538 7196 
f 3470 3535 3428 
f 3819 3731 3759 
f 538 10712 4942 
f 8684 5234 4935 
f 4007 3933 3931 
f 3246 3245 3280 
f 4234 4736 5218 
f 2501 8076 8114 
f 737 590 7955 
f 9385 2139 2235 
f 2408 84 8815 
f 10371 9516 3541 
f 9382 10184 4683 
f 10039 8852 2092 
f 7464 7527 7729 
f 10567 2357 3364 
f 8120 41 39 
f 8676 1302 8598 
f 8875 4767 4705 
f 2809 6371 7257 
f 7486 550 1232 
f 8942 720 4547 
f 6359 6328 7404 
f 10688 8237 2672 
f 8096 6647 7948 
f 3136 7409 7863 
f 2901 9903 3604 
f 7720 2966 2809 
f 4797 4470 4795 
f 270 8708 1953 
f 8550 8553 10264 
f 6416 6490 6851 
f 285 7475 1332 
f 5439 4554 4320 
f 3864 8618 2340 
f 1873 860 4604 
f 6266 6757 6925 
f 7257 7344 8421 
f 9816 8086 7999 
f 4397 8699 4398 
f 2097 1174 3141 
f 4888 4927 5048 
f 2629 2236 2232 
f 7568 7415 7674 
f 4723 4725 4719 
f 9289 9098 9203 
f 6848 2027 9314 
f 8863 9215 9462 
f 5947 8795 6727 
f 8061 8156 7876 
f 130 5108 917 
f 5293 5522 2519 
f 9989 6197 6582 
f 1400 9142 8043 
f 10550 10290 10512 
f 5116 4928 2750 
f 6971 6664 6857 
f 4999 4774 4554 
f 5523 6382 5312 
f 281 9505 7331 
f 4748 5470 5077 
f 5807 5864 5818 
f 7710 9974 4355 
f 5286 5073 1792 
f 3789 9417 9216 
f 9191 9466 9646 
f 10550 10512 10575 
f 3163 4910 4732 
f 3342 1704 7853 
f 9851 9869 8556 
f 2872 424 7547 
f 1764 8438 4090 
f 1473 1503 1550 
f 7514 7613 7516 
f 1624 1623 7530 
f 9932 6310 4026 
f 4499 9629 10615 
f 3484 3415 3372 
f 1719 530 7443 
f 3596 3710 3632 
f 4027 1571 1499 
f 3682 3598 3632 
f 2046 1914 2044 
f 5595 5555 5534 
f 1762 2972 7472 
f 9484 9202 8610 
f 8637 8636 8761 
f 4029 4113 3956 
f 7424 7420 7491 
f 5333 5483 6311 
f 9353 9238 9024 
f 3520 3449 3487 
f 7714 7715 7619 
f 7808 7614 7613 
f 6063 8534 532 
f 7675 8521 8522 
f 4217 5360 9116 
f 3845 3635 3683 
f 7993 7808 7901 
f 8185 7997 8184 
f 3635 3520 3564 
f 8632 8526 8429 
f 3845 3637 3635 
f 8694 1670 7576 
f 8535 8351 8350 
f 3598 3563 3632 
f 8805 4025 6698 
f 7908 7997 8185 
f 8907 9915 8906 
f 3960 3810 3918 
f 5199 699 8578 
f 3486 3447 3485 
f 3606 3647 3648 
f 4336 4204 4333 
f 12 4485 7354 
f 1784 8076 2501 
f 3726 3850 3727 
f 1342 8999 9179 
f 9151 9369 5790 
f 10059 9837 10057 
f 3965 3894 3924 
f 7723 1224 3377 
f 3754 3721 3810 
f 10090 1495 7749 
f 7056 5630 10709 
f 4404 1484 7766 
f 6958 8377 10074 
f 3650 3649 3689 
f 4894 8146 10331 
f 10430 10429 10394 
f 10693 5083 1407 
f 3463 3533 3571 
f 3268 3318 3241 
f 684 244 9526 
f 2448 1504 2450 
f 4254 10547 4252 
f 3533 3461 3570 
f 3649 3533 3570 
f 9199 9200 9401 
f 2130 3871 3904 
f 10139 5955 2863 
f 5795 5707 9068 
f 3739 3859 3772 
f 118 4793 6617 
f 6536 4765 5619 
f 4237 8008 3491 
f 6000 8871 9384 
f 8469 9731 3579 
f 3622 3580 3621 
f 266 224 353 
f 6613 9189 5374 
f 9429 2417 3304 
f 10527 6622 10386 
f 5545 7306 3702 
f 7766 1484 9772 
f 3781 5249 5140 
f 4378 7655 3076 
f 2056 3252 10099 
f 936 6175 6522 
f 5045 1716 8353 
f 4505 2144 7348 
f 10666 10607 10606 
f 2205 2400 107 
f 3705 1478 3309 
f 7275 5421 964 
f 6165 6468 3361 
f 5367 697 111 
f 7454 4424 4420 
f 10227 10226 2505 
f 4840 4416 4838 
f 418 5432 1155 
f 3168 6441 3453 
f 8785 3743 507 
f 6417 8797 8744 
f 6315 7310 7546 
f 6167 5390 1639 
f 7521 8929 8328 
f 6072 7327 4447 
f 7134 1869 8887 
f 2266 8710 10652 
f 4195 8279 4287 
f 1561 1457 1867 
f 3398 7068 7802 
f 6471 6501 7713 
f 10040 10043 5906 
f 7075 2098 4073 
f 7766 10624 1471 
f 1021 8097 964 
f 1124 1122 732 
f 8944 8816 8941 
f 8814 8815 2516 
f 2481 3409 9886 
f 8310 8385 10585 
f 8385 1767 10585 
f 505 958 1821 
f 1098 8360 9398 
f 1198 507 3743 
f 9754 6906 1988 
f 2313 2793 4328 
f 4511 4512 4346 
f 2974 9127 9189 
f 5690 6248 4450 
f 7327 9439 7323 
f 3989 4492 4020 
f 4201 4239 4204 
f 6640 9518 6506 
f 10252 2749 508 
f 4623 36 2700 
f 3753 3637 3845 
f 9016 9314 9173 
f 3682 3632 3711 
f 4827 1078 3794 
f 4955 801 9306 
f 3463 3388 3386 
f 1908 2346 1183 
f 4922 933 432 
f 10030 4880 7868 
f 9127 9384 8871 
f 2340 9113 883 
f 9112 289 9103 
f 3686 3726 3566 
f 1715 1572 1712 
f 5991 6491 7778 
f 3275 3271 3335 
f 9006 5144 4944 
f 3673 1476 5945 
f 9579 2340 883 
f 3526 3566 3528 
f 8359 9649 7188 
f 5539 5540 8977 
f 9019 9020 8910 
f 852 4646 4938 
f 10373 5183 3664 
f 3569 3528 3647 
f 8515 8546 8659 
f 8091 7972 7965 
f 4567 10339 5050 
f 7418 7335 7572 
f 4002 3894 3965 
f 6533 1198 9301 
f 3696 3737 3614 
f 2089 7050 1104 
f 4219 4263 4314 
f 8077 8123 10469 
f 2984 1823 1822 
f 7253 4990 7907 
f 1441 2613 956 
f 4315 4264 4314 
f 702 899 4582 
f 351 4092 3121 
f 3696 3650 3731 
f 9599 62 3455 
f 3649 3570 3689 
f 10566 9647 7934 
f 8431 8255 8526 
f 9263 6655 6590 
f 7993 7901 8085 
f 10174 350 10171 
f 3353 3334 3470 
f 4136 6009 6788 
f 8427 8521 8429 
f 3318 3335 3271 
f 7811 7616 7711 
f 3282 3004 3246 
f 3902 3938 3939 
f 4246 3772 3773 
f 7298 7297 6399 
f 6913 3902 3862 
f 4137 4098 4179 
f 9310 9972 10254 
f 8771 8909 3156 
f 10466 10677 8664 
f 9923 9695 9763 
f 2950 7326 1754 
f 2279 3051 1656 
f 5259 1678 2322 
f 9984 9842 9923 
f 4550 4039 5320 
f 10250 3456 3313 
f 2666 5011 8841 
f 5756 9000 6176 
f 7695 7394 7598 
f 8474 8005 994 
f 3919 7020 5462 
f 6725 475 5785 
f 1580 635 400 
f 4615 10049 3391 
f 5978 5957 6001 
f 4080 3456 7796 
f 6078 4576 9665 
f 10618 1878 7006 
f 5162 2055 7911 
f 5546 5526 7409 
f 4811 1088 8997 
f 2257 10466 8664 
f 4102 5603 5342 
f 5313 3678 5208 
f 9272 4019 7482 
f 2864 2886 5156 
f 2344 700 2295 
f 10415 3656 9702 
f 3073 3279 3072 
f 752 4472 1039 
f 6514 1011 1291 
f 6778 491 2768 
f 8853 5005 7907 
f 5622 382 5934 
f 1343 3903 7113 
f 7679 7581 7677 
f 5096 5097 5094 
f 7678 8355 9686 
f 8656 8155 7017 
f 6259 10199 10376 
f 4764 5757 6396 
f 467 305 1507 
f 48 16 47 
f 8541 1551 3629 
f 2258 6907 9983 
f 125 5549 219 
f 6179 8291 6460 
f 4779 1233 6142 
f 3891 2014 8694 
f 23 1384 3636 
f 4927 4555 5048 
f 5041 5435 5523 
f 5444 4349 5454 
f 6006 5981 6024 
f 5041 5035 4980 
f 887 8923 4757 
f 4280 2729 2823 
f 3561 3560 3630 
f 3483 3414 3444 
f 3800 3840 3802 
f 9734 9818 9796 
f 10314 3514 411 
f 3492 3349 3526 
f 4031 4115 4079 
f 397 9182 7193 
f 9752 1988 9677 
f 230 271 9138 
f 528 10635 9942 
f 7735 8821 8471 
f 9588 644 990 
f 4122 4086 3997 
f 8641 6983 6558 
f 3918 3917 3995 
f 9667 9622 9610 
f 3637 3565 3635 
f 8562 10366 9540 
f 3845 3914 3847 
f 1972 3569 3531 
f 10479 8466 2257 
f 4801 4066 4794 
f 6027 4540 4553 
f 6620 3610 5694 
f 161 160 9865 
f 9854 7313 6225 
f 9144 9565 1983 
f 1483 1405 1450 
f 8549 8661 8662 
f 3469 3427 3463 
f 4604 7742 1873 
f 3434 2647 8934 
f 9677 9730 9752 
f 3318 3334 3353 
f 270 277 1562 
f 3268 3267 3332 
f 4309 9304 4307 
f 3686 3721 3754 
f 4132 4051 4176 
f 9054 6899 777 
f 4135 4098 4058 
f 3211 3146 32 
f 3051 6317 3009 
f 7932 3982 9175 
f 3211 3243 3245 
f 3670 5716 9013 
f 6725 10206 6184 
f 3215 3245 3246 
f 1130 2906 4822 
f 9560 9547 2534 
f 8928 8925 6795 
f 2843 2016 5542 
f 7733 9450 6370 
f 1804 9067 7566 
f 9860 9937 10229 
f 818 793 6173 
f 6690 5608 354 
f 8542 7928 6017 
f 458 3936 5591 
f 7077 7078 7001 
f 8975 8814 8812 
f 8435 8491 10489 
f 5140 5139 7479 
f 5380 5466 3667 
f 4560 6256 6257 
f 3758 6022 5721 
f 9823 9788 9799 
f 6327 9869 5112 
f 8186 6037 6093 
f 10247 10245 6333 
f 808 3701 6510 
f 10372 10245 7972 
f 6926 4322 4803 
f 3985 4808 4795 
f 8734 9245 1366 
f 9314 2027 9173 
f 1238 9579 10447 
f 29 920 4308 
f 9767 1711 9812 
f 8566 8005 7826 
f 486 10698 2028 
f 9561 9570 9618 
f 1741 4119 4120 
f 97 9948 8020 
f 4302 8019 682 
f 6779 5114 3783 
f 1594 1430 1813 
f 8283 9994 2419 
f 3783 4208 6779 
f 7903 7811 7711 
f 1987 1250 7932 
f 1036 8512 8511 
f 9666 5267 9707 
f 7320 4606 7921 
f 8764 8639 8762 
f 6005 8646 8771 
f 10067 10630 7914 
f 5186 1460 1461 
f 8764 6063 8639 
f 5381 2398 7922 
f 10425 2355 1824 
f 3184 6432 7817 
f 9695 9693 9763 
f 3441 3968 8302 
f 6268 6227 9380 
f 4688 898 6520 
f 6313 8559 7026 
f 7642 6204 3556 
f 4285 1298 4999 
f 2783 6177 7693 
f 10487 6088 5481 
f 4876 4769 4877 
f 7740 2048 1155 
f 3220 3169 3314 
f 10307 3628 10314 
f 8105 8178 8861 
f 2865 6432 861 
f 6506 9518 10242 
f 8964 4855 621 
f 9868 3159 9824 
f 3528 3492 3526 
f 10562 118 6617 
f 8134 8132 8268 
f 1604 1500 1533 
f 3647 3528 3643 
f 3960 3918 3995 
f 5305 6448 3075 
f 4041 6606 1089 
f 4160 4161 4118 
f 3810 3753 3847 
f 4204 4239 4333 
f 6846 607 747 
f 3386 3461 3463 
f 3649 3571 3533 
f 598 971 463 
f 5068 5071 5869 
f 320 198 451 
f 10472 2054 9305 
f 9756 9773 9745 
f 1819 1111 1336 
f 2641 10572 1690 
f 3428 3353 3470 
f 3689 3687 3816 
f 3759 3731 3650 
f 6010 5193 4441 
f 8296 8399 8298 
f 5882 6008 5332 
f 4222 4135 4221 
f 3769 3737 3858 
f 4132 4053 4051 
f 3666 4048 5715 
f 3820 3731 3819 
f 9182 742 2805 
f 4252 4426 4251 
f 1659 1714 1038 
f 8046 1671 6947 
f 8261 3422 9443 
f 1718 7475 3186 
f 9101 9209 9102 
f 159 8375 8376 
f 4617 2165 5473 
f 3540 2822 9543 
f 9277 9087 9360 
f 3245 3277 3280 
f 3363 6707 282 
f 3772 3823 3773 
f 3540 4246 9516 
f 1099 106 8818 
f 2775 3825 3621 
f 8948 2029 3623 
f 4919 6360 2894 
f 6482 2705 352 
f 8862 8105 8861 
f 8702 8818 8577 
f 6980 6141 5736 
f 5256 7911 5829 
f 4696 3925 5227 
f 1537 9643 6886 
f 909 5361 1651 
f 6267 10148 10040 
f 8665 4214 3137 
f 9838 10483 6886 
f 8692 7246 2129 
f 672 2292 6644 
f 6845 3608 1823 
f 7369 7840 985 
f 8571 3368 96 
f 10447 9579 8751 
f 977 7877 6528 
f 8202 9524 8147 
f 8906 8915 8907 
f 2954 4212 2304 
f 8998 8679 9549 
f 4801 4794 4800 
f 9002 8178 6496 
f 940 3741 417 
f 8751 9186 10447 
f 8665 653 4214 
f 7203 3117 10309 
f 9498 2514 4802 
f 2656 2651 582 
f 3136 9108 4130 
f 237 9131 6336 
f 4138 556 9866 
f 9863 9862 10011 
f 4389 8525 6651 
f 5694 3610 10213 
f 2384 4776 5773 
f 4630 5195 5100 
f 8848 1250 1987 
f 7436 9780 5350 
f 2335 1615 4825 
f 4974 4513 4971 
f 5523 5312 5041 
f 9839 3083 8969 
f 8888 8890 8955 
f 6079 447 6104 
f 2267 2709 10260 
f 6459 835 6461 
f 2729 4280 1890 
f 5384 3252 2056 
f 283 2522 2352 
f 6722 363 6905 
f 8098 8178 8105 
f 2110 605 6996 
f 9211 2844 2795 
f 9486 9484 9485 
f 2450 2236 8732 
f 3726 3727 3643 
f 4670 11 87 
f 2627 2675 2988 
f 596 661 10560 
f 8794 5947 8741 
f 2176 1588 1552 
f 4419 4377 4333 
f 4024 4076 4107 
f 10242 3232 4827 
f 3917 3847 3914 
f 6508 5972 7393 
f 3678 3248 3867 
f 3918 3810 3847 
f 9746 9736 9721 
f 3570 3531 3569 
f 4336 4301 4242 
f 3563 3485 3562 
f 3854 3815 3924 
f 10302 8103 10220 
f 3496 3428 3535 
f 9501 9238 9353 
f 3855 3759 3816 
f 4179 4098 4135 
f 4262 8927 4263 
f 4171 4218 4043 
f 9114 6691 5859 
f 4219 4176 4263 
f 7747 3757 8484 
f 312 8605 9137 
f 3698 3614 3737 
f 8668 9490 9992 
f 4995 8767 4742 
f 4461 2292 4438 
f 757 3209 1832 
f 3765 3763 2551 
f 1908 1183 2279 
f 5851 9453 6776 
f 4732 4731 3163 
f 515 8191 8443 
f 9330 333 1115 
f 8267 8443 8003 
f 1427 1428 1358 
f 490 2271 4196 
f 615 492 7667 
f 9133 6575 9369 
f 8101 10231 5129 
f 7914 9133 9513 
f 3748 354 5608 
f 8991 9096 9097 
f 9199 2241 1539 
f 2745 8059 8151 
f 3771 4643 6716 
f 7392 9725 7702 
f 6663 3511 10075 
f 2557 7726 6331 
f 5854 3705 3624 
f 9480 2185 721 
f 8577 10361 8575 
f 3309 3624 3705 
f 4901 5575 5439 
f 10594 4735 122 
f 4866 5208 3480 
f 1497 282 5080 
f 3477 4633 3163 
f 3572 785 2091 
f 9386 9714 10216 
f 9553 7999 7917 
f 7477 9405 9495 
f 6766 6227 6777 
f 462 2418 9251 
f 6752 284 9631 
f 9101 8994 9051 
f 10364 10510 4633 
f 8908 2037 9518 
f 3413 6097 8988 
f 2435 7612 6633 
f 10191 10273 4777 
f 2640 1690 10001 
f 4801 4804 4808 
f 2951 4819 8652 
f 9533 1634 6427 
f 9974 7710 5828 
f 1354 5897 9630 
f 2036 5278 1068 
f 1219 3289 7232 
f 8347 6527 8553 
f 5078 634 3979 
f 4230 6926 4803 
f 5073 5293 1792 
f 10225 12 6841 
f 8579 8510 5865 
f 4367 4327 4075 
f 8461 8515 8462 
f 6106 5826 5825 
f 533 8878 8984 
f 3990 3840 3838 
f 2154 7559 6618 
f 5817 4601 6603 
f 8803 8801 1818 
f 10067 2053 752 
f 4110 3952 4077 
f 3710 3709 3802 
f 3959 3887 3958 
f 3958 3956 3959 
f 4115 4204 4206 
f 4201 4110 4239 
f 5208 10418 3480 
f 3606 3570 3569 
f 7338 9580 9642 
f 1139 1020 1625 
f 10051 9609 9648 
f 718 352 2968 
f 5394 6514 9195 
f 3689 3570 3687 
f 3855 3931 3933 
f 6980 9712 2666 
f 9723 6462 9642 
f 4136 6788 6694 
f 10710 1359 10225 
f 8583 9564 7573 
f 3661 3541 9516 
f 2284 903 2440 
f 9314 3793 6848 
f 6340 8404 982 
f 3418 3424 1903 
f 4267 4221 4177 
f 3894 3966 3898 
f 3769 3698 3737 
f 4314 8927 7102 
f 4456 4619 4460 
f 1544 1543 2377 
f 511 607 512 
f 9173 8974 9016 
f 6749 7744 7919 
f 8755 664 4626 
f 9778 8731 454 
f 10674 4134 4055 
f 1220 1221 1390 
f 4133 4054 4132 
f 4343 4315 4438 
f 4221 4267 4222 
f 3965 4089 4002 
f 8975 1026 8810 
f 8725 6052 5473 
f 9169 6251 7328 
f 1280 4343 4438 
f 2130 5901 9475 
f 128 9392 4895 
f 2283 8884 299 
f 9417 9005 1258 
f 896 10289 6488 
f 9075 5561 5461 
f 1065 4224 4818 
f 7265 3331 5248 
f 7318 3986 5117 
f 8029 7640 942 
f 7692 7431 7585 
f 839 1778 5904 
f 1957 3782 600 
f 5140 5249 5431 
f 9130 3156 9364 
f 2673 3895 3712 
f 1109 1969 8655 
f 6353 10369 1081 
f 1347 6006 6024 
f 5019 9866 4962 
f 9188 3708 6786 
f 1498 7800 1609 
f 4560 5854 6256 
f 3451 5502 8242 
f 4869 6991 2975 
f 2989 2990 3853 
f 23 3636 7468 
f 6488 1061 7970 
f 1405 1380 1450 
f 5891 5938 5893 
f 1238 10447 10138 
f 157 4008 6327 
f 8686 8538 8537 
f 3879 4208 10482 
f 10461 10398 10340 
f 5782 7482 9380 
f 3880 3946 5792 
f 1492 4530 8783 
f 5658 5020 5003 
f 10081 10528 5000 
f 2792 7303 7465 
f 1982 2398 4253 
f 1982 4253 1863 
f 10055 8503 10203 
f 7777 1145 5397 
f 9167 3704 9261 
f 5193 5013 5012 
f 8052 5582 5581 
f 2912 3438 3706 
f 469 3525 3722 
f 8351 8267 7909 
f 10492 9866 5533 
f 6901 1042 2613 
f 8351 8185 8350 
f 6676 9613 536 
f 3675 10307 3707 
f 8791 8182 2476 
f 9683 617 4527 
f 1818 8801 5966 
f 9058 8100 9259 
f 6165 6163 6623 
f 9036 9151 8775 
f 3727 3648 3643 
f 9513 9365 9611 
f 9058 1818 6439 
f 7565 2424 2423 
f 3818 6506 10242 
f 1160 7517 2241 
f 7364 587 9053 
f 4077 4107 4238 
f 8510 8579 8651 
f 3914 3887 3959 
f 2079 819 2789 
f 4477 7773 5684 
f 4546 4453 4495 
f 5668 9014 10688 
f 10206 6725 5785 
f 9982 4628 9979 
f 935 9110 2780 
f 4245 4382 4210 
f 1153 10608 2915 
f 4546 4495 4579 
f 3687 3606 3648 
f 721 4934 1782 
f 3293 6598 4731 
f 4548 2198 4437 
f 1157 9841 3977 
f 3900 3822 3820 
f 4132 4219 4133 
f 9227 9129 9125 
f 3471 6207 6448 
f 4726 5154 9381 
f 9217 7276 3756 
f 6437 1811 2151 
f 3820 3819 3857 
f 3855 3816 3898 
f 8537 8538 7632 
f 3614 3575 3613 
f 2220 1640 4175 
f 942 497 1993 
f 8848 1987 5863 
f 4424 4423 10470 
f 3334 3332 3390 
f 4134 4058 4055 
f 7066 197 9387 
f 5637 6644 2198 
f 4681 3693 9382 
f 8319 10409 5661 
f 2314 4828 5105 
f 1065 898 8518 
f 9382 8518 898 
f 6846 10499 1146 
f 3066 2181 2341 
f 10555 2644 5106 
f 8225 8056 8055 
f 5397 1145 4876 
f 5163 8035 2173 
f 6835 7807 3273 
f 3681 8167 2280 
f 6500 2780 9110 
f 2564 7921 3968 
f 5162 5614 10427 
f 4972 4974 6386 
f 8952 9281 9161 
f 5454 5463 5466 
f 4843 4847 1091 
f 8569 9337 6079 
f 4070 8779 5776 
f 1752 4235 4872 
f 10147 517 3083 
f 6728 6862 10081 
f 8818 9069 1099 
f 3116 10707 4532 
f 7063 2602 7126 
f 6306 7809 7451 
f 7265 5248 10213 
f 9380 6633 5782 
f 9947 4128 2793 
f 9417 1813 9005 
f 10367 7944 6073 
f 9155 4624 4616 
f 1657 10206 6402 
f 9743 1926 2123 
f 5754 8272 6521 
f 7482 6874 8380 
f 1875 5378 7994 
f 8565 7651 6496 
f 6757 8919 6925 
f 2003 1523 6148 
f 5534 5555 2058 
f 4469 2019 1525 
f 2672 1961 7964 
f 6356 5314 2843 
f 3108 10218 9158 
f 5368 7156 716 
f 10350 8107 7615 
f 8066 8482 9643 
f 2720 1313 10584 
f 7045 5009 6976 
f 1441 900 3404 
f 7367 7244 8425 
f 7496 8453 4010 
f 8862 7916 3707 
f 6889 5339 5681 
f 8056 7872 7871 
f 1848 591 589 
f 4239 4110 4297 
f 793 818 2091 
f 3954 3952 4029 
f 3805 3841 3954 
f 3682 3683 3598 
f 6681 8122 6451 
f 4336 4377 4422 
f 891 2740 7563 
f 9614 4599 2279 
f 3901 3859 3769 
f 4098 4060 4058 
f 6440 9886 3409 
f 4792 4894 10637 
f 3965 4086 4089 
f 9133 4243 9249 
f 523 570 612 
f 6803 7875 6812 
f 1651 5361 518 
f 7375 5822 7251 
f 7515 7588 1817 
f 10105 8016 10038 
f 1663 374 7164 
f 3933 3819 3855 
f 9666 9719 9690 
f 3869 3904 3871 
f 4683 4681 9382 
f 6310 3297 4862 
f 959 5901 8619 
f 8610 9113 9484 
f 9373 8409 9178 
f 6499 9447 10303 
f 6790 10435 8041 
f 8619 2601 95 
f 4313 4400 8927 
f 10299 1769 1808 
f 9382 3693 8518 
f 8638 8432 8637 
f 3508 2639 6317 
f 5672 5660 5677 
f 4059 6217 8918 
f 10164 9501 1554 
f 9284 9196 9247 
f 8257 8085 8177 
f 7264 7041 7343 
f 10489 9680 8435 
f 9508 9128 4742 
f 1993 3690 9177 
f 5044 4970 1647 
f 5548 4805 4973 
f 2537 2898 2374 
f 9128 4995 4742 
f 7169 6968 7166 
f 4701 4368 10151 
f 4645 7013 7014 
f 513 6005 9035 
f 10101 10149 984 
f 7914 9701 10067 
f 1469 1499 1533 
f 10059 9763 9837 
f 3217 8242 5940 
f 9485 1019 9486 
f 4327 4074 4075 
f 7911 5256 2058 
f 9248 9440 9249 
f 9058 7817 8100 
f 10553 5023 10668 
f 7551 7637 7633 
f 6930 4417 9699 
f 6702 675 2222 
f 10435 6695 997 
f 10607 8587 10606 
f 5495 5326 5406 
f 2689 4185 2743 
f 3488 5776 8779 
f 3694 204 231 
f 7006 1878 1877 
f 1918 9371 1739 
f 3297 9932 5022 
f 9396 5065 4394 
f 10572 9092 1690 
f 6494 4458 2080 
f 8382 4309 3654 
f 9943 6504 3313 
f 4561 8831 4407 
f 5483 8926 3290 
f 10370 1361 1435 
f 4713 5438 4720 
f 8058 7874 7872 
f 8481 9011 8001 
f 8701 8703 8888 
f 2727 2724 2764 
f 8844 4657 10452 
f 3874 5595 9985 
f 2236 1504 1505 
f 5035 4781 5037 
f 5486 5319 5879 
f 3817 5110 10568 
f 2896 3583 6919 
f 10174 2553 6401 
f 8004 10098 1724 
f 7110 906 10683 
f 9099 8949 9049 
f 2546 10000 10056 
f 299 2163 2283 
f 800 1884 2240 
f 9845 9701 9769 
f 8333 8988 9001 
f 5747 5786 5718 
f 9064 200 229 
f 171 2182 10327 
f 3185 4515 6699 
f 3711 3632 3710 
f 8367 3366 8276 
f 6508 7984 5972 
f 1509 7944 6798 
f 7388 6513 5339 
f 9058 3184 7817 
f 6640 2865 9518 
f 1535 1431 1500 
f 5580 4736 4234 
f 4161 4122 4085 
f 1757 5377 10519 
f 4514 1675 10654 
f 1760 1736 316 
f 3914 3959 3917 
f 9069 8944 3504 
f 6728 1874 6862 
f 4333 4239 4297 
f 1608 4249 4384 
f 4569 4680 4644 
f 4110 4029 3952 
f 6957 2753 2013 
f 3526 3602 3566 
f 4419 4543 4569 
f 4160 4242 4301 
f 3858 3901 3769 
f 1660 5332 6008 
f 6121 9740 3403 
f 3854 3730 3815 
f 4526 4467 6815 
f 4173 4007 4043 
f 9066 7381 6234 
f 4314 7102 4315 
f 8980 8017 9548 
f 704 768 882 
f 4267 4315 2716 
f 4541 4572 4565 
f 4721 1677 2824 
f 185 8337 7248 
f 1945 2601 8619 
f 5289 7158 2350 
f 9967 7402 5609 
f 7723 4490 1224 
f 5393 4841 6801 
f 2171 2502 2332 
f 4549 6882 877 
f 8355 7782 7776 
f 9012 3681 5621 
f 8058 8150 8230 
f 3477 3851 6015 
f 3677 5577 4185 
f 8214 2652 5064 
f 460 3603 7736 
f 1852 380 342 
f 7482 5782 6874 
f 9991 2081 2152 
f 8668 4312 9432 
f 10492 7878 4348 
f 1647 4970 4905 
f 7067 94 233 
f 10403 8873 9163 
f 9033 8653 9091 
f 9656 2554 7 
f 6158 3624 3507 
f 2553 382 5622 
f 3003 10700 9995 
f 10080 10441 9857 
f 2231 1635 6850 
f 4285 4999 4554 
f 3293 4731 4732 
f 2587 8543 2598 
f 9202 9484 9201 
f 7084 7083 7148 
f 7398 6323 7713 
f 2991 260 3506 
f 408 336 9552 
f 5009 6979 661 
f 1322 1741 9528 
f 7664 7658 7310 
f 8868 8866 7939 
f 8737 510 8676 
f 3157 2624 4738 
f 3497 3426 6796 
f 4767 5157 4705 
f 1660 6008 8270 
f 8484 6278 3714 
f 3207 7550 3107 
f 7849 3932 8013 
f 2789 2883 2944 
f 8341 8162 8165 
f 5643 137 1566 
f 2706 4158 8407 
f 969 6039 9479 
f 8803 9058 9259 
f 5453 6950 3405 
f 2661 6957 2013 
f 6039 9439 9479 
f 4968 6168 2742 
f 6260 4543 6480 
f 10294 10065 10133 
f 5323 5269 5215 
f 3805 3954 3958 
f 399 3327 7762 
f 1278 2294 1003 
f 3218 7106 7784 
f 4544 4732 4910 
f 4684 9705 4647 
f 4118 4206 4160 
f 3956 3954 4029 
f 3190 379 386 
f 4784 8022 4281 
f 6104 9117 8569 
f 3711 3802 3804 
f 4437 4460 4548 
f 3726 3754 3850 
f 9440 9248 9365 
f 4154 683 2551 
f 3995 3997 3960 
f 7914 9513 9701 
f 3960 3848 3850 
f 229 323 9898 
f 888 1950 909 
f 10390 7449 4896 
f 9145 1200 7135 
f 6 5845 2124 
f 169 170 769 
f 4437 4400 4460 
f 2078 3052 1254 
f 2189 2933 3102 
f 3696 3731 3820 
f 3924 3921 3965 
f 992 10417 4979 
f 2403 9777 10576 
f 4174 4262 4176 
f 3819 3759 3855 
f 9577 9822 9753 
f 2172 1279 6443 
f 8737 8676 8598 
f 3820 3857 3900 
f 4241 5193 6010 
f 10032 10186 10187 
f 7822 9796 9818 
f 4178 3886 1264 
f 4053 4132 4054 
f 3855 3898 3931 
f 7102 4438 4315 
f 4055 7471 4054 
f 7416 8601 4383 
f 3902 3939 3862 
f 6952 7632 8300 
f 2356 4483 9210 
f 2777 3059 812 
f 6880 10197 9243 
f 8143 7130 10506 
f 1912 1616 1881 
f 3418 8884 2283 
f 4769 3079 4651 
f 666 4967 4594 
f 9892 9062 1880 
f 4764 7216 8853 
f 10099 7911 2055 
f 10473 10504 10358 
f 1073 3129 5627 
f 8234 7181 9599 
f 5439 4320 5458 
f 4803 298 4230 
f 9420 9260 8334 
f 8853 1955 5889 
f 2703 6144 10589 
f 4483 2354 10214 
f 5543 7838 6203 
f 9715 7012 3641 
f 3207 4440 2511 
f 835 6459 5496 
f 2454 10691 1407 
f 9251 6263 10600 
f 9255 609 9344 
f 5195 7942 5187 
f 3232 10242 9518 
f 2183 2181 4500 
f 1729 2201 1735 
f 10472 4507 1849 
f 3544 4311 6650 
f 8835 8546 8545 
f 6409 6394 8452 
f 9644 9860 9726 
f 8865 8863 6714 
f 8330 8925 9545 
f 3070 7724 7311 
f 2947 2908 2907 
f 2393 3396 2275 
f 10133 10292 10294 
f 10658 7636 3538 
f 9216 1258 5943 
f 10095 5523 2698 
f 3450 5502 3451 
f 3404 2440 903 
f 5531 5367 4369 
f 956 900 1441 
f 4787 4455 9940 
f 8052 7697 5582 
f 5689 5620 3450 
f 9798 8060 4852 
f 4640 4797 4804 
f 4367 4369 5367 
f 10512 10155 10421 
f 3922 1339 1337 
f 1243 7132 7073 
f 8063 8799 8280 
f 5931 8720 8592 
f 9235 9185 9278 
f 2465 162 9924 
f 4675 6552 7842 
f 5093 3719 2953 
f 2984 1822 903 
f 8006 2622 8852 
f 3800 3749 3881 
f 8689 8808 8753 
f 6889 332 6524 
f 8576 2221 8826 
f 3887 3808 3958 
f 4110 4077 4238 
f 3709 3628 1653 
f 4677 9506 3043 
f 3887 3845 3683 
f 4574 4486 4482 
f 4453 4432 4495 
f 8507 4497 4546 
f 1862 3510 7370 
f 1814 6329 1455 
f 9096 8943 9094 
f 7588 7498 7509 
f 9831 9689 9600 
f 4546 4579 4615 
f 5637 2198 4548 
f 10576 5400 4739 
f 5663 6232 7802 
f 566 3834 3953 
f 1854 10113 620 
f 8742 4527 617 
f 5154 1200 5038 
f 1640 2220 7635 
f 3822 3696 3820 
f 3404 903 2027 
f 2060 9300 9293 
f 4764 6396 3586 
f 8708 4728 1953 
f 9219 8734 7161 
f 5315 2985 4809 
f 10169 5174 9454 
f 3834 566 1064 
f 379 2774 386 
f 8815 4190 2516 
f 6931 619 4851 
f 5887 10164 9716 
f 3858 3822 3900 
f 4135 4058 4134 
f 2198 6644 4461 
f 10506 5613 8857 
f 9926 9457 8330 
f 3862 5842 6913 
f 9919 10126 10057 
f 2292 4549 1280 
f 5693 5417 5691 
f 8257 8180 8085 
f 5154 5038 6449 
f 3869 3865 3904 
f 2520 8364 2569 
f 10061 9923 5537 
f 513 4289 515 
f 7310 6315 7611 
f 5566 10127 10364 
f 9830 30 9600 
f 5206 7236 7237 
f 10232 6296 3331 
f 9513 9440 9365 
f 10210 2870 4395 
f 8078 2175 9575 
f 9414 5527 905 
f 1476 8603 7910 
f 7621 7529 7464 
f 8547 384 3348 
f 7165 7035 6967 
f 1984 8425 4200 
f 6313 6648 4231 
f 6023 5978 6001 
f 9470 311 2682 
f 4801 3985 4017 
f 8884 2703 10589 
f 4067 4795 4444 
f 6247 2970 7354 
f 752 1651 10630 
f 6930 2767 4417 
f 6180 2384 8494 
f 1548 1607 1572 
f 8785 507 10069 
f 4925 9497 844 
f 1724 9277 9360 
f 5912 4833 1468 
f 10007 4717 6626 
f 4034 4014 3097 
f 4052 5349 4426 
f 2709 6567 5889 
f 5904 1685 839 
f 6359 6258 6257 
f 9043 9090 9242 
f 4380 4381 6596 
f 10649 9988 8271 
f 10717 799 3980 
f 3639 6459 3638 
f 9904 1071 8194 
f 3557 6204 6203 
f 2702 5971 7915 
f 7835 6207 5347 
f 6310 3290 6578 
f 9231 4253 5829 
f 455 3185 453 
f 4466 4636 5471 
f 935 9409 5240 
f 5137 4991 4829 
f 465 10171 350 
f 5468 790 5467 
f 9591 536 9613 
f 7831 7755 8001 
f 8884 3418 2703 
f 4293 4238 4287 
f 9801 6772 5650 
f 10239 7961 9573 
f 523 612 614 
f 3596 3630 3710 
f 7925 6478 6524 
f 3954 3841 3952 
f 5268 1896 1940 
f 3808 3682 3713 
f 4301 4245 4160 
f 4764 8853 5757 
f 9145 4544 5038 
f 1099 2029 8948 
f 3494 10308 251 
f 112 733 6199 
f 8245 8420 8422 
f 7249 7141 6836 
f 10081 9077 10528 
f 4452 1608 4384 
f 2794 5918 8034 
f 7802 5600 5663 
f 8391 8392 5057 
f 3509 2501 8114 
f 8502 8500 1339 
f 5119 668 4345 
f 5465 10682 10019 
f 2305 888 909 
f 5270 10249 1852 
f 764 6476 2731 
f 9345 4756 9347 
f 1433 1291 4339 
f 8348 123 8968 
f 4043 4218 4173 
f 9088 3164 9194 
f 7509 6937 5745 
f 4006 3966 4002 
f 3996 4200 9093 
f 4174 4051 4129 
f 1188 1108 1303 
f 1011 1122 1022 
f 2024 2148 2073 
f 4058 3939 3938 
f 7022 6954 7018 
f 9107 1280 4549 
f 6229 3672 6140 
f 3475 3312 3431 
f 1261 1817 3813 
f 3770 95 2601 
f 9126 7027 6561 
f 2609 2613 2297 
f 959 95 7016 
f 2601 4012 7124 
f 5461 6841 5465 
f 5776 3494 5423 
f 4818 4269 4347 
f 6953 2489 8860 
f 3507 3309 4505 
f 6960 8377 6958 
f 8972 8968 9027 
f 5463 5454 5325 
f 7891 2226 8030 
f 2896 2454 3583 
f 5148 1488 4986 
f 6967 6844 7101 
f 7017 5425 8656 
f 9782 7926 5701 
f 1040 125 9163 
f 2130 1945 8619 
f 2760 1040 9163 
f 6158 5742 6222 
f 8519 6891 7384 
f 10013 869 10043 
f 8624 9826 9971 
f 7253 7105 5174 
f 8512 8457 8511 
f 10149 6720 984 
f 4487 1765 2083 
f 8387 8457 8512 
f 7017 8155 3522 
f 8022 9148 6993 
f 890 10642 4378 
f 1823 1188 6845 
f 2613 2609 6901 
f 5209 999 2268 
f 2975 6991 4789 
f 6554 8323 6376 
f 9167 8330 9457 
f 3513 1197 3437 
f 9379 8047 4516 
f 1746 1179 8295 
f 450 10602 9861 
f 5451 5446 5450 
f 8847 9503 8845 
f 8350 8185 8184 
f 8220 4509 8221 
f 5677 5397 4876 
f 5041 4980 10159 
f 2408 2524 2396 
f 5910 3339 5956 
f 5231 3435 7441 
f 10703 10696 10705 
f 2217 3155 8192 
f 5550 5656 5567 
f 7890 7578 7793 
f 10363 10212 5154 
f 9698 9128 9697 
f 7782 7678 7674 
f 7124 4061 4180 
f 2955 2887 2919 
f 6235 5976 9377 
f 4256 9603 6263 
f 4154 3763 3762 
f 6478 6418 10348 
f 2305 909 1039 
f 225 6183 8847 
f 4199 10021 3626 
f 6209 8548 10584 
f 1949 5216 504 
f 10454 8479 251 
f 4107 4077 4024 
f 3952 3841 3990 
f 7235 7152 6243 
f 1321 4618 3940 
f 4382 4245 4301 
f 2723 2531 1028 
f 3677 3550 10199 
f 3424 3418 2283 
f 8021 3460 1467 
f 9617 7539 3291 
f 10573 1467 3460 
f 3441 836 3359 
f 4382 4430 4384 
f 3997 3921 3960 
f 2913 2825 1210 
f 4171 4340 4342 
f 9114 3412 5585 
f 10342 2263 6843 
f 2198 8897 4437 
f 1497 4717 10007 
f 3966 3894 4002 
f 1545 2008 803 
f 9381 5154 10212 
f 9522 3438 1566 
f 4436 4342 4388 
f 9987 838 8108 
f 8188 4378 10642 
f 4479 4419 4478 
f 10542 2384 5773 
f 10065 10446 6171 
f 4263 4176 4262 
f 10418 5671 8912 
f 7928 3665 8727 
f 2289 2287 7007 
f 2688 4071 3882 
f 3303 7487 10230 
f 3535 3469 3575 
f 4177 4221 4134 
f 9715 4265 5452 
f 6207 8831 6206 
f 672 7734 6882 
f 7432 3839 7689 
f 4224 4179 4269 
f 8416 102 142 
f 3693 4681 5613 
f 3317 8023 9269 
f 2416 1507 343 
f 10184 5561 4683 
f 7396 8266 5180 
f 9337 4813 9488 
f 1474 1765 1209 
f 6877 10553 10668 
f 9256 6746 2951 
f 7643 8372 6270 
f 4441 3828 6010 
f 2717 6653 2713 
f 8236 8354 298 
f 5340 2923 8796 
f 5603 5616 10234 
f 523 524 358 
f 8827 5685 10702 
f 9792 9870 9649 
f 8654 1036 8581 
f 1162 4607 3026 
f 2219 2111 8254 
f 1718 2628 9590 
f 5073 5286 1091 
f 2405 8309 467 
f 4959 2173 2664 
f 3154 8456 5759 
f 5794 6826 8087 
f 6099 94 6100 
f 9266 9226 9317 
f 712 5641 5421 
f 892 1003 4842 
f 798 949 1072 
f 726 3093 1567 
f 8110 1217 3685 
f 5936 4449 7300 
f 4199 4300 4787 
f 9260 9420 578 
f 9588 1556 604 
f 6711 1093 8860 
f 2519 7877 6236 
f 3359 3442 3441 
f 5667 5020 2567 
f 5343 4847 4840 
f 4709 1547 5532 
f 3207 4791 4526 
f 4873 720 2615 
f 7355 3410 7507 
f 5725 4881 4884 
f 6291 7327 6072 
f 4079 3959 4031 
f 9472 9610 9612 
f 5952 5951 10328 
f 4181 4352 4183 
f 8078 10712 538 
f 6743 6690 19 
f 7109 1115 333 
f 4110 4201 4113 
f 10103 9952 10027 
f 4492 3990 3881 
f 10195 10112 10269 
f 8687 8740 4162 
f 9959 9958 10106 
f 4210 4163 4245 
f 9899 9962 9900 
f 1608 4385 4250 
f 4085 3997 3995 
f 3993 3149 7819 
f 4125 4086 4122 
f 4245 4161 4160 
f 10608 1153 6740 
f 4382 4301 4428 
f 7065 3306 10163 
f 9807 944 8798 
f 3931 3898 3966 
f 497 7640 8846 
f 10375 10302 8019 
f 7498 7515 5637 
f 10168 7445 10705 
f 8761 4188 9120 
f 4314 4263 8927 
f 4549 2292 672 
f 4435 4436 4388 
f 4385 4433 4388 
f 8978 9084 9085 
f 4260 4174 4173 
f 5488 3982 8488 
f 3007 3123 1626 
f 9192 983 2436 
f 9216 5943 8655 
f 3938 4055 4058 
f 1421 1928 10362 
f 7027 1234 6561 
f 4177 10674 4133 
f 5566 10129 5537 
f 9504 9430 9602 
f 3938 7471 4055 
f 9447 3832 10303 
f 7433 5578 6882 
f 1273 1252 1251 
f 4742 8767 8766 
f 7969 9221 7884 
f 4818 4224 4269 
f 7258 8025 8161 
f 9536 696 10064 
f 5651 5388 7776 
f 6839 6607 6816 
f 779 10127 10057 
f 9917 9689 9831 
f 5041 10159 5435 
f 9698 9697 9769 
f 1526 3673 2473 
f 1701 8406 9079 
f 9830 1442 7194 
f 9845 9769 10066 
f 6943 9706 8743 
f 2433 2499 218 
f 6234 7381 5969 
f 10080 1301 7697 
f 3729 6547 7570 
f 7006 1877 5856 
f 8802 10117 2043 
f 3045 4395 2870 
f 3511 6663 2748 
f 10481 563 4186 
f 4709 4931 4640 
f 9524 8202 5490 
f 8822 3088 552 
f 5538 2046 3950 
f 3652 2079 470 
f 4320 4554 4467 
f 4228 5081 401 
f 7320 6792 6694 
f 8416 197 143 
f 3597 350 10174 
f 7454 5012 4423 
f 7211 6587 8378 
f 8115 5351 8419 
f 10570 5990 2333 
f 635 1580 7009 
f 876 1617 4583 
f 6814 3489 6179 
f 10287 6174 8102 
f 6206 8831 4561 
f 1368 2589 1621 
f 876 4583 2595 
f 2875 5868 3082 
f 2511 4440 6815 
f 7768 4832 7769 
f 8743 6846 6943 
f 9986 10679 8287 
f 3108 5559 4725 
f 5999 4235 1752 
f 4106 8715 969 
f 6513 7388 6873 
f 6950 4418 5802 
f 1324 138 1155 
f 9760 9837 9693 
f 1165 2168 2074 
f 5998 9884 6186 
f 4466 9764 4632 
f 1497 10007 6605 
f 8309 2824 467 
f 4156 5017 8279 
f 5766 8147 5892 
f 5892 6587 5895 
f 4077 3990 4024 
f 9451 4065 3085 
f 7455 4544 9145 
f 10432 1749 1750 
f 4433 4385 4432 
f 4875 347 2637 
f 3434 8934 635 
f 3997 4085 4122 
f 3140 10259 5093 
f 4396 4342 4436 
f 4488 4384 4430 
f 6475 6828 6077 
f 5923 7366 4621 
f 4086 3965 3921 
f 10092 10343 10024 
f 4701 6446 778 
f 7102 8927 8897 
f 7188 1169 5739 
f 10527 595 2111 
f 317 397 9280 
f 9072 7855 7419 
f 4171 4043 4126 
f 4518 10086 10229 
f 5174 2786 9454 
f 4006 4002 4126 
f 4342 4340 4388 
f 4215 4167 4304 
f 4573 4479 4478 
f 8927 4262 4313 
f 4260 4313 4262 
f 4060 4061 3865 
f 10320 4518 10388 
f 9875 9876 2012 
f 4221 4135 4134 
f 3661 9516 4246 
f 6637 4344 4343 
f 8602 8826 4533 
f 1681 6169 2157 
f 5952 10328 10172 
f 3858 3900 3971 
f 2442 7440 6702 
f 3900 1649 3971 
f 4264 4315 4267 
f 4061 4137 4180 
f 5754 2542 5657 
f 7289 669 1451 
f 4320 4831 4790 
f 1542 8253 343 
f 6282 6281 6302 
f 8980 1404 7137 
f 10176 10258 10027 
f 10195 9964 10112 
f 5542 4408 6088 
f 10703 10546 10665 
f 9882 10027 9952 
f 1131 1088 4956 
f 5111 5582 7697 
f 4311 3195 6650 
f 1273 1251 4406 
f 9811 8051 9887 
f 5109 5718 7115 
f 2769 3037 2732 
f 219 9691 10403 
f 7513 7606 5529 
f 10410 10486 10411 
f 7147 7145 7376 
f 5293 4847 5343 
f 9271 1991 186 
f 8097 3488 4533 
f 745 786 794 
f 2849 1400 8043 
f 10109 10265 10407 
f 4901 5439 5458 
f 5595 6894 5280 
f 8103 1830 7929 
f 5253 9650 9949 
f 712 7384 6891 
f 9968 9821 10045 
f 10605 10546 10703 
f 8968 8683 8348 
f 7803 8252 4580 
f 9572 9678 9577 
f 2153 2647 1578 
f 2406 6970 1927 
f 8430 6860 7477 
f 5577 7530 4185 
f 9347 9250 9284 
f 3544 10096 3107 
f 9313 8122 6681 
f 1892 9604 6175 
f 8345 8257 8431 
f 4705 5157 5277 
f 5788 2271 1564 
f 8986 8825 9043 
f 5277 5157 4844 
f 9546 5505 6040 
f 5566 5537 10127 
f 2472 9193 2445 
f 4416 4840 4676 
f 9227 9363 9473 
f 7759 7670 6611 
f 1509 7438 6073 
f 8180 8088 7993 
f 4438 7102 4461 
f 6311 5483 6310 
f 6308 1490 6355 
f 7944 10367 1980 
f 7341 9889 6260 
f 6482 6865 2705 
f 9166 9977 9831 
f 712 7091 5641 
f 2807 3545 684 
f 4667 926 8113 
f 9090 9043 8937 
f 5326 5495 6265 
f 4302 4188 5360 
f 9600 30 9831 
f 4396 4258 4342 
f 4428 4430 4382 
f 8849 1813 1430 
f 4167 4215 4171 
f 1950 8304 683 
f 1736 1760 9770 
f 4478 4569 4573 
f 4043 3931 4006 
f 9437 6373 8531 
f 3931 3966 4006 
f 7086 3154 2940 
f 9994 2163 10141 
f 6450 6705 6537 
f 3290 6598 3293 
f 6464 6544 7570 
f 4126 4002 4167 
f 9513 9611 9701 
f 4733 5014 8419 
f 4260 4173 4218 
f 3098 5590 4034 
f 3898 3854 3894 
f 1963 1696 4762 
f 8955 10183 8888 
f 10431 9634 10360 
f 4707 4915 3843 
f 1618 9914 5604 
f 317 9182 397 
f 3828 4441 4706 
f 6899 1150 9455 
f 4249 4125 4163 
f 4258 4396 4313 
f 3902 3823 7471 
f 6324 5221 5080 
f 4437 8927 4400 
f 47 87 115 
f 10713 8227 3382 
f 7333 6036 9302 
f 8897 2198 4461 
f 8104 1804 7566 
f 6078 1838 8622 
f 5012 7454 5047 
f 357 271 230 
f 294 3465 5586 
f 10184 4688 9447 
f 3971 4129 4051 
f 7604 4884 4908 
f 5872 877 10710 
f 7652 6461 3559 
f 2369 2370 2112 
f 3937 3971 4053 
f 8294 3242 8354 
f 5894 5203 5892 
f 1656 9614 2279 
f 5912 1468 7923 
f 3172 3170 6059 
f 9634 7945 2733 
f 4917 4572 4541 
f 9424 9321 9422 
f 4268 3052 2078 
f 489 6545 7864 
f 6964 2476 3111 
f 10127 10059 10057 
f 7242 1429 4100 
f 6003 7073 2358 
f 2449 2407 2663 
f 9862 9863 9729 
f 584 10671 9335 
f 8854 8721 8851 
f 10150 10072 10278 
f 4322 3530 4444 
f 9435 9937 9860 
f 7283 3708 10565 
f 6659 4418 6950 
f 6267 10040 1916 
f 4416 2750 4928 
f 1084 2692 4413 
f 4070 3543 8779 
f 10056 10191 2546 
f 8533 9918 2560 
f 6256 5854 6137 
f 10043 10040 10148 
f 9187 9141 9235 
f 2505 2503 697 
f 1968 1829 966 
f 309 307 2311 
f 5448 5447 4929 
f 5336 1711 9833 
f 9760 9693 9504 
f 3370 3314 1704 
f 10316 1510 1444 
f 2652 2996 5659 
f 2862 6674 4773 
f 8187 8109 9708 
f 10549 5449 4707 
f 10470 5951 4870 
f 6019 4492 3161 
f 4711 4657 8844 
f 3699 8473 2572 
f 6586 6919 2010 
f 7552 5928 7175 
f 10410 10407 10551 
f 10110 10112 9961 
f 10689 10183 9640 
f 8403 8243 2186 
f 10019 9075 5465 
f 9606 221 319 
f 10187 9957 10032 
f 10186 10185 10261 
f 10274 10349 10198 
f 1940 1895 1970 
f 7157 8051 9811 
f 5907 5326 6265 
f 10547 10549 10265 
f 7554 9402 7555 
f 8154 7719 6901 
f 9375 10496 10420 
f 7599 6566 6721 
f 8647 10094 9950 
f 4062 10300 7368 
f 9952 9884 9882 
f 2763 8826 8828 
f 4486 4428 4482 
f 673 9673 9563 
f 8604 7595 9262 
f 10375 8103 10302 
f 3493 4357 5637 
f 6895 9525 8494 
f 4304 4249 1608 
f 504 10396 4166 
f 4171 4215 4250 
f 4542 4486 1236 
f 4126 4167 4171 
f 1326 1289 1358 
f 4543 6260 4569 
f 10398 3203 10341 
f 8625 9682 9826 
f 322 3798 1063 
f 4304 4125 4249 
f 4167 4002 4089 
f 9611 2308 9364 
f 9850 529 157 
f 9837 9760 9919 
f 10376 7368 6074 
f 4089 4086 4125 
f 8756 4217 9116 
f 4644 4684 4482 
f 711 1938 722 
f 4728 8708 8889 
f 4505 7348 3507 
f 4460 4400 4456 
f 4807 5669 2334 
f 9769 10065 10066 
f 318 320 5130 
f 4549 877 9107 
f 9075 10019 132 
f 7318 7236 7235 
f 8106 7108 646 
f 3462 2843 5314 
f 2533 9195 9212 
f 5442 643 5418 
f 10010 5428 5311 
f 10432 6744 7936 
f 9369 9151 4243 
f 5320 2021 4550 
f 1200 465 7135 
f 982 8472 10536 
f 8951 3895 2917 
f 3293 6578 3290 
f 194 1371 2455 
f 5447 5448 4790 
f 7310 4532 7664 
f 2212 10072 9960 
f 9834 8990 9835 
f 4746 4918 4921 
f 7544 8261 9444 
f 5300 5152 5299 
f 9675 9767 9730 
f 986 10646 9764 
f 10573 1936 5755 
f 4669 4838 4416 
f 6335 8935 10005 
f 9388 2144 4505 
f 4854 5504 3660 
f 2849 4929 4737 
f 2099 10327 2182 
f 10229 10083 10240 
f 4736 4009 4034 
f 2773 2170 5476 
f 9632 9634 2553 
f 7942 5098 4349 
f 1301 5255 4810 
f 1585 3636 1384 
f 4193 4774 4999 
f 10084 292 2266 
f 4817 4848 5725 
f 7738 6583 6726 
f 2281 7265 2085 
f 9051 8949 9099 
f 10568 2672 8237 
f 10175 10341 10271 
f 10389 6096 1722 
f 7223 7459 7558 
f 4563 4596 10452 
f 4655 4748 5324 
f 4277 4065 9269 
f 2592 8741 6573 
f 984 985 10101 
f 10203 7770 10204 
f 3922 3320 1339 
f 953 2211 695 
f 839 1685 3324 
f 4287 4238 4195 
f 8162 8341 969 
f 553 2555 6423 
f 10079 10655 8840 
f 8165 8162 5339 
f 2432 7599 6721 
f 161 322 9896 
f 5878 4277 8023 
f 4028 4393 4879 
f 4210 4382 4384 
f 5316 2170 1675 
f 2397 8790 8958 
f 7662 7663 7492 
f 3956 3958 3954 
f 8953 3842 302 
f 8685 10031 1668 
f 10156 8254 595 
f 3918 3847 3917 
f 4069 2875 4068 
f 5638 2944 4209 
f 4548 4460 4619 
f 6802 6928 4687 
f 9729 9726 9862 
f 6172 3501 1742 
f 3482 3481 4883 
f 4613 4579 4578 
f 7075 4073 4525 
f 1384 4339 1585 
f 4604 9873 5190 
f 8224 6580 6304 
f 105 2576 3222 
f 1659 8363 895 
f 2108 1406 4907 
f 3997 4086 3921 
f 903 1822 3784 
f 8081 8340 7990 
f 4089 4125 4304 
f 661 6979 6981 
f 702 10448 6931 
f 4497 4433 4453 
f 10027 9882 10176 
f 5998 6186 1204 
f 9104 5258 9461 
f 2620 7321 3905 
f 4419 4569 4478 
f 4043 4006 4126 
f 10470 4423 10539 
f 3377 9817 9063 
f 4644 4680 4684 
f 4396 4456 4400 
f 69 195 141 
f 7269 8882 2706 
f 10103 10027 10181 
f 4267 4177 4264 
f 2716 4315 4343 
f 9888 9811 9887 
f 2740 5538 1922 
f 4347 4269 4317 
f 10245 7696 7900 
f 3407 7113 3824 
f 8676 510 2177 
f 8464 10416 10346 
f 8165 6524 3405 
f 9236 9235 9279 
f 5146 996 9478 
f 8988 6097 9376 
f 2328 2293 5431 
f 7686 7578 7890 
f 3745 5134 5261 
f 431 3747 4494 
f 6586 2010 10542 
f 1276 2353 3033 
f 5136 5616 4102 
f 10489 10375 1859 
f 9568 1150 9563 
f 9821 9899 9900 
f 2348 10033 8502 
f 10637 4894 9372 
f 7882 1436 7954 
f 10416 3471 10349 
f 3248 3678 5313 
f 4951 8189 5392 
f 1023 2431 705 
f 3108 4725 4723 
f 3773 3823 6913 
f 2970 4824 5474 
f 1269 5464 103 
f 9404 10461 10534 
f 4473 1147 1006 
f 410 6475 3160 
f 5100 5195 5101 
f 2444 1303 1228 
f 9262 8504 8503 
f 7663 8965 9267 
f 10118 9375 10352 
f 6796 5116 5559 
f 9992 6197 8668 
f 5237 5081 5021 
f 3208 1890 4280 
f 3853 5865 8510 
f 6946 5629 5205 
f 8981 9517 9346 
f 9509 7637 6604 
f 9697 9128 9508 
f 10101 2503 8667 
f 3613 3696 3614 
f 9532 10168 9531 
f 5746 9442 3655 
f 9364 3156 9031 
f 6038 5008 10501 
f 1240 2159 1688 
f 7009 10285 635 
f 1963 4762 6392 
f 10286 8179 8108 
f 8311 8873 10403 
f 8705 8651 8579 
f 1928 7526 6952 
f 530 1719 6904 
f 4297 4293 4419 
f 7936 6744 6719 
f 1304 1305 1229 
f 7925 6719 7633 
f 7406 6744 8252 
f 8210 8126 2431 
f 955 767 916 
f 9479 8162 969 
f 934 4886 6041 
f 3814 9135 4715 
f 2944 5638 4814 
f 3371 3867 3251 
f 4619 4456 4497 
f 5409 1734 5456 
f 5922 4823 5921 
f 3995 3917 3994 
f 3831 5366 10070 
f 8755 1334 10462 
f 2079 2789 4321 
f 9829 8824 9979 
f 5724 551 5741 
f 5488 4489 5611 
f 3542 2857 2817 
f 3860 2510 3672 
f 7899 8195 7904 
f 6886 7262 9838 
f 647 1674 10479 
f 4755 10678 10188 
f 7498 4357 5118 
f 3471 6448 4917 
f 2929 2812 2889 
f 4542 4579 4495 
f 6132 9705 10300 
f 4342 4218 4171 
f 4174 4129 4173 
f 4043 4007 3931 
f 4167 4089 4304 
f 6055 6009 4661 
f 1673 7791 5655 
f 8190 2482 3577 
f 3367 4181 4025 
f 4314 4264 4219 
f 4681 2203 5358 
f 9979 8824 8825 
f 8454 3766 3768 
f 1844 4642 629 
f 3500 1086 6639 
f 1328 1253 1290 
f 5508 7815 10387 
f 5650 6772 2365 
f 3276 4227 3672 
f 7479 5337 3781 
f 473 3401 6083 
f 4353 3544 1547 
f 391 886 474 
f 5101 4551 5100 
f 7070 7155 7277 
f 9548 8981 8980 
f 958 6361 4364 
f 794 792 911 
f 8817 2143 2866 
f 5034 6190 4857 
f 6159 4965 4228 
f 4356 4308 297 
f 4888 4902 4927 
f 7581 7582 7484 
f 2218 6519 2244 
f 3481 10531 3256 
f 10320 6564 10530 
f 520 1296 4465 
f 5142 8224 6304 
f 549 9432 2543 
f 1654 5764 8381 
f 4139 5455 5447 
f 5195 5187 3435 
f 8557 8470 8530 
f 4838 5343 4840 
f 9713 2714 135 
f 8957 2217 8192 
f 3158 9636 5763 
f 8941 9161 8944 
f 9202 3411 3984 
f 5863 1987 5425 
f 716 1961 10452 
f 2771 3011 2963 
f 6463 6715 6608 
f 4083 2532 5247 
f 10701 7571 9686 
f 3020 7050 2089 
f 10586 5521 3457 
f 2329 6903 4889 
f 3577 2482 8251 
f 2542 2435 5657 
f 1925 837 338 
f 4563 10452 4657 
f 6291 6072 1509 
f 7341 6260 6480 
f 10103 9887 9952 
f 6805 7462 601 
f 10185 10186 10032 
f 9964 9962 10112 
f 3994 3959 4079 
f 4079 4118 3994 
f 673 6393 7157 
f 1204 6186 9681 
f 4156 4076 4106 
f 7497 4619 4497 
f 9075 4683 5561 
f 7449 2077 579 
f 10486 10554 10412 
f 4613 4648 4687 
f 10416 4037 4409 
f 2010 8494 2384 
f 4218 4342 4258 
f 3391 7180 7648 
f 3067 3843 3177 
f 9489 2044 1755 
f 5631 1565 9572 
f 6050 6928 6802 
f 4218 4258 4260 
f 9655 2078 8390 
f 4384 4249 4210 
f 8073 8109 8010 
f 4250 4215 4304 
f 9783 8405 6028 
f 4177 4133 4264 
f 9739 4485 5598 
f 3902 6913 3823 
f 517 4205 1055 
f 9337 8648 7463 
f 2050 9146 6213 
f 6149 1697 7103 
f 1280 9107 6637 
f 9892 5184 5520 
f 2829 10715 9654 
f 9152 5249 3781 
f 5656 2320 5625 
f 6531 9032 8243 
f 6708 405 18 
f 4872 4235 4905 
f 7615 8107 7456 
f 10619 2853 2300 
f 5569 5226 1512 
f 10212 10126 10282 
f 8755 10462 664 
f 3787 1946 8677 
f 2308 9248 9130 
f 6614 2411 9909 
f 5789 5787 5788 
f 3346 5759 5497 
f 8391 8387 8513 
f 30 9166 9831 
f 10281 7945 10431 
f 6907 2258 1115 
f 7289 393 1282 
f 4637 4596 4555 
f 3167 5331 3078 
f 5531 5532 5841 
f 5747 5109 9846 
f 9635 6933 10471 
f 1880 2388 8026 
f 4091 9245 8326 
f 8189 3558 5520 
f 1813 8849 8848 
f 6529 430 10046 
f 4803 4322 4074 
f 5157 4723 4844 
f 5970 6100 94 
f 5677 4877 5260 
f 986 4466 5471 
f 1745 2515 1737 
f 5458 4872 4901 
f 8472 982 8404 
f 6890 2965 2967 
f 3654 7975 6831 
f 7035 7165 7261 
f 2875 3491 8008 
f 2491 6213 7248 
f 1698 5620 9619 
f 3250 3251 6320 
f 2738 558 2734 
f 10292 5566 10442 
f 3915 3609 8642 
f 9477 253 9905 
f 6938 7946 4859 
f 3591 10704 4622 
f 10265 10106 10187 
f 6882 7734 7433 
f 7062 5905 9206 
f 8765 5313 8532 
f 5330 4056 4689 
f 927 4223 3846 
f 1562 5787 5789 
f 5085 5016 5015 
f 5952 14 10325 
f 2814 9851 9955 
f 2651 1736 3474 
f 4938 10124 852 
f 3994 3917 3959 
f 477 7636 2307 
f 3446 3453 6441 
f 10459 10495 8582 
f 969 8715 6039 
f 8507 4546 4615 
f 6183 225 6296 
f 4680 6260 7368 
f 3168 3172 6441 
f 7368 4684 4680 
f 4543 4419 4418 
f 4684 4609 4574 
f 4085 3995 3994 
f 4687 7850 10049 
f 10049 4613 4687 
f 5979 9317 9007 
f 2509 2478 5621 
f 3391 7648 4615 
f 10229 10086 10011 
f 2724 2727 3115 
f 9481 7320 9483 
f 4262 4174 4260 
f 9463 9645 9394 
f 3971 1649 4129 
f 1359 9739 5598 
f 8507 7648 5118 
f 2563 4758 9426 
f 4878 9589 9949 
f 216 7734 7660 
f 6427 1634 7209 
f 9177 8656 5425 
f 5735 354 3748 
f 4661 10291 6055 
f 5196 2524 7281 
f 5726 4068 4216 
f 7368 6260 9889 
f 2012 9100 9875 
f 10178 10177 10094 
f 8648 3963 2315 
f 9503 8847 3870 
f 10328 10329 10172 
f 5142 3392 9294 
f 246 3537 2212 
f 4332 10298 3137 
f 5249 9152 3747 
f 5781 5808 5762 
f 158 9546 6040 
f 5544 823 5545 
f 2725 2133 336 
f 6800 2934 5072 
f 8017 7137 7063 
f 5504 4696 5351 
f 10176 10177 10178 
f 9814 9958 9959 
f 10269 10112 10110 
f 3655 5642 2806 
f 4987 5541 2421 
f 3158 5763 2014 
f 556 4138 5088 
f 2706 2732 3036 
f 9518 2037 3232 
f 8662 7753 10466 
f 4153 7943 3872 
f 10336 554 10265 
f 4838 4669 4593 
f 5976 6235 6384 
f 6301 7224 2740 
f 4303 4714 9800 
f 3843 3844 3177 
f 5882 9172 6008 
f 4699 10547 10265 
f 7456 7457 918 
f 6222 8265 6158 
f 3524 8130 7059 
f 4067 4184 4270 
f 4800 4353 4597 
f 4407 4409 4037 
f 8889 687 1492 
f 4241 6010 4052 
f 9813 9671 10032 
f 4752 10496 4917 
f 6436 3402 7384 
f 4745 10441 5581 
f 8306 8476 8249 
f 7358 3829 6138 
f 6396 2120 3941 
f 2509 2280 4858 
f 6480 6481 7341 
f 1657 844 9497 
f 2997 3348 9704 
f 6134 5303 4372 
f 8165 3405 8341 
f 1114 1041 1143 
f 4385 1608 4432 
f 10422 10424 10205 
f 9890 6074 7368 
f 3729 7570 8599 
f 7581 7579 7774 
f 6320 3863 3250 
f 4495 4452 4488 
f 9555 9078 4294 
f 9917 9831 9977 
f 4453 4546 4497 
f 3941 2120 1527 
f 5578 7432 7689 
f 8896 8632 8756 
f 10292 10061 10129 
f 3761 1891 2291 
f 4578 4542 1236 
f 5642 3988 3839 
f 779 10057 10126 
f 7945 9634 10431 
f 4176 4051 4174 
f 7324 3407 9442 
f 2296 2369 2112 
f 10300 9705 4684 
f 10184 6499 5561 
f 5361 909 1950 
f 4340 4250 4385 
f 9139 4175 1640 
f 7107 825 10122 
f 7627 4625 7293 
f 4578 4648 4613 
f 8200 7226 6391 
f 8695 5368 10077 
f 4658 2546 10191 
f 7446 5635 9476 
f 535 1434 4858 
f 7516 7408 7514 
f 4054 3937 4053 
f 10180 333 9997 
f 2932 568 7032 
f 9157 7530 1623 
f 8461 8392 8460 
f 3367 8805 538 
f 10043 10148 10013 
f 4905 4235 7878 
f 5784 7329 9002 
f 9218 3996 2778 
f 4048 3666 4689 
f 7314 4295 984 
f 5188 1077 957 
f 2318 2327 2319 
f 7463 4427 6079 
f 7186 484 719 
f 5198 6217 6146 
f 4958 10002 1364 
f 8311 10077 5368 
f 6665 7880 5871 
f 4835 5522 5343 
f 4403 7592 6333 
f 4100 1208 7348 
f 5038 1200 9145 
f 6378 4170 8457 
f 2120 4990 6103 
f 2596 2453 2485 
f 133 4496 5199 
f 4957 885 26 
f 2009 10526 3017 
f 7435 7532 7182 
f 8155 4111 1109 
f 7404 10018 6383 
f 9610 9472 9559 
f 4618 2751 1313 
f 7950 8492 9564 
f 8147 6477 8202 
f 2153 8845 6305 
f 6235 4446 6386 
f 1557 9734 9796 
f 8294 8296 3242 
f 636 60 10248 
f 6941 5797 5749 
f 5654 5519 5371 
f 7115 5718 7067 
f 6296 225 1578 
f 10031 8685 5571 
f 8214 7784 7106 
f 4046 4702 6190 
f 3157 4738 2168 
f 4883 4056 3482 
f 10257 10176 10178 
f 3481 5034 5194 
f 5034 10530 6564 
f 10176 9882 10177 
f 10334 10258 10474 
f 10246 14 10015 
f 1808 1747 5664 
f 5325 5098 5324 
f 3586 6396 4296 
f 578 7806 9380 
f 9649 8359 9728 
f 7317 8418 9815 
f 2793 2313 9947 
f 2311 5209 3457 
f 10379 1701 534 
f 8663 7436 3112 
f 9389 8365 4143 
f 4251 5590 7649 
f 9863 9864 9728 
f 9189 6533 5374 
f 2131 6321 9636 
f 8112 8074 8111 
f 5449 7649 4915 
f 5217 1568 5066 
f 9542 6590 6560 
f 8864 493 2377 
f 4034 3097 3098 
f 7599 2432 6590 
f 1845 7950 2031 
f 9876 9950 9883 
f 2748 3218 10005 
f 10177 9882 9950 
f 10261 554 10186 
f 9667 10051 9690 
f 10177 9950 10094 
f 10185 10103 10181 
f 3043 9506 9542 
f 10185 10181 10261 
f 4663 4517 4662 
f 10390 2077 7449 
f 4561 3680 3642 
f 8619 95 959 
f 10069 2340 8785 
f 9560 2534 5011 
f 4313 4260 4258 
f 4684 7368 10300 
f 3592 5642 4525 
f 9707 5267 2106 
f 9750 9747 9897 
f 10186 554 10336 
f 6377 8242 3217 
f 4497 4456 4435 
f 3844 3843 4286 
f 7200 10377 7297 
f 9773 963 9745 
f 9125 9027 123 
f 7253 10169 4990 
f 4407 4037 6713 
f 10561 10525 10523 
f 8745 8797 9549 
f 7128 7381 7069 
f 10411 10486 10412 
f 2277 5955 10010 
f 9201 9484 9486 
f 9189 3864 10069 
f 865 4442 3615 
f 1855 1508 8670 
f 2965 9378 10582 
f 8587 10513 10550 
f 9919 10057 9837 
f 9774 18 6358 
f 3450 3195 5502 
f 4551 5541 4585 
f 3678 10418 5208 
f 4579 4613 10049 
f 4396 4436 4456 
f 249 6497 342 
f 4468 6908 2853 
f 6060 6090 6030 
f 9073 1232 1986 
f 7876 5125 7781 
f 10515 6015 3851 
f 751 3374 5090 
f 2152 9781 9991 
f 8220 8221 10372 
f 10424 8631 4761 
f 10054 9212 9195 
f 9673 9672 9814 
f 10440 9601 3724 
f 8109 2047 9708 
f 5966 6674 1818 
f 3292 4732 3935 
f 2818 10233 10197 
f 5017 969 5801 
f 483 5747 9846 
f 9862 9860 10229 
f 1291 1433 922 
f 5614 3874 3943 
f 7799 7583 7798 
f 7437 7355 3395 
f 10492 6170 4962 
f 3722 3525 3527 
f 7057 4956 7356 
f 10362 8453 7496 
f 574 980 802 
f 9105 9168 9907 
f 10285 7745 1130 
f 5455 4278 4735 
f 6138 10493 2422 
f 9761 6498 6697 
f 245 569 611 
f 3295 3085 2876 
f 2682 509 6677 
f 642 757 1577 
f 6426 1730 2191 
f 5638 8382 256 
f 4689 4871 10535 
f 8800 5944 5051 
f 5068 5061 7217 
f 3340 7083 1505 
f 8541 3738 1551 
f 10406 984 4295 
f 3782 747 599 
f 2046 891 1914 
f 6474 10095 2698 
f 7647 9086 919 
f 3429 1595 1107 
f 5609 7402 746 
f 6058 6111 6023 
f 3104 3581 1978 
f 389 8135 1935 
f 2130 9475 3871 
f 7878 10492 5533 
f 509 284 6677 
f 4311 5502 3195 
f 2220 8611 3949 
f 1387 1275 1311 
f 2214 7040 10686 
f 2039 4078 5422 
f 10682 132 10019 
f 4242 4160 4206 
f 4520 4354 3975 
f 5118 7497 8507 
f 6738 6604 7551 
f 4118 4085 3994 
f 9368 9089 4090 
f 1490 9683 773 
f 6991 6990 7969 
f 4433 4497 4435 
f 4573 4569 4644 
f 7368 10376 4062 
f 9984 10061 10292 
f 3018 585 705 
f 6187 6190 4702 
f 261 1094 10681 
f 5158 4056 4883 
f 3107 5940 8242 
f 7481 5739 8099 
f 4112 4783 4114 
f 8965 5479 10590 
f 3392 5695 9072 
f 6802 6045 6050 
f 3212 6917 1934 
f 1169 9100 8344 
f 7307 7265 8682 
f 4655 5470 4748 
f 2854 2812 2929 
f 5252 5666 4743 
f 9455 777 6899 
f 8587 9180 10514 
f 10258 10176 10257 
f 5739 5142 7188 
f 751 5032 4932 
f 3927 5600 9037 
f 10404 4611 8197 
f 9895 9961 9897 
f 4216 5092 5726 
f 1359 10710 877 
f 8616 5547 2341 
f 10412 10488 10414 
f 5013 4241 4240 
f 3813 7432 216 
f 3098 3097 5594 
f 7593 10647 5188 
f 1670 10215 8048 
f 10488 4037 8464 
f 8890 8705 8579 
f 9563 303 2763 
f 9148 9301 6993 
f 9961 9962 9897 
f 673 9563 2763 
f 3471 10416 4409 
f 2716 4317 4222 
f 7366 5923 633 
f 5999 1752 8043 
f 3511 8935 2501 
f 175 114 7569 
f 10045 9821 9964 
f 9968 9822 9821 
f 9262 7595 1442 
f 5184 9892 5202 
f 5234 2981 3181 
f 2021 9400 431 
f 10045 9964 10196 
f 4251 5218 5590 
f 629 922 1844 
f 5581 2584 4745 
f 8941 8942 4547 
f 2421 4902 4987 
f 10346 10195 10414 
f 7402 3497 9158 
f 10032 9671 9811 
f 9667 9610 10051 
f 8779 3543 8602 
f 4416 4676 2750 
f 4932 5408 2025 
f 2055 4324 2506 
f 272 3923 1485 
f 9640 10183 8955 
f 9236 9147 9187 
f 3392 5142 6304 
f 2106 757 1832 
f 8578 133 5199 
f 4748 5077 5037 
f 6815 4440 4526 
f 2341 5547 5262 
f 10496 9375 10494 
f 2714 10668 9498 
f 945 9587 9711 
f 6368 488 3121 
f 7824 5721 10073 
f 7881 7883 7390 
f 9763 9693 9837 
f 2733 4761 8631 
f 6794 4761 7945 
f 8235 8321 8411 
f 4521 2277 10010 
f 2746 4211 6539 
f 9977 10209 10126 
f 10171 465 9632 
f 4015 5934 8631 
f 4862 3297 9280 
f 10366 6667 4914 
f 6850 6651 2231 
f 2652 10718 2996 
f 6418 7633 7637 
f 4366 3013 8393 
f 4603 10716 6027 
f 404 5371 2784 
f 10515 10446 10444 
f 2664 2173 8035 
f 714 3826 3546 
f 8995 3061 6708 
f 6902 3910 4766 
f 1795 1791 1889 
f 8800 9844 9840 
f 4644 4482 4573 
f 10348 6418 6481 
f 8081 7987 8173 
f 8733 6943 3782 
f 7599 9542 9506 
f 6074 9890 6259 
f 931 7949 3032 
f 4648 4578 4609 
f 3071 5319 4381 
f 7030 3317 491 
f 3297 4489 9280 
f 1734 3652 1080 
f 6878 6686 833 
f 3490 6814 3679 
f 4578 4579 4542 
f 5451 4729 6479 
f 3930 3489 4286 
f 9931 4105 1080 
f 5092 7797 3666 
f 506 4583 482 
f 9573 9610 9558 
f 5755 3962 10573 
f 8291 4744 4571 
f 4482 4428 4479 
f 5222 6203 6204 
f 4495 4432 4452 
f 7125 7361 7285 
f 9406 3056 1417 
f 4033 6479 3935 
f 7525 7457 8107 
f 4295 8669 10406 
f 835 7545 3559 
f 4860 10221 9988 
f 537 623 580 
f 10134 7836 7038 
f 3882 4072 3298 
f 2019 6613 9148 
f 824 7550 2511 
f 6887 450 9861 
f 8308 3509 8114 
f 4652 5296 4584 
f 89 8292 56 
f 284 6752 6677 
f 4773 3513 4145 
f 10087 10088 9864 
f 10391 10531 3482 
f 10099 3252 9231 
f 7738 6616 6935 
f 5430 5705 5433 
f 10656 10627 4933 
f 14 10246 10325 
f 8892 8793 8850 
f 672 6882 4549 
f 3167 5398 5331 
f 10325 10246 10393 
f 2951 934 2572 
f 7662 8965 7663 
f 4871 4870 5477 
f 2217 867 3155 
f 10404 554 10261 
f 8344 5739 1169 
f 1130 7745 8208 
f 7649 3098 4915 
f 9954 9088 9194 
f 10323 10391 10467 
f 10196 10198 10045 
f 1796 3320 3922 
f 5193 5012 5047 
f 3633 8000 2547 
f 4223 927 7005 
f 4216 927 5092 
f 5013 4240 10543 
f 3846 7454 4420 
f 9933 9118 753 
f 4539 4706 4441 
f 10032 9888 10185 
f 10488 10554 6713 
f 9887 10103 9888 
f 9897 9962 9899 
f 3244 3030 3439 
f 5066 5084 4953 
f 4397 4695 59 
f 2048 783 8040 
f 10349 3471 10494 
f 4252 8197 4338 
f 3781 5140 7479 
f 10410 10411 10109 
f 4407 8831 4409 
f 10427 5614 5138 
f 6919 1493 2896 
f 6457 5377 5030 
f 6364 4093 894 
f 6150 6111 6126 
f 1565 9569 9572 
f 3278 5216 2784 
f 341 5354 1056 
f 10554 3067 3177 
f 10496 4752 895 
f 4407 3680 4561 
f 5425 7017 5863 
f 5457 6929 678 
f 2078 8364 4268 
f 2813 2812 2854 
f 5185 2058 5555 
f 2226 7891 8027 
f 9977 9166 10209 
f 5910 2819 6786 
f 4918 4746 4017 
f 8536 2004 9510 
f 4654 9550 10484 
f 8624 8504 7407 
f 9742 2238 2239 
f 30 9975 9166 
f 6134 4372 7726 
f 4737 4929 5447 
f 136 9857 7814 
f 4725 5559 4719 
f 1426 5650 8787 
f 2951 8652 934 
f 4742 8766 9433 
f 4676 4840 4843 
f 4847 5293 5073 
f 10708 10714 1298 
f 1896 1803 1940 
f 5081 427 5021 
f 2604 8126 7215 
f 4282 4285 4593 
f 6578 3293 3292 
f 9842 9697 9695 
f 4033 4544 7455 
f 10281 6794 7945 
f 8458 240 2223 
f 6697 6538 9761 
f 7066 5655 143 
f 232 2635 2633 
f 9382 898 4688 
f 889 4937 8867 
f 8142 8990 9834 
f 1512 5284 2391 
f 7899 7904 7851 
f 2084 10476 452 
f 3115 3111 2724 
f 350 2086 7135 
f 7528 7469 7470 
f 6591 1393 5698 
f 9623 9527 9653 
f 4798 4631 4961 
f 4062 10199 3550 
f 2139 9385 5791 
f 752 10630 10067 
f 1624 7530 4884 
f 2527 2684 2530 
f 10164 9600 9501 
f 496 255 495 
f 146 174 175 
f 4486 4574 1236 
f 2346 2347 1183 
f 10589 6144 7474 
f 4456 4436 4435 
f 3573 6813 7835 
f 4472 752 2053 
f 7121 1393 1419 
f 1911 5001 4692 
f 2555 7309 6864 
f 2316 2399 1354 
f 10227 9619 8677 
f 3395 7355 7507 
f 1752 4929 2849 
f 5026 10095 8875 
f 3476 6658 2611 
f 6455 5645 5504 
f 7176 2190 8121 
f 7323 6039 8459 
f 5238 1125 769 
f 6450 6537 6657 
f 5027 9836 9001 
f 7003 2876 4539 
f 10412 10414 10269 
f 4317 2716 4344 
f 3530 6926 4443 
f 5392 5088 4951 
f 8798 944 4722 
f 6753 9902 2215 
f 9300 5917 9293 
f 2850 2848 2924 
f 10531 3481 3482 
f 1884 7857 3118 
f 5429 4788 5016 
f 10529 1353 5034 
f 4518 10320 10464 
f 2686 4259 10475 
f 1465 8876 1250 
f 5322 5323 5214 
f 3503 3889 3888 
f 10391 5330 10467 
f 800 7857 1884 
f 9523 10100 3361 
f 9681 6363 1204 
f 4869 6990 6991 
f 5329 2493 5102 
f 2341 5262 3066 
f 9883 9882 9884 
f 10549 4707 10551 
f 4202 4535 4203 
f 6603 4601 7213 
f 10539 10474 10329 
f 4223 4539 5328 
f 349 10179 8417 
f 10091 1475 10711 
f 4282 4928 5116 
f 9143 9790 573 
f 4883 3481 5194 
f 10096 3544 4353 
f 9112 1969 1156 
f 5542 1644 2843 
f 4254 7649 5449 
f 3665 9252 8727 
f 5471 4636 10585 
f 10106 9957 10187 
f 3877 9557 1639 
f 9269 9451 491 
f 4610 2635 232 
f 296 1297 254 
f 10110 9961 10109 
f 7255 7162 7335 
f 10474 10257 10329 
f 10407 10410 10109 
f 10547 5449 10549 
f 6926 6648 4443 
f 1544 2377 493 
f 10289 281 1061 
f 4669 4928 4282 
f 8491 8435 9367 
f 4693 6658 3476 
f 4219 4132 4176 
f 9968 9753 9822 
f 9014 10399 3021 
f 4919 119 8813 
f 4338 4240 4052 
f 10518 7037 5734 
f 2043 10117 4300 
f 10477 10543 4611 
f 9678 9750 9899 
f 4838 4593 4835 
f 5116 2750 5559 
f 10349 10274 10416 
f 5022 6459 3639 
f 2117 21 4786 
f 9962 9961 10112 
f 5602 6209 6265 
f 1038 1714 5258 
f 6524 332 7925 
f 9263 6627 9264 
f 6713 4044 4407 
f 9976 9975 7194 
f 9569 9747 9750 
f 6856 6516 4997 
f 3833 10508 8696 
f 8700 8845 9503 
f 7397 6770 7391 
f 2872 7547 9070 
f 4422 4301 4336 
f 6831 10326 5018 
f 5785 6402 10206 
f 9695 9508 9433 
f 6028 8405 2829 
f 6449 3163 10510 
f 449 7058 7825 
f 3311 10205 10424 
f 9262 1442 10220 
f 2653 2652 5659 
f 2696 2368 51 
f 9917 9760 9689 
f 9874 10175 10221 
f 8900 3732 6996 
f 350 7135 465 
f 3084 3034 2907 
f 9280 4489 5488 
f 2255 2585 2230 
f 9632 465 4726 
f 2595 4583 506 
f 5075 4777 7879 
f 1129 3837 10618 
f 3849 10515 3851 
f 4467 4554 4774 
f 610 6056 2085 
f 4414 3304 4326 
f 9381 9581 4726 
f 6650 3195 5841 
f 7176 10080 2190 
f 10129 5566 10292 
f 9701 9845 10067 
f 10077 9691 8695 
f 10515 10444 6015 
f 3156 9130 9035 
f 4905 4901 4872 
f 4911 3638 7213 
f 10156 10238 9856 
f 9725 6904 1719 
f 3079 4769 4876 
f 5257 5202 8026 
f 1071 7698 2536 
f 6615 10310 8712 
f 9938 3945 3929 
f 4856 2006 7661 
f 2173 4959 2174 
f 10649 4042 891 
f 10266 10175 9874 
f 3380 5007 4952 
f 441 170 1173 
f 5344 5345 5323 
f 498 9910 9909 
f 9435 9786 10008 
f 5870 10559 3139 
f 8219 7661 8220 
f 3256 10531 10530 
f 10117 434 423 
f 6622 10529 9732 
f 5158 3928 5156 
f 178 624 4858 
f 1980 8273 6799 
f 6313 4768 8559 
f 10464 10086 4518 
f 3443 8144 8098 
f 6234 5179 9066 
f 6335 5314 6356 
f 7296 2650 10377 
f 3108 5157 4812 
f 9952 8051 9884 
f 7210 984 6527 
f 2916 2915 10608 
f 4871 4247 4420 
f 2768 5364 6778 
f 2226 8132 8030 
f 7535 1070 2075 
f 10080 9857 2190 
f 6767 10285 4926 
f 655 10283 715 
f 7377 7378 7205 
f 6942 5 5359 
f 4871 4420 4424 
f 9950 9882 9883 
f 4467 4831 4320 
f 7525 5082 166 
f 5328 5193 5047 
f 6403 8018 7873 
f 10329 10257 10178 
f 1331 8983 1332 
f 9019 8910 9198 
f 4296 1527 10228 
f 3085 2770 9451 
f 10583 1909 3717 
f 5887 10220 1442 
f 3007 9390 9511 
f 9821 9678 9899 
f 9629 9605 9586 
f 3844 3489 3490 
f 3641 7012 4391 
f 677 406 9925 
f 6363 8602 3543 
f 10261 10181 10334 
f 4230 4768 4231 
f 3177 3844 6713 
f 7457 166 7374 
f 8839 6680 6627 
f 9899 9750 9897 
f 4287 4418 4293 
f 5692 5296 4741 
f 9231 5829 10099 
f 2520 7975 4276 
f 3677 5018 3550 
f 9900 9962 9964 
f 10438 4636 4557 
f 3113 3403 9740 
f 3680 4407 4044 
f 9750 9678 9572 
f 7234 6561 1234 
f 777 8645 9054 
f 10422 10204 10420 
f 7851 7904 1724 
f 10269 10110 10411 
f 4320 5448 5458 
f 1811 6608 6609 
f 9668 9622 9667 
f 10204 8572 10352 
f 10265 554 4699 
f 1466 972 8495 
f 5471 10585 1654 
f 8457 8387 6377 
f 8284 2821 931 
f 3707 10307 8862 
f 8695 9360 9087 
f 8101 1530 3360 
f 7878 880 4348 
f 5220 5124 5672 
f 4270 4795 4067 
f 5305 6813 3568 
f 7502 8209 5105 
f 4228 427 5081 
f 5388 5649 4861 
f 7935 3597 10174 
f 4155 4059 2539 
f 4227 6320 482 
f 8405 7765 1350 
f 10360 9581 9381 
f 5388 4861 5629 
f 10494 3471 4917 
f 3311 10424 4761 
f 7501 7431 7692 
f 6142 1233 8763 
f 8029 7241 7640 
f 6015 5566 4633 
f 6319 7455 7135 
f 5016 5085 5131 
f 9525 3945 6180 
f 4988 4899 5500 
f 5154 6449 10510 
f 1103 3728 7199 
f 9151 5790 3387 
f 2328 5249 3747 
f 8592 8553 8550 
f 5165 5520 4775 
f 296 2500 1297 
f 2493 5329 1600 
f 10369 6353 1775 
f 4198 1363 8707 
f 9122 9020 9019 
f 5926 5899 6397 
f 9142 5335 5582 
f 10643 4638 4605 
f 244 5954 394 
f 2085 7307 1010 
f 8357 9497 1120 
f 2448 617 9683 
f 3170 3172 3168 
f 5408 4932 5031 
f 6711 3121 4092 
f 10346 10196 10195 
f 3774 4716 10084 
f 10087 10011 10086 
f 139 5121 5384 
f 7984 6508 670 
f 10530 5034 3256 
f 5565 6104 447 
f 8254 2599 2219 
f 5603 6159 5342 
f 4369 4367 4470 
f 1583 5601 3512 
f 5910 6786 3339 
f 4139 4790 4794 
f 569 745 611 
f 3451 5689 3450 
f 4338 4611 4240 
f 5590 3098 7649 
f 4413 4412 8113 
f 10088 10323 10246 
f 9498 5423 2714 
f 5023 10553 7481 
f 3928 5194 3081 
f 8964 8893 8854 
f 4883 3928 5158 
f 10258 10334 10181 
f 9520 76 1720 
f 4539 4223 7003 
f 5370 6331 1871 
f 5715 5156 5726 
f 985 984 7210 
f 4237 3295 7003 
f 7599 9506 6738 
f 4779 9326 5640 
f 8238 7971 8158 
f 7003 3295 2876 
f 7551 7406 6738 
f 6596 3251 3250 
f 9578 6487 8440 
f 1817 2806 3813 
f 8993 5900 1826 
f 9509 190 6481 
f 9315 5070 253 
f 4609 1236 4574 
f 6505 1223 7722 
f 6185 5993 5964 
f 9671 7157 9811 
f 4393 5347 4391 
f 6402 844 1657 
f 5439 5575 4820 
f 5157 3108 4723 
f 4286 3843 5594 
f 9605 9562 9586 
f 6729 941 7042 
f 7892 6706 6629 
f 7225 8241 761 
f 4065 4277 3644 
f 7328 6225 7313 
f 1334 1128 3964 
f 3411 2481 2609 
f 671 594 5909 
f 4234 5218 5349 
f 3177 6713 10554 
f 8334 8339 9420 
f 10327 2099 6295 
f 8016 1722 8441 
f 6123 2708 5597 
f 1953 1124 270 
f 1287 803 2042 
f 10494 9375 10349 
f 2603 967 8312 
f 6798 5040 6689 
f 954 1629 1043 
f 588 8782 542 
f 7661 4509 8220 
f 10409 825 7951 
f 9132 5570 4960 
f 571 3020 7818 
f 2871 620 218 
f 4645 8732 2629 
f 3951 3532 2558 
f 5512 5498 5121 
f 8737 10108 5925 
f 1685 5904 3718 
f 1049 10113 5617 
f 2487 2626 2312 
f 4133 4219 4264 
f 10613 10626 651 
f 59 8699 4397 
f 6819 6610 6609 
f 7617 9229 3776 
f 4052 4426 4338 
f 1334 10018 10462 
f 6814 6460 3641 
f 10608 4319 4312 
f 8955 2990 9640 
f 10007 10638 6605 
f 3283 3077 5451 
f 644 5950 1526 
f 8138 2568 8136 
f 10447 9186 9016 
f 7135 2086 6319 
f 9037 5600 7802 
f 6204 7642 5486 
f 9070 6057 10501 
f 7361 136 7814 
f 4844 4843 1091 
f 7895 7799 7963 
f 7988 107 853 
f 3736 7050 6515 
f 10153 10082 10200 
f 9022 4212 2954 
f 4903 4972 4446 
f 5458 5448 4872 
f 295 829 873 
f 6170 9062 4962 
f 4820 4554 5439 
f 4593 4285 4554 
f 7900 7694 7895 
f 10714 2511 4193 
f 6170 1880 9062 
f 3544 3107 4311 
f 4835 5572 5522 
f 4066 5455 4139 
f 2593 6467 7858 
f 8245 8075 8166 
f 3207 4526 4440 
f 9641 718 2968 
f 3217 6378 6377 
f 6362 6385 237 
f 7739 7731 1763 
f 1435 1361 1396 
f 6977 3037 2735 
f 9978 9 8033 
f 6142 2703 4779 
f 4687 4685 6802 
f 5867 5871 7880 
f 8128 8209 7793 
f 9251 807 6263 
f 156 211 212 
f 10348 6659 5453 
f 4211 2746 2781 
f 8258 9970 6262 
f 6124 4629 4184 
f 4584 10484 4652 
f 10428 10429 10295 
f 5320 5852 5318 
f 5181 10716 4023 
f 9788 9746 9799 
f 6255 8265 6254 
f 9994 8283 4116 
f 5571 8685 8537 
f 6178 10113 1102 
f 3597 9104 8532 
f 6349 5764 4104 
f 6886 5516 1537 
f 7678 7568 7674 
f 10235 6782 1445 
f 572 4000 361 
f 10028 6150 6126 
f 4471 156 1582 
f 10293 10295 10092 
f 7194 7595 9976 
f 3006 6523 31 
f 8986 8879 8825 
f 7487 4130 3152 
f 2557 2558 3962 
f 10115 1494 3916 
f 2014 5763 8694 
f 3540 10371 3472 
f 3371 6596 1638 
f 6702 7690 2442 
f 10090 1686 3724 
f 7251 7373 7375 
f 4781 4730 5094 
f 5443 4349 5444 
f 3809 1850 9592 
f 1948 2934 1975 
f 2052 9844 8800 
f 8982 8984 8878 
f 348 1526 5950 
f 5408 5280 6894 
f 4244 5811 2098 
f 1786 3068 8729 
f 4556 6811 10507 
f 808 806 3701 
f 7162 7097 7254 
f 5175 4857 8688 
f 5632 5646 4897 
f 427 4228 4538 
f 3298 6639 3882 
f 2726 372 6308 
f 5974 7160 5411 
f 77 145 5882 
f 9708 2049 8301 
f 9203 9097 9156 
f 6918 4848 6425 
f 433 241 5977 
f 387 8117 6717 
f 7368 9889 9890 
f 4596 4563 4555 
f 9777 2403 3072 
f 6856 1624 4989 
f 10687 9616 7638 
f 4422 4377 4479 
f 2274 2573 2600 
f 10576 9777 6299 
f 4445 4812 4767 
f 3599 144 9429 
f 384 9704 3348 
f 4661 10076 9499 
f 6658 4030 951 
f 4655 5324 5098 
f 9385 2235 1545 
f 6300 3814 9754 
f 3457 5209 10586 
f 1833 6350 724 
f 6115 4577 7139 
f 3817 10568 5521 
f 2421 5541 4974 
f 2517 40 1048 
f 4541 1714 1659 
f 4295 7314 7778 
f 7887 7695 7792 
f 2148 6683 2164 
f 10234 9985 4538 
f 1965 1364 2273 
f 5614 5162 3874 
f 9107 10303 6637 
f 3406 5231 2336 
f 5550 5003 5551 
f 5072 2934 1947 
f 8897 4461 7102 
f 2886 5726 5156 
f 9982 2233 4628 
f 5742 6158 3507 
f 6888 7850 6914 
f 2719 2718 2754 
f 3592 4073 4686 
f 4859 9458 3826 
f 2959 7302 564 
f 3389 4788 5429 
f 3032 59 8284 
f 1477 4711 4568 
f 3396 9565 2937 
f 1829 1968 3615 
f 9739 7689 9980 
f 2721 3691 193 
f 3923 7946 2731 
f 2529 4120 2821 
f 4988 5500 9322 
f 8011 8114 8076 
f 3639 4386 5022 
f 3505 8827 6700 
f 383 928 2160 
f 884 8362 8475 
f 1369 440 1952 
f 5205 4939 6946 
f 2055 2506 2056 
f 5133 5570 9132 
f 8134 8031 8132 
f 5184 4775 5520 
f 5761 4474 10684 
f 9840 6191 8800 
f 4719 4676 4843 
f 351 4770 4092 
f 5602 468 6209 
f 6935 6616 9402 
f 2923 5340 1796 
f 3498 8688 6187 
f 4348 8608 10492 
f 10127 779 10364 
f 5620 5689 2899 
f 7739 8819 10190 
f 9973 5437 5329 
f 5521 2329 3817 
f 5004 3878 8640 
f 9121 10048 3338 
f 2698 1477 4713 
f 6240 1087 6242 
f 980 9277 1385 
f 5958 5935 5981 
f 4974 5541 4513 
f 7777 5063 3735 
f 5435 2698 5523 
f 1477 5435 5387 
f 9084 8977 9081 
f 8664 8398 2257 
f 9755 9744 3209 
f 4524 4191 4523 
f 4047 1003 7885 
f 6659 4543 4418 
f 6752 8455 2234 
f 5111 4865 4810 
f 597 7718 5395 
f 8593 8592 8672 
f 4795 4270 3985 
f 2789 819 2883 
f 5380 5829 4253 
f 5318 2169 9400 
f 5533 6528 7877 
f 5503 5478 5441 
f 5550 4960 5003 
f 1581 1584 6912 
f 2224 4629 6099 
f 10013 6549 10270 
f 1870 2438 6542 
f 5138 5614 3943 
f 4965 10234 4538 
f 7601 2224 6100 
f 5011 2666 9560 
f 7215 2776 2604 
f 4939 5133 6946 
f 8132 2226 8129 
f 5967 5494 6091 
f 8220 8140 8219 
f 4247 7797 4420 
f 10122 825 1219 
f 4548 3493 5637 
f 5889 2969 10260 
f 8729 6833 1549 
f 9492 5382 5321 
f 4809 395 3099 
f 1144 8843 4013 
f 8384 10453 5591 
f 5093 3103 8442 
f 3583 2309 1847 
f 1873 7825 860 
f 9528 5016 5131 
f 7992 4463 8878 
f 9087 9277 574 
f 8802 9230 8777 
f 8215 8213 4673 
f 7520 4506 9624 
f 4601 7241 7213 
f 9676 1591 1738 
f 2202 2201 2535 
f 4819 2951 6746 
f 1652 4998 2657 
f 1986 1232 550 
f 3374 5463 5090 
f 26 852 2497 
f 2542 6874 7612 
f 2493 6883 5102 
f 2923 8692 1529 
f 10270 602 869 
f 2268 10586 5209 
f 4568 4713 1477 
f 3621 3869 3622 
f 6867 6675 6866 
f 119 1184 929 
f 5583 9538 8138 
f 2667 2502 2670 
f 7565 5928 2426 
f 6247 3455 3380 
f 5911 5956 3593 
f 4817 5725 7605 
f 8763 1015 6516 
f 3189 5954 9078 
f 3107 10096 3207 
f 10595 678 6929 
f 4842 4047 5730 
f 4903 2421 4972 
f 2368 2696 7737 
f 7546 7658 7538 
f 3792 9217 9758 
f 10480 5136 5392 
f 6992 7884 9221 
f 5031 6382 5026 
f 4476 1846 9431 
f 10224 8358 2747 
f 8296 8298 8564 
f 4015 10424 10422 
f 1880 5202 9892 
f 5534 3374 2025 
f 5529 5970 5718 
f 2174 8189 10695 
f 8282 8299 9638 
f 7943 7558 3872 
f 3186 285 5146 
f 4072 2886 2864 
f 3313 6504 5823 
f 7335 7162 7254 
f 929 9514 994 
f 7424 7425 7261 
f 9322 4863 4788 
f 8484 3714 7747 
f 5015 4953 5084 
f 3354 9591 5413 
f 4374 5474 4040 
f 1566 137 7892 
f 8620 8617 1871 
f 8967 2417 5723 
f 884 8476 8306 
f 2036 9393 10009 
f 2968 352 2752 
f 9985 3943 3874 
f 6506 7937 6640 
f 3460 2248 1936 
f 5956 6339 3978 
f 9958 9813 9957 
f 5030 3618 3998 
f 8142 7316 7315 
f 4165 2331 396 
f 7106 19 10718 
f 7146 5169 2648 
f 3342 2677 3444 
f 6382 5523 10095 
f 1907 8009 4348 
f 1697 8287 7103 
f 4103 4095 4101 
f 5849 10450 1318 
f 6387 6391 7302 
f 5362 7959 2082 
f 2199 5341 5223 
f 401 5081 5286 
f 5026 5024 5031 
f 469 3722 10259 
f 6824 1244 472 
f 6924 2756 2837 
f 746 999 7992 
f 5487 5470 4655 
f 4971 5996 6384 
f 9277 980 574 
f 4594 4967 8311 
f 5368 4365 8311 
f 3216 8798 2175 
f 4071 2686 2692 
f 4545 2736 258 
f 4786 21 10381 
f 5454 4349 5325 
f 3667 5829 5380 
f 10062 9383 3166 
f 5077 4980 5037 
f 7015 1336 2683 
f 9225 5638 2743 
f 6031 6030 6062 
f 7680 7833 3178 
f 7823 8518 2038 
f 9225 4814 5638 
f 9784 242 10468 
f 3770 7124 7823 
f 6504 2565 5823 
f 9234 8972 9074 
f 10403 10077 8311 
f 1217 5639 5078 
f 8129 8090 8215 
f 10190 8447 7739 
f 853 4755 7988 
f 401 6236 6159 
f 8824 9829 533 
f 8968 8872 8683 
f 10480 2174 4959 
f 1960 1478 10299 
f 406 9939 991 
f 4737 5455 4735 
f 4526 4831 4467 
f 3374 4932 2025 
f 10248 60 10533 
f 7549 619 7268 
f 5080 5221 1497 
f 5822 7145 6939 
f 5060 5653 4960 
f 721 1782 4626 
f 2938 2826 6098 
f 9911 6801 9944 
f 7350 7045 7112 
f 5066 5007 5062 
f 5411 7160 6643 
f 7194 9975 30 
f 5227 3453 3746 
f 5172 1568 5217 
f 7535 6134 3962 
f 4953 5015 4863 
f 5062 5007 8678 
f 5217 5062 5215 
f 5066 5062 5217 
f 6434 2193 7641 
f 9429 3304 3599 
f 8761 8636 4188 
f 5481 5493 8913 
f 6065 4703 2920 
f 4242 4204 4336 
f 5205 4897 4939 
f 8485 8628 2187 
f 1735 2201 2202 
f 4090 8438 7631 
f 10109 9895 9959 
f 8603 710 10634 
f 7537 1601 6482 
f 4976 5257 8026 
f 1184 4919 2894 
f 5128 5844 2562 
f 7036 5878 8289 
f 3581 3508 1978 
f 1291 1705 4339 
f 3207 4562 4791 
f 6788 6009 6055 
f 4597 4804 4800 
f 5044 5572 4970 
f 10150 10200 7948 
f 1891 3761 3760 
f 1547 4709 4597 
f 3620 7252 923 
f 8287 1697 159 
f 2070 8467 6683 
f 8354 8236 8520 
f 8680 8229 8054 
f 9920 7856 7234 
f 6313 7115 233 
f 6377 6378 8457 
f 10468 584 9784 
f 3475 3580 3622 
f 9875 8647 9876 
f 2457 10025 8044 
f 390 8698 3025 
f 1522 1952 8474 
f 7347 6119 543 
f 2056 139 5384 
f 307 999 5209 
f 4999 1298 4193 
f 4959 10427 10480 
f 6685 833 6421 
f 7042 6836 6729 
f 3233 3230 3265 
f 5965 3585 9152 
f 8501 8228 1487 
f 6057 5406 5326 
f 5659 2996 437 
f 9925 5432 418 
f 4172 3063 3053 
f 5184 6688 4775 
f 7007 2287 6294 
f 6847 1567 1894 
f 8027 7890 7962 
f 4151 4316 2418 
f 5444 5380 5381 
f 6775 6872 6565 
f 5136 5088 5392 
f 9132 4828 10380 
f 2544 2379 2378 
f 2759 7968 8039 
f 5007 3380 4141 
f 2526 1909 10583 
f 3237 9432 9136 
f 2528 2535 2201 
f 4863 5015 4788 
f 8931 2013 8932 
f 10684 117 5761 
f 1817 5746 2806 
f 7182 7434 7435 
f 8727 10241 4288 
f 3547 2034 2351 
f 5066 4953 4952 
f 5879 5222 5486 
f 2662 9061 2193 
f 8606 1694 674 
f 9462 6714 8863 
f 9425 365 4567 
f 4391 7012 4393 
f 6589 1989 1689 
f 9085 9084 9147 
f 7465 7467 2792 
f 5134 3745 3702 
f 5967 5134 5494 
f 7467 7529 7528 
f 2890 5272 3079 
f 2489 4674 6033 
f 5660 5649 5651 
f 3253 3252 5384 
f 3376 7813 5379 
f 1913 7479 5139 
f 10099 5829 7911 
f 4253 5381 5380 
f 1723 5060 4898 
f 1830 10489 8491 
f 5730 4047 2492 
f 8090 7962 8089 
f 4513 5541 4551 
f 8844 4568 4711 
f 6126 6101 6146 
f 2140 371 260 
f 1139 2728 1212 
f 3057 2728 1139 
f 8970 7416 10146 
f 2522 2856 2523 
f 4674 5574 6033 
f 4898 1966 4825 
f 5380 5444 5466 
f 131 4967 666 
f 3270 2859 3269 
f 1157 7819 1047 
f 2379 3950 2046 
f 6396 3941 4296 
f 6647 8096 9858 
f 848 2528 2530 
f 7745 8207 8208 
f 108 5219 5307 
f 5405 3406 5189 
f 10614 10586 2268 
f 9932 4026 8563 
f 9247 9154 9244 
f 427 4538 5280 
f 10437 7832 5676 
f 5256 6470 2058 
f 266 197 8416 
f 4793 2383 6617 
f 6754 8268 8215 
f 58 8199 4602 
f 381 10632 5275 
f 4509 5165 4775 
f 5165 4509 4502 
f 908 3545 2807 
f 8699 10687 8870 
f 5348 2306 5191 
f 4651 3066 5569 
f 10380 5673 9132 
f 572 361 525 
f 5683 2580 4734 
f 9586 9561 9618 
f 640 369 9652 
f 9901 4330 1197 
f 4391 3679 3641 
f 6707 3363 651 
f 5452 6707 10626 
f 3930 4744 6179 
f 4702 1742 6187 
f 5307 1002 5241 
f 4525 3655 9442 
f 3306 3837 1129 
f 10711 10528 1737 
f 2109 1458 2113 
f 9842 9984 10133 
f 3299 6387 2959 
f 5251 4762 313 
f 8786 7334 6556 
f 2417 9429 2240 
f 1002 1568 5172 
f 4740 4988 9322 
f 5767 10291 2396 
f 1288 8778 8498 
f 1358 1428 1326 
f 5642 3655 4525 
f 9292 5142 9294 
f 10280 9512 7902 
f 3464 2991 8746 
f 2335 4825 1966 
f 10546 10544 10601 
f 4769 1270 4877 
f 7674 7776 7782 
f 3057 3266 2851 
f 4715 4462 3814 
f 1587 5644 1581 
f 7333 9302 9785 
f 1879 1790 1635 
f 5512 5121 139 
f 6296 5248 3331 
f 10358 10356 10473 
f 8819 7756 8820 
f 9676 2374 2041 
f 6064 5337 5535 
f 132 8749 4754 
f 6007 1347 6026 
f 5735 437 354 
f 2304 5697 1776 
f 7242 7348 2144 
f 5888 2304 4212 
f 10579 264 7204 
f 4667 10679 9986 
f 5819 165 8079 
f 7213 7241 4911 
f 2474 10425 981 
f 8783 4506 5576 
f 8677 10226 10227 
f 3640 17 9414 
f 10228 1527 8583 
f 9781 8274 9991 
f 9618 9570 9584 
f 3340 1504 2726 
f 6118 5965 9768 
f 10387 4948 9252 
f 6729 6731 6486 
f 9589 10219 9949 
f 8632 8521 7675 
f 3358 2147 2065 
f 3356 5306 2301 
f 803 1287 6152 
f 7534 2565 99 
f 1219 7232 10122 
f 6393 4564 7157 
f 5035 5041 5312 
f 10483 5670 10465 
f 3254 7267 3478 
f 5072 7922 2398 
f 3586 4296 2301 
f 3195 3450 1698 
f 6718 10583 3717 
f 5424 894 10113 
f 6423 7339 2059 
f 2292 4461 6644 
f 8113 1084 4413 
f 4961 10119 5120 
f 99 6240 9073 
f 8621 3788 3793 
f 977 6236 7877 
f 5162 5185 3874 
f 9875 9871 9945 
f 9454 7996 10169 
f 8969 1768 9839 
f 1422 4229 4402 
f 9103 289 8974 
f 7077 7385 7138 
f 5134 5967 5804 
f 3416 799 974 
f 1889 1791 1887 
f 2530 5059 2562 
f 5345 5269 5323 
f 6331 8620 1871 
f 6250 5442 3719 
f 7395 3113 10500 
f 4164 7591 7593 
f 2757 3934 9544 
f 2855 3464 3060 
f 6902 8442 3103 
f 260 2991 8371 
f 1774 280 5059 
f 826 4686 5811 
f 9749 2496 3299 
f 3138 10230 3140 
f 62 6346 713 
f 9232 325 9523 
f 5341 7641 7163 
f 10682 4531 8749 
f 10477 10404 10334 
f 111 985 7840 
f 5889 1955 2969 
f 2535 2372 2202 
f 1888 4798 1890 
f 2378 1620 2544 
f 6189 5128 2949 
f 2325 6092 5804 
f 3618 1757 4403 
f 9824 2598 9868 
f 1081 5989 5229 
f 5269 5345 5172 
f 5324 5097 5325 
f 3743 10260 1198 
f 4279 896 8940 
f 2173 10695 5163 
f 5405 8916 5198 
f 5170 5214 5327 
f 7712 8160 10327 
f 4362 2339 5646 
f 5191 5405 5189 
f 2480 153 7110 
f 6026 1347 6047 
f 10218 10614 2268 
f 5245 8491 1005 
f 2339 4362 5348 
f 7036 4271 4710 
f 4641 9206 5905 
f 6619 10128 857 
f 7661 2006 4502 
f 5102 4464 9973 
f 1343 10014 1254 
f 4226 5336 9804 
f 3246 3280 3282 
f 685 1338 1227 
f 2648 4136 7146 
f 7202 8660 7203 
f 7441 1947 1948 
f 6212 1365 5652 
f 5031 5024 5408 
f 10093 5308 4750 
f 5342 556 4102 
f 73 70 142 
f 6754 10272 4856 
f 9683 1490 6308 
f 3747 5243 4494 
f 462 253 9477 
f 5878 4273 4277 
f 5588 5124 5220 
f 8854 8724 8722 
f 6778 5364 9986 
f 4942 6483 538 
f 5672 5649 5660 
f 2998 1734 5409 
f 9609 10051 9610 
f 1568 5084 5066 
f 9540 8420 8331 
f 4383 1161 7416 
f 4686 2098 5811 
f 3789 3790 9417 
f 5376 531 1684 
f 6453 6902 1530 
f 8678 5007 4141 
f 6912 1906 1738 
f 5321 5302 9492 
f 2481 3411 3409 
f 9784 7317 3144 
f 5723 2417 1884 
f 1768 8969 7681 
f 3109 1312 9720 
f 6217 5198 8916 
f 6980 6280 6141 
f 7316 5696 10017 
f 7625 7733 4906 
f 3093 9441 1636 
f 5348 5189 4123 
f 6985 7197 5556 
f 3584 5632 5610 
f 8695 9691 9360 
f 9536 10064 4410 
f 3274 2684 3270 
f 5798 4692 3476 
f 7479 1913 6157 
f 2684 2859 3270 
f 7008 7149 7013 
f 4960 5567 9132 
f 2851 2678 2728 
f 2528 2201 2200 
f 4825 1975 4898 
f 10273 10136 10180 
f 3060 2858 2856 
f 68 2554 10142 
f 514 1378 1279 
f 9214 7600 2605 
f 10064 9765 6442 
f 5280 4538 9985 
f 4123 2339 5348 
f 9580 9307 9642 
f 9828 4345 668 
f 4105 3532 4103 
f 2306 8918 5191 
f 2540 1620 2378 
f 5291 5304 5687 
f 3257 2952 6189 
f 8918 6217 8916 
f 1710 7205 3885 
f 6613 5374 9148 
f 7303 7301 7465 
f 3718 343 1507 
f 2322 6946 5259 
f 988 6465 3868 
f 3747 431 2328 
f 2620 8396 6061 
f 9988 10271 7836 
f 5919 1612 708 
f 9540 1540 5641 
f 5272 4500 3079 
f 7549 4851 619 
f 3112 501 4290 
f 2890 4876 1145 
f 6953 7018 4674 
f 7052 6843 7049 
f 1271 10540 8633 
f 10014 6444 6914 
f 3946 4627 5794 
f 1702 8269 2891 
f 7302 7068 3398 
f 3136 3303 5546 
f 302 9525 6895 
f 5321 5344 5322 
f 5553 4425 5908 
f 8781 3852 849 
f 10301 1786 8729 
f 1764 3327 776 
f 4952 5500 4899 
f 5124 4861 5649 
f 8614 8538 8686 
f 3588 10631 10332 
f 10315 2096 6430 
f 4039 5304 5292 
f 1136 5033 8125 
f 5852 5675 2318 
f 1511 1510 7129 
f 6089 6047 6087 
f 5528 5261 6092 
f 5292 5852 4039 
f 2325 2318 5675 
f 5176 5333 5178 
f 7638 631 3008 
f 3668 8649 9922 
f 4372 8620 7726 
f 2595 9104 9461 
f 2325 5675 6092 
f 2925 373 1054 
f 4889 5438 3817 
f 8778 8704 1680 
f 758 10676 10622 
f 6383 6362 6359 
f 5181 4023 4380 
f 7920 2068 2072 
f 3064 5235 3026 
f 4246 2775 3661 
f 1687 904 53 
f 2265 7184 7118 
f 7412 4949 1860 
f 4780 8361 6821 
f 1317 1316 1392 
f 8838 6221 2495 
f 3942 3269 8746 
f 10575 10421 10546 
f 8000 9536 4410 
f 5522 5572 5044 
f 4861 5610 5632 
f 7681 8552 9576 
f 6600 1342 9179 
f 9330 2258 1161 
f 10020 1020 10628 
f 7370 9370 8768 
f 5310 6128 6153 
f 304 694 49 
f 568 567 7032 
f 2169 915 2293 
f 5266 9046 1132 
f 6516 6856 10030 
f 1270 5284 5296 
f 7542 7543 5742 
f 3762 301 355 
f 3270 3269 3942 
f 5059 2530 3274 
f 3745 5261 5396 
f 4634 7902 3906 
f 3986 5696 8616 
f 300 2637 347 
f 9512 10280 280 
f 7485 3600 185 
f 6620 7468 3610 
f 4885 6219 2358 
f 5435 1477 2698 
f 3079 4500 4651 
f 1748 1791 1707 
f 5777 223 5813 
f 4608 1172 5352 
f 4131 5888 4212 
f 1164 10304 1926 
f 9263 2432 9308 
f 10166 3620 2088 
f 6535 6435 6530 
f 6391 6381 4244 
f 1979 995 993 
f 3114 5294 9153 
f 5547 5226 5262 
f 5219 108 8101 
f 9471 315 9790 
f 5386 5418 643 
f 7226 8200 7068 
f 9037 4307 9304 
f 5219 8101 5129 
f 714 1778 839 
f 2617 6434 7641 
f 5460 5441 5478 
f 2988 1685 2627 
f 3519 3910 3911 
f 5241 1530 5307 
f 7842 6552 8649 
f 2538 6850 10580 
f 9154 8986 9043 
f 9655 8390 6045 
f 6221 8317 7751 
f 7220 7040 3950 
f 2453 2596 7737 
f 1918 2072 2068 
f 6058 6085 6101 
f 6285 67 9941 
f 3904 4061 3981 
f 4805 5528 6092 
f 2813 3037 2769 
f 4381 5319 1638 
f 5074 3249 6330 
f 10598 7144 7222 
f 3740 8748 1327 
f 8127 3811 2605 
f 6118 6128 3585 
f 8564 3242 8296 
f 4464 5996 4971 
f 6584 6534 6701 
f 18 9774 8995 
f 6001 6948 6085 
f 10657 7259 4933 
f 3581 3662 2639 
f 5381 7922 5444 
f 6989 5789 9348 
f 1490 773 9741 
f 3865 3939 4060 
f 9123 9020 9122 
f 6126 6217 10028 
f 2997 2401 3221 
f 1726 9794 1563 
f 7004 5695 6304 
f 9400 2021 5320 
f 3974 8116 10578 
f 10005 8222 6335 
f 5804 5261 5134 
f 5291 5296 5284 
f 7106 10718 8214 
f 2076 2420 2662 
f 2088 3620 923 
f 2210 2484 2507 
f 9936 10500 3113 
f 5497 8660 7202 
f 2580 1466 4734 
f 5018 3677 4185 
f 8716 3006 3811 
f 3719 5442 5480 
f 892 3162 1278 
f 3730 3727 3815 
f 5022 4386 5611 
f 7603 802 562 
f 3236 5029 7870 
f 2991 3266 8371 
f 2684 2525 2859 
f 6346 6381 3299 
f 280 1774 10166 
f 9779 6325 1597 
f 2528 2200 2527 
f 9108 5636 7325 
f 3734 2662 6434 
f 6069 293 2659 
f 2859 3060 3269 
f 8990 7227 7148 
f 2398 5381 4253 
f 4634 3257 6189 
f 5675 5852 5292 
f 3593 5956 5553 
f 2952 5844 5128 
f 7167 1125 5238 
f 601 69 70 
f 1966 2337 4123 
f 2898 2952 2882 
f 797 7441 5187 
f 2192 1849 359 
f 10218 3108 4892 
f 709 3257 5983 
f 9241 9150 9190 
f 5888 9028 2304 
f 3175 8571 96 
f 2710 6364 10686 
f 2123 1926 2214 
f 6746 9256 1770 
f 2668 140 3310 
f 1952 9013 8474 
f 4617 6693 2165 
f 1331 5230 8983 
f 1494 10115 1076 
f 9446 7834 2863 
f 9118 10570 2333 
f 7474 8839 10023 
f 6030 6090 6062 
f 5046 4994 4888 
f 4071 2688 2686 
f 10694 2330 10183 
f 5473 3282 3312 
f 2179 6476 764 
f 1226 3975 3421 
f 10173 3926 1730 
f 6865 6482 10434 
f 9828 2744 9214 
f 3299 2496 6346 
f 5307 5219 1002 
f 9213 7818 2512 
f 8946 9070 3669 
f 5592 9712 5608 
f 6028 2829 9654 
f 8500 10033 1318 
f 8460 8391 8513 
f 449 7825 1873 
f 7228 2623 2715 
f 3695 783 130 
f 3055 3011 3101 
f 7535 3962 5755 
f 3690 1993 2786 
f 9912 6632 10643 
f 4404 1471 4083 
f 7060 8369 449 
f 2385 2207 2464 
f 9967 3426 3497 
f 6831 7975 2569 
f 5854 10070 3705 
f 9193 3322 2725 
f 9623 9653 9692 
f 4269 4179 4222 
f 8400 9955 8556 
f 2913 8478 4850 
f 2653 5431 2293 
f 9757 5228 1418 
f 6326 5399 7536 
f 1660 2513 5530 
f 7184 7048 7117 
f 5331 6688 5202 
f 1995 2808 9299 
f 625 3336 3275 
f 4324 2055 5162 
f 6582 6197 4018 
f 4498 3187 10660 
f 9867 10015 3000 
f 9936 6840 6535 
f 4859 3826 8840 
f 2944 4814 7562 
f 5346 5345 5386 
f 3942 3620 1774 
f 2459 306 7339 
f 10642 1873 7742 
f 3361 3360 6165 
f 2088 923 49 
f 3346 3152 7325 
f 9620 7252 10690 
f 6453 6250 6902 
f 6453 1530 5241 
f 5685 10696 10703 
f 9620 10690 9536 
f 3138 3140 2953 
f 415 3764 781 
f 304 49 3934 
f 923 7252 7974 
f 8399 8294 8524 
f 7617 3776 1378 
f 1698 5841 3195 
f 8268 8132 8129 
f 2408 7281 2524 
f 2855 2851 3266 
f 1064 9741 10381 
f 4331 6361 2942 
f 2530 2528 2527 
f 10427 2664 4324 
f 4550 6454 4584 
f 4634 10280 7902 
f 7849 9450 7733 
f 6672 6325 4920 
f 3506 371 696 
f 7001 3234 7076 
f 5171 6448 5305 
f 1491 2540 2374 
f 550 5945 1986 
f 4123 2335 1966 
f 5573 4920 9779 
f 2566 3587 3578 
f 4502 4509 7661 
f 5735 5736 6275 
f 4180 1065 7823 
f 4998 5491 740 
f 9988 10649 7563 
f 559 7680 709 
f 5100 4585 4630 
f 4365 4637 4594 
f 2842 1612 1968 
f 6800 1723 2934 
f 8780 6568 3070 
f 10000 2546 10140 
f 5170 9749 2959 
f 1881 1908 7466 
f 9141 4248 9185 
f 237 6385 9137 
f 9385 7500 5791 
f 343 3718 5904 
f 6250 5389 5442 
f 4830 5863 7017 
f 2895 5246 1363 
f 10078 8378 9524 
f 3920 6040 168 
f 8008 4068 2875 
f 8750 503 5275 
f 8631 382 2733 
f 8599 6657 6121 
f 3738 2459 1551 
f 7163 3164 5341 
f 10500 9936 6535 
f 8711 8515 8659 
f 9317 9361 9318 
f 10341 3203 9015 
f 5646 4939 4897 
f 7840 4327 4367 
f 6920 6921 472 
f 4244 6381 5811 
f 7798 7891 8030 
f 1312 3109 1313 
f 1048 2701 4954 
f 8107 7457 7456 
f 9550 10219 9589 
f 5310 6153 10029 
f 5778 3221 1981 
f 4039 5852 5320 
f 10484 9550 4652 
f 9552 336 2133 
f 1053 155 258 
f 5312 4730 5035 
f 6127 6111 6150 
f 5871 6018 6665 
f 7352 3403 3113 
f 8442 6250 3719 
f 3302 5478 5503 
f 4740 9322 9990 
f 597 8489 7718 
f 1541 743 885 
f 4830 1402 5863 
f 349 9808 573 
f 5097 4781 5094 
f 9177 5425 9175 
f 10484 4494 5243 
f 6688 5398 4775 
f 1855 1969 6287 
f 303 8576 8826 
f 751 4730 5032 
f 272 9458 3923 
f 1966 4898 5058 
f 5945 550 5051 
f 4704 4746 4921 
f 3985 4921 4918 
f 6808 10001 5513 
f 5887 9830 10164 
f 706 6995 4328 
f 7832 1024 5247 
f 3459 3529 8123 
f 3165 4506 7520 
f 689 2840 8218 
f 498 816 9910 
f 8000 9620 9536 
f 8813 8566 7826 
f 1286 5936 638 
f 6470 3374 5534 
f 6716 2647 6767 
f 8446 6519 2218 
f 10366 4914 1021 
f 2757 9709 304 
f 8213 8215 8090 
f 4663 4665 4352 
f 4410 10064 6442 
f 6604 7637 7551 
f 5384 5498 3253 
f 5405 5198 9872 
f 7902 637 6809 
f 6151 8387 8391 
f 2904 5987 5554 
f 399 7762 1658 
f 6453 5389 6250 
f 1826 5900 891 
f 3502 3506 10690 
f 9036 9035 9034 
f 6702 3961 675 
f 688 4575 6252 
f 10308 881 251 
f 3751 3895 2673 
f 7294 6672 9022 
f 643 5442 5389 
f 5844 848 2562 
f 2470 890 1059 
f 7229 7149 7227 
f 2448 372 1504 
f 4608 2146 8199 
f 3604 7220 2545 
f 10044 6354 6293 
f 10572 5225 9092 
f 2539 3584 4155 
f 6955 1425 4217 
f 5658 1982 2567 
f 9336 2261 9338 
f 1913 5139 7480 
f 8498 587 7364 
f 4563 4657 4664 
f 2223 8719 8458 
f 1357 2008 1545 
f 6436 2739 1648 
f 8798 4722 9575 
f 8588 8829 3987 
f 8749 8870 3008 
f 6185 6435 6535 
f 361 4000 366 
f 552 3088 5265 
f 9100 9871 9875 
f 5441 5416 6166 
f 8436 10276 6431 
f 7164 2936 1421 
f 2630 2631 6264 
f 3618 4403 10556 
f 2006 2320 5512 
f 8248 5796 9500 
f 2360 2590 1616 
f 1021 4914 3494 
f 8027 8129 2226 
f 10556 6333 10245 
f 7757 8899 7647 
f 9951 9915 7707 
f 5032 6382 5031 
f 5687 5296 5291 
f 8639 6063 532 
f 6153 6150 10029 
f 3700 2414 7037 
f 2660 4690 5087 
f 7867 9908 7446 
f 2030 8312 811 
f 408 9552 2723 
f 9329 9044 8495 
f 8388 3239 7810 
f 3154 3346 7325 
f 7524 6163 1530 
f 729 1001 2840 
f 9185 9181 9276 
f 8631 10424 4015 
f 8024 7790 7788 
f 6930 9699 6932 
f 4675 155 1053 
f 5405 5437 3406 
f 10181 10027 10258 
f 8823 8589 6940 
f 2320 5498 5512 
f 5030 3998 5257 
f 1120 9497 4925 
f 111 2503 10101 
f 3802 3709 1653 
f 6023 6001 6085 
f 10542 5773 8641 
f 10548 9815 2242 
f 3527 8281 3722 
f 7393 5972 4157 
f 3629 1680 8920 
f 5383 1524 5418 
f 1844 844 4642 
f 5441 6166 5503 
f 3644 4706 2876 
f 1878 10618 7567 
f 5003 5020 5551 
f 5528 5204 5261 
f 49 923 7974 
f 5260 5692 4778 
f 9949 10219 5253 
f 8134 8268 8219 
f 9310 9609 7961 
f 2140 10020 9576 
f 9331 9334 7976 
f 5090 5094 751 
f 1597 9709 4949 
f 10628 1171 1768 
f 8024 8128 7793 
f 1380 1341 1450 
f 8264 9319 8552 
f 7976 4094 1815 
f 6301 2214 1926 
f 9512 280 10166 
f 997 2113 10435 
f 2695 2713 8153 
f 5257 5356 5030 
f 7902 9512 637 
f 6628 8141 2494 
f 820 2882 7786 
f 10342 7256 7379 
f 3478 7010 8842 
f 1932 9329 10697 
f 7611 9359 2020 
f 3136 7863 9108 
f 196 8615 6473 
f 6611 8386 7759 
f 4610 579 2077 
f 5461 6499 5872 
f 8738 10475 7276 
f 5625 2665 5656 
f 5058 4898 5060 
f 9779 4920 6325 
f 9026 8911 9020 
f 7909 7716 7908 
f 5623 5624 3777 
f 1172 4608 58 
f 7972 8091 8134 
f 4724 7059 1981 
f 2378 9489 2540 
f 4841 8869 7342 
f 7779 7682 7584 
f 359 356 5708 
f 1747 1179 1746 
f 7752 9302 6252 
f 9864 9863 10087 
f 3911 9781 2152 
f 838 9987 7859 
f 643 5346 5386 
f 5093 2953 3140 
f 7339 6423 2582 
f 6043 5402 7732 
f 1664 5786 483 
f 1981 6743 5778 
f 5553 8278 3524 
f 2391 5284 1270 
f 2699 7274 7485 
f 5672 5124 5649 
f 6864 1828 6661 
f 6427 9783 4299 
f 6448 6207 3075 
f 7684 4864 378 
f 5563 4878 1052 
f 2336 5231 1615 
f 6127 6087 6112 
f 4849 4279 312 
f 5796 8248 9571 
f 4321 5640 9326 
f 8227 10713 4553 
f 7909 8185 8351 
f 3394 1447 5950 
f 6920 6819 7021 
f 2043 4519 8802 
f 5884 10716 6691 
f 4093 6364 2710 
f 2431 8126 2604 
f 6327 4008 9943 
f 4811 1301 2900 
f 8434 10309 3117 
f 7965 7972 7900 
f 6478 7633 6418 
f 8492 5513 4944 
f 1105 8630 6712 
f 7418 7255 7335 
f 2091 2166 3572 
f 3491 3082 3294 
f 7776 7777 5651 
f 3912 1670 8048 
f 2461 9467 86 
f 9550 9589 5563 
f 7678 7571 7568 
f 8940 8605 4279 
f 3090 2993 3089 
f 2486 1872 8106 
f 6124 4443 6099 
f 6060 6026 6047 
f 8406 7131 3420 
f 3657 6054 7951 
f 8654 8651 8830 
f 2300 2853 2007 
f 9985 10234 3943 
f 7286 7285 7510 
f 5555 3874 5185 
f 2405 467 2416 
f 7641 5341 2443 
f 10073 10383 6559 
f 9985 5595 5280 
f 5463 5325 5096 
f 5950 1447 348 
f 8485 7669 8308 
f 10562 6617 5817 
f 8932 9018 7088 
f 993 995 9954 
f 9156 9250 9203 
f 5443 5187 7942 
f 5397 5651 7777 
f 5823 10250 3313 
f 878 9461 1095 
f 9132 5259 6946 
f 8000 4410 2547 
f 1768 1171 9839 
f 5673 5259 9132 
f 7681 10020 1768 
f 4128 816 9083 
f 9078 9555 3189 
f 3026 4607 3064 
f 10166 1774 3620 
f 6386 4446 4972 
f 1628 5210 8307 
f 4362 2306 5348 
f 5100 4551 4585 
f 2567 3253 5667 
f 3934 49 1432 
f 4673 8213 7502 
f 5556 5210 3778 
f 3751 559 7294 
f 5195 5098 7942 
f 9096 8945 8943 
f 6809 637 9709 
f 438 9013 1952 
f 7572 7335 7568 
f 3712 2045 2673 
f 6800 5658 5653 
f 1825 1416 7197 
f 8569 3548 9134 
f 3432 10252 879 
f 4768 3242 8564 
f 2917 6360 8951 
f 5718 5109 5747 
f 1913 6130 6129 
f 8034 5033 7659 
f 6235 666 4446 
f 3289 508 2749 
f 8626 10241 608 
f 5584 5563 1052 
f 870 3767 8149 
f 5243 5310 5403 
f 8931 8932 8933 
f 4155 5610 5124 
f 3747 3585 5243 
f 4910 6449 5038 
f 9430 9504 9239 
f 6836 7042 7249 
f 7893 7799 7798 
f 5117 7237 7318 
f 600 2734 1957 
f 10393 10467 10535 
f 684 1814 4592 
f 5426 5288 5568 
f 3229 5108 3468 
f 3910 3103 3911 
f 5692 1270 5296 
f 938 5095 7292 
f 2698 4713 6474 
f 6152 1287 20 
f 10220 5887 682 
f 7777 7776 7674 
f 5258 9104 7935 
f 10487 7528 4906 
f 5692 4877 1270 
f 4378 3076 1513 
f 309 3021 10399 
f 9109 2574 5874 
f 5037 4781 5097 
f 1863 2567 1982 
f 3435 5187 7441 
f 6257 6280 6328 
f 449 890 7060 
f 4925 1844 1420 
f 5072 1947 797 
f 5630 1027 6916 
f 3932 7625 7845 
f 8396 2154 6618 
f 2341 3986 8616 
f 8671 6294 2287 
f 3740 5126 4022 
f 9377 666 6235 
f 304 3934 2757 
f 7555 6646 6927 
f 1885 171 10327 
f 3153 3151 2104 
f 3895 4087 2917 
f 6133 9327 8318 
f 10660 4003 10662 
f 10008 9937 9435 
f 5282 10572 2641 
f 8332 3783 8902 
f 5153 1151 3987 
f 4822 2906 9669 
f 7143 10344 446 
f 7999 9553 9816 
f 1749 6784 1536 
f 1128 1334 8755 
f 434 8777 3830 
f 5948 5949 7764 
f 307 4463 999 
f 2609 8154 6901 
f 264 6529 4718 
f 10602 8168 9861 
f 5113 5114 8152 
f 1636 283 2352 
f 7323 9439 6039 
f 6730 4157 4646 
f 6081 9946 473 
f 10036 2371 3878 
f 1282 669 7289 
f 6307 1372 851 
f 1904 10506 7130 
f 8640 7956 517 
f 612 570 8529 
f 2964 2930 3016 
f 2172 9006 3539 
f 4839 4836 5147 
f 7146 400 5169 
f 8963 8851 8892 
f 7252 3502 10690 
f 8503 10055 8604 
f 4148 4149 874 
f 5946 7761 6237 
f 1628 7284 6245 
f 659 3633 2547 
f 8447 7731 7739 
f 7759 7767 7670 
f 9401 2241 9199 
f 5299 5152 5150 
f 7004 8829 6733 
f 1235 7564 6898 
f 1390 7722 1220 
f 5741 5762 5724 
f 1628 8307 1422 
f 5737 5713 5709 
f 6736 9963 9441 
f 6245 659 822 
f 7933 6834 7930 
f 919 6810 1058 
f 6139 10006 6135 
f 8808 1026 8753 
f 10251 1722 6096 
f 6197 4312 8668 
f 1640 9565 9139 
f 1860 2469 1269 
f 5697 9028 3688 
f 6785 8877 7240 
f 7819 3688 1047 
f 8574 8922 8360 
f 6505 2976 2470 
f 8205 8201 5714 
f 7725 7918 4323 
f 9274 10520 3605 
f 1487 2104 8501 
f 7412 1860 5352 
f 10606 10575 10605 
f 3978 4425 5956 
f 7930 6494 9354 
f 9545 8925 8788 
f 6949 2432 6721 
f 8380 6874 6521 
f 8499 8795 9448 
f 2015 2935 10124 
f 9551 8339 9549 
f 3354 6110 7143 
f 8433 2830 8285 
f 1485 2561 6051 
f 1470 1755 5900 
f 1104 4912 2089 
f 3194 7367 7557 
f 996 1851 1658 
f 4759 2583 5053 
f 9878 1295 9879 
f 4334 6676 2745 
f 8942 8702 2615 
f 8783 4530 4506 
f 4226 9869 9851 
f 10595 1458 676 
f 2261 9336 3050 
f 6471 8276 7789 
f 6099 4629 6124 
f 1700 7810 3239 
f 10707 7665 4532 
f 5423 9498 4070 
f 10715 8858 9654 
f 6270 7989 7643 
f 7651 8565 7989 
f 9415 3551 1468 
f 9181 4248 10596 
f 7989 6270 7651 
f 10538 1865 8607 
f 2095 5787 277 
f 5501 5647 10003 
f 10426 7685 6577 
f 131 4966 4967 
f 9771 9773 9756 
f 1385 7904 562 
f 8570 6556 8915 
f 7106 8547 19 
f 2351 1824 6264 
f 990 1557 9588 
f 8441 10251 1129 
f 5040 6798 6799 
f 9250 9156 9197 
f 1079 2868 2149 
f 6097 6439 1818 
f 3673 4763 1476 
f 1233 1015 8763 
f 8176 7953 9352 
f 9796 9771 1556 
f 375 2249 1268 
f 5416 1524 5382 
f 6799 7944 1980 
f 2060 7635 2220 
f 5344 5383 5386 
f 7862 6405 9354 
f 584 9335 7317 
f 5315 3099 10672 
f 10104 7720 5113 
f 7037 10518 3626 
f 6322 9491 3343 
f 2178 592 4124 
f 7056 1027 5630 
f 7521 8792 8906 
f 10509 10421 10207 
f 4571 901 8291 
f 8717 6554 6376 
f 3015 10526 7007 
f 8837 8836 8958 
f 4439 8573 64 
f 2544 1620 7357 
f 4759 378 10620 
f 4388 4340 4385 
f 7443 8956 3913 
f 8258 10408 1388 
f 1494 7347 3916 
f 2828 2827 3029 
f 4972 2421 4974 
f 7238 7451 7809 
f 1857 3416 3227 
f 4800 4804 4801 
f 8895 1870 2118 
f 5749 5728 5720 
f 7768 7670 7767 
f 1499 1571 1533 
f 5810 5808 5847 
f 10455 10333 10451 
f 1937 2289 8698 
f 822 659 725 
f 3251 4261 6049 
f 9620 8000 3633 
f 7629 7311 7724 
f 5762 5812 5724 
f 6339 5956 3339 
f 8157 8014 6403 
f 10710 6841 5872 
f 9530 5891 8369 
f 2949 2562 5059 
f 7284 3633 659 
f 4978 4660 4659 
f 7284 1432 3633 
f 7373 7249 7478 
f 9643 3479 7262 
f 4364 413 958 
f 2160 9366 7177 
f 8679 8998 8863 
f 9366 2160 928 
f 1705 1011 1010 
f 6075 7483 6611 
f 6325 3906 1597 
f 5814 9389 8368 
f 6481 6418 9509 
f 9050 9223 8373 
f 5169 1733 5168 
f 132 4598 9075 
f 6285 5212 15 
f 6361 4331 7531 
f 8300 2049 6952 
f 9276 6133 148 
f 5352 1172 7412 
f 4399 6834 4143 
f 1172 7691 7412 
f 8769 9948 6935 
f 3907 3946 3880 
f 3186 7475 285 
f 2580 5683 2405 
f 3552 4693 4692 
f 3008 631 5669 
f 7196 5583 10472 
f 4103 3532 3951 
f 2316 9853 2399 
f 2953 5511 3138 
f 5295 10021 9940 
f 6666 6440 9201 
f 4827 4492 1078 
f 9886 8226 2481 
f 3100 2960 9661 
f 3785 2034 2933 
f 4620 3458 1493 
f 5224 10355 7020 
f 6360 4919 9797 
f 7883 7881 8068 
f 4050 3384 10084 
f 8652 3659 7452 
f 2264 2001 2003 
f 8539 8475 8362 
f 483 5786 5747 
f 4143 8365 5832 
f 4681 8857 5613 
f 10455 10451 10523 
f 2622 8205 8852 
f 10223 6390 5475 
f 1905 2552 1761 
f 10210 4395 4757 
f 5855 4371 5744 
f 4412 7654 8113 
f 5815 597 9911 
f 4444 4075 4322 
f 5432 10673 9233 
f 7211 5895 6587 
f 9743 1164 1926 
f 10214 392 3883 
f 315 9471 10502 
f 6437 9184 2707 
f 3660 310 4854 
f 27 2466 6597 
f 7446 6769 5635 
f 136 2190 9857 
f 5402 10478 1692 
f 6421 6569 6685 
f 2989 8558 824 
f 7477 9495 8430 
f 486 2869 10698 
f 1509 6073 7944 
f 2815 7693 8318 
f 6681 6405 9313 
f 6509 5574 6954 
f 4425 3978 5908 
f 10514 10513 8587 
f 5339 6513 5681 
f 8386 1126 7761 
f 6014 7312 6316 
f 5816 5772 5797 
f 776 1851 8983 
f 10640 7534 10634 
f 5883 5800 5838 
f 7926 9782 8680 
f 10098 8004 5549 
f 749 4846 767 
f 8701 9982 8772 
f 8201 2622 8018 
f 3112 1708 8663 
f 5751 5772 5816 
f 6799 9700 1750 
f 7118 7187 2265 
f 7259 10657 9017 
f 2622 7873 8018 
f 5781 5762 5741 
f 7500 9385 6152 
f 8965 7662 5479 
f 3878 10648 8264 
f 4541 4752 4917 
f 5738 5713 5737 
f 10070 4950 3831 
f 2035 1929 10545 
f 8906 8038 7852 
f 5453 6659 6950 
f 7625 7529 7621 
f 2367 2525 2527 
f 4413 2692 2686 
f 7398 2986 6323 
f 1393 1392 1419 
f 9120 1794 1554 
f 6017 4288 5780 
f 10625 5223 5341 
f 6284 6125 5997 
f 6570 8315 9311 
f 8192 425 6071 
f 1432 7974 3633 
f 3778 6245 822 
f 9319 6934 725 
f 371 3506 260 
f 9915 9946 7521 
f 822 725 6934 
f 6469 8780 83 
f 3029 3439 3030 
f 1255 1222 1292 
f 8992 8741 5947 
f 7315 6243 7233 
f 335 2155 1827 
f 2184 9544 3934 
f 2184 3934 1432 
f 5464 9544 781 
f 5210 6245 3778 
f 9605 9424 9562 
f 7105 6287 4111 
f 3751 9903 3315 
f 6549 9652 369 
f 5254 7445 9532 
f 8961 9935 8788 
f 6194 2938 6098 
f 9662 9661 5925 
f 4131 4920 5573 
f 9956 9960 10072 
f 7865 1160 2080 
f 58 8370 1172 
f 6743 19 5778 
f 6588 7758 9311 
f 6521 2542 5754 
f 10286 634 9638 
f 10093 4750 3634 
f 4131 5573 7691 
f 8370 7691 1172 
f 3688 8508 1047 
f 3291 4101 9617 
f 791 8110 6518 
f 8005 5617 7826 
f 1283 9751 6750 
f 9888 10032 9811 
f 2258 269 10146 
f 2518 3567 1664 
f 9282 9283 9241 
f 8735 9261 3704 
f 1984 5876 6143 
f 1393 1317 1392 
f 6798 7944 6799 
f 6086 7031 539 
f 8045 7906 8770 
f 1682 7757 9219 
f 8769 2435 6633 
f 5873 4375 6027 
f 9928 8299 8882 
f 1690 658 10001 
f 9402 6646 7555 
f 560 6135 10006 
f 5592 7059 9397 
f 2340 9579 8785 
f 6923 7330 6077 
f 2570 3019 196 
f 3749 1653 3675 
f 1479 10408 6056 
f 3030 10370 1398 
f 9148 5374 9301 
f 4019 3879 10482 
f 8551 10357 8456 
f 10617 8444 10643 
f 739 691 583 
f 6091 6088 4408 
f 8279 5017 5801 
f 1906 6912 2202 
f 3914 3845 3887 
f 8559 6249 8050 
f 7660 7734 672 
f 6429 9313 6307 
f 8466 8465 9633 
f 778 4373 4701 
f 7438 1509 6072 
f 2386 409 2903 
f 10620 1257 3740 
f 3831 4950 5250 
f 8192 8833 8957 
f 9454 2786 497 
f 3444 3514 3483 
f 1615 5231 7441 
f 4143 8368 9389 
f 2340 8618 9113 
f 5908 10283 5553 
f 8311 4967 4966 
f 1862 808 6452 
f 649 689 5145 
f 7488 7337 7418 
f 729 649 840 
f 666 9377 131 
f 7767 7761 7764 
f 5701 5731 9782 
f 6948 5996 6883 
f 224 8416 142 
f 1482 4050 3970 
f 8201 10235 1445 
f 1707 1795 1645 
f 2449 2976 10201 
f 5201 7670 9852 
f 10652 4468 2266 
f 695 741 817 
f 5772 5728 5797 
f 5821 5890 5916 
f 5741 5713 5738 
f 5781 5738 5807 
f 8586 8740 5605 
f 6180 3945 9938 
f 8852 10201 2092 
f 8705 8890 8703 
f 2838 1337 5122 
f 5214 5213 5322 
f 4677 190 9509 
f 5866 5847 5818 
f 10187 10186 10336 
f 2937 10675 3396 
f 7698 8083 9878 
f 9193 9718 9192 
f 1156 10138 10447 
f 7010 3478 4351 
f 5947 6196 8992 
f 4772 10179 8693 
f 414 153 5734 
f 6283 6282 9131 
f 10690 696 9536 
f 6868 9311 9515 
f 3919 5462 5308 
f 9479 7388 8162 
f 9312 10009 7672 
f 7981 9684 9378 
f 9576 371 2140 
f 2558 8021 1467 
f 2140 1625 10020 
f 10194 10143 10004 
f 9228 226 228 
f 4944 5144 8492 
f 1398 2828 3030 
f 9518 8459 8908 
f 3878 2371 10648 
f 4399 5973 4458 
f 3778 822 522 
f 8196 749 6517 
f 2184 4402 4229 
f 8084 5579 5850 
f 864 3764 1998 
f 7953 8176 6373 
f 4834 2895 7773 
f 7936 332 6784 
f 7189 499 8324 
f 2984 5099 1201 
f 4949 9709 2469 
f 8141 6628 90 
f 8991 8880 9096 
f 9496 6823 6842 
f 709 5983 6672 
f 4212 9022 4920 
f 5983 6325 6672 
f 9891 6985 988 
f 5765 6080 2891 
f 4331 2942 1047 
f 7025 7099 6962 
f 6331 2577 2557 
f 4530 1492 10499 
f 9422 9561 9424 
f 6893 5468 5467 
f 2874 1126 8650 
f 5533 9866 6528 
f 8497 2106 3222 
f 275 231 361 
f 8923 887 5744 
f 9818 9819 7822 
f 1956 227 10167 
f 3879 6779 4208 
f 7970 2364 5777 
f 6478 10348 5453 
f 6657 7570 6544 
f 4087 3895 7294 
f 8397 8259 10276 
f 5695 7855 9072 
f 8981 4434 8980 
f 4908 3677 10199 
f 5080 4266 6324 
f 2312 1348 2579 
f 9186 3793 9314 
f 1100 5927 5924 
f 3357 3280 3337 
f 639 6239 2874 
f 252 6143 9717 
f 6873 6689 6513 
f 8758 9452 6758 
f 6741 8650 1126 
f 5749 5720 1040 
f 1488 8645 4986 
f 4091 8326 1056 
f 9496 10035 9261 
f 10094 10172 10178 
f 4405 2688 4587 
f 8485 8480 8628 
f 1497 6605 282 
f 5972 8743 9706 
f 7385 7387 7138 
f 10255 10451 10333 
f 5801 969 8341 
f 5487 4585 4987 
f 8053 8365 9389 
f 8320 9358 8314 
f 325 995 4982 
f 10627 10657 4933 
f 1476 1246 8603 
f 10309 8434 8448 
f 2647 6716 1578 
f 4989 1624 4884 
f 2874 8650 639 
f 4776 9938 7199 
f 4590 1032 10228 
f 8329 5596 8562 
f 9927 2753 6957 
f 9389 8325 7671 
f 10447 9016 1156 
f 7861 8053 8877 
f 6903 4445 4889 
f 9809 5720 5700 
f 4966 131 6941 
f 9377 5976 5953 
f 7750 9474 7656 
f 5706 5703 5752 
f 9328 6916 4021 
f 2640 10709 2641 
f 8046 6947 1138 
f 8911 9026 8348 
f 4388 4433 4435 
f 5866 5864 5959 
f 7422 4003 1573 
f 5807 5738 5753 
f 5803 5752 5779 
f 5866 5960 5890 
f 1385 9277 1724 
f 9383 3400 4484 
f 5413 4690 3354 
f 10704 3591 2452 
f 9710 9721 9736 
f 5890 5821 5847 
f 8566 8813 119 
f 4823 860 7825 
f 2531 2723 1701 
f 7105 7253 5489 
f 7161 27 1203 
f 1739 424 1918 
f 10596 2020 9359 
f 8637 8762 8638 
f 7652 7838 4749 
f 6254 6275 5736 
f 9601 3141 1174 
f 8240 8327 5596 
f 8660 5497 5759 
f 3883 392 6042 
f 4903 4446 666 
f 4639 10267 2903 
f 1308 9753 9682 
f 706 707 1564 
f 332 5681 6784 
f 4821 4662 4512 
f 7836 10271 7038 
f 7820 6447 3704 
f 9539 6583 9459 
f 8640 1055 5004 
f 1225 8552 9765 
f 3798 266 353 
f 9319 6442 9765 
f 10260 2969 1198 
f 5813 6488 7970 
f 994 8005 8566 
f 7491 7580 7424 
f 10023 8946 3669 
f 164 522 6934 
f 9428 2600 2573 
f 8019 10302 682 
f 8270 2513 1660 
f 6271 6551 5985 
f 9728 9864 9792 
f 842 2704 4097 
f 2187 7669 8485 
f 10602 450 9495 
f 2469 5464 1269 
f 709 7680 7786 
f 10060 2084 486 
f 7199 9938 4874 
f 8226 6842 6823 
f 8679 9325 9907 
f 900 956 4335 
f 10074 8377 8133 
f 3915 4331 5036 
f 10030 7868 6516 
f 2894 3048 1029 
f 527 6148 3285 
f 7689 9739 5578 
f 1597 3906 6809 
f 6583 7738 8428 
f 6501 6471 6892 
f 10646 8381 6349 
f 2967 2965 8712 
f 9301 10524 6993 
f 9313 6405 6307 
f 9290 8747 8770 
f 7220 3604 2045 
f 4919 1184 119 
f 2721 130 402 
f 6583 8430 9459 
f 10357 5759 8456 
f 4395 887 4757 
f 1728 7026 4757 
f 1389 1315 1637 
f 8524 8596 8722 
f 2820 2781 2746 
f 2297 2137 2136 
f 8333 9001 9836 
f 6326 4841 7342 
f 7774 7677 7581 
f 575 8250 621 
f 8168 7398 9861 
f 633 4477 7366 
f 2800 9298 5436 
f 6772 5924 5652 
f 2137 2613 1441 
f 5862 4280 1875 
f 9008 1897 6365 
f 2512 1513 3076 
f 8425 1984 8426 
f 8378 6587 9524 
f 5014 7309 553 
f 6779 3880 5114 
f 6496 6852 9002 
f 2492 7050 571 
f 6554 1119 3594 
f 8675 8463 4220 
f 8710 2266 292 
f 10297 1769 10299 
f 8893 621 10558 
f 5776 5423 4070 
f 6098 8262 7812 
f 10235 8201 8018 
f 10680 7634 10319 
f 1362 10002 897 
f 7429 5717 489 
f 1910 7129 10516 
f 6632 1135 4638 
f 1540 964 5421 
f 3972 1839 7673 
f 9462 7334 8786 
f 4581 479 6452 
f 4499 836 8302 
f 205 10359 208 
f 9657 2427 460 
f 5701 7926 5700 
f 5937 1606 9126 
f 1903 9326 4779 
f 5728 5772 5751 
f 2654 4233 3187 
f 5749 2760 6941 
f 4024 3990 3989 
f 551 9696 5713 
f 6542 1954 1870 
f 9188 6786 3110 
f 5810 5762 5808 
f 5959 5958 6006 
f 7979 8032 9464 
f 10223 3345 1612 
f 4050 4716 3970 
f 10699 3176 2801 
f 9464 9465 8231 
f 7964 8093 2672 
f 5812 5821 5891 
f 5103 6739 6076 
f 3231 3058 9406 
f 8771 8646 8644 
f 10153 10509 10284 
f 2731 7946 764 
f 1322 10100 4119 
f 6803 6859 97 
f 10021 4787 9940 
f 4344 6637 3832 
f 1641 4027 10160 
f 1930 2643 5379 
f 10299 1478 10297 
f 7453 8087 10367 
f 9946 9951 2966 
f 4450 8988 9376 
f 7338 1374 9580 
f 58 4602 9124 
f 3879 4019 3907 
f 9657 5236 1127 
f 274 3891 8694 
f 8905 6851 8903 
f 2282 10490 22 
f 6655 7868 6590 
f 6765 10593 8802 
f 7963 7893 8031 
f 2517 6545 43 
f 6692 7860 2371 
f 10033 6300 5849 
f 3581 3622 3662 
f 4019 6826 4627 
f 6439 3184 9058 
f 5099 987 1201 
f 8552 9319 9765 
f 6394 8531 8122 
f 2077 10390 4534 
f 2358 6219 6003 
f 3868 5050 10339 
f 1171 10628 1222 
f 307 5209 2311 
f 9399 3378 6221 
f 7191 6990 7126 
f 9425 7139 4577 
f 1206 1137 4415 
f 574 8093 9087 
f 2146 10508 5506 
f 2414 414 7037 
f 6697 6498 6709 
f 3070 6568 7308 
f 4867 3778 522 
f 822 6934 522 
f 864 1998 214 
f 7284 659 6245 
f 2907 2905 3084 
f 4602 5036 8508 
f 10520 265 3605 
f 3580 3475 3431 
f 8084 6131 1356 
f 8903 6851 6588 
f 2439 5036 4602 
f 408 2723 1028 
f 8642 6297 4364 
f 9425 7754 2541 
f 467 2824 305 
f 3149 5697 3688 
f 5708 9169 7328 
f 2411 8985 600 
f 7969 42 9221 
f 2544 7357 2901 
f 9880 6732 6734 
f 2673 2045 9903 
f 2084 10060 6374 
f 10322 5666 9571 
f 5657 9494 8170 
f 7826 5617 6178 
f 106 10361 8577 
f 7744 8086 9816 
f 9001 5028 5027 
f 1337 5336 5122 
f 7727 602 7523 
f 857 6324 8289 
f 3909 8884 2063 
f 10034 8681 5518 
f 3973 4309 8382 
f 2030 811 6025 
f 8327 8240 8067 
f 2527 2200 2367 
f 8760 6367 9816 
f 1185 5028 4450 
f 5784 9398 9065 
f 1481 1899 5518 
f 9004 8964 8963 
f 439 780 1611 
f 830 1042 7719 
f 7267 9267 8965 
f 7707 8907 8915 
f 7968 2209 2633 
f 8136 1703 8138 
f 8227 1559 9469 
f 8001 8149 8481 
f 8436 9413 6139 
f 2063 10589 7547 
f 261 902 3369 
f 4837 9448 8794 
f 3372 3344 3370 
f 331 9615 366 
f 1407 2154 2309 
f 7702 5508 8843 
f 392 10214 390 
f 9449 9351 9452 
f 1806 3809 5440 
f 10091 2591 1475 
f 6084 1325 6758 
f 6484 5814 7905 
f 9259 8801 8803 
f 1579 10623 247 
f 3817 2329 4889 
f 2574 6577 5874 
f 2760 5749 1040 
f 3543 9498 6363 
f 7981 6576 9684 
f 5709 5752 5737 
f 4044 3490 3680 
f 9696 551 1445 
f 2797 5626 973 
f 8962 6684 10097 
f 10694 487 2233 
f 5958 5903 5935 
f 1485 3923 2561 
f 5781 5818 5808 
f 1062 8394 3992 
f 5847 5808 5818 
f 1575 9794 1574 
f 5915 5961 5916 
f 3706 4784 96 
f 8497 757 2106 
f 6630 6344 9597 
f 7364 1017 8498 
f 7789 8276 3366 
f 8947 8880 8991 
f 4815 6057 8946 
f 6114 4739 5400 
f 2706 8882 4158 
f 6839 6816 7763 
f 10038 10162 10105 
f 2563 2274 2303 
f 4714 6956 657 
f 6724 8903 6868 
f 4866 5450 5446 
f 6211 9491 7939 
f 1645 1603 1707 
f 4479 4377 4419 
f 8080 6571 8082 
f 1618 565 9914 
f 8996 9820 9819 
f 9402 6858 6935 
f 2557 3951 2558 
f 6298 6849 6812 
f 10223 8352 6390 
f 6164 6160 9519 
f 6689 6291 6798 
f 4780 8200 6391 
f 5182 5183 7193 
f 2520 2569 7975 
f 8221 4775 5398 
f 3348 3221 5778 
f 3423 118 10562 
f 4990 10169 6103 
f 2502 2171 2670 
f 9113 8609 883 
f 7612 2435 2542 
f 6452 10537 1862 
f 2556 9751 1283 
f 8264 8969 7956 
f 585 1023 705 
f 1222 1216 1253 
f 1787 3684 6297 
f 8277 7975 3654 
f 8593 8520 8553 
f 7139 83 6115 
f 6859 6860 8428 
f 6492 7550 824 
f 7910 5945 1476 
f 10558 572 616 
f 5082 5968 7378 
f 2313 9226 9122 
f 7177 9366 4127 
f 4938 4646 4157 
f 6265 5495 5602 
f 164 2371 7860 
f 608 6188 8626 
f 8543 7864 2243 
f 9249 9440 9133 
f 5936 2500 4449 
f 10371 3430 3397 
f 9544 2184 4229 
f 10241 8727 4948 
f 10458 6022 3758 
f 4332 10565 6161 
f 7369 985 7210 
f 9883 9884 5998 
f 891 2046 5538 
f 8047 9379 6451 
f 559 3751 3315 
f 9942 464 528 
f 7198 7295 7296 
f 6271 5985 5984 
f 2146 103 10508 
f 7392 6413 7081 
f 8474 5716 8005 
f 4724 2401 3593 
f 8642 3609 267 
f 6836 6731 6729 
f 5856 7332 10436 
f 8739 5434 5150 
f 9553 8961 9816 
f 7743 8288 526 
f 9022 6672 4920 
f 1484 8358 9772 
f 7148 823 8990 
f 4429 4454 1739 
f 6625 2650 7295 
f 10062 3400 9383 
f 204 9095 231 
f 2872 9720 2071 
f 8201 551 5714 
f 3583 2010 6919 
f 10468 242 3132 
f 4627 6826 5794 
f 1563 2127 3646 
f 2117 3458 10637 
f 6554 8452 1119 
f 7053 9388 5664 
f 3955 5271 4996 
f 6674 2862 1818 
f 9291 7933 9354 
f 10405 667 2566 
f 1120 23 4913 
f 3025 10526 2009 
f 254 10248 8971 
f 5301 4927 4903 
f 5713 5741 551 
f 10640 10634 710 
f 8798 3381 6647 
f 9163 8873 2760 
f 5834 5837 5797 
f 10433 125 1040 
f 10503 10473 10540 
f 1401 10318 10316 
f 9605 4606 9481 
f 10655 10079 10078 
f 10121 6940 2132 
f 5895 5897 5894 
f 4616 4624 8684 
f 5960 5866 5959 
f 6597 686 206 
f 5960 5959 6007 
f 2069 2556 1283 
f 5890 5847 5866 
f 7450 7683 7449 
f 1733 400 8934 
f 5891 5821 5916 
f 5630 6916 9328 
f 2580 2556 972 
f 7119 7213 4749 
f 657 6956 662 
f 5190 8269 2608 
f 9619 10227 1698 
f 3384 292 10084 
f 5907 10501 5326 
f 8776 6821 10401 
f 2882 1491 2898 
f 6483 4942 10306 
f 6503 6714 9462 
f 314 10574 3741 
f 4484 3400 1132 
f 2412 3549 2631 
f 4484 10684 416 
f 886 774 5618 
f 7990 8255 8177 
f 4952 4899 3380 
f 3068 2075 6833 
f 6588 6851 7758 
f 7713 8367 8276 
f 6868 6726 6724 
f 7859 2644 367 
f 1932 9042 9329 
f 2752 352 6109 
f 7623 7624 7421 
f 1320 8232 9267 
f 9539 6724 6726 
f 9542 7599 6590 
f 7931 1865 10538 
f 8978 8930 9084 
f 1260 150 4650 
f 6611 7483 8383 
f 10231 5085 5129 
f 5027 5028 3947 
f 8747 4516 8759 
f 7193 5178 397 
f 6044 2104 3281 
f 7145 7147 6939 
f 10670 8175 7586 
f 7939 6322 8372 
f 5719 9890 9889 
f 8664 7314 8398 
f 4845 2588 2614 
f 9485 8618 1019 
f 9357 9879 6612 
f 9519 9468 9220 
f 1491 2882 820 
f 2311 8237 3021 
f 1365 5369 925 
f 2706 8407 2732 
f 4448 9680 1425 
f 709 7294 559 
f 7352 3113 7395 
f 5758 9538 1006 
f 3368 3940 2912 
f 3906 5983 3257 
f 10259 3140 469 
f 9055 3053 314 
f 7807 171 6145 
f 5716 2433 5617 
f 7371 8966 7198 
f 2547 725 659 
f 8295 1179 8385 
f 3770 2601 7124 
f 9879 1295 6612 
f 8442 6902 6250 
f 6896 7830 10131 
f 3312 4617 5473 
f 7064 8450 5167 
f 1780 5514 8496 
f 3972 7673 7861 
f 9761 6949 7391 
f 7240 6075 6785 
f 8642 267 6297 
f 9162 9051 9099 
f 9037 8776 4307 
f 8509 6451 8122 
f 6848 3788 2136 
f 9519 6298 6164 
f 4569 6260 4680 
f 6935 6858 8769 
f 10677 10466 7753 
f 4364 6361 7531 
f 1102 10113 894 
f 10312 10311 6709 
f 6807 4081 7212 
f 3915 8642 7531 
f 1466 3875 560 
f 3096 3305 8483 
f 657 9456 4714 
f 8483 8951 6360 
f 10066 6171 2053 
f 1583 1661 4623 
f 862 948 1037 
f 6927 8315 6624 
f 5018 4185 2689 
f 5709 9696 7979 
f 7197 1416 8307 
f 9603 4256 3634 
f 10317 10083 10238 
f 5714 551 5724 
f 1839 8157 7743 
f 4475 1772 1846 
f 3955 440 1369 
f 2606 1943 2471 
f 5052 1132 3400 
f 5395 7718 10319 
f 10433 1040 9809 
f 5652 2365 6772 
f 4585 5541 4987 
f 9809 1040 5720 
f 5880 5858 5877 
f 5652 5927 6212 
f 1680 7239 8778 
f 10113 6178 5617 
f 3315 7357 7833 
f 5713 9696 5709 
f 5779 5800 5803 
f 7979 9696 8032 
f 4947 5769 10715 
f 5816 5797 5858 
f 7309 4733 6864 
f 6147 1176 4082 
f 815 691 763 
f 10578 8116 8115 
f 6026 5982 6007 
f 7600 920 905 
f 6707 4140 282 
f 9119 5589 6102 
f 3262 10434 4514 
f 6532 286 9594 
f 186 5770 832 
f 5915 5890 5960 
f 5981 5980 6024 
f 1499 1427 10016 
f 8392 8461 2987 
f 3028 2827 3024 
f 6581 10309 9293 
f 5903 5883 5935 
f 3354 7143 2100 
f 3383 1743 9658 
f 5938 5891 5916 
f 7058 8369 5891 
f 7060 890 2470 
f 1408 4390 451 
f 5972 5469 4457 
f 719 1886 10254 
f 1073 5627 2323 
f 2092 1221 1539 
f 8029 942 2761 
f 1314 3109 5907 
f 8641 6558 10542 
f 1586 1344 1335 
f 6848 1976 3404 
f 8801 9259 9065 
f 10117 4305 4300 
f 1089 1451 669 
f 3437 3401 4145 
f 3420 5254 9532 
f 9372 6790 1793 
f 6300 9135 3814 
f 6765 4519 292 
f 4654 10219 9550 
f 6910 4292 4833 
f 7493 7580 7686 
f 2933 2034 3102 
f 9230 7586 3830 
f 3830 7586 2586 
f 2451 5618 774 
f 3212 2460 2729 
f 9928 5106 8181 
f 7344 8902 8421 
f 2551 3763 4154 
f 4428 4422 4479 
f 2556 2069 972 
f 1589 6508 7393 
f 7761 2874 6237 
f 3430 3431 3397 
f 9943 4008 6504 
f 9453 567 3953 
f 668 9172 8211 
f 7551 6719 6744 
f 6216 6344 6486 
f 9403 6816 6607 
f 3645 6110 1235 
f 2234 4691 1182 
f 5885 1343 3052 
f 9313 6429 6394 
f 5366 1478 3705 
f 1438 1297 5372 
f 7956 8640 8264 
f 9372 4894 6226 
f 1356 6422 5197 
f 2981 2776 3181 
f 6058 6023 6085 
f 2294 1278 1702 
f 214 4127 864 
f 7472 2468 2142 
f 7553 7006 5856 
f 9448 7628 8499 
f 8496 9854 1780 
f 6904 7081 6272 
f 7851 8194 7899 
f 667 2298 2566 
f 1171 1255 1178 
f 2146 4147 103 
f 9483 9373 9321 
f 7704 6534 6684 
f 3764 864 8696 
f 7770 8503 8504 
f 3833 8696 4127 
f 2936 7164 2497 
f 7564 3659 4819 
f 1439 6679 9960 
f 10624 9772 4325 
f 3594 830 7719 
f 3609 2439 5506 
f 9094 9196 9096 
f 5148 8435 4448 
f 9946 2966 5006 
f 420 2294 1702 
f 3519 2081 9848 
f 1416 415 1422 
f 6046 6024 6111 
f 3546 724 714 
f 5753 5738 5737 
f 5903 5958 5861 
f 6505 7722 10201 
f 908 2807 7289 
f 6339 653 8373 
f 5352 1269 4147 
f 3142 9841 5648 
f 1724 9360 8004 
f 8102 6174 2679 
f 3432 8523 3665 
f 3162 892 7742 
f 5271 5515 3142 
f 2663 2407 9530 
f 10642 449 1873 
f 1708 8269 7938 
f 10209 9166 6881 
f 5862 1875 5942 
f 1424 6105 1333 
f 94 7067 5970 
f 2394 7852 6241 
f 3676 9663 1181 
f 1481 5519 1899 
f 7372 5049 1984 
f 9402 6616 6646 
f 3963 6293 2315 
f 6892 6572 8905 
f 8154 6823 8323 
f 5046 4888 5048 
f 3096 894 3305 
f 8749 4531 8870 
f 6749 6656 6607 
f 10335 10256 10333 
f 9529 6769 6793 
f 3137 8666 8665 
f 9251 4316 807 
f 8204 8202 7116 
f 9357 7698 9879 
f 8378 10078 1642 
f 7930 4399 4458 
f 7820 8919 9437 
f 7090 7843 4459 
f 8294 8354 8524 
f 7927 6697 8071 
f 6458 4708 6518 
f 6816 6804 7763 
f 5316 4514 1601 
f 10051 9648 9666 
f 9300 3949 288 
f 8384 676 10453 
f 1199 3892 10351 
f 5501 10089 236 
f 8654 8581 8651 
f 3999 3440 3807 
f 7561 4290 5765 
f 9195 4642 8864 
f 6657 6544 6450 
f 4822 10285 1130 
f 8089 7793 8209 
f 6036 7333 5618 
f 5416 6530 6435 
f 4287 5802 4418 
f 6709 10311 8071 
f 2007 2853 6908 
f 5057 6151 8391 
f 5848 5434 5433 
f 231 9095 273 
f 2442 2223 240 
f 6306 1944 6531 
f 748 954 916 
f 3720 2931 700 
f 8810 8872 8972 
f 6925 8919 6503 
f 5963 5921 5898 
f 175 202 180 
f 477 10587 7636 
f 607 6846 1146 
f 8530 8597 8598 
f 7269 3036 5674 
f 8795 5947 8794 
f 9039 7090 3685 
f 9743 914 1815 
f 1681 51 2368 
f 6739 1335 6737 
f 9951 6371 2809 
f 1412 1352 1351 
f 3165 4728 5576 
f 1513 1223 1059 
f 9625 685 7015 
f 5071 7120 4375 
f 4208 3783 4275 
f 2643 9423 3073 
f 8906 7852 2394 
f 7380 7379 7584 
f 10168 9532 7445 
f 7206 9395 6084 
f 5654 5369 1365 
f 5370 3729 2577 
f 9721 9670 9668 
f 2011 9844 2052 
f 9460 6834 7933 
f 7998 10523 10451 
f 8868 7812 8262 
f 678 8883 5457 
f 5929 5857 5957 
f 10079 1643 1642 
f 5880 5877 5929 
f 131 9377 5834 
f 10511 3137 10298 
f 5930 5880 5929 
f 2912 2720 3350 
f 9647 10627 10656 
f 5981 5935 5980 
f 8199 58 4608 
f 8877 9464 6782 
f 7311 7104 8780 
f 5883 5880 5930 
f 1780 9854 2568 
f 7043 7171 7111 
f 5042 10339 5830 
f 2469 1860 4949 
f 1888 4631 4798 
f 7910 364 1986 
f 5982 5960 6007 
f 5979 1639 5390 
f 1046 1429 9702 
f 7754 9425 4577 
f 9530 2407 5812 
f 6893 8310 9805 
f 5464 2469 2757 
f 5891 9530 5812 
f 1221 2092 1390 
f 3906 7902 6809 
f 8039 2943 2759 
f 486 10321 2869 
f 91 10192 124 
f 3915 2439 3609 
f 1490 9741 1064 
f 7327 6291 6873 
f 2802 5775 793 
f 3205 7542 1208 
f 10642 890 449 
f 8382 4209 3973 
f 5941 5963 5898 
f 4331 1047 5036 
f 6095 9847 1180 
f 4229 1422 415 
f 5962 5961 6031 
f 4290 501 5780 
f 5631 5771 9455 
f 10364 779 10510 
f 1376 2102 438 
f 236 5647 5501 
f 5716 5617 8005 
f 5945 5944 3673 
f 10399 5540 5539 
f 3766 7859 8481 
f 4908 5577 3677 
f 7746 7744 7763 
f 1795 1712 1645 
f 5636 9476 5635 
f 2003 6718 3717 
f 103 781 3764 
f 3654 4309 8277 
f 8922 9901 8921 
f 7306 5493 3702 
f 1899 5519 3433 
f 654 9547 727 
f 2533 5394 9195 
f 1691 2062 6563 
f 7376 7579 7581 
f 6373 9437 8919 
f 3969 10055 6794 
f 4417 9700 9699 
f 10003 5647 4515 
f 1821 1075 505 
f 7668 7658 7664 
f 6037 6070 6093 
f 9751 2416 8253 
f 4884 7530 5577 
f 3988 9980 7689 
f 10457 8204 3974 
f 10368 7995 4016 
f 9458 4859 7946 
f 10666 10605 10705 
f 8259 6431 10276 
f 7032 567 6929 
f 8483 9797 3096 
f 2354 390 10214 
f 5016 4788 5015 
f 7562 4814 2548 
f 9408 2476 8322 
f 8208 8207 4284 
f 6205 6441 3172 
f 1507 2416 467 
f 2954 2917 4087 
f 255 496 262 
f 10326 2569 10131 
f 5809 3018 705 
f 3422 1098 9398 
f 2192 2492 4047 
f 4108 5615 6615 
f 9151 3190 8775 
f 6626 10128 8376 
f 10285 3434 635 
f 6345 7257 6371 
f 2667 4943 1923 
f 5422 1285 2039 
f 1693 2815 8314 
f 10510 10363 5154 
f 4946 9361 9559 
f 940 2779 9055 
f 6517 459 3499 
f 1258 9216 9417 
f 2447 8989 1751 
f 5492 10564 5055 
f 5700 5720 5701 
f 8902 3783 5875 
f 3853 8558 2989 
f 7439 5413 581 
f 9472 9527 9421 
f 7103 416 6149 
f 7411 9546 10301 
f 8630 5395 7634 
f 5456 7539 3927 
f 9493 2262 1743 
f 5362 2082 867 
f 9862 9726 9860 
f 6239 1440 6237 
f 6337 9894 7957 
f 10471 8379 5145 
f 1995 1449 3150 
f 8993 1470 5900 
f 9661 8151 8057 
f 4630 5098 5195 
f 10000 866 10567 
f 5929 5877 5857 
f 5935 5883 5930 
f 1458 10595 5851 
f 3239 3700 5295 
f 5935 5930 5980 
f 8143 8857 9510 
f 10395 2697 1606 
f 6076 2263 6994 
f 2407 5724 5812 
f 4738 2624 6292 
f 6192 8243 8239 
f 2923 1796 7246 
f 6030 5986 6029 
f 9859 6994 8161 
f 2547 6442 725 
f 7978 1899 3433 
f 1787 3833 4127 
f 9706 5469 5972 
f 9873 4604 860 
f 7330 6923 7938 
f 7508 7701 385 
f 4383 8601 1633 
f 6095 1180 3160 
f 6424 6687 10498 
f 164 7860 4867 
f 8186 6095 3160 
f 8307 5210 5556 
f 4108 4815 8946 
f 9497 8357 1506 
f 10122 8542 2910 
f 5042 7351 4421 
f 10584 1313 1314 
f 1998 1825 214 
f 49 7974 1432 
f 3950 2545 7220 
f 7391 6949 6721 
f 8696 103 3764 
f 7936 7925 332 
f 3571 3649 3574 
f 7691 5573 7412 
f 3688 9028 8508 
f 5995 199 5702 
f 3149 1029 5697 
f 103 5464 781 
f 1105 368 8069 
f 9679 10612 3296 
f 8199 5506 2439 
f 638 6154 9825 
f 7206 6084 9535 
f 267 3609 10508 
f 7683 7450 3326 
f 6753 9399 6433 
f 7707 6371 9951 
f 214 7177 4127 
f 8744 7344 6417 
f 7434 7589 7435 
f 36 39 2453 
f 4013 1237 344 
f 2405 2556 2580 
f 8 3873 5886 
f 6178 8813 7826 
f 3380 4824 6247 
f 4948 8956 10241 
f 9211 2795 9164 
f 5147 5434 4839 
f 8217 8470 8404 
f 1397 4645 8393 
f 6729 6486 6630 
f 9733 654 1415 
f 6615 5615 10311 
f 7256 7147 7376 
f 9456 8517 4714 
f 10254 105 9310 
f 9025 2986 744 
f 1119 6429 3594 
f 10431 10360 10282 
f 10559 3577 1552 
f 7331 221 281 
f 3615 4909 1829 
f 3830 1296 434 
f 2773 5228 9757 
f 6058 6126 6111 
f 7101 3365 2133 
f 10652 8710 2842 
f 6086 2486 2295 
f 8224 7481 10553 
f 8278 10283 727 
f 9952 9887 8051 
f 562 980 1385 
f 893 2134 191 
f 6566 6485 7397 
f 9323 9210 8358 
f 302 8396 2620 
f 5321 5322 5302 
f 8802 4519 6765 
f 9549 8339 8745 
f 5728 5751 5731 
f 629 9195 6514 
f 10236 4793 1845 
f 1155 5432 7740 
f 3191 3188 1602 
f 1674 8462 8466 
f 8366 8989 2447 
f 2495 6911 8838 
f 9238 9602 9430 
f 8528 8673 8527 
f 6665 2646 2299 
f 4375 7120 4213 
f 6241 1440 1325 
f 8020 6803 97 
f 9302 6036 6252 
f 4532 7310 6762 
f 7644 740 5491 
f 571 9213 2492 
f 493 6402 5785 
f 5930 5929 5978 
f 703 6062 6090 
f 5741 5738 5781 
f 1555 8405 9783 
f 3500 6639 4401 
f 5980 5930 5978 
f 4493 7414 7616 
f 3884 5874 7685 
f 5903 5861 5883 
f 3567 5529 5786 
f 6312 1610 7119 
f 5916 5890 5915 
f 5807 5818 5781 
f 1937 390 2354 
f 6601 8407 8472 
f 9422 9321 9320 
f 5753 5752 5803 
f 6046 6111 6112 
f 5982 5915 5960 
f 6330 611 5074 
f 9939 406 7889 
f 6024 6023 6111 
f 4148 4144 1938 
f 356 359 1849 
f 5982 6029 5986 
f 5938 5916 5961 
f 9388 7053 7247 
f 8269 1708 962 
f 10030 6856 4989 
f 4354 4520 4665 
f 5407 5680 5820 
f 8439 8298 8401 
f 4915 3098 5594 
f 4196 8867 7186 
f 8506 3015 7007 
f 5225 4233 2654 
f 10653 8096 10082 
f 7772 7330 5922 
f 5868 1084 3082 
f 8791 9537 10552 
f 1118 2823 2460 
f 10575 10512 10421 
f 5965 9152 5337 
f 7357 3178 7833 
f 2108 1112 690 
f 460 3692 10603 
f 1178 1255 1812 
f 7312 7195 7427 
f 1481 5371 5519 
f 5848 1259 6002 
f 4212 4920 4131 
f 6538 6949 9761 
f 973 4937 889 
f 6228 1942 5708 
f 319 1684 9606 
f 5103 3758 6739 
f 7691 8370 4131 
f 2215 1262 4330 
f 6388 6727 7201 
f 6303 8992 6196 
f 7050 2492 6515 
f 9275 9359 9358 
f 10342 7258 6994 
f 2550 1816 5115 
f 9615 331 9626 
f 5233 1356 5197 
f 5251 3646 6411 
f 8269 962 2891 
f 4799 6917 9082 
f 8696 10508 103 
f 10680 181 7634 
f 9779 4949 7412 
f 6005 8771 9035 
f 1777 10405 3578 
f 6717 9259 8100 
f 1998 3764 415 
f 9200 257 1688 
f 1422 8307 1416 
f 1776 2954 2304 
f 1597 6809 9709 
f 10508 3833 267 
f 4557 4636 4466 
f 2479 9522 7892 
f 8317 2830 37 
f 9007 4328 2948 
f 5352 4147 4608 
f 60 743 1541 
f 4370 1835 1744 
f 8262 8866 8868 
f 8787 2365 925 
f 434 1296 520 
f 1029 9436 2894 
f 6749 5167 6656 
f 7603 10707 3116 
f 1773 1772 6193 
f 9010 3184 6395 
f 2678 2345 2728 
f 7138 7387 7218 
f 4537 5853 8479 
f 5718 5786 5529 
f 3027 2939 2938 
f 458 4896 3936 
f 5949 7628 9448 
f 9399 6221 7751 
f 3674 9240 6546 
f 8421 7720 2809 
f 8195 7899 2186 
f 7545 8563 9060 
f 6041 6507 760 
f 9181 10596 9275 
f 7340 3033 4924 
f 6726 6583 9539 
f 9848 3983 7524 
f 1489 4590 10228 
f 5857 5837 5834 
f 5957 5976 6001 
f 8778 1288 8704 
f 3585 5965 6118 
f 5883 5861 5803 
f 668 2744 9828 
f 5965 6064 703 
f 7648 7180 5118 
f 8887 10609 2386 
f 7752 10268 7282 
f 232 2209 7450 
f 5174 3301 2786 
f 7377 7205 1710 
f 3356 1032 8615 
f 5861 5753 5803 
f 9413 8436 5926 
f 6129 6157 1913 
f 3162 4604 5190 
f 5932 5933 5931 
f 1496 476 7756 
f 1058 1056 8326 
f 8369 7060 2976 
f 9954 248 993 
f 6102 10268 4575 
f 7829 7831 4490 
f 2834 3289 1219 
f 4969 468 10582 
f 6066 9415 1468 
f 1257 1740 3129 
f 9504 9689 9760 
f 4771 2797 732 
f 5228 4691 939 
f 9782 8229 8680 
f 6642 8454 5234 
f 9449 8759 4516 
f 8070 8071 5615 
f 6086 1872 2486 
f 8472 4158 8282 
f 7796 6703 1529 
f 10417 4930 6273 
f 7778 6491 5932 
f 7341 6481 190 
f 2642 5640 2831 
f 7804 6485 7803 
f 7134 10267 5095 
f 3495 8063 6440 
f 7120 5039 4213 
f 2338 8917 6497 
f 8360 1098 8574 
f 4465 5501 1001 
f 8421 8902 5875 
f 4394 9758 2685 
f 3219 5770 34 
f 6758 6239 639 
f 6244 6806 4298 
f 3366 8367 9025 
f 4022 8748 3740 
f 10100 3200 3361 
f 6356 9450 7849 
f 2644 8181 5106 
f 8597 8731 10108 
f 6863 2658 227 
f 1885 6145 171 
f 10610 3219 1751 
f 3131 1746 8295 
f 5078 8936 1217 
f 9758 1954 6542 
f 1372 6405 7862 
f 5409 3973 4209 
f 1368 122 4017 
f 4404 5247 5378 
f 276 4739 6145 
f 6720 10479 8398 
f 9704 6663 9651 
f 9460 8770 7906 
f 7522 7095 7414 
f 4458 6494 7930 
f 2700 3554 50 
f 5710 9906 6004 
f 7907 5489 7253 
f 2073 8600 4109 
f 6905 363 9017 
f 6228 7328 6014 
f 5850 5710 6004 
f 7195 8496 5514 
f 3214 10702 10663 
f 6681 9379 8757 
f 7546 7544 6315 
f 2541 383 365 
f 10187 10336 10265 
f 10162 10038 10037 
f 5800 5732 5751 
f 1485 6051 1833 
f 2301 4296 10228 
f 9871 9100 9870 
f 6985 3627 988 
f 9870 9867 9871 
f 8877 6782 6783 
f 9096 8774 8945 
f 8272 9700 8273 
f 7531 4331 3915 
f 9595 2796 2798 
f 9082 3212 2729 
f 2496 9749 5170 
f 2439 4602 8199 
f 9342 7027 9126 
f 3457 8237 2311 
f 1776 5697 1029 
f 5978 5929 5957 
f 5953 5857 5834 
f 6127 6089 6087 
f 3993 9436 3149 
f 498 511 816 
f 5109 7115 1728 
f 3955 5515 5271 
f 4922 4996 933 
f 5980 5978 6023 
f 9320 9129 9273 
f 5883 5838 5880 
f 591 2897 593 
f 4944 5513 9470 
f 9579 883 8751 
f 6621 6820 8706 
f 4934 721 9733 
f 1019 457 5167 
f 10078 5743 10655 
f 7173 7111 7171 
f 10150 3980 8736 
f 2222 7690 6702 
f 5959 5864 5958 
f 7880 7446 9908 
f 6031 5961 5986 
f 5961 5939 5938 
f 2150 4376 1501 
f 2719 5510 2718 
f 7621 7464 7729 
f 6884 7392 933 
f 5421 5641 1540 
f 5476 2170 5316 
f 4848 6918 4880 
f 8683 8807 8348 
f 9416 7738 6935 
f 7480 6130 1913 
f 10144 9427 6864 
f 7458 1816 2550 
f 9148 8022 2019 
f 5389 5346 643 
f 7919 7744 6936 
f 9627 9586 9618 
f 3324 1323 839 
f 5526 5503 6166 
f 3625 1951 2231 
f 3583 2454 2309 
f 926 2770 3294 
f 10134 7038 7000 
f 1567 3093 1894 
f 9552 376 534 
f 7931 8633 10540 
f 6852 6322 3343 
f 8176 9352 8047 
f 4196 6995 490 
f 7347 5166 2326 
f 2960 2961 510 
f 6335 6356 1784 
f 6000 9384 6034 
f 539 7031 10639 
f 3053 5485 314 
f 4854 3925 4696 
f 1564 490 706 
f 1627 10018 10154 
f 5650 6965 9801 
f 5962 6068 6035 
f 6366 5302 5213 
f 10225 4485 12 
f 5171 3568 876 
f 10138 2709 2267 
f 9527 9612 9653 
f 5215 5269 5217 
f 2397 6372 215 
f 2386 2903 8887 
f 1993 2761 942 
f 7545 9060 7846 
f 8259 8206 2324 
f 9039 8936 7844 
f 7867 5993 6705 
f 9186 8751 8621 
f 8919 6757 7953 
f 9170 3092 9885 
f 6433 6388 6753 
f 4908 4884 5577 
f 1870 8895 341 
f 6928 6914 7850 
f 9720 5008 6038 
f 8376 1872 6626 
f 3539 9470 3668 
f 6109 3323 2752 
f 8874 9200 9199 
f 9396 3886 5334 
f 4412 4413 10475 
f 2132 10654 9748 
f 2240 1925 800 
f 1869 7134 5095 
f 8083 1071 10433 
f 10063 7952 9574 
f 5683 8309 2405 
f 4886 8809 10670 
f 10083 9937 10008 
f 6323 2986 9025 
f 1240 946 798 
f 1593 1519 1518 
f 9362 8989 9594 
f 7579 7577 7771 
f 7333 9785 1285 
f 4571 4744 4570 
f 7628 8042 8499 
f 8773 3114 2860 
f 7156 1961 716 
f 3021 309 2311 
f 7904 8195 6539 
f 10175 10340 10341 
f 6444 10014 3407 
f 4361 4197 4360 
f 7753 8790 2397 
f 207 2624 3157 
f 6316 6228 6014 
f 7312 6014 8496 
f 5957 5857 5976 
f 1598 7139 4567 
f 10339 4567 365 
f 5944 6191 2473 
f 7526 1928 1421 
f 7167 4522 189 
f 5850 6004 6131 
f 7283 4214 6230 
f 3758 5721 8973 
f 6883 2493 6948 
f 3205 410 1180 
f 6985 10068 3627 
f 5387 5435 10159 
f 1825 7197 9891 
f 3684 9366 1066 
f 5864 5861 5958 
f 6129 9847 6095 
f 928 383 1423 
f 988 4152 6465 
f 5573 9779 7412 
f 6089 6118 9768 
f 7531 8642 4364 
f 5694 4822 6620 
f 267 1787 6297 
f 9606 7475 2628 
f 8853 7907 5757 
f 1157 1047 2942 
f 7965 7895 7963 
f 8370 9124 5888 
f 988 3627 681 
f 3785 6400 5419 
f 1746 3131 1789 
f 436 756 4294 
f 703 6064 6062 
f 10260 2709 5889 
f 6064 6068 6031 
f 6812 7875 6298 
f 1550 1614 1576 
f 4996 440 3955 
f 3142 5515 9841 
f 4281 8022 6993 
f 7702 933 7392 
f 3899 2401 2997 
f 1811 6609 6610 
f 9216 8655 9112 
f 4640 4931 4369 
f 9301 1198 2969 
f 396 2331 6195 
f 10048 9121 3891 
f 1941 7130 2655 
f 4536 9533 8820 
f 4954 7274 1853 
f 2150 3338 10048 
f 2150 7478 7249 
f 8388 8126 8297 
f 9273 9473 9570 
f 5108 8691 3468 
f 9256 932 8506 
f 10362 1663 1421 
f 7858 1260 9118 
f 2773 7842 1182 
f 8539 8410 8538 
f 3467 5897 1354 
f 8280 9886 8063 
f 3479 1667 6334 
f 10331 6233 6226 
f 5475 8232 3345 
f 4310 3152 3944 
f 6803 6812 6859 
f 10204 10205 10203 
f 1156 1969 8670 
f 2671 2171 2430 
f 8650 6484 639 
f 6433 9399 7751 
f 1842 8239 7192 
f 6758 9452 6084 
f 9474 7659 1159 
f 8254 10156 10081 
f 2119 1569 1959 
f 9626 8630 7634 
f 7668 7665 5994 
f 9237 9236 9332 
f 45 2485 4528 
f 8908 8459 6039 
f 524 614 616 
f 4757 7026 10210 
f 10679 8286 8287 
f 871 952 910 
f 10406 6527 984 
f 1112 596 324 
f 4682 4622 3363 
f 4657 4711 4664 
f 8002 4935 8389 
f 10193 10402 10140 
f 1840 9555 756 
f 8026 5202 1880 
f 6060 6089 6090 
f 4292 6910 5422 
f 7077 7001 7076 
f 4663 4984 4665 
f 2043 3538 4519 
f 4630 4585 5487 
f 2348 6048 9135 
f 9176 4459 4455 
f 2177 510 2961 
f 10174 6401 7935 
f 6385 6362 3964 
f 6692 10036 5152 
f 9120 9353 9023 
f 8363 4015 895 
f 6201 2704 2722 
f 4059 4155 9650 
f 5841 5532 6650 
f 4155 5588 1052 
f 6093 6095 8186 
f 6030 6029 6060 
f 8548 3350 2720 
f 9540 8331 8562 
f 7204 4718 3499 
f 9312 7672 416 
f 6007 5959 6006 
f 431 2293 2328 
f 8269 1702 2608 
f 6035 5939 5962 
f 1217 8936 3685 
f 3181 2776 7215 
f 6157 6129 6156 
f 5076 2656 582 
f 5765 8626 6188 
f 9117 5565 6559 
f 1554 9716 10164 
f 6287 1508 1855 
f 3856 9913 7140 
f 9171 9268 2026 
f 7889 406 10599 
f 2266 3774 10084 
f 693 1023 5517 
f 2823 1875 4280 
f 9348 5789 5788 
f 1513 1059 4378 
f 5089 10111 10161 
f 9326 2079 4321 
f 3948 7427 7629 
f 10501 2872 9070 
f 4836 4839 4679 
f 6115 7195 5514 
f 6709 6571 10312 
f 3948 4923 7630 
f 5546 5503 5526 
f 9611 9364 9128 
f 5850 6131 8084 
f 9409 2780 722 
f 9633 8465 8549 
f 5877 5837 5857 
f 7626 7423 7421 
f 8690 6686 6422 
f 8127 235 8784 
f 7866 6568 8780 
f 4142 5240 9409 
f 5579 8084 5711 
f 5579 5711 4806 
f 3019 10524 998 
f 9170 9885 9836 
f 8177 7991 7990 
f 1825 9891 1083 
f 2548 4814 9157 
f 6361 809 2942 
f 1047 8508 5036 
f 1776 1029 3048 
f 5215 5214 5323 
f 7133 5104 177 
f 7729 7618 7841 
f 2789 2944 7562 
f 7323 4447 7327 
f 902 261 10681 
f 6416 6890 6490 
f 7133 530 5104 
f 2037 3161 3232 
f 1777 5141 3393 
f 4797 4795 4808 
f 4926 10285 4822 
f 3429 9514 1595 
f 994 8566 929 
f 9797 8483 6360 
f 7451 9852 1944 
f 4020 4076 3989 
f 1525 2019 8022 
f 2241 7517 526 
f 9841 1157 5648 
f 6020 1785 5465 
f 281 10289 4849 
f 4226 9851 5122 
f 8501 2104 3151 
f 8650 6741 8325 
f 7809 6306 2536 
f 6098 2826 7693 
f 8013 1784 7849 
f 8421 2809 7257 
f 9391 2767 6930 
f 4429 1739 9371 
f 941 6729 9597 
f 6212 5654 1365 
f 9110 1220 7722 
f 8048 7771 3912 
f 6932 5754 8170 
f 8440 6498 9761 
f 3692 7662 7492 
f 6389 8314 9358 
f 10706 5729 7231 
f 8583 7573 10228 
f 5201 7238 6870 
f 8583 2031 9564 
f 7846 3559 7545 
f 6085 6948 2493 
f 9324 7816 8094 
f 1147 4473 2973 
f 6315 7544 6223 
f 7640 7241 4601 
f 6026 6060 6029 
f 8563 7545 8560 
f 6060 6047 6089 
f 2324 6793 2646 
f 1677 2188 2637 
f 6118 6089 6128 
f 8462 2987 8461 
f 3205 3653 7543 
f 5310 3585 6128 
f 9958 9814 9813 
f 844 6402 4642 
f 5139 5089 10161 
f 10557 1324 2048 
f 1929 4964 10545 
f 6828 8663 6923 
f 6714 6503 7820 
f 4145 6246 4773 
f 4498 10660 1245 
f 3783 5114 5875 
f 8903 6887 8905 
f 563 2521 7250 
f 4667 7654 10679 
f 8174 9457 8865 
f 2479 4379 4469 
f 5379 7813 1930 
f 5427 2653 5659 
f 6571 8080 10312 
f 8915 8906 8570 
f 6241 1325 9395 
f 8394 6438 3992 
f 9252 3665 8523 
f 1974 8046 1138 
f 8246 8111 8187 
f 7276 5391 5180 
f 4078 6419 1559 
f 10368 10385 7995 
f 4580 8252 6744 
f 6717 8117 7329 
f 6429 6307 3595 
f 1073 8198 3129 
f 3465 7282 5586 
f 6012 4595 3866 
f 10036 5004 5152 
f 9376 5690 4450 
f 1263 2151 1244 
f 10417 5353 2920 
f 1233 4779 5640 
f 472 6921 6824 
f 7672 10641 9383 
f 9165 9294 9071 
f 6489 6486 6731 
f 972 1466 2580 
f 7559 2154 5083 
f 4022 5126 2321 
f 6139 10276 8436 
f 8070 6627 7927 
f 1968 10652 2842 
f 354 2996 6690 
f 9994 4116 9931 
f 806 121 6628 
f 796 9596 2158 
f 55 1974 4038 
f 3153 2104 6044 
f 6464 6547 6208 
f 7917 9521 9553 
f 8331 8420 8244 
f 5631 9577 730 
f 3284 3077 3283 
f 8998 6417 9215 
f 8912 9174 10418 
f 6345 8915 6556 
f 1536 5681 6513 
f 2750 4676 5559 
f 2476 9408 8791 
f 8459 4447 7323 
f 4837 7769 4832 
f 9140 9008 4350 
f 4303 6956 4714 
f 8690 6422 1356 
f 6629 4969 9684 
f 2259 617 787 
f 2146 5506 8199 
f 9242 9283 9244 
f 5197 6424 6465 
f 7669 10075 3509 
f 681 5711 5233 
f 7630 7725 5159 
f 9854 8496 7313 
f 1006 1147 4476 
f 8038 7628 7852 
f 1855 8670 1969 
f 1700 4459 4616 
f 4519 3538 8710 
f 3684 1787 4127 
f 2331 4165 2395 
f 8383 8053 7671 
f 6309 6314 6315 
f 3977 3993 7819 
f 2690 4476 1147 
f 1083 7351 5042 
f 3026 5235 4743 
f 7351 988 4421 
f 1821 413 1773 
f 795 911 3045 
f 4001 7050 3736 
f 177 1772 2690 
f 6193 1772 177 
f 565 1618 9228 
f 740 7644 6862 
f 1981 7059 5592 
f 5372 5239 1438 
f 9421 9567 9473 
f 4576 6482 3536 
f 3048 2954 1776 
f 4473 1006 9538 
f 1268 2138 375 
f 744 9384 9127 
f 8379 8217 630 
f 10552 9537 10677 
f 10219 4654 5403 
f 1052 4878 9650 
f 10542 6558 6586 
f 9732 10317 10386 
f 2160 5830 383 
f 774 9658 723 
f 6023 6024 5980 
f 8339 9220 9468 
f 6029 5982 6026 
f 6156 5337 6157 
f 8558 6378 6492 
f 6062 6064 6031 
f 703 9768 5965 
f 9063 693 3377 
f 280 2949 5059 
f 6089 6153 6128 
f 4777 4658 10191 
f 7429 2587 5717 
f 5517 3182 7940 
f 2459 3738 306 
f 10159 4980 5046 
f 6337 7444 9894 
f 1960 5664 9388 
f 1747 7650 7053 
f 3152 4310 3525 
f 9494 7554 8170 
f 1898 504 5216 
f 4700 2632 10659 
f 4695 4694 9990 
f 8108 6642 10286 
f 7007 8698 2289 
f 3768 5809 2981 
f 711 722 2512 
f 9010 7438 6072 
f 6671 6666 9201 
f 700 2262 2295 
f 2295 7031 6086 
f 6019 3161 2037 
f 1156 9016 9112 
f 6298 7917 6343 
f 1818 9376 6097 
f 8606 9998 1694 
f 10420 895 10422 
f 10700 3003 5661 
f 3564 3517 3563 
f 4318 938 1202 
f 4330 9901 3378 
f 5265 1097 552 
f 6309 6389 6314 
f 5019 3558 4951 
f 7994 1024 6261 
f 1985 1515 521 
f 8928 10035 8799 
f 2615 8458 4873 
f 1665 483 6625 
f 9684 10582 9378 
f 7245 6612 6379 
f 4560 4950 10070 
f 824 10708 9640 
f 9729 9646 9726 
f 4208 4275 10482 
f 10250 6703 7796 
f 6501 8049 6787 
f 10446 10294 10444 
f 723 2931 3720 
f 418 138 8118 
f 6244 8725 8821 
f 6855 9046 5266 
f 2212 8356 246 
f 9598 7548 2680 
f 2044 2378 2379 
f 4141 3380 3455 
f 10413 1965 2475 
f 8459 9518 2865 
f 3272 6229 9114 
f 6704 5869 5071 
f 10713 4603 4553 
f 3069 2977 3027 
f 8227 6369 3382 
f 5524 8671 6885 
f 568 3953 567 
f 8463 3382 9328 
f 10564 5492 5061 
f 1829 6908 4468 
f 1922 5538 3950 
f 2842 8710 708 
f 7215 8126 8388 
f 5420 9594 286 
f 8343 2899 2987 
f 3121 488 351 
f 5049 8707 7557 
f 10604 5070 9315 
f 1790 1788 1912 
f 3514 3444 2677 
f 454 8216 455 
f 6944 6055 5767 
f 2089 4912 2030 
f 7328 6228 5708 
f 1740 3240 3247 
f 5225 509 9092 
f 3672 4232 7848 
f 2815 6098 7693 
f 8334 4275 8332 
f 2579 1348 6806 
f 2148 2070 6683 
f 6367 3495 6936 
f 4814 9225 9157 
f 1318 9767 9812 
f 442 3238 1498 
f 6680 9264 6627 
f 6788 8409 9374 
f 1318 10033 5849 
f 2103 6561 7234 
f 9185 4248 9181 
f 1356 6131 8690 
f 10452 1961 8844 
f 2336 4123 5189 
f 717 842 6372 
f 5387 4711 1477 
f 7325 2940 3154 
f 3142 8939 9722 
f 7140 1789 6337 
f 100 1423 2541 
f 7722 6500 9110 
f 8399 8529 8401 
f 964 8097 2221 
f 383 5830 365 
f 4987 5470 5487 
f 5986 5961 5982 
f 3684 4127 9366 
f 4741 4652 9550 
f 9436 1029 3149 
f 3020 571 7050 
f 9973 4464 5101 
f 6617 4601 5817 
f 8523 182 10387 
f 5405 9872 1600 
f 4290 5780 4288 
f 9175 10633 9177 
f 9463 9644 9726 
f 1344 8505 6354 
f 4823 7825 4588 
f 9873 860 5922 
f 2653 5427 5431 
f 2306 5632 2539 
f 2464 2668 3310 
f 3044 3002 3042 
f 3585 5310 5243 
f 5719 190 4677 
f 3412 6140 6415 
f 1672 2227 2225 
f 1718 3186 2364 
f 5535 5337 6156 
f 5355 646 5558 
f 3774 2266 4468 
f 9781 9355 8274 
f 5402 1692 5987 
f 7295 2650 7296 
f 3656 10415 9913 
f 5180 8266 1068 
f 7781 1214 7682 
f 5764 1654 1769 
f 6569 6682 6780 
f 2045 3305 4093 
f 4427 7463 8505 
f 6900 3142 9722 
f 25 1706 2588 
f 3522 5943 4830 
f 861 3184 9010 
f 7477 6804 6816 
f 7927 8071 8070 
f 3158 2014 7440 
f 6940 8589 8374 
f 7384 2739 6436 
f 9809 8083 10433 
f 9553 9521 9105 
f 8728 3095 6205 
f 1482 8473 7263 
f 6246 6248 5690 
f 1158 9487 1520 
f 2150 941 4376 
f 5145 9635 10471 
f 2483 9989 9914 
f 3182 8149 7755 
f 5531 5841 9554 
f 4886 7452 8809 
f 9524 5743 10078 
f 7959 2075 3068 
f 4733 9541 6864 
f 346 1778 724 
f 2603 8312 1413 
f 1187 5777 2364 
f 9488 8648 9337 
f 7127 2585 8960 
f 480 502 6989 
f 6227 6268 6160 
f 8301 8187 9708 
f 3860 7741 2452 
f 8468 8354 8520 
f 5201 7451 7238 
f 9065 7329 5784 
f 865 3254 4442 
f 7812 6194 6098 
f 9074 9320 9234 
f 9281 10123 163 
f 3372 3370 1676 
f 4084 2296 10632 
f 7579 7375 7577 
f 879 1237 4013 
f 7864 6545 1853 
f 7743 4458 5973 
f 8073 7837 6832 
f 9590 7475 1718 
f 2061 7541 1709 
f 494 592 2178 
f 684 9526 2807 
f 8726 9386 148 
f 9279 9278 148 
f 2817 2854 2930 
f 5476 155 4675 
f 6507 10670 10593 
f 4141 3455 62 
f 4213 5039 4078 
f 2840 689 649 
f 2035 10545 340 
f 2642 1623 4997 
f 767 955 827 
f 1573 8881 7422 
f 240 8458 10669 
f 258 2736 1053 
f 4358 10709 5630 
f 2641 4358 5282 
f 10393 10323 10467 
f 9507 2888 2926 
f 2323 6419 4963 
f 9558 9559 6167 
f 1197 4330 3362 
f 6765 292 3384 
f 8859 653 8665 
f 4145 3513 3437 
f 9613 6676 4334 
f 8847 6183 2578 
f 4468 966 1829 
f 565 9228 228 
f 10694 10689 6796 
f 8530 8470 8379 
f 3465 9785 9302 
f 5975 6001 5976 
f 9895 9747 9814 
f 5253 5403 10029 
f 1488 184 5200 
f 5961 5915 5982 
f 3736 6515 359 
f 5181 6351 3863 
f 4928 4669 4416 
f 5852 5401 5318 
f 6101 6085 2493 
f 5869 6704 5585 
f 4040 5474 4824 
f 7631 2109 9368 
f 8474 9013 5716 
f 5810 5821 5812 
f 2586 9285 3830 
f 8243 6192 2186 
f 8821 6747 6244 
f 2752 7039 2968 
f 2497 374 4957 
f 5799 2510 3591 
f 5337 9152 3781 
f 5039 7120 7217 
f 5337 7479 6157 
f 6328 6359 6257 
f 8859 9050 8373 
f 5039 7217 4292 
f 8265 6255 6137 
f 1176 4916 2122 
f 6220 10111 6253 
f 6609 6715 5224 
f 4904 9445 9916 
f 10189 2382 6532 
f 4916 3131 1175 
f 7837 7618 7639 
f 7311 7629 7427 
f 5637 4357 7498 
f 1356 5233 8084 
f 624 9606 1684 
f 10265 10109 10106 
f 2463 86 10275 
f 8753 8812 8627 
f 7918 4923 2252 
f 5153 3987 4753 
f 8214 5064 8223 
f 10312 10310 10311 
f 10012 104 1190 
f 5556 7197 8307 
f 681 5233 4152 
f 8713 5648 809 
f 1066 9431 6094 
f 8014 8157 3972 
f 7133 177 1864 
f 1107 4035 3993 
f 8595 8412 8594 
f 9210 3147 2747 
f 1897 7332 6365 
f 9699 5754 6932 
f 597 5395 5393 
f 9927 10010 5955 
f 5643 8548 6706 
f 7212 6641 179 
f 4961 4631 9344 
f 1426 10192 6965 
f 4232 3631 1617 
f 5624 9764 3777 
f 5537 9763 10059 
f 538 8805 9222 
f 7540 729 791 
f 9105 9935 8961 
f 6080 6188 278 
f 3378 9399 2215 
f 7156 8093 7964 
f 9196 9154 9247 
f 1968 1612 1320 
f 4090 7631 9368 
f 6019 4020 4492 
f 10331 4933 7259 
f 9535 9452 9351 
f 5627 9849 2323 
f 227 10116 10167 
f 5887 1442 9830 
f 2403 3073 3072 
f 9219 7161 10616 
f 1633 9996 4383 
f 7517 4458 7743 
f 452 10476 8131 
f 28 4298 8784 
f 1070 8693 2075 
f 251 8479 8856 
f 9759 963 9799 
f 724 3546 272 
f 3213 2460 3212 
f 7989 5263 2677 
f 494 130 917 
f 6741 1126 8386 
f 2765 2852 2766 
f 9478 218 2499 
f 2659 4942 10343 
f 3746 3446 3926 
f 9496 9261 6376 
f 5118 7180 7509 
f 5784 3341 9398 
f 10267 2928 2597 
f 2553 10171 9632 
f 5264 2275 2363 
f 3947 5792 3946 
f 2186 7899 8194 
f 10402 1963 2357 
f 6937 7509 7180 
f 9517 9548 1935 
f 9370 8628 4190 
f 5053 9109 5874 
f 2767 9391 7803 
f 6379 6612 1295 
f 5703 8229 9782 
f 5779 5732 5800 
f 3603 5928 7552 
f 1449 9143 8417 
f 5700 7926 9877 
f 3417 2994 3210 
f 5838 5800 5816 
f 35 1173 167 
f 3923 2731 2561 
f 6384 5975 5976 
f 7345 7171 7264 
f 5336 9833 9804 
f 5192 3406 5437 
f 5304 4039 5687 
f 1052 5588 5584 
f 6883 5996 4464 
f 6295 2296 4084 
f 5714 2407 8205 
f 7240 7483 6075 
f 6316 3948 7630 
f 7411 6430 5505 
f 6576 6892 6471 
f 8334 8332 8745 
f 8245 8166 8244 
f 3395 3308 4030 
f 4156 4106 5017 
f 6553 7062 9206 
f 2782 2276 4200 
f 9757 1418 8012 
f 6275 6253 9855 
f 3160 388 8186 
f 7825 7058 4588 
f 3653 6222 5742 
f 5053 2583 9109 
f 5618 474 886 
f 2293 915 2653 
f 10352 10420 10204 
f 5445 2574 3193 
f 9469 2323 9849 
f 7633 6719 7551 
f 1343 5885 8361 
f 5800 5751 5816 
f 97 6935 9948 
f 5558 5294 5355 
f 5966 9316 6674 
f 6402 493 4642 
f 6910 474 1285 
f 2317 2326 154 
f 154 3607 9119 
f 8272 8273 547 
f 3879 3880 6779 
f 8589 4759 10502 
f 7720 5875 5113 
f 3672 2510 6140 
f 8152 5114 3880 
f 2390 2512 722 
f 9015 7000 7038 
f 9368 2113 997 
f 8573 3812 2701 
f 5619 2018 10249 
f 6736 3093 726 
f 4023 5317 4380 
f 9594 8989 8366 
f 1511 7129 3139 
f 7430 7108 5761 
f 5607 10699 10675 
f 8222 10005 7784 
f 5717 44 489 
f 387 6506 7916 
f 9578 6624 6487 
f 8315 9515 9311 
f 1147 2973 1592 
f 2466 7161 3473 
f 3702 5494 5134 
f 4601 6617 2383 
f 7314 8714 7778 
f 453 4334 6290 
f 3053 3063 5485 
f 782 2097 3141 
f 7202 7203 6581 
f 6347 2779 10609 
f 9926 8865 9457 
f 6237 1440 5948 
f 2114 1682 9219 
f 6162 339 381 
f 8990 823 5544 
f 8728 2928 6723 
f 6829 3656 2196 
f 7820 6503 8919 
f 8780 3070 7311 
f 9305 2294 420 
f 23 1420 1384 
f 9311 7758 6570 
f 7626 7724 3070 
f 4715 2906 4462 
f 2080 7862 9354 
f 9091 2669 10596 
f 1115 7109 5056 
f 3704 8174 7820 
f 7873 2622 8006 
f 9690 546 9667 
f 1839 7743 5973 
f 177 5104 6193 
f 3977 7819 1157 
f 2422 10493 2122 
f 3301 8656 3690 
f 9357 2536 7698 
f 614 5599 616 
f 9033 9091 10596 
f 8531 6373 8509 
f 386 4289 3190 
f 2912 1566 3438 
f 2134 3324 2988 
f 9772 10624 7766 
f 3059 7656 7943 
f 309 5539 8930 
f 4763 1543 1544 
f 8366 10189 6532 
f 7698 1071 8083 
f 4837 4832 5949 
f 4507 6251 356 
f 10577 8478 8999 
f 4339 10581 1585 
f 460 7736 3692 
f 7772 5921 388 
f 4042 6652 8601 
f 5615 8071 10311 
f 2826 2783 7693 
f 8045 8901 7906 
f 6384 6235 6386 
f 1579 5025 10623 
f 8177 8255 8257 
f 8971 8065 296 
f 9872 6101 2493 
f 1589 845 613 
f 9044 7447 1570 
f 6941 2760 4966 
f 9996 1633 10052 
f 5103 3454 10458 
f 4121 1758 1759 
f 7831 7834 7727 
f 1697 8375 159 
f 1158 4169 5275 
f 9327 9276 9181 
f 7453 10367 6073 
f 1710 3885 10460 
f 4266 901 4571 
f 7062 9188 6511 
f 7705 7706 7610 
f 8433 8285 7668 
f 7480 5139 10161 
f 5962 5939 5961 
f 6318 3051 1183 
f 5925 510 8737 
f 3974 8204 8116 
f 9913 7839 7140 
f 1789 4916 7444 
f 2288 2303 1882 
f 7813 6879 279 
f 2679 5440 8102 
f 8509 8122 8531 
f 3704 9457 8174 
f 4316 9251 2418 
f 9453 5851 10595 
f 4592 244 684 
f 7919 5167 6749 
f 811 5244 650 
f 9508 4742 9433 
f 547 8273 1980 
f 9535 9351 6757 
f 3852 8781 6119 
f 7806 9420 9468 
f 8860 1093 2272 
f 1209 1447 642 
f 9202 3409 3411 
f 5676 7832 8310 
f 4075 4470 4367 
f 9665 718 9641 
f 6451 8509 8047 
f 4277 4273 4207 
f 1625 8371 3057 
f 8329 8164 8163 
f 9826 8624 8625 
f 2093 3139 7129 
f 339 9674 381 
f 4964 10617 10643 
f 125 10433 5549 
f 9092 658 1690 
f 3027 4099 3069 
f 8280 8226 9886 
f 2214 6364 2123 
f 5623 1375 5624 
f 10039 526 8006 
f 9467 4940 8858 
f 10555 5160 7088 
f 4001 1104 7050 
f 320 318 198 
f 6435 6185 5964 
f 5344 5321 5383 
f 3738 6476 9582 
f 6537 6535 6840 
f 1703 4507 5583 
f 9315 253 6495 
f 6490 9183 6851 
f 1455 2707 9184 
f 3728 7934 9628 
f 1942 4001 5708 
f 10588 7185 5722 
f 6795 9261 10035 
f 2479 7789 4379 
f 2472 7034 4589 
f 1257 378 1740 
f 3027 2938 6194 
f 6033 3121 6711 
f 4749 7213 7652 
f 2543 9432 3237 
f 6420 2286 2462 
f 2751 1321 7657 
f 8139 737 7955 
f 2382 2326 2317 
f 8243 8403 6531 
f 2536 6306 1071 
f 5166 543 3607 
f 2300 9047 3883 
f 9039 7844 7843 
f 3129 1740 10660 
f 422 945 9711 
f 1807 2935 2015 
f 8735 3704 6447 
f 3242 4768 4230 
f 3247 821 8455 
f 7757 9245 8734 
f 6910 391 474 
f 9537 8791 6701 
f 6149 10684 4474 
f 4715 9135 2906 
f 7867 5824 5993 
f 7447 7448 1570 
f 6149 8375 1697 
f 8838 6911 7973 
f 5441 1524 5416 
f 4903 4927 4902 
f 6813 4283 3568 
f 4553 4540 1559 
f 5420 286 2451 
f 8275 1754 10305 
f 9549 8797 8998 
f 154 810 2317 
f 1013 286 2156 
f 3490 3679 3680 
f 9411 9441 10120 
f 6794 10281 3969 
f 8437 4099 6194 
f 7562 4321 2789 
f 117 9046 10610 
f 5955 10022 2863 
f 6007 6006 1347 
f 4577 1780 7754 
f 10478 8784 235 
f 5045 1614 1572 
f 6696 8314 6389 
f 3116 6762 2669 
f 37 8992 6303 
f 10688 8093 574 
f 9279 9235 9278 
f 1641 2227 1672 
f 4421 3868 10339 
f 9201 3409 9202 
f 493 5785 1544 
f 8696 864 4127 
f 6083 1262 9902 
f 148 9278 9276 
f 1066 9366 928 
f 2083 5662 1646 
f 1551 2459 2582 
f 2261 9341 9338 
f 4583 1617 3631 
f 9027 9074 8972 
f 5780 501 5350 
f 9654 8858 4940 
f 6375 3115 2727 
f 3006 8716 4783 
f 6255 6254 5736 
f 6676 8059 2745 
f 2953 3719 5480 
f 6877 6580 10553 
f 6667 10308 4914 
f 7116 6455 8115 
f 2862 9376 1818 
f 8745 8744 8797 
f 328 1927 1958 
f 7453 10337 8087 
f 6799 1750 5040 
f 7533 4727 9787 
f 134 5536 1379 
f 5794 3947 3946 
f 543 6119 10426 
f 247 7700 3916 
f 6706 137 5643 
f 8486 1759 5362 
f 9471 8374 10502 
f 3662 3009 2639 
f 8643 2830 8317 
f 894 3096 1102 
f 2480 10683 9905 
f 9836 10337 7453 
f 9911 9944 5815 
f 7987 7896 7986 
f 10696 5685 8827 
f 730 9577 9585 
f 7940 7755 7723 
f 5811 6346 826 
f 6423 9240 2582 
f 7744 7746 8086 
f 349 2096 10315 
f 1028 1153 2436 
f 2100 446 8228 
f 8781 80 3884 
f 9022 4087 7294 
f 9908 7867 6705 
f 3229 3467 2399 
f 5344 5323 5322 
f 6248 6246 8152 
f 824 8558 6492 
f 4451 9088 9954 
f 2393 1833 6051 
f 6223 8263 6309 
f 6557 6671 5167 
f 6663 9704 384 
f 8480 8485 8308 
f 3423 5513 8492 
f 4674 7018 6954 
f 10213 8682 7265 
f 10675 2363 2275 
f 10121 8012 6940 
f 6595 4718 6529 
f 1959 4169 1520 
f 1182 4691 2773 
f 778 422 4373 
f 10153 10284 10082 
f 6629 6706 4969 
f 9756 9744 9755 
f 3695 494 8040 
f 1932 10697 5606 
f 10388 4518 10240 
f 2512 7818 650 
f 57 252 9717 
f 4143 6834 6445 
f 6084 9395 1325 
f 4670 6117 11 
f 2321 10268 4022 
f 3607 5445 9119 
f 8288 6403 7873 
f 8195 2186 6192 
f 1330 1293 1361 
f 5126 8198 1073 
f 8649 2234 1182 
f 5948 7852 7628 
f 9000 10267 2597 
f 7443 7133 2380 
f 5095 938 4318 
f 5525 10085 4389 
f 7888 8691 130 
f 6521 8272 547 
f 6075 6870 6785 
f 3549 2412 2404 
f 3746 10173 4796 
f 1324 1155 2048 
f 5733 3468 8691 
f 2313 9007 9226 
f 10557 8444 1695 
f 10428 10514 10429 
f 6731 6732 6489 
f 2558 3532 8021 
f 9009 10226 8677 
f 4280 2661 3208 
f 5536 2141 2213 
f 8494 9525 6180 
f 7611 6762 7310 
f 1254 3052 1343 
f 4582 10448 702 
f 869 7456 918 
f 884 8246 8187 
f 5824 5964 5993 
f 6544 6200 6450 
f 4216 7005 927 
f 10564 6415 5055 
f 5931 5933 8720 
f 745 3798 645 
f 3907 3880 3879 
f 4082 2122 10493 
f 8030 8132 8031 
f 9336 9338 9282 
f 10638 9415 9930 
f 600 8985 2734 
f 5065 7985 3072 
f 6710 6624 9578 
f 6136 4207 4273 
f 1824 2361 5419 
f 8795 8499 8894 
f 1203 10616 7161 
f 8119 8901 8758 
f 9940 4459 1700 
f 6808 6312 10001 
f 7244 3194 1501 
f 5920 548 4291 
f 9031 4995 9128 
f 610 1022 1953 
f 6395 3413 8333 
f 2057 7250 1699 
f 5875 7720 8421 
f 9400 5320 5318 
f 9242 9154 9043 
f 7392 7081 9725 
f 5745 7588 7509 
f 872 2744 8211 
f 2188 1786 2637 
f 6328 6280 8841 
f 3656 3657 2196 
f 8308 8114 8480 
f 5190 2608 3162 
f 4802 1204 9498 
f 8496 7195 7312 
f 5174 7105 4111 
f 1083 214 1825 
f 7275 9054 989 
f 3868 4421 988 
f 7724 1205 7629 
f 203 10691 10517 
f 9272 6826 4019 
f 9578 6770 7804 
f 4591 5159 1942 
f 1066 928 516 
f 9468 9420 8339 
f 4606 7320 9481 
f 6297 3684 6094 
f 3539 9006 4944 
f 9935 9907 9325 
f 3016 2930 3014 
f 10701 9686 1678 
f 6343 7917 7999 
f 4325 7175 10624 
f 5792 1185 8152 
f 6376 6823 9496 
f 10539 4423 5484 
f 5053 315 10502 
f 7917 6298 9519 
f 6183 6161 2578 
f 4016 2811 5462 
f 3660 5504 5645 
f 10136 9999 10180 
f 1122 5394 4771 
f 6624 8082 6571 
f 2036 8286 10679 
f 10005 8935 2748 
f 9926 8330 9545 
f 6659 6480 4543 
f 9316 1197 3513 
f 3240 1740 378 
f 6665 2299 7880 
f 1864 2380 7133 
f 5886 1300 8 
f 3913 1719 7443 
f 4190 3466 2516 
f 8517 6772 9801 
f 745 569 3798 
f 6314 9358 9359 
f 7173 7044 6974 
f 7853 1704 2410 
f 6459 7652 3638 
f 9443 9491 9444 
f 3317 8289 5878 
f 1784 2501 8935 
f 7939 9491 6322 
f 8099 5023 7481 
f 6852 3341 5784 
f 3172 6059 6205 
f 9327 8320 8318 
f 9954 7560 248 
f 2438 1870 341 
f 8002 8389 7810 
f 497 942 7640 
f 5908 715 10283 
f 5701 5720 5728 
f 6915 3944 5497 
f 89 88 9615 
f 2213 1379 5536 
f 1805 1779 1783 
f 9712 6980 3748 
f 5881 1027 7056 
f 6573 9032 2592 
f 393 394 3126 
f 4080 8692 2814 
f 8513 8545 8460 
f 9066 6283 10520 
f 10565 2578 6161 
f 10158 4704 5828 
f 7215 8389 3181 
f 2160 7177 1083 
f 10000 10567 7109 
f 7906 6445 9460 
f 742 9182 1465 
f 6018 5926 8436 
f 10641 7672 10009 
f 1218 8110 840 
f 1296 10089 4465 
f 325 10625 9076 
f 7667 9050 615 
f 4936 5626 5662 
f 9357 6612 6791 
f 1324 1695 9271 
f 9019 9198 6861 
f 4504 10651 9827 
f 7889 10599 3065 
f 193 130 2721 
f 9271 6631 1324 
f 938 9233 10673 
f 5920 5266 5052 
f 7694 7692 7895 
f 548 5052 3400 
f 4224 4137 4179 
f 9782 5731 5703 
f 9500 7360 483 
f 8106 1872 8376 
f 10422 895 4015 
f 4069 4068 2886 
f 6241 9395 2394 
f 4832 7768 7767 
f 10558 616 398 
f 8691 8886 5733 
f 6237 2874 6239 
f 4162 8586 6456 
f 8744 8332 8902 
f 1022 1010 1011 
f 10487 5481 7469 
f 1906 2537 9676 
f 9816 8788 8760 
f 9143 1449 736 
f 2453 7737 36 
f 4923 7629 2252 
f 4777 5075 854 
f 7611 6315 6314 
f 1978 6693 3104 
f 7024 7023 2467 
f 9271 10617 1929 
f 9810 10522 10392 
f 2945 9802 6965 
f 10545 4964 4605 
f 7605 9890 4817 
f 849 3852 1135 
f 9746 9721 9735 
f 4884 4881 4989 
f 2737 5410 1053 
f 1064 566 2943 
f 9395 7206 8570 
f 1014 1949 4765 
f 1922 3950 7040 
f 32 3042 3271 
f 3366 2974 4379 
f 1906 2372 2537 
f 3626 10658 4199 
f 8953 3905 2194 
f 7670 7768 9852 
f 10667 10439 2680 
f 9363 9227 9268 
f 4895 2029 128 
f 2216 10170 5952 
f 5657 8170 5754 
f 41 2453 39 
f 6645 6624 6710 
f 5732 5703 5731 
f 4469 1525 3438 
f 8584 10003 8218 
f 1759 2075 7959 
f 2053 10067 10066 
f 8955 8890 5865 
f 8262 1693 6696 
f 8433 7668 5994 
f 562 6539 7603 
f 2903 409 4639 
f 6696 8263 8866 
f 6553 3708 7062 
f 9744 9745 1025 
f 9338 9283 9282 
f 9994 470 2163 
f 5406 6057 4815 
f 6633 9948 8769 
f 366 5107 576 
f 7358 2424 3829 
f 8368 6445 7905 
f 421 7787 9806 
f 4743 7293 5252 
f 9239 9024 9238 
f 5803 5800 5883 
f 7913 1205 7724 
f 4152 5233 5197 
f 4152 988 681 
f 2511 7550 3207 
f 83 8780 7104 
f 6245 5210 1628 
f 100 2568 8138 
f 4402 1628 1422 
f 413 1821 958 
f 8554 6446 3572 
f 7313 6014 7328 
f 5104 530 750 
f 8645 5200 9054 
f 284 5225 2654 
f 9682 8625 1308 
f 7830 6045 9703 
f 2380 8697 608 
f 4828 5567 5105 
f 5554 5987 17 
f 6351 3250 3863 
f 2966 10104 5006 
f 10039 8006 8852 
f 1445 551 8201 
f 9405 7477 6816 
f 8368 7905 5814 
f 10520 6283 329 
f 978 471 5744 
f 4550 5687 4039 
f 9055 3741 940 
f 7467 7385 2792 
f 10536 8282 8950 
f 8313 8066 6733 
f 4900 4 5086 
f 9594 5420 9362 
f 3607 6577 2574 
f 6358 6285 9774 
f 5634 5633 5173 
f 7165 7034 7424 
f 3473 7161 8734 
f 10060 486 2028 
f 72 10142 330 
f 7751 8317 37 
f 2898 5844 2952 
f 9352 9449 4516 
f 168 5902 3920 
f 2646 6665 6431 
f 4528 2517 43 
f 2283 470 3424 
f 7263 8473 3699 
f 4170 8511 8457 
f 6904 9725 7081 
f 1937 2354 2353 
f 8508 9124 4602 
f 8617 6053 6397 
f 1551 7239 3629 
f 8584 8218 2840 
f 7201 6753 6388 
f 6727 6388 6196 
f 1946 647 9009 
f 6070 6068 5535 
f 5628 6855 5297 
f 2405 2416 9751 
f 5294 1411 9153 
f 6730 885 804 
f 9302 7752 3465 
f 10439 471 9598 
f 4733 4552 9541 
f 10631 2927 10332 
f 6405 1372 6307 
f 8344 8099 5739 
f 5690 2862 4773 
f 1918 424 2072 
f 1401 1444 1373 
f 1554 9501 9353 
f 655 1415 654 
f 5968 9764 5624 
f 9808 349 8417 
f 9149 974 3612 
f 2494 2999 806 
f 3836 1662 4370 
f 3645 6897 10344 
f 7098 6318 5242 
f 9306 2669 9091 
f 3065 5920 4291 
f 1202 938 10673 
f 4488 4430 4486 
f 8354 3242 298 
f 6409 8717 8735 
f 8193 7913 8003 
f 8207 3359 836 
f 5166 7347 543 
f 6176 9000 3691 
f 7026 8050 10210 
f 3749 3675 3707 
f 3356 2301 1032 
f 6502 3968 3441 
f 5010 10392 10522 
f 3143 5913 5917 
f 9392 5459 7338 
f 1980 10367 8159 
f 8926 3849 3851 
f 6803 8020 6777 
f 5239 5372 5130 
f 8444 10557 6021 
f 8277 4309 9257 
f 1022 610 1010 
f 4124 4600 9853 
f 2624 9534 3419 
f 4638 10115 4605 
f 8392 5689 5057 
f 2061 5554 8062 
f 4265 9715 6460 
f 75 68 10142 
f 8092 8877 6783 
f 8850 8720 5933 
f 9519 6160 9468 
f 6252 4575 7752 
f 2578 3870 8847 
f 4853 5580 6136 
f 8316 8230 8150 
f 9386 9279 148 
f 8972 9234 9029 
f 10230 3138 3303 
f 7726 2557 3962 
f 1209 4487 1447 
f 6477 7116 8202 
f 8742 9286 2116 
f 90 6628 121 
f 1213 1216 1020 
f 6126 6058 6101 
f 8014 3972 8092 
f 9775 1080 4105 
f 9301 2969 10524 
f 268 4411 2096 
f 7152 4366 7014 
f 7889 129 1203 
f 2009 1482 3970 
f 4452 4384 4488 
f 7401 3204 2035 
f 1220 8874 1221 
f 341 1056 1058 
f 2120 6103 10236 
f 5258 7935 1038 
f 7924 7520 7046 
f 9429 144 1925 
f 4084 9674 4036 
f 8205 2407 2449 
f 732 2797 2095 
f 9777 7985 3889 
f 5948 1440 7852 
f 9940 3239 5295 
f 8014 6783 6782 
f 6556 7344 6345 
f 750 6272 1075 
f 8862 10307 8105 
f 730 9585 1453 
f 9236 9187 9235 
f 6696 6389 6309 
f 9362 5420 1082 
f 3413 6395 6439 
f 9514 3429 1369 
f 7546 8261 7544 
f 8768 808 1862 
f 5762 5810 5812 
f 3407 3824 9442 
f 4963 9791 1073 
f 4623 4868 36 
f 7375 7145 5822 
f 9631 284 2654 
f 3786 9966 8124 
f 5317 4220 6032 
f 2732 6601 2040 
f 1620 3178 7357 
f 3743 3663 2267 
f 1938 9409 722 
f 10611 7854 109 
f 265 10520 329 
f 4567 7139 9425 
f 655 7667 1415 
f 2294 7885 1003 
f 1415 7667 492 
f 71 2270 330 
f 1998 415 1416 
f 10070 5854 4560 
f 9426 3358 2573 
f 3605 10262 9274 
f 664 1627 9480 
f 9547 2185 9480 
f 288 10345 9300 
f 7547 7474 3669 
f 10262 10460 3885 
f 826 6346 62 
f 4950 6281 5250 
f 9955 3456 4080 
f 3272 6320 3276 
f 398 8724 8893 
f 1750 2767 4580 
f 9848 2081 3983 
f 5726 5092 5715 
f 3362 3401 3437 
f 2068 3333 5755 
f 899 422 4582 
f 9195 629 4642 
f 2272 3013 8860 
f 10464 10530 10531 
f 651 4622 10704 
f 2804 2802 784 
f 3278 2784 1481 
f 8799 3495 6367 
f 6135 9659 8397 
f 9380 6227 6633 
f 3811 8127 8716 
f 9561 9586 9562 
f 9267 8232 7663 
f 4650 9118 1260 
f 1478 5366 4182 
f 6034 8450 7064 
f 9547 654 2185 
f 917 4600 494 
f 607 500 747 
f 10193 9727 2461 
f 1217 1218 3010 
f 3645 6898 6897 
f 8633 6352 2158 
f 6787 7398 6501 
f 6629 6471 7789 
f 6712 368 1105 
f 2902 2977 2941 
f 828 5240 4142 
f 7868 4880 6560 
f 5183 5176 5178 
f 1090 967 2603 
f 9600 10164 9830 
f 1981 5592 6743 
f 831 1287 2076 
f 9047 2007 7748 
f 9009 8516 8667 
f 8610 8609 9113 
f 9421 4946 9472 
f 4281 6922 3175 
f 7852 1440 6241 
f 4824 2970 6247 
f 6694 6792 4136 
f 3907 4019 4627 
f 10082 10284 10653 
f 7756 8819 7749 
f 9836 7453 9170 
f 9221 42 2518 
f 310 3170 3168 
f 9621 4124 3049 
f 6679 1439 1473 
f 2961 3054 3011 
f 9488 4813 9942 
f 7347 247 3916 
f 6445 6834 9460 
f 7271 7350 7431 
f 5155 1931 7175 
f 7473 7472 2142 
f 5724 2407 5714 
f 7862 2159 1372 
f 10638 539 10639 
f 2326 1579 7347 
f 5002 576 5207 
f 6249 641 8050 
f 9159 9253 9160 
f 6865 3262 10629 
f 6266 6925 7206 
f 5297 10599 648 
f 6013 7737 46 
f 2977 2939 3027 
f 8088 8180 8260 
f 9032 4837 2592 
f 8060 9798 7466 
f 2321 5586 7282 
f 193 6059 961 
f 7842 5476 4675 
f 639 6484 8119 
f 80 8781 573 
f 7556 5509 2261 
f 10548 2242 5091 
f 2522 2678 2856 
f 1808 1769 1767 
f 5457 8883 7683 
f 2071 9720 1312 
f 4498 3247 9631 
f 5387 4664 4711 
f 9374 9483 6694 
f 437 2996 354 
f 7501 7353 7271 
f 4994 5077 5470 
f 4069 5868 2875 
f 6141 6256 6255 
f 8680 6379 1295 
f 9233 1123 5432 
f 6177 8726 6133 
f 9585 5245 1005 
f 10157 5748 10208 
f 8036 8210 8125 
f 6255 5736 6141 
f 5179 6234 5250 
f 9723 9642 9307 
f 75 4117 1 
f 3593 3524 4724 
f 7116 6477 6455 
f 9274 10262 7071 
f 457 1019 8618 
f 6807 1902 4081 
f 9407 8168 9405 
f 9299 1449 1995 
f 2583 10620 1327 
f 4776 7199 4782 
f 6677 4747 2682 
f 4318 6597 206 
f 5322 5213 5302 
f 7683 8883 3936 
f 9442 3824 7075 
f 5223 4635 1443 
f 9086 3166 10641 
f 489 7864 7429 
f 9046 117 1132 
f 3383 391 5912 
f 9824 1009 5717 
f 9416 6859 8428 
f 1327 3193 2574 
f 1107 3993 3977 
f 810 6102 4575 
f 750 1075 6193 
f 276 3376 5379 
f 8098 411 3443 
f 3685 7090 6518 
f 6993 3019 4281 
f 2928 8728 2597 
f 5905 3701 2999 
f 6611 7670 5201 
f 8137 8193 8445 
f 6223 6309 6315 
f 5118 4357 7497 
f 10191 10056 10136 
f 7853 7643 2677 
f 10691 10693 1407 
f 2815 8320 8314 
f 8799 6842 8280 
f 5733 8886 310 
f 3752 9011 9018 
f 6164 6298 7875 
f 9108 7863 9476 
f 7906 8901 7905 
f 5681 332 6889 
f 6289 6569 6421 
f 7830 9655 6045 
f 4832 7764 5949 
f 2541 365 9425 
f 100 7754 2568 
f 3021 10688 9014 
f 7781 7682 7874 
f 7834 7831 8001 
f 3668 9922 3539 
f 3041 2919 2995 
f 9948 6633 6766 
f 1750 4417 2767 
f 2263 6737 6843 
f 6874 5782 7612 
f 5640 1015 1233 
f 8322 2476 6964 
f 6782 9464 8032 
f 9685 1887 9265 
f 1878 7567 8578 
f 89 9615 8292 
f 9415 9493 3551 
f 10374 4472 2053 
f 7720 10104 2966 
f 3221 4724 1981 
f 10620 378 1257 
f 2778 9093 7244 
f 9628 5612 4782 
f 6741 8383 7671 
f 6403 8288 8157 
f 7626 9324 7913 
f 9826 10047 9971 
f 6192 2820 2746 
f 394 5954 3189 
f 7360 2650 6625 
f 7821 4431 7676 
f 9261 6795 9167 
f 8306 8246 884 
f 5948 7628 5949 
f 7555 7775 7554 
f 10699 2801 2363 
f 2948 6995 3877 
f 2137 2297 2613 
f 578 7482 4019 
f 3232 3161 4827 
f 8100 7937 6717 
f 7331 451 198 
f 2751 3518 1312 
f 6777 8020 6766 
f 8832 8654 8830 
f 8717 6409 8452 
f 2473 6191 846 
f 5743 9524 5490 
f 1886 1474 2576 
f 9535 6757 6266 
f 10247 7592 7591 
f 7247 1789 7140 
f 6366 2959 564 
f 4594 4903 666 
f 9082 4798 4799 
f 9248 9034 9130 
f 234 9401 1688 
f 10654 10629 3262 
f 6257 6258 4560 
f 2917 2954 3048 
f 3367 538 6483 
f 10423 4772 3150 
f 2040 8676 2177 
f 2281 6056 10408 
f 9582 3022 306 
f 998 3356 196 
f 2275 5264 557 
f 10379 8406 1701 
f 8289 6324 7036 
f 1877 699 6365 
f 3500 4401 8688 
f 591 496 495 
f 2149 2157 1009 
f 451 8938 320 
f 9473 9363 9421 
f 3279 5065 3072 
f 10662 7422 9664 
f 6302 6336 6282 
f 612 8527 614 
f 5158 5156 5715 
f 6149 416 10684 
f 5115 61 2762 
f 2342 6835 4649 
f 6593 5902 9630 
f 3376 239 6879 
f 1415 804 9733 
f 10452 4596 716 
f 2685 4595 4394 
f 8472 8557 6601 
f 8160 1885 10327 
f 4266 4271 7036 
f 3383 5912 7923 
f 8376 7108 8106 
f 6532 2382 2156 
f 3438 1525 4784 
f 4284 1988 6906 
f 2466 27 7161 
f 6700 6745 2531 
f 5067 9645 9466 
f 6268 9380 7806 
f 2002 3402 6436 
f 6671 1019 5167 
f 10397 10266 8124 
f 9155 7843 4624 
f 7763 7744 6607 
f 10589 2063 8884 
f 6906 8208 4284 
f 6983 10656 8146 
f 5490 8202 8204 
f 6792 7320 2564 
f 5490 4088 5743 
f 8533 2560 2561 
f 3546 9458 272 
f 7946 6938 764 
f 9918 9139 9144 
f 8786 6925 6503 
f 9458 7946 3923 
f 1323 8840 3826 
f 3176 1399 2069 
f 5006 3401 473 
f 7448 10053 2324 
f 6366 564 7352 
f 8925 8928 6761 
f 9920 9080 10692 
f 1248 1127 3617 
f 3326 2209 2932 
f 2034 3785 2361 
f 4685 4647 9705 
f 6368 5574 6509 
f 6726 6868 9515 
f 2383 4793 1546 
f 8053 7240 8877 
f 2791 6456 2450 
f 8328 8042 8038 
f 7905 8901 6484 
f 7116 8115 8116 
f 2682 311 509 
f 5476 7842 2773 
f 9196 9284 9197 
f 7515 1817 1261 
f 3053 9055 6347 
f 4379 2019 4469 
f 9997 1141 9996 
f 1086 3500 1264 
f 5920 3065 2681 
f 8860 7087 6953 
f 2267 10260 3743 
f 5365 6221 3378 
f 5297 2681 3065 
f 640 9652 8241 
f 4964 1929 10617 
f 3788 8609 8610 
f 8038 8042 7628 
f 1397 8732 4645 
f 4830 1258 1402 
f 9752 10450 5849 
f 10612 9679 10706 
f 7671 8053 9389 
f 2974 9189 6613 
f 6332 276 5379 
f 387 7916 8861 
f 7811 7714 4493 
f 6849 7763 6804 
f 1740 1245 10660 
f 227 2658 7230 
f 7269 2706 3036 
f 9078 5954 223 
f 2387 3780 4982 
f 8686 8752 8806 
f 9738 9736 9789 
f 8149 3182 870 
f 3094 3183 3042 
f 8428 6860 8430 
f 3864 6000 7064 
f 3864 9189 8871 
f 5663 5600 7539 
f 6757 9351 7953 
f 6590 2432 9263 
f 2173 2174 10695 
f 1843 4476 9431 
f 5898 5896 5941 
f 3484 3372 3445 
f 8799 6367 8760 
f 2185 654 9733 
f 1669 908 6606 
f 9789 5112 9776 
f 3309 3507 3624 
f 3831 1375 5560 
f 1541 4272 60 
f 5250 1375 3831 
f 4100 6825 410 
f 5179 5250 6281 
f 4821 5279 4983 
f 1334 3964 6383 
f 6263 9603 2 
f 10209 10282 10126 
f 10365 9063 4480 
f 10588 770 7185 
f 4259 2688 4405 
f 9143 736 9790 
f 1366 3063 3473 
f 9415 10638 10639 
f 349 9287 9621 
f 1844 922 1433 
f 6452 808 6510 
f 2162 9905 253 
f 9378 2965 7981 
f 5806 7319 7321 
f 2777 8183 8007 
f 5452 4140 6707 
f 8135 10162 1935 
f 2613 1042 956 
f 468 4969 6706 
f 2794 7750 8007 
f 8961 9553 9105 
f 7900 7972 10245 
f 3768 3018 5809 
f 8793 8720 8850 
f 10697 9329 1399 
f 10287 8102 3809 
f 6342 5153 4537 
f 6417 7334 9215 
f 8567 8689 8614 
f 8253 2416 343 
f 7943 4153 3059 
f 7202 6915 5497 
f 2863 10022 9446 
f 1666 2870 3249 
f 5848 5433 5846 
f 5755 1936 2068 
f 1651 9965 10630 
f 8587 10550 10606 
f 1420 1433 1384 
f 3930 3097 4014 
f 5950 644 3394 
f 3387 3190 9151 
f 2397 10552 7753 
f 3021 8237 10688 
f 6786 2819 3110 
f 4576 6078 4545 
f 7103 8286 9312 
f 7933 9291 9290 
f 1928 1163 10362 
f 1146 10499 1492 
f 3838 3840 3800 
f 5348 5191 5189 
f 7920 10050 3123 
f 10592 1409 7080 
f 4454 424 1739 
f 3443 2677 5263 
f 9186 9314 9016 
f 2823 2729 2460 
f 117 10610 1751 
f 3947 5794 10337 
f 9465 9464 8877 
f 8729 3068 6833 
f 33 1281 1284 
f 8835 8885 8994 
f 3594 6429 3595 
f 6679 1473 1576 
f 6445 8368 4143 
f 6925 8570 7206 
f 10610 9046 6855 
f 2386 3779 409 
f 5094 5090 5096 
f 4291 548 2114 
f 7294 3895 3751 
f 4291 10616 129 
f 3341 6852 3343 
f 10599 5297 3065 
f 7108 8376 8375 
f 7912 7973 6911 
f 8782 10664 10532 
f 2860 723 3720 
f 634 10286 545 
f 2317 810 688 
f 7126 6990 7063 
f 1976 2137 1441 
f 8736 2828 679 
f 482 6320 6049 
f 10035 9496 6842 
f 9992 9040 4018 
f 3884 5053 5874 
f 7566 9067 5357 
f 7567 1560 6214 
f 3114 8989 9362 
f 6447 6409 8735 
f 4465 7540 4708 
f 7557 7367 5049 
f 8360 8801 9398 
f 4625 6399 10222 
f 9316 8921 9901 
f 8456 10053 8551 
f 6530 5416 5382 
f 10623 7700 247 
f 4257 3187 4233 
f 7789 3366 4379 
f 9517 8095 2138 
f 4749 5543 7119 
f 9816 8961 8788 
f 8267 8003 8094 
f 4700 10267 4639 
f 7546 7310 7658 
f 1675 4514 5316 
f 1694 8578 674 
f 4338 4426 4252 
f 2843 1644 9450 
f 9904 7851 10098 
f 7370 2187 9370 
f 9140 4350 9296 
f 6077 388 6475 
f 10716 4603 8675 
f 1517 6998 3732 
f 9131 237 9843 
f 6690 6743 5608 
f 1916 10460 6267 
f 6695 6233 6512 
f 8785 9579 3663 
f 3071 6032 4021 
f 8712 10310 2967 
f 9205 9099 9160 
f 1487 8228 446 
f 4019 10482 9260 
f 3723 10468 4904 
f 4890 3905 7321 
f 6744 10432 4580 
f 548 10062 2114 
f 8373 9223 3978 
f 6560 6590 7868 
f 3439 3029 3436 
f 6336 6362 237 
f 4430 4428 4486 
f 1124 1953 1022 
f 7961 8723 9972 
f 4963 6419 4078 
f 9246 7187 7189 
f 648 6631 5628 
f 5858 5837 5877 
f 327 660 5775 
f 314 3741 9055 
f 6345 6371 7707 
f 6687 6686 7866 
f 6848 3404 2027 
f 3975 4192 3421 
f 4116 8021 3532 
f 6873 6291 6689 
f 5782 6633 7612 
f 8589 8823 7684 
f 7303 7208 7301 
f 9731 7574 1300 
f 10210 8050 2870 
f 6267 10263 1244 
f 2013 2753 3752 
f 1486 5937 2575 
f 676 678 10595 
f 7686 7580 7578 
f 10357 8657 8660 
f 6218 9126 6561 
f 8680 1295 9877 
f 1705 1010 7307 
f 9847 3653 3205 
f 2715 2623 5914 
f 1585 8682 3636 
f 9841 5515 3977 
f 10626 6707 651 
f 2177 6428 2040 
f 5034 3481 3256 
f 6221 5365 2495 
f 8947 8830 8880 
f 3059 2777 8007 
f 1350 1970 1939 
f 5988 6113 6404 
f 7329 9259 6717 
f 252 91 124 
f 8758 8901 8045 
f 8770 9460 9290 
f 1531 7636 10658 
f 6758 8119 8758 
f 6537 6185 6535 
f 1617 4283 4232 
f 7440 3908 3158 
f 5383 5321 5382 
f 5873 5884 6704 
f 9346 9517 2138 
f 4787 4300 4305 
f 6581 7203 10309 
f 1262 3362 4330 
f 9170 7438 3092 
f 9398 3341 3422 
f 9444 8261 9443 
f 8262 6098 1693 
f 8747 8759 8770 
f 8685 6594 8752 
f 2697 9342 1606 
f 10089 5501 4465 
f 2610 405 6708 
f 6795 8925 8330 
f 9261 8735 8717 
f 3958 3808 3805 
f 8812 1026 8975 
f 2782 3996 9218 
f 9806 9071 9072 
f 1138 6947 2017 
f 846 1526 2473 
f 404 7033 334 
f 2515 10091 10711 
f 9770 2623 3474 
f 9495 9459 8430 
f 6227 6164 7875 
f 10697 5607 5606 
f 8889 5576 4728 
f 2775 3541 3661 
f 6520 4347 3832 
f 9923 9763 5537 
f 10142 72 75 
f 7391 6721 7397 
f 855 2705 6865 
f 8210 8036 8297 
f 6521 6874 2542 
f 8903 6724 6887 
f 9770 3474 1736 
f 9541 4796 1828 
f 8299 9928 8179 
f 9733 721 2185 
f 1759 1758 2075 
f 9223 715 5908 
f 1850 2617 9592 
f 5748 10024 10347 
f 8125 5918 2414 
f 10105 1722 8016 
f 5492 5055 6066 
f 648 677 8118 
f 7086 9529 3154 
f 1781 813 9981 
f 8700 6305 8845 
f 8455 939 2234 
f 3774 4468 2853 
f 2045 3712 8483 
f 7798 7583 7687 
f 5393 5395 8629 
f 3674 6546 628 
f 8409 6788 6944 
f 1751 1411 117 
f 8367 7713 6323 
f 6762 2020 2669 
f 812 4151 906 
f 3197 3196 3255 
f 6632 2178 9350 
f 6061 8447 6210 
f 5871 1834 5899 
f 4095 4103 3951 
f 5467 790 4916 
f 359 6515 2192 
f 7953 6373 8919 
f 1048 6545 2517 
f 8648 6771 3963 
f 5735 3748 6980 
f 3197 3120 3196 
f 9190 9085 9147 
f 6392 2357 1963 
f 7540 1001 729 
f 9092 311 658 
f 8680 9877 7926 
f 8216 6933 9635 
f 4747 6677 2234 
f 518 5361 4154 
f 407 5239 5130 
f 2197 2715 5587 
f 9924 2022 2094 
f 2747 3147 7010 
f 9389 5814 8325 
f 3708 9188 7062 
f 361 358 525 
f 1827 338 837 
f 8258 2581 7924 
f 846 1557 990 
f 9379 6681 6451 
f 7526 1421 2936 
f 8810 1026 8872 
f 8032 1445 6782 
f 8080 7758 9183 
f 6567 10138 8670 
f 5513 3423 6808 
f 4450 9001 8988 
f 7651 6322 6852 
f 5173 5633 5054 
f 7439 2586 8175 
f 9312 8286 2036 
f 4718 7204 264 
f 9212 1646 2533 
f 9439 6873 7388 
f 9687 3589 7879 
f 2085 7265 7307 
f 3881 3749 1078 
f 2986 8168 8450 
f 9348 707 9083 
f 7068 7302 7226 
f 425 561 6071 
f 1549 7411 8729 
f 2156 286 6532 
f 8452 6394 1119 
f 2675 158 2134 
f 6517 749 375 
f 931 4189 2730 
f 5973 7673 1839 
f 6566 7397 6721 
f 6263 2 10600 
f 59 3032 9616 
f 4350 9134 3548 
f 6426 2191 2189 
f 8011 7941 8074 
f 5821 5810 5847 
f 8779 8602 4533 
f 727 9560 8278 
f 6021 494 2178 
f 1342 8580 8999 
f 8422 8420 7091 
f 10207 10284 10509 
f 7225 7349 7459 
f 2122 4082 1176 
f 10213 5248 4643 
f 1640 8448 9565 
f 10251 6096 5010 
f 6053 9413 5926 
f 7049 6838 6939 
f 10534 10461 10497 
f 7551 6744 7406 
f 7657 3518 2751 
f 7155 6945 7270 
f 3140 10230 469 
f 7804 6710 9578 
f 9494 6858 7554 
f 3882 4071 4072 
f 2046 2044 2379 
f 6769 9529 7086 
f 6571 6709 8440 
f 2964 8671 3542 
f 10687 59 9616 
f 4199 10658 2043 
f 2469 9709 2757 
f 2079 9326 1903 
f 9613 6699 4515 
f 10001 658 5513 
f 1877 7332 5856 
f 3909 2063 4454 
f 4889 4720 5438 
f 9272 8159 6826 
f 3878 5004 10036 
f 615 7393 6730 
f 5409 5456 3973 
f 6904 750 530 
f 9114 6229 3412 
f 10141 299 4429 
f 10545 7700 340 
f 8440 6770 9578 
f 1762 7760 7230 
f 3641 6460 9715 
f 7633 6478 7925 
f 2353 1276 1937 
f 6825 4100 1429 
f 5858 5797 5837 
f 5362 867 2217 
f 8551 8657 10357 
f 10715 2829 4947 
f 2136 1976 6848 
f 7812 7939 8372 
f 2120 10236 1845 
f 9352 4516 8047 
f 9659 560 3875 
f 8998 9215 8863 
f 7755 8149 8001 
f 3633 7974 9620 
f 5665 1244 6824 
f 2063 7547 4454 
f 4312 6197 2916 
f 7864 8543 7429 
f 945 422 4011 
f 10090 3724 1174 
f 9042 7447 9044 
f 5763 10215 1670 
f 5933 5932 7704 
f 4845 55 79 
f 10132 9993 10134 
f 4335 2284 2440 
f 6821 8776 4780 
f 10259 9355 3755 
f 9383 4484 7672 
f 3807 3806 4203 
f 3893 6299 3889 
f 7803 6485 8252 
f 10023 7304 4108 
f 5703 5706 8229 
f 9168 9521 9519 
f 2109 7631 10453 
f 5355 3114 8773 
f 8380 9272 7482 
f 8044 7879 10273 
f 5303 6134 4121 
f 9790 315 80 
f 289 9016 8974 
f 8910 8804 9198 
f 8125 8210 1136 
f 9220 9168 9519 
f 2757 9544 5464 
f 154 2326 5166 
f 1456 1237 1282 
f 7030 6778 159 
f 4622 5799 3591 
f 5113 6246 10104 
f 548 5920 5052 
f 10015 14 3000 
f 4333 4297 4419 
f 7527 7301 7383 
f 8538 8410 7632 
f 6416 6851 6572 
f 4881 5725 4848 
f 2035 3204 1991 
f 5364 926 4667 
f 8710 292 4519 
f 10017 7318 7235 
f 447 6079 4427 
f 9112 8655 1969 
f 5200 184 1648 
f 3899 3897 2819 
f 5083 2154 1407 
f 429 10521 9499 
f 2657 2651 2656 
f 6864 9427 2555 
f 6787 9861 7398 
f 5612 8634 8641 
f 2260 8995 15 
f 6918 9542 6560 
f 6666 6557 6936 
f 8670 10138 1156 
f 6782 10235 8014 
f 352 3536 6482 
f 768 7518 8582 
f 4064 4485 9980 
f 4532 6762 3116 
f 6498 8440 6709 
f 8226 6823 2481 
f 9391 6930 6932 
f 9352 9351 9449 
f 10248 10533 8971 
f 5767 2087 6944 
f 639 8119 6758 
f 3809 1806 1850 
f 7192 6573 8741 
f 2122 790 2121 
f 9359 9275 10596 
f 1529 6703 2923 
f 7924 2581 7520 
f 10107 4698 9991 
f 2060 2220 3949 
f 9802 57 9717 
f 2700 1583 4623 
f 5905 7062 6511 
f 10003 3185 455 
f 8757 8747 9290 
f 1257 3129 3740 
f 1876 3219 10610 
f 8174 6714 7820 
f 9210 3213 2356 
f 5756 402 1123 
f 7744 9816 6367 
f 4611 10404 10477 
f 6770 6485 7804 
f 891 7563 10649 
f 1285 474 7333 
f 8117 387 8861 
f 9755 1556 9771 
f 9246 7189 4893 
f 5055 4682 6066 
f 8975 9029 4274 
f 3462 5309 2016 
f 8936 3979 7844 
f 9350 1135 6632 
f 9220 8339 9551 
f 853 107 2400 
f 8087 10337 5794 
f 10565 4332 7283 
f 6419 9469 1559 
f 7192 8741 8992 
f 10310 10312 9183 
f 6188 608 278 
f 7080 10590 5479 
f 9183 7758 6851 
f 8886 961 3170 
f 7738 9416 8428 
f 4062 10131 10300 
f 7524 1530 4766 
f 10347 10024 10343 
f 2965 10582 5495 
f 6787 8049 6887 
f 8847 8845 225 
f 7775 6645 6710 
f 8430 6583 8428 
f 8440 6487 6571 
f 8054 6379 8680 
f 2193 7163 7641 
f 4884 7604 5725 
f 7143 446 2100 
f 557 2393 2275 
f 9556 2638 2625 
f 8174 8865 6714 
f 337 425 3155 
f 8422 7091 6891 
f 1081 10369 188 
f 5993 6185 6705 
f 8712 2965 5406 
f 6198 9337 8569 
f 7748 7821 7676 
f 2681 5297 6855 
f 5558 7108 7430 
f 8529 8527 612 
f 5964 5824 5526 
f 8568 8540 8623 
f 8380 547 8159 
f 588 8349 10664 
f 1828 4796 6661 
f 688 6252 1013 
f 6849 6343 7746 
f 6395 3184 6439 
f 929 8566 119 
f 7750 2794 8034 
f 8688 3498 3500 
f 1638 6596 4381 
f 8788 6761 8760 
f 6237 5948 5946 
f 9316 3513 6674 
f 3342 1676 1704 
f 2866 2918 72 
f 2215 9399 6753 
f 1805 1803 2946 
f 8921 5966 8801 
f 2385 837 2484 
f 9311 6868 6588 
f 6242 9073 6240 
f 2443 9991 4698 
f 1120 1420 23 
f 5014 4733 7309 
f 8546 8460 8545 
f 8100 7817 7937 
f 1708 7938 6923 
f 1930 8895 2118 
f 9325 9545 9935 
f 7483 7240 8053 
f 31 4186 3725 
f 10022 2277 4632 
f 2986 8450 744 
f 6027 10716 5884 
f 4997 1015 2642 
f 4183 3975 1226 
f 6720 7314 984 
f 6501 7398 7713 
f 8721 8672 8793 
f 2487 2521 2626 
f 10361 106 10465 
f 8078 3210 2175 
f 3790 3408 1813 
f 8561 9288 6536 
f 8477 8568 8480 
f 3307 2375 127 
f 2435 9494 5657 
f 6840 9936 9740 
f 5245 9585 1308 
f 8028 4911 8029 
f 2761 1993 9177 
f 7439 9285 2586 
f 3262 4514 10654 
f 2326 2382 1579 
f 9775 4105 4103 
f 4020 6019 8715 
f 3708 3339 6786 
f 3932 7733 7625 
f 10433 1071 9904 
f 1750 1749 5040 
f 3897 3896 479 
f 10203 8503 7770 
f 2965 6890 7981 
f 7560 238 248 
f 8823 8012 1418 
f 8744 8745 8332 
f 2075 1758 7535 
f 7055 2640 6312 
f 6162 7011 1517 
f 5726 2886 4068 
f 8282 4158 8299 
f 1830 8103 10375 
f 7030 6619 8289 
f 9724 5717 1009 
f 9037 7802 7068 
f 10330 4491 5707 
f 8045 8759 8758 
f 9044 2376 8495 
f 7577 3912 7771 
f 9776 9833 9767 
f 2838 5122 2129 
f 7469 7528 10487 
f 6355 2943 5177 
f 3084 3127 3034 
f 45 44 8342 
f 3740 3129 8198 
f 5734 2307 259 
f 4378 8188 7655 
f 7335 7254 7568 
f 8055 7960 8145 
f 1098 7912 6911 
f 10457 5490 8204 
f 4904 9916 6807 
f 6516 7868 6655 
f 6697 7927 9308 
f 6017 2910 8542 
f 3118 7949 5723 
f 417 279 6879 
f 8181 8108 8179 
f 9431 1066 516 
f 10574 314 5485 
f 6812 6804 6860 
f 9183 10312 8080 
f 6726 6616 7738 
f 3738 8533 6476 
f 10228 7573 1489 
f 9317 9226 9007 
f 8379 630 5145 
f 2371 10036 6692 
f 7274 4954 2701 
f 8404 8470 8557 
f 3082 1084 926 
f 6777 7875 6803 
f 1023 10365 1136 
f 1862 7370 8768 
f 4481 9240 6423 
f 7430 1411 5294 
f 9748 9757 2132 
f 5730 2492 9213 
f 9912 2178 6632 
f 1479 3165 1388 
f 9509 6418 7637 
f 9836 9885 8333 
f 5211 3058 3231 
f 9539 450 6887 
f 1816 10651 5115 
f 8871 6000 3864 
f 6518 7090 6458 
f 5632 4362 5646 
f 1611 780 782 
f 6560 4880 6918 
f 7131 10645 2741 
f 6447 9437 8531 
f 10291 9499 8141 
f 5813 7970 5777 
f 8168 10602 9405 
f 7713 8276 6471 
f 1797 1712 1795 
f 1453 4986 730 
f 3381 7051 6647 
f 5518 1899 10034 
f 2098 3903 4244 
f 8012 10121 9757 
f 4469 3438 2479 
f 7348 7542 3507 
f 155 5316 258 
f 3359 7745 4387 
f 1467 3962 2558 
f 9753 9585 9577 
f 3756 4405 3866 
f 8397 8206 8259 
f 1488 5148 3023 
f 477 2162 10587 
f 10255 1956 10167 
f 5497 3944 3346 
f 3061 2621 7359 
f 3346 3154 5759 
f 484 4937 4936 
f 7803 9391 7804 
f 2419 3460 8283 
f 10597 10663 10636 
f 7570 6547 6464 
f 278 608 8697 
f 1376 4996 4922 
f 422 9711 4373 
f 5823 6184 10250 
f 2543 1271 549 
f 6796 3426 487 
f 5440 8704 1806 
f 6706 8548 468 
f 7446 2299 6769 
f 10538 8607 9106 
f 5064 5401 1410 
f 9383 10641 3166 
f 8074 7841 8010 
f 10109 9959 10106 
f 9951 9946 9915 
f 10118 9969 10045 
f 2468 2897 8413 
f 4329 9012 4896 
f 8892 8850 8962 
f 4941 854 2194 
f 4238 4107 4195 
f 8787 334 7033 
f 9465 6379 8054 
f 1088 8121 4956 
f 7014 7085 7152 
f 2642 1015 5640 
f 9065 9398 8801 
f 6057 5326 10501 
f 2708 6123 733 
f 10711 1737 2515 
f 3405 6524 5453 
f 9901 1197 9316 
f 2484 2128 2385 
f 2111 7127 4930 
f 1750 9700 4417 
f 5966 8921 9316 
f 1366 3473 8734 
f 6298 6343 6849 
f 8454 838 3766 
f 8183 2777 153 
f 6227 6766 6633 
f 7919 6557 5167 
f 6080 420 1702 
f 3405 5802 8341 
f 7246 1796 4614 
f 1015 4997 6516 
f 8840 1323 893 
f 7214 7385 7077 
f 9401 234 1160 
f 4302 1794 4188 
f 1074 952 1007 
f 6324 4266 7036 
f 1671 7458 6947 
f 4977 1558 13 
f 8241 7225 640 
f 8682 1585 10581 
f 9479 9439 7388 
f 1254 8390 2078 
f 8152 1185 6248 
f 6394 8122 9313 
f 10370 1437 1398 
f 3503 5043 3893 
f 894 4093 3305 
f 10544 10153 10505 
f 7599 6738 6566 
f 969 5017 4106 
f 1055 4679 8739 
f 6830 1276 3033 
f 9165 9071 7787 
f 3617 1127 5236 
f 4997 1623 1624 
f 1135 9350 4124 
f 7605 6259 9890 
f 1948 1947 2934 
f 9638 8179 10286 
f 4626 1514 8709 
f 8702 8942 8816 
f 3956 4113 4031 
f 6621 6400 6820 
f 777 4986 8645 
f 7474 6144 8839 
f 10578 8115 5014 
f 9116 8896 8756 
f 9380 7482 578 
f 9853 4600 2399 
f 3494 135 2714 
f 1808 1179 1747 
f 7552 7175 4325 
f 2587 9824 5717 
f 8253 6750 9751 
f 2054 10472 1849 
f 5707 9056 9068 
f 1587 1738 1591 
f 2809 2966 9951 
f 10214 7676 1538 
f 3603 7552 10592 
f 2853 10619 3774 
f 845 615 9050 
f 5360 6662 8019 
f 8593 8468 8520 
f 3121 6033 5574 
f 6186 8051 9681 
f 8597 6933 8731 
f 7824 5565 8973 
f 8722 8721 8854 
f 6646 9515 8315 
f 2792 7385 7214 
f 6785 6870 7245 
f 4881 10030 4989 
f 6593 5897 5895 
f 8675 4023 10716 
f 5351 8115 6455 
f 849 4124 9621 
f 2799 2850 2764 
f 5926 6397 6053 
f 4924 3033 2353 
f 1017 1806 1288 
f 9998 133 1694 
f 9246 3795 2265 
f 7239 1551 2582 
f 1076 10115 8924 
f 2892 1560 1655 
f 436 2102 1376 
f 6200 6705 6450 
f 8175 9412 7439 
f 4858 1684 535 
f 5964 6166 6435 
f 10604 10603 6390 
f 1264 3886 1086 
f 7141 7249 7251 
f 10130 1340 1379 
f 1684 319 318 
f 7875 6777 6227 
f 8374 8589 10502 
f 4013 344 1144 
f 7350 7428 7431 
f 5459 3504 8944 
f 6567 8670 1508 
f 9756 9755 9771 
f 129 10616 1203 
f 6890 6892 6576 
f 7406 8252 6485 
f 2264 527 1602 
f 7140 7839 7247 
f 3607 543 10426 
f 4600 3229 2399 
f 10645 10151 2741 
f 10655 6938 4859 
f 5628 6631 832 
f 3323 2808 1995 
f 6698 1226 3417 
f 10323 10393 10246 
f 9329 9042 9044 
f 4105 4116 3532 
f 5799 6140 2510 
f 6530 5382 9492 
f 393 9526 394 
f 2323 9469 6419 
f 3861 464 2575 
f 1701 2723 534 
f 8770 8759 8045 
f 2646 6431 8259 
f 7704 8962 5933 
f 8383 8386 6611 
f 6265 1314 5907 
f 5618 2451 6036 
f 5225 284 509 
f 6308 372 9683 
f 851 1372 2159 
f 9485 9113 8618 
f 2107 3770 2038 
f 3346 3944 3152 
f 469 10230 3525 
f 425 8192 3155 
f 7058 449 8369 
f 3597 7935 9104 
f 8274 8281 5913 
f 1552 1511 10559 
f 4451 10625 5341 
f 8357 1120 4913 
f 9980 4485 9739 
f 9877 1295 9878 
f 3838 3800 3881 
f 9041 2088 694 
f 8495 3875 1466 
f 3366 9025 2974 
f 9571 8248 9356 
f 9433 9693 9695 
f 6892 6890 6572 
f 5615 7304 8070 
f 9568 1565 1150 
f 514 1279 2172 
f 6160 6164 6227 
f 8997 1088 1131 
f 2423 6278 7565 
f 414 5918 8183 
f 6160 6268 7806 
f 355 967 970 
f 944 7596 4722 
f 5602 5495 10582 
f 4390 1408 6385 
f 3017 10526 3015 
f 3619 3227 3803 
f 954 953 1629 
f 6799 8273 9700 
f 878 5171 876 
f 244 6488 5813 
f 8148 2745 8151 
f 6572 6890 6416 
f 528 6771 10635 
f 4170 6378 8558 
f 2883 819 2998 
f 3058 3056 9406 
f 10639 7031 9493 
f 7275 2221 1016 
f 6887 9861 6787 
f 8440 7391 6770 
f 2143 2571 10002 
f 2054 7885 2294 
f 1995 3007 1626 
f 4389 10085 8525 
f 8450 8168 6656 
f 6710 9391 7775 
f 6706 7892 137 
f 10398 10341 10340 
f 5760 7228 4337 
f 482 6049 506 
f 4092 1093 6711 
f 10375 10489 1830 
f 3474 2623 5760 
f 7588 7515 7498 
f 6862 163 316 
f 7395 5302 6366 
f 8604 10055 3969 
f 3775 7359 2256 
f 1736 2651 1403 
f 2500 5936 1286 
f 7907 4990 6396 
f 10589 7474 7547 
f 1562 1452 270 
f 626 842 717 
f 9471 134 8374 
f 8419 5014 8115 
f 10084 4716 4050 
f 983 9192 9718 
f 9787 9059 7533 
f 10518 259 3626 
f 1912 7466 1523 
f 760 4050 7263 
f 5144 9564 8492 
f 5245 1308 7929 
f 5791 628 6546 
f 4772 10423 8417 
f 4265 4140 5452 
f 3616 9543 3658 
f 2365 5652 1365 
f 7329 9065 9259 
f 5047 7454 3846 
f 9606 624 178 
f 9121 3338 7363 
f 9446 10022 10350 
f 6602 6603 1610 
f 8379 10471 8530 
f 4487 348 1447 
f 9285 236 10089 
f 8846 9454 497 
f 6927 6624 6645 
f 4480 9063 1159 
f 5022 5496 6459 
f 9699 8272 5754 
f 573 9287 349 
f 9574 7780 1696 
f 3626 259 10658 
f 3465 2039 9785 
f 5050 10498 1598 
f 2175 3210 3216 
f 6511 3701 5905 
f 418 1155 138 
f 6911 2495 8574 
f 9131 6282 6336 
f 5341 3164 9088 
f 4097 8182 215 
f 10290 10428 10293 
f 8366 7401 10189 
f 10684 1132 117 
f 6251 9169 356 
f 479 3896 9651 
f 8047 8509 8176 
f 1929 2035 1991 
f 7710 8855 5828 
f 8679 9551 9549 
f 1577 757 8497 
f 2967 6490 6890 
f 8539 1771 8475 
f 8753 8623 8689 
f 2172 9922 514 
f 6813 3075 7835 
f 2746 6539 8195 
f 6627 9263 9308 
f 8315 6927 6646 
f 2382 10189 5025 
f 2197 8719 2389 
f 4744 8291 6179 
f 5144 9006 6443 
f 9993 1633 6652 
f 7181 5642 3592 
f 6665 6018 6431 
f 4936 485 484 
f 4071 4069 4072 
f 4491 10132 10134 
f 2813 2854 2816 
f 7398 8168 2986 
f 520 4708 6458 
f 2791 3013 3012 
f 5424 2123 6364 
f 2597 3691 9000 
f 3473 4172 2466 
f 9309 503 8750 
f 991 1202 10673 
f 6607 7744 6749 
f 5732 5752 5703 
f 3102 4882 6426 
f 4558 2189 2191 
f 1517 3732 8275 
f 8894 7201 6727 
f 6746 766 4819 
f 8863 8865 8679 
f 2196 7951 7107 
f 6697 9308 6538 
f 5589 9119 3193 
f 9325 8679 8865 
f 456 6067 1561 
f 4638 8924 10115 
f 3165 7520 2581 
f 8777 10117 8802 
f 2423 2424 7358 
f 5838 5816 5858 
f 5976 5857 5953 
f 2230 2599 2591 
f 561 10006 6139 
f 6694 9483 7320 
f 1798 439 1799 
f 7930 6834 4399 
f 3911 2152 3519 
f 4580 2767 7803 
f 10587 2162 8352 
f 2705 855 2612 
f 6207 6206 5347 
f 9220 9551 9168 
f 2830 1842 37 
f 7339 3022 2059 
f 7480 6222 3653 
f 8769 6858 9494 
f 6608 1811 2707 
f 1208 4100 410 
f 3944 6915 7028 
f 10654 2132 10629 
f 9721 9668 9735 
f 8763 6655 9264 
f 8036 2414 3700 
f 9665 8571 3175 
f 9519 9521 7917 
f 705 2431 2604 
f 7604 4908 10199 
f 8227 8881 1573 
f 10182 4945 2247 
f 4533 3488 8779 
f 10475 8738 4412 
f 6624 6571 6487 
f 6801 4841 6326 
f 5841 1698 10227 
f 6949 6538 2432 
f 8082 6624 6570 
f 2474 238 7560 
f 477 9905 2162 
f 4247 3666 7797 
f 9081 5540 3005 
f 2432 6538 9308 
f 1199 4316 4151 
f 256 2689 2743 
f 6819 6920 6610 
f 10122 2910 7107 
f 7770 8572 10204 
f 10534 10497 10591 
f 9208 9162 9205 
f 2059 3022 3974 
f 1089 508 2834 
f 9157 9225 4185 
f 6208 6547 6466 
f 9354 6405 9291 
f 2865 6640 6432 
f 10343 6069 2659 
f 8328 8038 8792 
f 6865 10629 855 
f 617 2448 787 
f 1174 3724 9601 
f 338 1827 127 
f 3828 5349 6010 
f 1980 8159 547 
f 7432 7433 216 
f 1758 4121 7535 
f 2433 10463 2499 
f 9397 9712 5592 
f 8282 10536 8472 
f 5945 5051 5944 
f 2098 7075 5079 
f 9728 9191 9729 
f 6576 6471 6629 
f 10527 2920 4045 
f 3794 3749 3707 
f 4528 40 2517 
f 599 600 3782 
f 1702 2891 6080 
f 6531 7769 9032 
f 5516 6886 10483 
f 15 9774 6285 
f 4076 4020 4106 
f 1802 945 4011 
f 8599 6232 3729 
f 2217 8486 5362 
f 587 8498 656 
f 5917 6174 3143 
f 10305 6162 1517 
f 2998 3652 1734 
f 2085 6056 2281 
f 3578 10405 2566 
f 2510 3860 3591 
f 8946 10023 4108 
f 190 9889 7341 
f 10342 7380 7258 
f 10578 2059 3974 
f 4292 7217 5061 
f 6967 7035 6844 
f 7358 6138 2422 
f 395 4809 8303 
f 6506 3818 7916 
f 6938 5743 4088 
f 764 4088 2179 
f 3398 3403 7352 
f 10675 10699 2363 
f 9476 7863 7867 
f 6121 6232 8599 
f 3896 2997 9704 
f 5491 4998 1745 
f 5755 1070 7535 
f 648 10599 677 
f 4432 1608 4452 
f 8765 2595 506 
f 4682 9930 6066 
f 1410 5401 5309 
f 8577 8818 106 
f 1496 8613 1165 
f 8839 6627 7304 
f 8049 6501 6892 
f 8198 5126 3740 
f 1420 1120 4925 
f 7554 7775 8170 
f 9849 7422 8881 
f 7775 6932 8170 
f 7055 6312 7019 
f 4969 10582 9684 
f 7468 5340 8796 
f 2604 2776 5809 
f 9207 661 596 
f 4462 2906 1130 
f 8777 434 10117 
f 2061 1709 5554 
f 7021 3919 7219 
f 6695 6512 363 
f 5570 5058 5060 
f 9945 10170 2216 
f 4576 258 7537 
f 3870 10152 9503 
f 6645 7775 7555 
f 4281 3019 6922 
f 3884 315 5053 
f 7736 7662 3692 
f 2039 294 4078 
f 4997 1624 6856 
f 359 5708 3736 
f 4307 9257 4309 
f 596 10560 10577 
f 1536 6513 6689 
f 6343 7999 8086 
f 10461 10340 10397 
f 8950 5078 5639 
f 9503 10152 429 
f 5732 5779 5752 
f 7407 8504 9262 
f 6936 7744 6367 
f 10675 2937 5607 
f 1452 8708 270 
f 3884 7685 8781 
f 8781 9287 573 
f 4479 4573 4482 
f 5069 2648 5169 
f 3065 129 7889 
f 193 3691 4678 
f 9535 6266 7206 
f 8104 5399 7342 
f 4641 2999 2494 
f 5604 2869 10321 
f 6629 9684 6576 
f 4784 3706 3438 
f 6425 4817 5719 
f 592 4600 4124 
f 5001 4348 8009 
f 2229 1452 1562 
f 9396 5334 5065 
f 3774 10619 4716 
f 6726 9515 6616 
f 2154 8396 6895 
f 2803 7732 7721 
f 2476 8182 3111 
f 9902 6081 6083 
f 4621 6563 2062 
f 2446 2513 1367 
f 5832 5973 4399 
f 3468 5733 5203 
f 9263 9264 6655 
f 8842 1538 4431 
f 10459 10455 10495 
f 9109 2583 2574 
f 150 800 1925 
f 9802 9800 9801 
f 836 10615 8207 
f 5917 9300 2679 
f 2137 1976 2136 
f 8797 6417 8998 
f 2350 9995 6147 
f 9889 190 5719 
f 6738 9506 6604 
f 7192 8992 1842 
f 5806 7321 2620 
f 9332 9236 9279 
f 6081 9902 7201 
f 305 1677 2637 
f 6928 6050 6914 
f 8869 5393 8629 
f 1288 8498 1017 
f 7912 3422 8261 
f 364 7910 8603 
f 6639 1086 4587 
f 6556 8570 8786 
f 8643 8317 8838 
f 7948 6647 7051 
f 7452 3659 5087 
f 6761 8788 8925 
f 9494 2435 8769 
f 417 7326 940 
f 10009 9312 2036 
f 5294 3114 5355 
f 8809 9412 8175 
f 9391 6932 7775 
f 6425 4848 4817 
f 7436 6828 1046 
f 925 334 8787 
f 3545 6329 1814 
f 1532 1219 825 
f 2811 4016 10631 
f 4936 4937 973 
f 7247 7053 7650 
f 7377 7374 166 
f 6247 7354 8234 
f 6817 6715 7709 
f 393 7289 2807 
f 1725 9660 9677 
f 351 488 9115 
f 1163 9708 2047 
f 2633 442 7968 
f 10524 1955 7216 
f 7451 1944 6306 
f 9901 8922 5365 
f 10501 5907 6038 
f 4910 3163 6449 
f 7372 8573 2701 
f 3467 5894 5897 
f 4677 6425 5719 
f 2901 2545 2544 
f 2075 8693 6833 
f 2718 2717 2787 
f 8603 1246 710 
f 8106 646 2486 
f 2660 5087 3659 
f 9805 8310 7832 
f 6719 7925 7936 
f 6604 9506 4677 
f 8403 1071 6306 
f 8838 7973 8643 
f 6604 4677 9509 
f 3145 10548 10678 
f 5453 6524 6478 
f 24 2413 22 
f 9084 9081 9187 
f 10244 10087 10086 
f 736 9038 5536 
f 6484 8901 8119 
f 5802 4287 8279 
f 4603 10713 8675 
f 7806 578 9420 
f 371 9576 1225 
f 6887 6724 9539 
f 9515 6646 6616 
f 6656 9407 9403 
f 7884 6991 7969 
f 6386 4971 6384 
f 1927 6970 6974 
f 1895 1858 1939 
f 5027 10337 9836 
f 10540 10473 7931 
f 9930 4682 3363 
f 3551 9493 1743 
f 10692 10249 2018 
f 6027 4553 4603 
f 7340 1934 6917 
f 2628 1061 281 
f 3072 7985 9777 
f 1930 5482 8895 
f 9648 5267 9666 
f 3525 4310 3527 
f 10499 4057 4530 
f 9281 163 1874 
f 8867 4196 2271 
f 2446 6760 2428 
f 880 4235 5999 
f 4498 9631 2654 
f 1677 2082 2188 
f 8669 7778 5931 
f 7934 3728 2810 
f 5893 5939 5941 
f 8905 8049 6892 
f 228 2483 565 
f 8804 8752 6594 
f 9559 9558 9610 
f 9664 3129 10660 
f 2640 2641 1690 
f 2969 1955 10524 
f 7866 6686 6878 
f 9229 7617 6473 
f 7325 4130 9108 
f 8894 8042 8929 
f 1595 4035 1107 
f 8492 118 3423 
f 7247 7650 1789 
f 9805 5468 6893 
f 9778 9662 10108 
f 6199 733 6123 
f 3767 8481 8149 
f 9681 8051 4564 
f 3229 4600 5108 
f 961 130 193 
f 8885 8545 8834 
f 7671 8325 6741 
f 8622 2736 4545 
f 6642 838 8454 
f 6304 5695 3392 
f 9766 9738 9776 
f 1849 7885 2054 
f 840 8110 791 
f 8293 1112 8580 
f 5110 8844 2672 
f 3049 349 9621 
f 6577 3607 10426 
f 7292 5756 9233 
f 7325 5636 2940 
f 4765 1949 2392 
f 3839 3813 2806 
f 9051 8885 8949 
f 10560 661 6981 
f 10241 8626 4288 
f 5113 8152 6246 
f 36 4868 39 
f 783 3695 8040 
f 8553 6527 10264 
f 5752 5753 5737 
f 8561 5619 10249 
f 3453 3446 3746 
f 4187 8789 1426 
f 7157 9672 673 
f 3405 6950 5802 
f 1553 3083 1178 
f 6940 8012 8823 
f 4759 8589 7684 
f 7534 6184 5823 
f 7968 2759 2932 
f 6952 7526 217 
f 5396 5261 9835 
f 2930 2854 2929 
f 10064 1225 9765 
f 2782 6956 2276 
f 4347 6520 4818 
f 7446 9476 7867 
f 6034 7064 6000 
f 1521 7076 3234 
f 561 425 337 
f 8082 6570 7758 
f 5266 1132 5052 
f 8419 5351 4552 
f 3363 2488 9930 
f 6842 8799 10035 
f 1578 8845 2153 
f 4352 4520 4183 
f 545 5234 8684 
f 5016 9528 5429 
f 9907 9935 9105 
f 2967 9183 6490 
f 1934 3213 3212 
f 3365 2406 2291 
f 2672 10568 5110 
f 1623 2642 2548 
f 7827 206 686 
f 7891 7687 7890 
f 232 579 4610 
f 4286 3097 3930 
f 6835 2342 7807 
f 3331 7265 2281 
f 5440 2679 10345 
f 9325 9926 9545 
f 6473 7617 2979 
f 1573 6369 8227 
f 7746 7763 6849 
f 696 10690 3506 
f 9423 3279 3073 
f 10340 10175 10266 
f 7352 7302 3398 
f 7524 3983 10400 
f 4979 2693 4977 
f 6860 6859 6812 
f 9995 10700 7957 
f 6925 8786 8570 
f 1634 9533 4536 
f 7561 962 3112 
f 7223 369 640 
f 227 1956 6863 
f 10493 5289 4082 
f 5480 5511 2953 
f 8532 5313 5161 
f 9505 4849 312 
f 6054 7957 10700 
f 9018 367 10555 
f 6537 6705 6185 
f 8932 7088 8933 
f 4979 10417 6273 
f 6840 6657 6537 
f 7501 7271 7431 
f 2297 3411 2609 
f 6215 8713 505 
f 2310 2502 1923 
f 7916 8862 8861 
f 4837 8794 2592 
f 4243 9133 9369 
f 9907 9551 8679 
f 8049 8905 6887 
f 3970 10619 6042 
f 6466 6397 6208 
f 6212 5927 6216 
f 5946 7764 7761 
f 2426 2427 7565 
f 10022 5955 2277 
f 8070 7304 6627 
f 1319 2242 9815 
f 8398 7314 6720 
f 5076 2614 2656 
f 67 6358 6016 
f 7554 6858 9402 
f 8818 8816 9069 
f 4734 1466 560 
f 9260 10482 4275 
f 10465 421 10483 
f 2062 5923 4621 
f 2412 803 2008 
f 8380 8159 9272 
f 7677 7774 7869 
f 9730 9677 9627 
f 10457 4088 5490 
f 7818 3020 6025 
f 6870 6075 6611 
f 7806 9468 6160 
f 1680 976 8920 
f 1505 2232 2236 
f 546 9690 9719 
f 1536 5040 1749 
f 4393 7012 4392 
f 5585 5884 6691 
f 8376 10128 6619 
f 885 6730 4646 
f 4622 651 3363 
f 3706 96 3368 
f 6816 9403 9405 
f 4023 8675 4220 
f 2974 744 9127 
f 6873 9439 7327 
f 4124 2096 3049 
f 8256 6216 6599 
f 10456 2179 10457 
f 9208 9209 9162 
f 4734 10006 337 
f 8712 5406 6615 
f 9999 10000 7109 
f 805 6977 2735 
f 9393 1068 8266 
f 7940 693 5517 
f 9757 9748 2773 
f 9545 8788 9935 
f 9044 1570 2376 
f 8664 8714 7314 
f 9174 3284 3283 
f 6981 6979 7114 
f 3240 4864 821 
f 5944 2473 3673 
f 8660 5759 10357 
f 10393 5477 10325 
f 10419 6214 10211 
f 5215 5062 5327 
f 8864 2377 10054 
f 7013 4645 7008 
f 247 7347 1579 
f 9555 1840 3189 
f 2522 283 2345 
f 1642 7211 8378 
f 1091 5277 4844 
f 8760 8928 8799 
f 1566 3350 5643 
f 5524 5211 1770 
f 9134 4496 9434 
f 2545 3950 2379 
f 10511 10298 5727 
f 4149 4150 875 
f 9025 744 2974 
f 1988 4284 1725 
f 6666 6936 6440 
f 2103 2105 8212 
f 2096 4411 6430 
f 3945 3842 3589 
f 8709 407 326 
f 6671 9486 1019 
f 1743 7923 3551 
f 10638 10007 539 
f 4541 895 4752 
f 4760 520 6458 
f 9201 9486 6671 
f 10004 10143 10063 
f 3163 4731 3477 
f 6158 6137 3624 
f 8264 8640 3878 
f 3800 1653 3749 
f 611 6330 245 
f 130 7740 1534 
f 10075 9651 6663 
f 10507 5054 4556 
f 7292 10267 9000 
f 409 3779 8900 
f 4887 9625 6069 
f 6391 8361 4780 
f 8118 6631 648 
f 6059 3170 961 
f 416 7672 4484 
f 9153 8989 3114 
f 2114 10616 4291 
f 10055 3311 6794 
f 6793 6769 2299 
f 8839 7304 10023 
f 10449 9342 2697 
f 5715 4048 5158 
f 5365 3378 9901 
f 3513 4773 6674 
f 4107 4156 4195 
f 7615 602 7727 
f 7543 3653 5742 
f 2399 3467 1354 
f 4010 8971 10533 
f 4575 688 810 
f 10445 867 4721 
f 8279 4195 4156 
f 9945 2216 8647 
f 9444 8263 6223 
f 5893 5938 5939 
f 6239 6758 1325 
f 8041 10435 2113 
f 10548 3145 3144 
f 4943 2667 10102 
f 9245 4091 1366 
f 3439 3807 3440 
f 6635 9335 2425 
f 2657 2656 1652 
f 8509 6373 8176 
f 6280 6257 6256 
f 5914 9770 4547 
f 8745 8339 8334 
f 154 9119 6102 
f 8330 9167 6795 
f 1082 2860 9362 
f 5436 9298 10351 
f 4078 5039 5422 
f 9384 744 6034 
f 6252 6036 1013 
f 1073 2323 4963 
f 9403 6607 6656 
f 9407 9405 9403 
f 6039 8715 6019 
f 10102 6114 5400 
f 1366 5485 3063 
f 10527 3671 6622 
f 10596 2669 2020 
f 6770 7397 6485 
f 1558 4977 1781 
f 6439 6097 3413 
f 7160 2467 7094 
f 7005 8008 4237 
f 6609 6608 6715 
f 4153 812 3059 
f 1093 4092 6875 
f 2927 5661 3003 
f 7316 9834 5696 
f 263 463 466 
f 6954 7022 6958 
f 7668 7664 7665 
f 2927 4016 7995 
f 7107 2910 6829 
f 2707 6329 6608 
f 7153 7236 7154 
f 4092 4770 6875 
f 9906 5299 5434 
f 10064 696 1225 
f 8133 5141 8131 
f 3578 3587 228 
f 7702 9725 7815 
f 1642 10078 10079 
f 3376 276 239 
f 2320 10272 5625 
f 7687 7495 7686 
f 3756 2685 9217 
f 7337 7336 7418 
f 9052 8835 8994 
f 9966 834 8124 
f 7358 2422 2423 
f 6500 7722 2390 
f 2532 7747 5468 
f 9193 2725 9718 
f 8063 3495 8799 
f 93 10202 6052 
f 1781 9981 1558 
f 9788 9823 9789 
f 7426 7345 7495 
f 5265 9017 834 
f 1745 2614 1706 
f 8855 7710 1154 
f 1406 660 6742 
f 2663 9530 8369 
f 7117 7114 7182 
f 9307 7609 9786 
f 5983 3906 6325 
f 3112 962 1708 
f 926 5364 2770 
f 7495 7345 7493 
f 7045 6979 5009 
f 1773 1846 1772 
f 5634 1756 8706 
f 34 1751 3219 
f 3132 242 2400 
f 3588 7158 521 
f 5927 1100 6344 
f 7589 10247 7591 
f 6981 7114 7117 
f 10138 2267 1238 
f 7187 7118 7279 
f 9738 9710 9736 
f 3776 9229 4590 
f 7039 370 9641 
f 3654 2689 256 
f 3826 714 1323 
f 9246 2265 7187 
f 3233 975 3230 
f 7112 7174 7350 
f 10077 10403 9691 
f 2890 3735 5274 
f 7319 4891 4890 
f 5167 457 7064 
f 7353 7434 7179 
f 7591 4164 7435 
f 3168 3925 4854 
f 8427 8173 8338 
f 4030 3308 951 
f 10629 1340 855 
f 7468 4913 23 
f 7840 4367 5367 
f 8392 2899 5689 
f 2281 6262 3331 
f 9339 1516 10296 
f 1834 6200 6464 
f 42 8811 7513 
f 1285 5422 6910 
f 1062 10579 10612 
f 10100 9523 4119 
f 8923 471 9356 
f 707 2793 4128 
f 8455 6752 9631 
f 2584 1621 2589 
f 5122 5336 4226 
f 7700 4605 3916 
f 990 1526 846 
f 7870 152 6982 
f 8303 6827 10469 
f 5266 5920 2681 
f 8303 4809 6406 
f 1106 6340 1218 
f 10536 5639 982 
f 3756 3866 2685 
f 713 8678 4141 
f 1770 766 6746 
f 5471 8381 986 
f 2447 1751 34 
f 826 62 9599 
f 4481 2555 9427 
f 3037 2813 2735 
f 4854 310 3168 
f 9033 4248 3005 
f 8514 3419 9534 
f 1103 4874 3876 
f 4789 6992 8966 
f 1354 9630 2316 
f 4299 443 4890 
f 130 783 7740 
f 8019 4302 5360 
f 10591 10497 834 
f 9361 5979 5390 
f 4182 5366 5560 
f 1499 9963 4027 
f 1712 1605 1645 
f 7836 10134 9993 
f 8917 342 6497 
f 7558 7656 7223 
f 4360 4672 4361 
f 9418 10717 3980 
f 2366 889 921 
f 6585 6592 4556 
f 1478 4182 10297 
f 5801 5802 8279 
f 2102 4294 9013 
f 8830 8651 8880 
f 9156 9096 9197 
f 4678 6205 6059 
f 8781 849 9287 
f 10400 2199 5223 
f 2258 9330 1115 
f 1751 8989 9153 
f 10016 1427 10120 
f 6423 2059 553 
f 2931 1743 2262 
f 7110 10683 2480 
f 7449 579 7450 
f 4120 2529 1741 
f 5228 939 4864 
f 6136 5338 4207 
f 7300 7207 6154 
f 3681 9012 8167 
f 9569 1565 9568 
f 6464 6200 6544 
f 10445 2824 8309 
f 8739 5004 1055 
f 6821 5885 4306 
f 6608 1669 6463 
f 8785 3663 3743 
f 8039 7968 442 
f 2726 1504 372 
f 2726 5177 2477 
f 9954 995 4451 
f 4140 901 5080 
f 2964 3016 6885 
f 2189 2549 2933 
f 1505 1504 3340 
f 7008 2232 7084 
f 7079 7002 7078 
f 9969 9682 9968 
f 4261 3867 3248 
f 7061 8616 5696 
f 8616 7061 5404 
f 1479 6056 1031 
f 6415 5869 3412 
f 7922 797 5443 
f 5223 10625 4635 
f 7093 7089 5206 
f 7271 7179 7045 
f 4612 40 41 
f 5262 5226 5569 
f 4474 5761 7108 
f 6662 5360 4217 
f 3916 4605 10115 
f 7083 7082 7148 
f 2697 5740 10449 
f 9971 10047 8572 
f 1248 10600 2 
f 7626 7913 7724 
f 4867 7860 728 
f 2196 7107 6829 
f 9100 1169 9870 
f 6708 2413 2610 
f 2948 3877 1639 
f 2426 3603 460 
f 1199 10351 4316 
f 10409 8319 1532 
f 7378 7381 7128 
f 7160 7093 6643 
f 3105 2619 6781 
f 7199 3728 4782 
f 7154 7236 5206 
f 7024 7096 7097 
f 3885 7071 10262 
f 1753 4326 8967 
f 7235 7236 7153 
f 8350 8260 532 
f 5206 7089 7154 
f 7094 7022 7160 
f 7096 2467 9742 
f 7023 7094 2467 
f 7879 10025 9687 
f 6740 9136 4319 
f 7962 8090 8027 
f 7099 10405 6962 
f 9742 2239 7096 
f 2158 8514 796 
f 6962 10405 3393 
f 5372 1297 1299 
f 8342 6169 6013 
f 5274 6238 5272 
f 2453 41 2485 
f 7491 7420 7575 
f 4895 9392 6462 
f 5771 777 9455 
f 5481 8913 7469 
f 6961 7025 3393 
f 8637 8761 8762 
f 7034 667 7029 
f 9990 4694 4740 
f 6937 6888 6444 
f 5928 3603 2426 
f 9531 8544 9079 
f 6967 7034 7165 
f 7499 7346 7426 
f 4772 5750 3150 
f 667 7034 2472 
f 5879 5881 7322 
f 470 1080 3652 
f 5241 1002 5346 
f 5070 6390 8352 
f 5379 2643 6332 
f 5570 5060 4960 
f 9531 9079 8406 
f 8739 5150 5004 
f 5488 8488 9280 
f 4552 5351 4696 
f 5136 10480 5138 
f 10379 534 10645 
f 9998 464 4813 
f 2406 6969 6970 
f 4481 6546 9240 
f 818 6173 690 
f 2741 3420 7131 
f 2804 2005 5775 
f 9574 6338 7780 
f 4696 5227 4552 
f 3185 6699 453 
f 4124 9853 2316 
f 265 5682 6199 
f 5108 4600 917 
f 3826 9458 3546 
f 328 3761 2291 
f 2178 4124 9350 
f 439 1611 2028 
f 4571 4271 4266 
f 661 9207 4907 
f 7289 1451 908 
f 10643 6632 4638 
f 4444 3530 4067 
f 7721 8489 2766 
f 10668 2714 9713 
f 470 2283 2163 
f 2583 4759 10620 
f 3750 8501 1919 
f 2974 6613 2019 
f 2364 2499 1187 
f 8200 4780 8776 
f 2114 9219 10616 
f 6793 2324 10053 
f 7114 6979 7179 
f 1682 3166 8899 
f 9991 2443 2081 
f 9996 1141 4383 
f 9250 9197 9284 
f 7434 7114 7179 
f 2035 6579 7401 
f 6102 5589 10268 
f 1894 1636 2352 
f 3016 3056 3058 
f 5445 3193 9119 
f 939 821 4864 
f 3927 863 3973 
f 405 78 2278 
f 10189 7401 6579 
f 5831 5691 5985 
f 7445 10607 10666 
f 1946 3787 8343 
f 3926 10173 3746 
f 8466 10479 1674 
f 1523 2003 3717 
f 4874 1103 7199 
f 2255 2256 2621 
f 10342 6843 7052 
f 5079 7075 3824 
f 2424 7565 2427 
f 9548 8017 389 
f 8839 6142 6680 
f 7969 7191 8811 
f 9613 9349 9591 
f 7417 8820 9533 
f 4093 2710 2045 
f 5744 4371 978 
f 7821 4442 4431 
f 4124 849 1135 
f 3170 310 8886 
f 1586 8505 1344 
f 832 5770 1876 
f 8800 5051 2052 
f 7361 7125 7190 
f 762 3099 395 
f 9500 5796 10222 
f 6356 7849 1784 
f 9598 471 978 
f 7 6 2124 
f 7360 9500 10222 
f 3703 4096 13 
f 10136 10056 9999 
f 9204 870 3018 
f 7039 2752 1626 
f 1514 5239 8709 
f 1367 9893 1079 
f 4504 2610 61 
f 3396 2393 1983 
f 2832 2785 2902 
f 7846 7838 3559 
f 3676 8123 9663 
f 8613 1495 9303 
f 6281 6258 6302 
f 9469 8881 8227 
f 6109 2612 1379 
f 5639 1217 3010 
f 2609 2481 8154 
f 8512 8545 8513 
f 5624 1375 6234 
f 5244 4148 1938 
f 3465 7752 7282 
f 7993 8085 8180 
f 9970 10232 6262 
f 2429 2711 541 
f 8520 8236 8553 
f 3615 1320 865 
f 662 9597 657 
f 7039 7657 370 
f 9938 4776 2384 
f 7051 799 10717 
f 953 765 2033 
f 4433 4432 4453 
f 6147 9995 9894 
f 2303 1883 1882 
f 1324 6631 8118 
f 9300 10345 2679 
f 4735 2849 4737 
f 10298 6161 5727 
f 8387 6151 6377 
f 5378 1118 4404 
f 1777 3578 226 
f 9033 10596 4248 
f 5268 1940 1970 
f 9542 6918 3043 
f 1378 3776 1279 
f 896 6488 4592 
f 8350 532 8534 
f 2987 2899 8392 
f 7381 9066 7069 
f 6817 10368 10355 
f 2012 9881 8344 
f 2418 9477 906 
f 3381 8798 3216 
f 1609 2477 8039 
f 6825 6475 410 
f 7994 5378 1024 
f 7529 7465 7464 
f 9825 1434 638 
f 8287 8286 7103 
f 8363 5934 4015 
f 3889 6299 9777 
f 8107 10350 7525 
f 254 1438 636 
f 5936 7300 6154 
f 3702 3745 5545 
f 9693 9433 9239 
f 8480 8114 8249 
f 2759 568 2932 
f 2593 631 7638 
f 9607 7218 7387 
f 8112 8249 8114 
f 8381 10646 986 
f 10155 10207 10421 
f 2635 3238 2633 
f 1529 8692 4080 
f 128 9069 3504 
f 2649 692 2017 
f 9786 9435 9723 
f 10464 10320 10530 
f 479 10537 6452 
f 7113 3903 5079 
f 4408 2327 2325 
f 919 7396 6810 
f 7083 3340 7082 
f 4074 7369 298 
f 9198 9909 6861 
f 2800 5308 10093 
f 2116 5298 4786 
f 2031 7950 9564 
f 4728 1479 1031 
f 436 4922 432 
f 3340 7079 7082 
f 6181 3967 9918 
f 9834 7061 5696 
f 532 7847 8639 
f 3340 9482 7653 
f 818 2166 2091 
f 2484 837 144 
f 7152 7235 7153 
f 7315 7233 7150 
f 10592 5479 7736 
f 5645 6477 5766 
f 7152 7085 7233 
f 10304 6301 1926 
f 9916 6353 5229 
f 5548 5528 4805 
f 7266 7386 8025 
f 4645 7014 8393 
f 4316 10351 807 
f 10623 6579 340 
f 6477 5645 6455 
f 10529 3671 1353 
f 8740 10440 5083 
f 7055 7019 7056 
f 1397 2450 8732 
f 2248 2419 9994 
f 9271 186 832 
f 1832 3209 9744 
f 7016 8203 959 
f 7089 6953 7087 
f 2181 5117 3986 
f 7292 9233 938 
f 2441 2370 2369 
f 6509 8133 6368 
f 3095 8728 6723 
f 279 5482 7813 
f 8131 226 452 
f 6954 5574 4674 
f 2125 979 1962 
f 7406 6566 6738 
f 1438 1514 636 
f 2239 7254 7096 
f 7488 7788 7489 
f 9184 6437 10253 
f 9939 1202 991 
f 3720 700 8773 
f 7337 7099 7336 
f 9974 5828 4656 
f 1367 8270 5472 
f 8597 8530 10471 
f 5789 2229 1562 
f 1777 8131 5141 
f 9171 2026 9123 
f 5389 5241 5346 
f 6213 10611 1632 
f 220 187 255 
f 9664 7422 9849 
f 4454 4429 3909 
f 1777 3393 10405 
f 8856 63 135 
f 3873 748 698 
f 6332 4739 276 
f 10669 2131 3908 
f 5274 5272 2890 
f 806 6628 2494 
f 8352 10223 5919 
f 3 1965 10413 
f 650 6025 811 
f 9334 1266 924 
f 2514 8344 4802 
f 7099 7025 7336 
f 7664 4532 7665 
f 5509 5510 7915 
f 7261 7165 7424 
f 7583 7426 7495 
f 2298 1720 1448 
f 9040 9534 2624 
f 10402 10004 10644 
f 2324 8206 7448 
f 4856 8219 8268 
f 2291 1891 2133 
f 4799 5120 4968 
f 10120 10353 9411 
f 3420 9531 8406 
f 1177 5750 4772 
f 8268 8129 8215 
f 2442 7690 2223 
f 6173 793 660 
f 10267 7134 2903 
f 3932 7845 8013 
f 7108 5558 646 
f 2486 646 2344 
f 10128 6626 4717 
f 2298 1448 3587 
f 784 785 10151 
f 2741 5254 3420 
f 832 6631 9271 
f 10021 7037 3626 
f 8136 9854 6225 
f 6347 10609 7827 
f 1468 4833 5061 
f 8244 8166 8164 
f 6463 7709 6715 
f 7767 7759 7761 
f 7174 7044 7173 
f 6142 8839 6144 
f 1146 502 512 
f 8004 9691 219 
f 7593 957 4164 
f 5456 4101 3291 
f 5350 9780 9702 
f 7044 7174 7112 
f 1561 1518 1457 
f 6923 8663 1708 
f 8478 1590 6155 
f 1518 1561 6067 
f 1112 2108 9207 
f 1757 5030 5377 
f 1461 5774 1391 
f 6296 6716 4643 
f 1574 1584 1575 
f 6819 6609 5224 
f 10700 8451 6054 
f 7794 7887 7980 
f 4500 5272 6238 
f 4256 9298 10093 
f 5690 4773 6246 
f 1724 10098 7851 
f 2605 7600 5527 
f 2540 1619 1620 
f 4789 3179 2975 
f 1419 5774 7121 
f 2004 2334 7130 
f 5768 10165 6987 
f 857 8289 6619 
f 278 8697 1592 
f 1251 6543 7243 
f 9702 1429 10415 
f 185 101 7485 
f 4768 8564 8559 
f 5798 6457 5356 
f 2486 2344 2295 
f 10311 10310 6615 
f 3482 5330 10391 
f 7243 8730 3529 
f 7539 5600 3927 
f 7887 7792 7977 
f 7548 1057 1137 
f 395 8303 10469 
f 2400 2205 3132 
f 10597 10505 10541 
f 1847 2154 6895 
f 1471 1931 3757 
f 4782 5612 4776 
f 10435 6233 6695 
f 8467 2070 2066 
f 5370 6466 6547 
f 6234 5969 5624 
f 1109 3522 8155 
f 5485 1366 4091 
f 6123 3605 265 
f 4470 4797 4640 
f 203 10517 8742 
f 5682 8940 6199 
f 1154 7814 8855 
f 7302 6391 7226 
f 745 645 786 
f 7069 10520 9274 
f 168 4411 9630 
f 5659 2674 5427 
f 2773 9748 2170 
f 769 3744 5238 
f 961 7888 130 
f 5252 5796 9571 
f 8808 8689 8567 
f 5095 4318 1869 
f 310 3660 5733 
f 3468 3467 3229 
f 1606 9342 9126 
f 1032 2301 10228 
f 2688 3882 4587 
f 7002 7001 7078 
f 7355 1989 7121 
f 5621 10390 9012 
f 7958 1667 7960 
f 1123 402 1534 
f 9093 4200 8425 
f 2779 2950 3779 
f 1203 9939 7889 
f 2943 6355 1064 
f 7800 7002 7653 
f 9621 9287 849 
f 1609 442 1498 
f 579 232 7450 
f 8212 2105 3861 
f 630 649 5145 
f 2575 6357 1486 
f 1631 2126 2128 
f 2451 1082 5420 
f 1410 8223 5064 
f 34 7401 2447 
f 535 531 1434 
f 5177 8039 2477 
f 232 2633 2209 
f 10094 8647 2216 
f 1079 2149 6760 
f 4172 6347 7827 
f 646 5355 2344 
f 7218 9607 7306 
f 8160 7712 239 
f 877 5793 9107 
f 9930 2488 10638 
f 6443 9006 2172 
f 7407 10220 8103 
f 6657 8599 7570 
f 2087 2524 5196 
f 5068 10564 5061 
f 7459 640 7225 
f 7383 7207 7300 
f 7334 6417 7344 
f 9658 774 886 
f 3204 34 5770 
f 4885 2635 4610 
f 6277 6408 6279 
f 9286 1493 5298 
f 5544 9835 8990 
f 1498 7476 7800 
f 7148 7082 10598 
f 7855 5695 7004 
f 9727 10140 2546 
f 787 2448 6456 
f 5079 3824 7113 
f 4004 9880 4005 
f 4875 1786 10301 
f 5729 10706 8016 
f 4879 4393 4392 
f 2690 4475 4476 
f 7525 10350 5968 
f 4500 6238 2183 
f 1476 4763 1246 
f 6865 10434 3262 
f 1810 10443 8135 
f 6536 9288 7033 
f 7684 378 4759 
f 340 7700 10623 
f 3697 6184 10206 
f 8059 10324 1919 
f 1243 9825 6154 
f 3538 708 8710 
f 5226 5547 5204 
f 10251 8441 1722 
f 8465 8462 8549 
f 4366 7153 7087 
f 2692 5868 4069 
f 6958 10074 6509 
f 4564 8051 7157 
f 6374 10476 2084 
f 4014 4744 3930 
f 4225 2238 5974 
f 239 276 1885 
f 6066 1468 5492 
f 1449 9038 736 
f 7959 3068 2188 
f 5226 5204 5548 
f 2973 4473 7196 
f 2681 6855 5266 
f 7336 7162 7255 
f 10044 10042 6493 
f 5531 4369 4931 
f 5946 5948 7764 
f 4483 10214 1538 
f 5363 1537 7419 
f 10405 7029 667 
f 1436 7882 10701 
f 1021 1540 10366 
f 6193 5104 750 
f 7788 7882 8024 
f 6961 5141 6960 
f 8451 10409 7951 
f 10500 6535 6530 
f 3017 932 8473 
f 6974 6975 1927 
f 6318 2347 5242 
f 7788 7790 7575 
f 7111 6970 7043 
f 1127 2427 9657 
f 6976 1964 6975 
f 1013 2156 688 
f 6678 529 9850 
f 8167 3742 5230 
f 414 2414 5918 
f 3587 2566 2298 
f 10460 1916 1710 
f 10044 6493 6354 
f 9510 8857 4681 
f 591 1848 8413 
f 7035 7343 7041 
f 9157 4185 7530 
f 9884 8051 6186 
f 8094 8003 9324 
f 7101 4589 6967 
f 9083 707 4128 
f 539 6626 6086 
f 5556 3778 10068 
f 7907 6396 5757 
f 10504 10153 10358 
f 1448 228 3587 
f 6871 2067 313 
f 6981 7048 10560 
f 8099 8344 2514 
f 7171 7043 7264 
f 595 10386 10313 
f 7585 7428 7499 
f 4855 9003 7278 
f 4850 8478 3795 
f 10419 674 403 
f 10528 1475 5000 
f 690 1112 8293 
f 2129 5122 2814 
f 7435 7589 7591 
f 6347 4172 3053 
f 3872 3892 1199 
f 8163 8240 8329 
f 196 6473 2570 
f 4510 2128 2508 
f 8424 6380 10647 
f 7355 7121 9762 
f 2655 1602 527 
f 8783 8889 1492 
f 10519 74 6380 
f 1549 8693 10179 
f 2737 7617 1378 
f 3150 1449 10423 
f 33 1317 6591 
f 7532 7184 7117 
f 4061 7124 4012 
f 1984 8573 7372 
f 8111 8010 8109 
f 2008 1357 2404 
f 3610 3636 8682 
f 4278 5455 4066 
f 1045 1268 827 
f 9233 5756 1123 
f 8980 4434 1404 
f 9556 4789 8966 
f 6100 5970 7606 
f 9810 3179 7717 
f 7125 7285 7286 
f 7276 9217 5391 
f 730 5771 5631 
f 5770 3219 1876 
f 5984 5414 5688 
f 10643 4605 4964 
f 7760 7728 7230 
f 3589 3842 7879 
f 6294 5524 1770 
f 6363 4564 8828 
f 10041 6406 2638 
f 3118 5723 1884 
f 5053 10502 4759 
f 8725 2165 8821 
f 9939 27 1202 
f 9594 8366 6532 
f 6817 7709 10385 
f 1202 27 6597 
f 6406 10041 8303 
f 1530 6902 4766 
f 8077 7297 7298 
f 1869 206 8887 
f 1243 7207 7132 
f 7282 10268 2321 
f 10262 3605 5597 
f 5586 2321 9791 
f 1068 9393 2036 
f 8826 2763 303 
f 7036 4710 5878 
f 4491 10330 10132 
f 8426 5049 7367 
f 10003 455 8218 
f 1814 684 3545 
f 9800 9802 4303 
f 10297 5764 1769 
f 4724 3221 2401 
f 1846 1773 413 
f 447 8973 5565 
f 10354 1212 2345 
f 6336 6302 6359 
f 5664 1747 7053 
f 319 198 318 
f 10179 10315 7411 
f 5130 1299 5376 
f 1243 7073 6224 
f 1541 885 4957 
f 7529 7467 7465 
f 989 5200 1648 
f 1694 133 8578 
f 7383 7300 7460 
f 4329 8167 9012 
f 7208 7132 7207 
f 442 2633 3238 
f 2806 5746 3655 
f 7625 7621 7845 
f 9482 2726 2477 
f 8583 1527 2031 
f 10105 10389 1722 
f 7149 7008 7084 
f 4003 10660 3187 
f 9029 8810 8972 
f 10702 10636 10663 
f 1426 8787 4187 
f 7233 7085 7150 
f 2448 2450 6456 
f 2307 2480 477 
f 9354 7933 7930 
f 9197 9096 9196 
f 5913 4310 9438 
f 10366 1540 9540 
f 6958 6509 6954 
f 8649 6552 9922 
f 2236 2629 8732 
f 10017 6243 7316 
f 8864 10054 9195 
f 8860 6033 6711 
f 9427 2235 2139 
f 4078 294 4963 
f 8133 6509 10074 
f 7237 7236 7318 
f 4864 3240 378 
f 8622 4545 6078 
f 5261 5204 5404 
f 3703 13 2594 
f 7254 7097 7096 
f 3690 8656 9177 
f 7489 7260 7488 
f 10566 7934 9404 
f 8917 4975 5270 
f 4635 9232 6623 
f 5203 3467 3468 
f 7424 7034 7260 
f 872 9214 2744 
f 7337 7034 7099 
f 669 1282 1237 
f 5220 4778 5584 
f 4588 5898 4823 
f 6495 253 462 
f 4828 7954 1436 
f 10270 9817 7523 
f 303 1150 6899 
f 720 8942 2615 
f 6463 6606 4041 
f 7951 2196 3657 
f 1175 8295 6893 
f 2338 8789 4187 
f 3367 943 4168 
f 6238 4225 5974 
f 6961 6960 7024 
f 5723 2730 8967 
f 9760 9917 9919 
f 7043 6969 7041 
f 178 2280 1331 
f 1059 890 4378 
f 2259 8586 5605 
f 7489 7788 7490 
f 4943 6299 3893 
f 5746 5745 9442 
f 2504 9669 4159 
f 2445 2298 667 
f 4352 4517 4663 
f 10379 7131 8406 
f 7041 6844 7035 
f 1851 3327 399 
f 8183 153 414 
f 7493 7686 7495 
f 76 9989 2483 
f 5548 1512 5226 
f 128 2029 1099 
f 4096 992 4977 
f 7044 7112 6976 
f 10238 10156 10313 
f 6970 7111 6974 
f 4727 7326 9787 
f 8034 7659 7750 
f 8030 7893 7798 
f 3852 8924 1135 
f 3000 9871 9867 
f 4581 3110 3897 
f 7428 7174 7346 
f 7031 2295 2262 
f 3863 6320 3272 
f 7279 7118 7184 
f 7279 7532 4164 
f 1507 300 3718 
f 3393 5141 6961 
f 9541 4552 5227 
f 7652 3559 7838 
f 6457 951 5377 
f 4495 4488 4542 
f 7431 7428 7585 
f 10385 7709 7886 
f 7654 4412 5278 
f 2438 1058 6810 
f 2733 7945 4761 
f 1661 4621 4623 
f 1876 10610 6855 
f 8102 5440 3809 
f 5766 5203 5733 
f 7437 5385 1689 
f 7647 8326 7757 
f 3395 4030 7437 
f 10617 9271 1695 
f 340 6579 2035 
f 6220 6253 6222 
f 4605 7700 10545 
f 9011 8481 367 
f 1326 1395 1328 
f 6998 1517 7011 
f 38 114 115 
f 4794 4791 4562 
f 5618 7333 474 
f 3985 4918 4017 
f 10554 10488 10412 
f 5529 3567 7513 
f 10415 7242 7839 
f 2014 3961 7440 
f 10131 6132 10300 
f 7286 7510 7362 
f 7442 7365 7512 
f 7480 3653 9847 
f 7810 1700 8002 
f 4586 7985 5334 
f 824 2990 2989 
f 10392 5010 6096 
f 9810 1810 3179 
f 2262 9493 7031 
f 94 4443 233 
f 3741 279 417 
f 1459 1414 1386 
f 4032 9663 8730 
f 10322 10667 8171 
f 3026 4743 8171 
f 8228 8501 3750 
f 2549 6820 2933 
f 1182 7842 8649 
f 1245 3247 4498 
f 5034 1353 6190 
f 9527 9472 9612 
f 9414 905 3640 
f 8476 8540 8477 
f 4279 10289 896 
f 10662 9664 10660 
f 10180 8044 10273 
f 261 6541 1133 
f 3998 3618 3078 
f 5707 5795 10330 
f 302 6895 8396 
f 4022 10268 5589 
f 5199 4496 9008 
f 2741 10151 4368 
f 5419 2361 3785 
f 1002 5345 5346 
f 5589 8748 4022 
f 1244 10263 1263 
f 5597 3605 6123 
f 7655 4842 5730 
f 6516 6655 8763 
f 5505 9546 7411 
f 8611 10345 288 
f 8224 10553 6580 
f 1436 5673 4828 
f 7360 10222 10378 
f 3872 1199 4153 
f 10661 10561 10676 
f 10613 10704 2452 
f 5130 5376 318 
f 10089 1296 3830 
f 4064 4063 8234 
f 4078 1559 4213 
f 2843 3462 2016 
f 821 3247 3240 
f 442 1609 8039 
f 7266 7382 7587 
f 5859 3272 9114 
f 7208 7207 7383 
f 10305 1517 8275 
f 7470 7385 7467 
f 1820 3512 5076 
f 7229 7227 8142 
f 10533 4272 7496 
f 7039 9641 2968 
f 9607 7469 8913 
f 6469 7139 1598 
f 8352 5919 10587 
f 939 4691 2234 
f 7084 7148 7227 
f 8331 8164 8329 
f 8318 8320 2815 
f 1220 9110 8874 
f 960 1575 7136 
f 7227 7149 7084 
f 7085 7014 7013 
f 1377 2403 10576 
f 1534 402 130 
f 7476 1498 3238 
f 4833 391 6910 
f 10224 1409 4325 
f 4916 790 2122 
f 5922 5921 7772 
f 823 7148 10598 
f 3829 1248 2 
f 5350 501 7436 
f 7061 9835 5261 
f 1890 4798 9082 
f 9702 9780 1046 
f 9305 7196 10472 
f 1092 1090 379 
f 9292 9294 8359 
f 6606 1451 1089 
f 3634 4256 10093 
f 4973 1512 5548 
f 7859 3766 838 
f 4903 4902 2421 
f 6791 6870 7238 
f 6073 9170 7453 
f 4046 1353 3671 
f 9844 9819 9818 
f 7427 7195 7104 
f 7828 2197 1691 
f 210 209 680 
f 6321 2131 2958 
f 1660 5238 5332 
f 2886 4072 4069 
f 9714 2694 2695 
f 3412 5869 5585 
f 5117 2181 2183 
f 7415 2239 7413 
f 4850 2825 2913 
f 7784 8223 8222 
f 6951 2238 4225 
f 6238 5974 2183 
f 5588 5220 5584 
f 1874 163 6862 
f 10508 3609 5506 
f 5068 7120 5071 
f 7790 7491 7575 
f 5374 6533 9301 
f 2050 6213 222 
f 2572 934 3699 
f 7493 7345 7425 
f 7173 7346 7174 
f 2420 2042 2415 
f 6654 5282 4358 
f 6970 6969 7043 
f 6597 2466 686 
f 6619 7030 8376 
f 7346 7171 7426 
f 1320 1612 8232 
f 1411 7430 5761 
f 3253 5498 5667 
f 7101 6844 3365 
f 8024 7954 2314 
f 6274 1589 8666 
f 9097 9096 9156 
f 3365 6969 2406 
f 2401 3899 5911 
f 2472 3322 9193 
f 7918 8137 4323 
f 9664 5627 3129 
f 8554 2166 2167 
f 674 1486 8606 
f 9977 10126 9919 
f 4515 3185 10003 
f 6518 7540 791 
f 4911 7241 8029 
f 6877 10668 9713 
f 10321 486 2084 
f 6933 8597 10471 
f 3979 8684 4624 
f 324 8580 1112 
f 804 1415 492 
f 8175 10670 8809 
f 503 2110 6998 
f 9658 886 3383 
f 5316 155 5476 
f 3527 4310 5913 
f 7592 10647 7593 
f 1077 74 1166 
f 5628 5297 648 
f 9146 2050 66 
f 10563 788 965 
f 1695 8444 10617 
f 812 7110 2777 
f 5377 7594 10519 
f 4090 3327 1764 
f 5869 10564 5068 
f 7923 1743 3383 
f 10352 8572 10047 
f 9029 8975 8810 
f 483 7360 6625 
f 5188 74 1077 
f 2900 1301 7176 
f 7717 10338 10522 
f 7632 217 5571 
f 5797 5728 5749 
f 6099 6100 2224 
f 9689 9602 9600 
f 8855 10158 5828 
f 7606 7442 7512 
f 7365 7287 7362 
f 8135 10443 10389 
f 437 6275 9855 
f 4864 1418 5228 
f 8480 3466 8628 
f 1012 1045 827 
f 1665 1664 483 
f 7869 7960 8055 
f 10572 4233 5225 
f 1601 10434 6482 
f 650 7818 6025 
f 5343 5522 5293 
f 2141 9299 2808 
f 6543 6541 81 
f 81 6541 3369 
f 6415 10564 5869 
f 8248 4757 8923 
f 6851 8905 6572 
f 9824 3159 1009 
f 3247 1245 1740 
f 553 10578 5014 
f 91 252 57 
f 2384 6180 9938 
f 4606 4499 8302 
f 2131 10669 2958 
f 9002 6852 5784 
f 8231 8229 5706 
f 459 6517 461 
f 7212 4904 6807 
f 914 5424 1854 
f 4545 258 4576 
f 5764 10297 4104 
f 2151 472 1244 
f 5247 1024 5378 
f 6606 908 1451 
f 367 8481 7859 
f 7721 2766 2803 
f 2060 3949 9300 
f 4548 4619 3493 
f 9444 6223 7544 
f 8524 8354 8468 
f 9020 8911 8910 
f 6948 5975 5996 
f 9748 10654 1675 
f 4973 4805 5292 
f 4057 8743 5972 
f 6232 6121 7802 
f 2005 327 5775 
f 3257 4634 3906 
f 8517 5924 6772 
f 1871 6466 5370 
f 5460 1524 5441 
f 3552 5111 4810 
f 8096 10653 9858 
f 7865 4458 7517 
f 3890 2280 2509 
f 2699 5091 7274 
f 2910 5780 6829 
f 2414 8036 8125 
f 7957 6054 3856 
f 2834 508 3289 
f 9477 2418 462 
f 669 10252 508 
f 7138 7078 7077 
f 2843 9450 6356 
f 3892 3872 7349 
f 5494 3702 5493 
f 4151 812 4153 
f 10040 5906 1916 
f 10368 5462 10355 
f 1515 1985 6138 
f 7306 7222 7218 
f 3745 5396 5544 
f 5967 4408 2325 
f 7492 10603 3692 
f 6039 6019 8908 
f 259 1531 10658 
f 7621 7729 7941 
f 4534 5621 6003 
f 1479 4728 3165 
f 6119 7347 1494 
f 5708 4001 3736 
f 5493 7306 8913 
f 7470 7469 9607 
f 4356 297 4670 
f 6627 9308 7927 
f 10011 10087 9863 
f 9359 7611 6314 
f 4232 4283 7848 
f 3979 8936 5078 
f 9682 9969 9826 
f 2232 1505 7083 
f 2318 2325 2327 
f 10648 6934 9319 
f 6124 4184 4067 
f 7094 6958 7022 
f 3775 22 7359 
f 9856 9786 7609 
f 6783 8014 8092 
f 2920 5043 6065 
f 2582 2634 7239 
f 4876 2890 3079 
f 122 1368 1621 
f 4494 10484 6454 
f 4391 6206 3642 
f 2183 5411 5117 
f 7315 7316 6243 
f 219 9163 125 
f 8071 6697 6709 
f 8499 8042 8894 
f 9321 9234 9320 
f 8758 9449 9452 
f 9415 6066 9930 
f 7415 7413 7674 
f 5902 1085 3920 
f 2178 9912 6021 
f 2096 4124 2316 
f 9413 6071 561 
f 4225 6238 5274 
f 9431 1846 6094 
f 1838 6922 2570 
f 2449 2663 2976 
f 6951 4225 5274 
f 7805 7708 7610 
f 3393 7025 6962 
f 5451 5450 3283 
f 5783 6525 291 
f 4023 4220 5317 
f 8078 538 9222 
f 7260 7337 7488 
f 2568 9854 8136 
f 1073 9791 5126 
f 10701 1678 1436 
f 6119 7685 10426 
f 1720 76 1448 
f 6102 810 154 
f 10128 4717 857 
f 9758 4394 1954 
f 8843 1144 933 
f 7788 7418 7572 
f 2860 1082 723 
f 1068 5278 8738 
f 6582 9914 9989 
f 8773 700 5355 
f 9520 2916 9989 
f 4678 3691 2597 
f 1379 2213 6109 
f 7345 7264 7425 
f 6810 5391 3792 
f 1954 4394 3279 
f 8899 7757 1682 
f 10263 10253 1263 
f 8787 7033 9288 
f 6639 4587 3882 
f 2931 2262 700 
f 991 9925 406 
f 7212 179 1101 
f 8613 9303 841 
f 5055 6415 5799 
f 774 1082 2451 
f 6654 5630 9328 
f 4021 6032 9328 
f 7343 7035 7261 
f 1964 6976 5009 
f 7428 7346 7499 
f 10053 7448 8551 
f 7179 6979 7045 
f 9192 2445 9193 
f 7822 9819 9773 
f 7435 4164 7532 
f 9470 2682 3668 
f 5282 4233 10572 
f 8399 8296 8294 
f 8612 5860 4770 
f 2131 3158 3908 
f 964 1540 1021 
f 630 840 649 
f 10200 10358 10153 
f 7382 7380 7584 
f 7506 7353 7501 
f 9390 3150 5750 
f 7353 7179 7271 
f 6308 5177 2726 
f 8774 8703 8945 
f 840 630 1106 
f 9630 5902 168 
f 7501 7694 7506 
f 821 939 8455 
f 5316 1601 258 
f 8374 134 1379 
f 7434 7353 7506 
f 6647 9807 8798 
f 7268 8554 2167 
f 7941 7841 8074 
f 7184 2265 7048 
f 1209 1765 4487 
f 10097 6684 7536 
f 4502 5163 5165 
f 5954 244 5813 
f 3860 7848 7741 
f 33 1131 1249 
f 9849 5627 9664 
f 1635 2526 6850 
f 1612 5919 10223 
f 8040 6021 10557 
f 7526 1717 2738 
f 9630 5897 6593 
f 2316 268 2096 
f 5582 5335 5581 
f 10683 9477 9905 
f 4810 3553 3552 
f 765 817 2033 
f 5545 823 7222 
f 6162 10305 339 
f 1538 7676 4431 
f 4697 4027 9963 
f 9008 6365 5199 
f 1521 4885 3516 
f 9474 7223 7656 
f 7396 919 8266 
f 8939 6413 9722 
f 4693 3553 8290 
f 7365 7362 7512 
f 3045 5855 4395 
f 10522 9810 7717 
f 8811 7191 7365 
f 1137 1207 4607 
f 2424 2427 1127 
f 8979 2023 4434 
f 664 9480 721 
f 560 9659 6135 
f 2 1515 3829 
f 7219 7122 7021 
f 2915 2436 1153 
f 5604 10321 1618 
f 7461 7122 7219 
f 8562 6667 10366 
f 10561 10523 770 
f 9663 4032 1181 
f 8672 8592 8720 
f 6366 7352 7395 
f 10173 1730 396 
f 9581 10360 9634 
f 2047 6832 8453 
f 5852 2318 2319 
f 10643 8444 9912 
f 1131 4956 5768 
f 8658 7027 9342 
f 2273 2135 2462 
f 6750 2801 1283 
f 8964 8854 8851 
f 4627 3946 3907 
f 10323 10244 10391 
f 7732 2803 7730 
f 9362 2860 3114 
f 3167 3078 10372 
f 8182 6201 3111 
f 6952 2049 1928 
f 2586 7586 8175 
f 722 2780 6500 
f 1374 5459 9161 
f 8254 10081 5000 
f 4628 2233 3426 
f 9764 4466 986 
f 6814 3490 3489 
f 869 602 7456 
f 1159 7659 4480 
f 8867 4937 7186 
f 10043 869 918 
f 5906 1710 1916 
f 7830 6132 10131 
f 7832 10437 6261 
f 5213 5214 5170 
f 9588 3394 644 
f 7054 4783 8716 
f 4028 5347 4393 
f 5532 1547 6650 
f 10058 10140 10402 
f 4066 4139 4794 
f 7729 7527 7618 
f 1836 4370 1662 
f 2516 8627 8812 
f 4625 5796 5252 
f 6383 6359 7404 
f 636 10248 254 
f 3323 2213 2808 
f 9430 9239 9238 
f 7119 5543 7322 
f 5755 3123 9511 
f 6154 7207 1243 
f 955 1044 1012 
f 6810 3792 2438 
f 9819 9844 8996 
f 7528 7470 7467 
f 7132 7208 2792 
f 9423 1870 1954 
f 7712 9059 239 
f 2192 6515 2492 
f 8265 6222 6254 
f 2390 722 6500 
f 1048 40 4612 
f 8275 3779 2950 
f 10132 10052 1633 
f 10533 7496 4010 
f 6031 5986 6030 
f 6577 7685 5874 
f 3166 1682 10062 
f 10330 2457 10135 
f 6326 7536 5281 
f 6612 7245 6791 
f 4491 7000 9056 
f 7422 10662 4003 
f 5731 5751 5732 
f 6826 8159 8087 
f 3111 3115 6964 
f 9393 8266 9086 
f 8588 8585 8829 
f 8669 8550 10406 
f 919 1058 7647 
f 5838 5858 5880 
f 6720 8516 10479 
f 9570 9567 9584 
f 10639 9493 9415 
f 6037 8186 388 
f 6032 3071 5317 
f 6213 9146 10611 
f 6359 6362 6336 
f 2411 600 599 
f 6435 6166 5416 
f 7086 2940 5636 
f 5220 5260 4778 
f 7497 4497 8507 
f 6176 402 5756 
f 309 8930 307 
f 9241 9190 9237 
f 7413 5063 7674 
f 329 9843 5682 
f 6662 1859 8019 
f 8147 9524 6587 
f 7260 7034 7337 
f 10221 10175 9988 
f 3017 1482 2009 
f 6951 5274 3735 
f 5049 8426 1984 
f 1159 369 9474 
f 6036 2451 1013 
f 8397 10276 6135 
f 774 723 1082 
f 8996 9844 2011 
f 7171 7345 7426 
f 5733 3660 5766 
f 5400 10576 6299 
f 10701 7572 7571 
f 2299 7446 7880 
f 7490 7575 7420 
f 389 1810 8135 
f 2291 2406 328 
f 436 432 756 
f 9015 3203 3876 
f 5306 3356 998 
f 4111 8155 3301 
f 336 9718 2725 
f 3071 5879 5319 
f 7499 7426 7583 
f 4907 1406 1964 
f 855 1340 10130 
f 2139 6546 4481 
f 3852 1076 8924 
f 6975 1958 1927 
f 9912 8444 6021 
f 1964 6742 6975 
f 7267 3254 865 
f 3551 7923 1468 
f 6364 2214 10686 
f 5599 8527 8673 
f 3786 9874 1164 
f 9098 9048 9097 
f 1077 499 913 
f 7271 7045 7350 
f 5761 117 1411 
f 7182 7532 7117 
f 6636 1344 6493 
f 1457 1382 1454 
f 5560 1375 5623 
f 7128 3885 7205 
f 178 7475 9606 
f 3003 2350 10332 
f 1515 6138 3829 
f 6610 6920 472 
f 4156 4107 4076 
f 10093 9298 2800 
f 7063 6990 4869 
f 7356 4956 8121 
f 1335 1344 6636 
f 1717 7526 2936 
f 462 10600 6495 
f 7223 9474 369 
f 1499 1469 1427 
f 2307 1531 259 
f 9204 3766 3767 
f 7176 1301 10080 
f 8811 7365 7442 
f 10661 10525 10561 
f 418 8118 677 
f 8663 6828 7436 
f 2023 6987 4434 
f 8246 8249 8112 
f 8344 9100 2012 
f 1497 5221 4717 
f 8684 3979 545 
f 7969 6990 7191 
f 6446 7268 10448 
f 2975 3179 1810 
f 8319 5661 7995 
f 2557 2577 4095 
f 9187 9081 9141 
f 9733 804 4934 
f 6602 1610 10562 
f 705 2604 5809 
f 8667 2503 2505 
f 2738 1717 2935 
f 4900 2676 2285 
f 6065 4702 4703 
f 10258 10257 10474 
f 7285 7361 1154 
f 5937 1486 1606 
f 6564 10529 5034 
f 9790 736 9471 
f 7108 8375 6149 
f 505 1075 6215 
f 8784 10478 28 
f 1174 2097 9303 
f 105 5267 9648 
f 6311 6310 4862 
f 6691 9114 5585 
f 8651 8581 8510 
f 3957 7234 7856 
f 1800 1715 1797 
f 5968 5969 7378 
f 9623 9567 9527 
f 7940 3182 7755 
f 8283 8021 4116 
f 4190 8628 3466 
f 9363 9171 9318 
f 1542 555 8253 
f 315 3884 80 
f 1958 327 328 
f 3530 4322 6926 
f 105 10254 2576 
f 6677 6752 2234 
f 5298 1493 3458 
f 9773 9771 7822 
f 7886 7709 4041 
f 10194 10004 10402 
f 9979 4628 9829 
f 8802 10593 9230 
f 7836 9993 8271 
f 3384 760 6507 
f 10637 9372 6649 
f 8362 8410 8539 
f 1286 5376 1299 
f 7476 3234 7001 
f 444 380 1852 
f 8538 8614 8539 
f 4639 409 4700 
f 8968 123 9027 
f 7472 7473 1762 
f 2032 6847 7947 
f 8754 6182 8395 
f 5542 2016 2327 
f 7845 7621 7941 
f 776 8983 5230 
f 10612 10706 8394 
f 6370 4906 7733 
f 4575 10268 7752 
f 10481 2312 2626 
f 3920 1085 1643 
f 868 1309 7627 
f 10574 5482 279 
f 9064 202 174 
f 2114 10062 1682 
f 2559 194 1256 
f 9792 9867 9870 
f 8895 5482 5354 
f 1324 10557 1695 
f 286 1013 2451 
f 7566 5399 8104 
f 3400 10062 548 
f 489 43 6545 
f 6916 1027 4021 
f 8144 5263 8565 
f 861 4447 8459 
f 562 802 980 
f 6700 8827 9136 
f 8678 5327 5062 
f 7390 7883 7792 
f 2251 2434 9106 
f 3771 4822 5694 
f 74 5188 6380 
f 2301 5306 3586 
f 2721 402 6176 
f 7538 8285 8643 
f 1128 326 8938 
f 8363 1659 1038 
f 2166 818 690 
f 8281 8274 9355 
f 5636 5635 7086 
f 1087 529 6678 
f 8261 7546 7912 
f 8317 6221 8838 
f 6196 6433 6303 
f 3010 6340 982 
f 8656 3301 8155 
f 3002 2956 2921 
f 7861 8092 3972 
f 218 1658 2871 
f 3972 8157 1839 
f 9613 4515 9349 
f 6791 7238 9357 
f 2574 2583 1327 
f 6804 6812 6849 
f 6552 5410 514 
f 9945 9871 3000 
f 6312 7119 7019 
f 5922 7330 9873 
f 10060 9115 488 
f 7069 9066 10520 
f 9464 8231 7979 
f 5891 5893 5896 
f 6443 1489 7573 
f 1678 5673 1436 
f 6195 1357 6661 
f 7029 10405 7099 
f 461 6517 375 
f 9347 9203 9250 
f 8809 7452 5087 
f 5063 7777 7674 
f 74 10519 7594 
f 7490 7420 7489 
f 5907 3109 6038 
f 10500 9492 7395 
f 490 1564 2271 
f 5406 4815 6615 
f 8137 7918 8193 
f 7954 8024 7882 
f 10684 4484 1132 
f 6832 7837 7639 
f 906 9477 10683 
f 10049 4615 4579 
f 8733 1957 1807 
f 5913 8281 3527 
f 5247 9805 7832 
f 10122 7232 8542 
f 1718 2364 7970 
f 6261 5412 7994 
f 2314 8128 8024 
f 4674 2489 6953 
f 3365 2291 2133 
f 7254 2239 7415 
f 1464 8033 1463 
f 1314 6209 10584 
f 3221 3348 2997 
f 7281 8815 8814 
f 8007 8183 2794 
f 5436 7219 2800 
f 5295 7037 10021 
f 472 2151 6610 
f 5384 5121 5498 
f 2133 2725 7101 
f 7686 7890 7687 
f 7799 7499 7583 
f 7924 9970 8258 
f 1100 657 9597 
f 7585 7499 7799 
f 6975 6974 7044 
f 7788 7572 10701 
f 2233 9982 2330 
f 3672 4227 4232 
f 278 420 6080 
f 7350 7174 7428 
f 9069 8816 8944 
f 7696 7506 7694 
f 4394 4595 9396 
f 7589 7434 7506 
f 7694 7900 7696 
f 3703 1464 4255 
f 6796 5559 3497 
f 6437 2707 1811 
f 1742 3498 6187 
f 9244 9341 9247 
f 10647 7592 8424 
f 1516 9117 6559 
f 9481 9321 9424 
f 3607 154 5166 
f 8586 787 6456 
f 3795 9246 4850 
f 6987 6748 1051 
f 7411 10315 6430 
f 1573 4257 6369 
f 528 464 3861 
f 5234 545 6642 
f 6822 4159 6048 
f 7371 7200 10041 
f 6564 10320 10388 
f 6890 6576 7981 
f 10629 2132 6940 
f 2004 4598 4807 
f 9036 9034 9249 
f 1379 1340 6940 
f 2820 6192 8239 
f 294 9791 4963 
f 1733 8934 2153 
f 6883 4464 5102 
f 7441 1948 1615 
f 7511 7510 7710 
f 9612 9610 9622 
f 9026 2026 123 
f 10669 10361 2958 
f 10705 10696 10168 
f 7814 1154 7361 
f 5774 1461 1460 
f 6475 6825 6828 
f 10593 6765 6507 
f 7884 6992 4789 
f 922 6514 1291 
f 4257 6654 6369 
f 1203 27 9939 
f 2317 688 2156 
f 3741 10574 279 
f 9554 2505 697 
f 5855 5744 887 
f 7030 159 8376 
f 1728 7115 6313 
f 2447 7401 8366 
f 1393 6591 1317 
f 2704 626 2798 
f 2468 7472 2897 
f 2327 4408 5542 
f 2425 9335 10671 
f 7843 7090 9039 
f 1504 2236 2450 
f 4415 6543 1251 
f 8734 9219 7757 
f 974 799 7051 
f 7452 934 8652 
f 10523 7998 770 
f 6837 6939 6838 
f 1576 8356 6679 
f 7605 5725 7604 
f 4592 1814 112 
f 9474 7750 7659 
f 1767 1654 10585 
f 9063 6549 1159 
f 5168 5069 5169 
f 10603 9657 460 
f 8840 10655 4859 
f 1327 8748 3193 
f 4213 1559 4540 
f 7788 7488 7418 
f 1388 3165 2581 
f 1054 162 2465 
f 7701 7508 7699 
f 4600 592 494 
f 1930 7813 5482 
f 4590 1489 3776 
f 184 2002 6436 
f 4789 6991 7884 
f 811 4149 5244 
f 9178 3125 4274 
f 6253 6275 6254 
f 6921 761 6824 
f 1601 7537 258 
f 555 6750 8253 
f 121 84 90 
f 7460 7527 7383 
f 8266 919 9086 
f 8851 8721 8793 
f 8167 5230 1331 
f 5606 3117 1932 
f 9801 9800 8517 
f 7729 7841 7941 
f 7684 8823 1418 
f 9320 9273 9422 
f 5481 6091 5493 
f 4700 3399 10267 
f 1173 170 169 
f 2737 2979 7617 
f 2350 6147 5289 
f 8906 8792 8038 
f 3015 8506 932 
f 7761 7759 8386 
f 10409 1532 825 
f 9885 6395 8333 
f 9626 7634 181 
f 1726 1900 1727 
f 1684 4858 624 
f 10466 2257 9633 
f 1929 1991 9271 
f 805 2735 1721 
f 2781 8433 5994 
f 2141 5536 9038 
f 7973 7912 7546 
f 10386 595 10527 
f 1164 10221 10304 
f 4459 9176 4760 
f 1607 1535 1605 
f 2781 5994 4211 
f 6841 10710 10225 
f 7354 2970 12 
f 521 1515 9603 
f 10688 574 5668 
f 2797 2533 5626 
f 935 9200 8874 
f 3377 1224 9817 
f 4074 4327 7369 
f 5010 10522 10338 
f 5298 2116 9286 
f 7533 10305 4727 
f 694 637 9041 
f 6643 7093 5206 
f 7181 4686 9599 
f 5651 5649 5388 
f 5204 5528 5548 
f 8007 7656 3059 
f 5289 1985 7158 
f 5436 10351 3892 
f 7413 2239 2238 
f 5661 10409 8451 
f 153 2777 7110 
f 5404 5547 8616 
f 4162 6456 2791 
f 8924 4638 1135 
f 9838 7262 6334 
f 7697 1301 4865 
f 2357 6392 3364 
f 3253 2567 1863 
f 9582 306 3738 
f 257 828 250 
f 889 2366 973 
f 8714 9537 5991 
f 4612 41 8120 
f 7954 4828 2314 
f 617 203 8742 
f 7260 7489 7420 
f 6296 2962 6183 
f 512 480 511 
f 710 475 6725 
f 6002 6288 6289 
f 10324 536 3750 
f 5087 9412 8809 
f 3081 2864 3928 
f 7583 7495 7687 
f 9077 1737 10528 
f 7609 10081 9856 
f 10240 10317 9732 
f 9697 9508 9695 
f 7684 1418 4864 
f 7493 7425 7580 
f 7801 7696 10245 
f 7692 7585 7799 
f 6578 3292 2879 
f 3935 4732 4544 
f 7430 5294 5558 
f 4254 4252 4251 
f 7694 7501 7692 
f 4570 4014 4009 
f 1833 724 272 
f 10626 4392 5452 
f 2365 1365 925 
f 7534 5823 2565 
f 7589 7506 7696 
f 8091 8031 8134 
f 8954 8836 8835 
f 500 511 498 
f 10673 5432 9925 
f 7182 7114 7434 
f 7189 7187 913 
f 388 5921 5963 
f 2265 3795 10577 
f 1077 1166 499 
f 2654 3187 4498 
f 9213 3076 7655 
f 2275 3396 10675 
f 2589 8855 4745 
f 720 4873 5587 
f 36 7737 2700 
f 4428 4301 4422 
f 5445 3607 2574 
f 719 9972 8723 
f 1579 2382 5025 
f 10585 4636 5676 
f 7103 9312 416 
f 4066 4801 4017 
f 1056 5354 5485 
f 9672 9673 673 
f 8232 5475 7663 
f 1991 3204 186 
f 4072 2864 3298 
f 10031 5571 7526 
f 2849 10594 1400 
f 4451 5341 9088 
f 4355 9974 2224 
f 6730 804 492 
f 2429 445 444 
f 5224 6715 6817 
f 7510 7285 1154 
f 6050 8390 6914 
f 7356 136 7361 
f 7188 5142 9292 
f 951 2611 6658 
f 7406 6485 6566 
f 6446 4701 3572 
f 9206 3870 6553 
f 723 9658 2931 
f 5264 2363 6750 
f 6953 7089 7018 
f 9780 7436 1046 
f 7548 645 463 
f 7824 6559 5565 
f 2116 4527 8742 
f 4924 1934 7340 
f 5587 8719 2197 
f 9552 534 2723 
f 2648 6009 4136 
f 511 480 816 
f 1068 8738 5180 
f 6249 8564 8298 
f 3187 4257 4003 
f 4923 7918 7725 
f 7020 7021 6819 
f 3222 1211 8497 
f 8181 8179 9928 
f 1023 585 5517 
f 953 748 3873 
f 2532 5468 9805 
f 8310 10585 5676 
f 10350 4632 5968 
f 650 5244 711 
f 10047 9969 10118 
f 10372 10556 10245 
f 1106 1218 840 
f 2858 2525 2362 
f 1792 401 5286 
f 4507 10472 5583 
f 8913 7306 9607 
f 4690 2660 6110 
f 494 6021 8040 
f 4885 1521 2635 
f 1434 531 638 
f 6088 6091 5481 
f 3013 4366 8860 
f 7308 7423 3070 
f 1610 6808 3423 
f 8722 8596 8721 
f 3595 830 3594 
f 8456 3154 9529 
f 10434 1601 4514 
f 7861 7673 8365 
f 5634 5173 605 
f 8622 2570 6473 
f 9028 9124 8508 
f 6246 4145 10104 
f 9838 6334 5678 
f 791 729 840 
f 672 6644 7660 
f 9668 546 9735 
f 6691 10716 5859 
f 3506 8746 2991 
f 9080 9566 10692 
f 6303 7751 37 
f 10600 462 9251 
f 1687 51 904 
f 7939 7812 8868 
f 8436 6431 6018 
f 8014 8018 6403 
f 6649 540 21 
f 5973 5832 7673 
f 19 6690 10718 
f 7979 5706 5709 
f 10604 5236 9657 
f 8205 2622 8201 
f 9215 7334 9462 
f 5752 5709 5706 
f 521 3634 3588 
f 9657 10603 10604 
f 4878 5563 9589 
f 1187 5716 3670 
f 5629 8355 5388 
f 5404 5204 5547 
f 8241 5665 761 
f 690 6173 2108 
f 9652 10148 8241 
