v 0.309469 -0.921392 0.450065
v -0.246077 0.582705 0.060732
v 0.324808 -0.919437 0.426008
v 0.326318 -0.962311 0.486252
v -0.281894 -0.982499 0.0586274
v 0.31358 -0.96947 0.51198
v 0.282044 -0.963641 0.507701
v -0.485513 -0.661363 0.305646
v -0.6188669 0.7173815 -0.3350525
v -0.431098 -0.711207 0.44103
v -0.16523123 -0.9178205 -0.17278671
v 0.5655818 -0.81427765 -0.14865112
v 0.1484189 -0.97031355 0.58396673
v 0.0641173 -0.671515 0.701181
v -0.803239 -0.019834 0.448874
v -0.146155 -0.961498 -0.234851
v -0.2894287 0.5612869 -0.087371826
v 0.09809017 -0.9576297 0.55420303
v -0.615282 0.422356 -0.108242
v -0.76045036 0.7593012 -0.5331726
v -0.956401 0.390143 0.23455
v 0.021987915 -0.9683015 0.59761477
v -0.729219 0.525641 -0.42231
v 0.023116112 -0.9608531 0.5806799
v -0.0175506 -0.965747 0.600896
v -0.734563 0.80754 -0.454551
v 0.549335 -0.69978 0.563075
v 0.0033340454 -0.9802978 -0.29410553
v -0.118796 -0.969913 -0.241254
v 0.00821174 -0.123117 0.586351
v -0.04839325 0.8863869 -0.17738342
v 0.034374237 -0.8154907 -0.3573227
v -0.6648922 -0.6246488 0.10710144
v 0.560758 -0.498643 0.582157
v -0.24156189 -0.9218499 -0.059789658
v -0.181443 -0.969632 0.555023
v 0.00494149 -0.0988209 -0.280807
v -0.191034 -0.919759 -0.173762
v -0.183333 -0.229759 -0.295057
v -0.22204447 -0.9677713 0.4803753
v -0.224261 -0.971162 0.509133
v -0.534693 -0.806132 0.00172445
v -0.204997 -0.944314 0.443334
v -0.182328 -0.927852 0.434441
v -0.83413696 -0.32047653 -0.059280396
v -0.18628031 -0.9357834 0.4649315
v -0.171538 -0.946092 -0.220764
v -0.175546 -0.968913 -0.24051
v -0.6047478 0.20286942 0.6123123
v -0.1295147 -0.9604511 0.56863403
v -0.10403061 -0.92058897 0.5131054
v 0.54359055 -0.70311356 -0.2617798
v -0.583384 0.496195 -0.0324438
v -0.29749298 -0.24484563 0.57058716
v -0.0796128 -0.955815 0.575954
v -0.456564 -0.789264 0.318637
v -0.25441 -0.476797 -0.211744
v -0.577583 0.341467 0.481909
v 0.527809 -0.913615 -0.0325423
v -0.709365 0.629604 -0.0545642
v 0.0246209 -0.925293 0.540962
v 0.64191437 -0.7053833 -0.13250732
v -0.684023 -0.167351 0.5537
v -0.4290924 -0.9779854 0.37149048
v 0.102392 -0.909891 0.491295
v -0.315904 -0.965152 0.132104
v 0.15511703 -0.9196389 0.49696732
v -0.8327322 -0.011762142 0.004262924
v -0.332036 -0.971328 0.108595
v -0.316865 -0.982208 0.0852078
v -0.709666 0.695122 -0.534429
v -0.993434 0.159343 0.331887
v -0.30985546 -0.9838469 0.06708717
v -0.69832563 -0.52560425 -0.045440674
v 0.279448 -0.909561 0.446362
v -0.9193984 -0.09470892 0.16009331
v 0.135784 0.0108388 -0.254995
v 0.0634024 -0.914889 0.516748
v -0.0489375 -0.961202 0.587729
v 0.7413635 -0.31345558 0.4282303
v -0.712875 -0.93403 0.0843521
v -0.202528 -0.91945606 -0.13863087
v -0.365523 0.107899 0.404786
v -0.707213 0.474669 -0.291519
v -0.44696045 -0.97990274 0.27739334
v -0.976121 0.139426 0.549597
v -0.169202 -0.924296 -0.198247
v -0.181835 -0.981416 -0.264758
v -0.16436577 -0.9836168 -0.2822132
v -0.6909399 0.4746381 -0.32163668
v -0.5132723 -0.9699273 0.58231926
v 0.021965027 -0.96547633 -0.31182003
v -0.17281437 -0.8020992 -0.2985649
v -0.465823 -0.806348 -0.0703737
v 0.355587 -0.971076 -0.233633
v -0.851044 0.340959 0.631934
v -0.759413 0.51362 -0.106876
v -0.4438181 -0.7493639 0.29832077
v -0.578564 0.851161 -0.747506
v 0.0471163 0.89728 -0.274579
v -0.29101562 -0.9733267 0.3599205
v -0.302959 -0.982911 0.0440865
v -0.919145 0.124876 0.624279
v -0.234188 -0.965865 0.239863
v -0.788195 0.828955 -0.546249
v -0.137141 -0.793575 0.635569
v -0.24237 -0.966195 0.196664
v 0.76939404 -0.6156435 -0.0153265
v -0.258214 -0.964962 0.173565
v 0.16387558 -0.925282 -0.16897774
v -0.477487 0.46113 0.344318
v -0.534962 0.595243 0.135276
v -0.30034 -0.961442 0.153632
v -0.765544 0.554567 -0.143946
v -0.195691 -0.935553 -0.204
v -0.197336 -0.958721 -0.225433
v 0.49348068 -0.55089283 0.63168716
v 0.126923 -0.1187 0.604036
v -0.13230515 -0.40665054 0.62737274
v -0.426237 -0.496822 0.533375
v -0.675866 0.46436 -0.29703
v 0.13154697 -0.09974313 0.58330786
v -0.288584 -0.809548 0.535298
v -0.547593 -0.966315 0.586191
v -0.20761824 -0.040949345 -0.23890328
v 0.2827015 -0.9750563 0.06639099
v 0.24924397 -0.9742004 0.19327927
v -0.08823109 -0.79260445 0.6567726
v 0.5384941 -0.6697922 0.5854416
v 0.67767715 -0.64647317 0.48719025
v -0.36997414 -0.00070762634 -0.21243477
v 0.47897434 -0.9132843 -0.12197876
v 0.06360817 0.8003044 -0.23820496
v 0.7595062 -0.21482849 0.36305237
v -0.10193634 -0.5356598 0.5890503
v -0.508833 -0.660515 -0.00851565
v -0.922413 -0.252647 0.303327
v -0.1386261 -0.03768158 0.5334244
v -0.6576195 -0.27650833 -0.20297813
v 0.7404938 -0.54766846 0.40839386
v -0.694191 0.442604 0.58509
v -0.762043 -0.0726383 0.475825
v -0.300749 -0.979067 0.0183356
v 0.49404716 -0.96349454 0.13253784
v -0.149774 -0.74159 0.506531
v -0.23174763 -0.92120755 -0.12345505
v -0.221337 -0.954041 -0.206742
v -0.142958 -0.294335 -0.421313
v -0.47811508 0.37628746 0.00047683716
v 0.40867996 -0.9662628 0.06441498
v -0.200749 -0.976064 -0.248277
v -0.485765 -0.63659 0.355233
v -0.237676 0.713988 -0.0121616
v 0.63474274 -0.34443474 0.55895615
v -0.190717 0.00525295 -0.214307
v -0.423559 -0.519186 0.517652
v -0.15503123 -0.8125037 0.6463554
v 0.825902 -0.509938 0.308053
v 0.40070343 -0.5622959 0.6946831
v -0.31438 -0.972293 -0.044554
v -0.317469 -0.974576 -0.0659954
v 0.220865 -0.940722 0.0611038
v 0.404698 -0.203138 0.661903
v -0.367689 -0.935588 -0.254157
v -0.2680652 -0.9307182 -0.05230713
v -0.61115265 0.77565765 -0.7605133
v 0.0331167 -0.641059 0.700145
v 0.785939 -0.531438 0.345135
v -0.23568726 -0.9378543 0.009643555
v -0.212046 -0.923065 -0.0018381
v 0.425031 -0.942554 0.573308
v -0.270587 -0.927302 -0.0831293
v -0.256298 -0.924409 -0.107462
v -0.253985 -0.929467 -0.135316
v 0.33719063 0.26123905 0.28742218
v 0.042100906 0.16121864 -0.08420944
v -0.44658065 0.3599596 0.32254982
v -0.411052 -0.949717 -0.141853
v -0.122887 -0.93137 0.204776
v -0.22105217 -0.93124866 -0.18083382
v -0.177557 -0.984611 -0.33464
v 0.11635208 -0.7975502 0.6497345
v -0.5711441 -0.9692875 0.56056213
v -0.19380188 -0.396533 -0.38258553
v -0.32222748 -0.9644005 0.26538467
v 0.589541 -0.531892 0.560554
v -0.57797813 -0.9729321 0.50803375
v -0.218662 -0.976687 0.112565
v -0.624546 -0.982637 -0.0612244
v 0.544789 -0.314528 -0.282748
v 0.831021 -0.526267 0.336321
v -0.647663 -0.000302851 0.511014
v 0.5079498 -0.79328346 0.53668976
v 0.39045095 -0.9687054 0.3712864
v -0.35289478 -0.9775381 0.08063698
v -0.6995487 0.6039734 -0.52993774
v -0.259087 -0.0349087 -0.237825
v -0.678658 0.582418 0.0857971
v -0.497348 -0.105461 0.564722
v -0.274763 -0.940436 -0.112418
v 0.51951027 -0.8625368 -0.105155945
v -0.24253654 -0.930861 -0.1557579
v -0.971783 0.274972 0.2358
v 0.246238 -0.140492 0.651473
v -0.2297287 -0.98087597 -0.25302124
v 0.5602722 -0.72384644 0.53964233
v -0.900127 -0.00826123 0.235746
v 0.16302109 0.20669746 -0.074588776
v 0.588147 -0.905228 0.382442
v 0.7446785 -0.53941727 -0.07232666
v -0.447342 -0.505633 0.522423
v -0.447225 -0.528794 0.506313
v -0.447499 -0.552636 0.49201
v -0.47605324 0.251956 0.47089767
v -0.151276 -0.788763 -0.290428
v 0.457477 0.134355 0.444164
v 0.034049034 0.12592316 -0.1349144
v -0.7207234 0.57998466 0.37010193
v -0.2356162 -0.049821377 -0.24162078
v -0.5264816 -0.97574496 0.37154388
v -0.67984915 0.58448935 0.11562729
v -0.35080767 -0.9664674 0.14226532
v -0.554481 0.58514535 0.2898388
v -0.35130692 -0.9819145 0.047096252
v -0.583943 0.570329 -0.390738
v -0.88928 -0.026057 0.130544
v -0.569717 -0.92553 0.268458
v -0.8969207 -0.059230804 0.12221527
v -0.295283 -0.963794 -0.115742
v -0.295027 -0.972268 -0.145845
v -0.36348534 0.08879089 0.42567444
v -0.887086 0.484805 0.108251
v -0.646088 -0.945482 0.205195
v -0.020617485 0.2187992 0.0640316
v -0.0493871 -0.982611 -0.266544
v 0.030431747 0.87443924 -0.24809074
v -0.579547 0.567052 0.0543122
v -0.173413 0.564828 -0.0503759
v 0.45983887 -0.8879671 0.5731354
v -0.19312781 -0.13913345 0.5816841
v -0.47360992 -0.48912048 0.53543854
v -0.208835 -0.976867 0.234946
v -0.471515 -0.562727 0.484355
v 0.7045393 -0.9097481 0.034835815
v -0.402591 -0.976608 -0.150508
v -0.808554 -0.0308904 0.424499
v 0.6335449 -0.42100906 0.5607605
v 0.66329 -0.9516132 0.17913151
v -0.13569641 0.8769913 -0.19661331
v -0.266842 -0.258245 0.578641
v -0.13171291 -0.50836754 0.55080605
v -0.5310669 -0.9719107 0.5594864
v -0.17551422 0.6441946 0.0172081
v -0.72207105 0.6013336 -0.0052871704
v 0.453429 -0.835676 0.573528
v 0.68977356 -0.41822433 -0.15042114
v -0.476343 -0.783128 0.442538
v 0.69153404 -0.03478813 0.36556244
v -0.886348 -0.271725 0.015419
v -0.651027 0.0931107 0.67886
v -0.707734 -0.953314 0.129254
v -0.49461555 -0.98367333 0.2698288
v -0.41395473 -0.9724328 0.14801979
v -0.431718 -0.7258 0.225563
v -0.212024 -0.592291 -0.18471
v -0.36264592 -0.9826835 -0.022289217
v -0.690975 0.0272496 0.631535
v 0.75966 -0.518566 0.380315
v -0.662189 0.579102 -0.641751
v -0.6397725 0.76294804 -0.4176407
v -0.301613 -0.979762 -0.174636
v 0.949684 -0.585849 0.338923
v 0.9411 -0.759708 0.276267
v -0.285214 -0.86261 0.553972
v -0.26420212 -0.97505236 -0.20386124
v 0.4418583 -0.8776636 0.5835848
v -0.6611161 0.7909851 -0.47257996
v -0.768047 0.723021 -0.303152
v 0.472238 -0.823744 0.560534
v -0.6621802 0.2666607 0.6395912
v -0.0372829 -0.983491 -0.29923
v 0.350971 -0.381325 0.722141
v -0.76882 0.101034 0.687463
v 0.5758743 -0.0660398 0.5071373
v -0.7790203 0.5869491 0.24525446
v 0.56729126 -0.3971138 0.61006546
v -0.48012543 -0.5125427 0.51864624
v -0.20303917 -0.37895966 -0.3555374
v -0.617047 0.135089 0.654777
v -0.475029 -0.53970337 0.502388
v -0.37589025 -0.9299828 -0.21540642
v -0.19019508 -0.108818054 -0.26934338
v -0.74902344 -0.40678024 0.47853088
v 0.55966187 -0.2633524 0.6068497
v -0.09182072 0.20247698 0.23484421
v -0.93250895 -0.23766851 0.2794819
v -0.119672 -0.92348 -0.204911
v -0.35207444 -0.83012605 -0.12663409
v -0.130451 -0.331177 -0.448285
v 0.878792 -0.482179 0.275997
v -0.66633606 0.6700134 -0.65960693
v -0.95814514 0.26051974 0.40888214
v -0.0836761 -0.388531 0.72139
v -0.595419 0.24387646 0.56340694
v 0.8801727 -0.4731183 0.24548912
v 0.89956474 -0.6898737 0.3854847
v -0.233832 -0.3023 -0.293317
v 0.08980052 0.8563032 -0.31142807
v -0.212825 -0.280428 -0.299206
v 0.733512 -0.68259 0.421647
v -0.2498169 -0.9625282 -0.19364166
v -0.5926223 0.5752106 0.08016491
v -0.334721 -0.340515 0.566478
v 0.485765 -0.782302 0.551956
v 0.7284241 -0.27468872 0.4393921
v -0.07384682 -0.89141655 0.71370244
v 0.26478195 0.16858673 0.45938873
v -0.698866 0.585458 0.0663745
v -0.705426 0.584113 0.0933543
v -0.67286 0.581945 0.0565269
v -0.5286155 -0.04781151 -0.2122016
v -0.330003 -0.979988 -0.0823096
v -0.78937 0.496856 -0.0141069
v -0.844638 -0.45304847 0.11650658
v 0.67905426 -0.927536 0.059562683
v -0.648899 0.576312 0.02159
v -0.915309 -0.299692 0.128401
v -0.9242363 -0.27597427 0.12630844
v -0.548912 0.592204 0.0645135
v 0.22911835 -0.9187815 0.47684956
v -0.237293 -0.98396 -0.339881
v -0.649576 0.574816 0.04398
v -0.602174 -0.976534 -0.0808347
v -0.1931982 -0.20757866 -0.2892189
v 0.33459198 -0.9663849 0.32064164
v -0.9371786 0.25183105 0.56347656
v 0.886854 -0.474974 0.147745
v 0.3906021 -0.96308124 0.14772797
v 0.078243256 -0.39445305 0.7634449
v 0.623179 -0.464709 0.553322
v 0.0730494 0.86931 -0.359597
v -0.603271 -0.9569 0.553865
v 0.927661 -0.492986 0.279335
v -0.47884148 0.5469082 0.2958436
v 0.524292 -0.703523 0.580695
v 0.961344 -0.539427 0.297364
v 0.856966 -0.49346924 0.29358673
v -0.6755409 0.85675764 -0.5969815
v 0.7818146 -0.42485046 0.34765625
v 0.202578 -0.117879 0.601033
v -0.9693141 0.08024025 0.15467072
v 0.74493074 -0.11522269 0.30789566
v 0.04467392 -0.031305313 0.5708432
v -0.591353 0.421997 -0.0715068
v -0.1391797 0.1586113 0.3174286
v -0.333357 0.204483 0.27351
v -0.318572 -0.98079 -0.150119
v 0.980738 -0.624489 0.0901119
v -0.794762 0.0672226 0.651974
v -0.569889 -0.887261 0.2298
v -0.2835884 -0.9815151 -0.2236042
v -0.430775 0.416764 0.0461429
v -0.9449043 0.49352074 0.3343811
v -0.591879 0.869608 -0.728737
v -0.413443 0.170427 0.417198
v -0.2818756 -0.98408353 -0.3033867
v -0.763616 0.540904 -0.102333
v -0.251034 -0.978004 -0.36355
v -0.332464 0.757899 0.0422308
v -0.953051 0.101728 0.581413
v -0.636622 0.087008 0.659708
v 0.5175476 -0.3943901 0.65528107
v 0.198871 -0.915162 0.017528
v -0.713644 0.6558533 -0.103256226
v -0.497464 -0.684169 0.179627
v -0.931273 -0.268989 0.184468
v -0.5348358 -0.58008575 0.44418335
v 0.66228485 -0.18210602 0.50551605
v -0.159046 0.1265 0.381699
v -0.607298 -0.965566 0.530975
v 0.5342903 -0.9081135 0.45156097
v -0.943339 0.420263 0.384869
v -0.40843248 0.19819534 0.41194725
v -0.643966 0.428172 -0.148763
v -0.2963524 -0.29855633 0.57515335
v -0.176516 0.11425 0.399088
v 0.20297 -0.205064 -0.405076
v -0.9466171 0.14371395 0.60006714
v -0.516742 -0.762095 0.101961
v -0.03049469 0.6635933 -0.16927147
v 0.5113869 -0.34960938 0.6562252
v -0.967673 0.0795981 0.468713
v -0.49480575 0.57016474 0.22069168
v -0.513942 0.5788617 0.20919323
v -0.668301 -0.859458 0.0940963
v -0.29141426 0.2283442 0.031171799
v 0.24238682 0.15557861 0.47286224
v -0.36807 -0.958617 -0.260156
v -0.8138423 0.5689316 0.34594345
v 0.4192133 0.051971436 0.5031662
v -0.857513 -0.278498 -0.0436979
v -0.290304 -0.949843 -0.087833
v -0.53157043 -0.8466644 0.33865356
v -0.54723 -0.837855 0.568585
v 0.084796906 -0.91769314 0.5164237
v -0.185426 -0.863078 0.666659
v -0.667662 0.584881 0.029691
v -0.9329112 -0.19088268 0.20253277
v 0.5914631 -0.79045105 0.48624992
v -0.448147 0.363116 0.0280612
v 0.172058 -0.273531 -0.44079
v -0.37309074 -0.98381513 -0.14843178
v -0.46864474 0.3416738 0.39776874
v -0.3429029 -0.8035965 0.53584313
v -0.526011 0.217809 0.529664
v 0.42678833 -0.6050873 0.66500854
v 0.497191 -0.837366 0.549619
v 0.60349846 -0.6277313 0.54877853
v 0.19076157 -0.93006057 0.10037613
v 0.0169213 -0.352222 0.75303
v -0.128105 -0.766444 0.585016
v -0.129448 -0.173429 0.584218
v -0.6177254 -0.4638443 -0.18457794
v -0.15655899 -0.77135086 0.5731163
v -0.632822 0.439369 -0.173183
v 0.7856741 -0.29838562 0.32978058
v 0.25245094 0.12429047 -0.16332245
v 0.5628681 0.14707088 0.31298637
v -0.625263 0.498779 -0.372442
v -0.43113995 -0.75571275 0.26140976
v -0.886839 -0.20065 0.0176243
v -0.477607 0.539563 0.322427
v -0.48067856 -0.4589157 0.55532837
v 0.38223267 -0.762558 0.6402588
v -0.52082443 -0.56661224 0.46766663
v -0.493799 0.554018 0.346123
v -0.582405 0.398095 -0.0625755
v -0.514241 0.55433 0.391847
v -0.9684546 0.056133896 0.21626997
v -0.51997894 0.534608 0.42776513
v -0.20597553 -0.9217772 -0.031053543
v -0.8983383 0.4091835 0.13076782
v -0.97763777 0.1270504 0.45322037
v -0.627231 -0.951431 0.513147
v -0.607569 -0.968629 0.505776
v 0.100945 0.837357 -0.329894
v -0.4464898 -0.7283478 0.4085369
v -0.60622287 -0.9725168 0.45752907
v -0.32130527 0.23657691 0.060656548
v -0.95267487 0.13230133 0.10292053
v -0.648101 0.576757 0.0757586
v -0.896985 -0.00200593 0.14267
v 0.0310551 0.95483 -0.283522
v 0.0178098 0.977467 -0.283715
v 0.020588 0.959701 -0.261877
v -0.81346464 -0.49529815 0.2385521
v 0.4681568 0.20919105 0.059980392
v -0.8861847 0.55084324 0.1886406
v -0.457536 -0.708336 0.197429
v -0.327529 -0.961186 0.564551
v -0.489563 -0.69783306 0.15616226
v -0.229093 0.63843 0.0423608
v -0.48125648 -0.9837753 0.13242722
v -0.5286102 -0.81423664 0.39709473
v 0.17952 -0.103962 0.584631
v -0.44834805 -0.98228264 0.09257507
v 0.906125 -0.472233 0.23824
v 0.7078719 -0.06561279 -0.006362915
v 0.256692 -0.950624 0.0189968
v 0.77373314 -0.33105373 -0.037872314
v -0.57565784 -0.9688082 -0.098501205
v -0.39788818 0.6851311 0.09098053
v 0.12273258 -0.014858961 -0.26766276
v -0.117181 -0.745214 0.540739
v -0.721263 -0.498063 -0.0699273
v -0.958761 0.0894412 0.359553
v -0.19778442 0.68086624 -0.025131226
v -0.68276215 0.6593628 -0.6039734
v -0.63295 0.452607 -0.221228
v -0.71664 0.768492 -0.336334
v -0.231231 -0.124882 -0.267388
v 0.320358 -0.176265 0.669173
v -0.5921402 -0.8773161 -0.05928135
v -0.738026 0.827732 -0.498374
v -0.724635 0.838016 -0.521463
v -0.9475603 0.03354919 0.20203781
v -0.17921829 -0.41142917 -0.4059677
v -0.952765 0.05657 0.13919
v -0.197292 -0.942994 0.41391
v -0.24208212 0.00030517578 0.49146843
v 0.33641052 -0.5619173 0.7227411
v -0.63210773 0.6168175 -0.105838776
v -0.61666775 0.8075485 -0.60370636
v 0.6917038 -0.5860596 0.48893738
v -0.7418413 0.64302826 -0.37644958
v -0.5549793 -0.9767852 0.33117294
v -0.889189 0.526823 0.132692
v -0.747652 0.742733 -0.304632
v -0.7511902 -0.5160408 0.0124053955
v -0.62154937 0.5618973 -0.51860046
v -0.17170405 0.09767532 -0.14622593
v -0.6881022 0.7710304 -0.35231018
v 0.56082916 -0.88887405 0.43323517
v -0.57034016 -0.81953883 0.4965043
v -0.481105 0.393041 0.386286
v 0.299301 -0.157628 0.657106
v 0.284734 -0.944717 -0.0247631
v -0.441705 0.514525 0.196664
v 0.5766144 -0.023161888 0.49282837
v -0.696503 0.424467 -0.130327
v -0.723587 0.756081 -0.309562
v -0.697288 0.760073 -0.316767
v -0.0947494 -0.983041 -0.276241
v 0.5086212 -0.931427 0.45629883
v 0.6074028 -0.8557892 -0.048698425
v -0.10870838 0.100914 0.43164444
v -0.626669 0.0171569 0.513377
v -0.009723425 0.16707993 0.40217972
v -0.35011625 -0.9833033 -0.1793251
v -0.057540894 0.84584045 -0.16997528
v -0.3028717 0.5531708 0.086193085
v -0.5547633 0.101382256 0.53084826
v -0.366114 -0.982922 -0.198377
v -0.349515 -0.983901 -0.218632
v -0.33187 -0.983743 -0.237621
v -0.14787936 0.18795633 0.042928696
v 0.335074 -0.966333 -0.143965
v 0.0262249 -0.380491 0.750962
v -0.7498007 -0.014465332 -0.08567047
v 0.6938324 -0.66873693 0.4439621
v -0.7413353 0.57762945 0.06364417
v -0.08356753 -0.19832754 -0.35824513
v -0.234106 -0.37566 -0.277551
v -0.935774 -0.241586 0.201778
v -0.555108 0.560695 0.415288
v -0.880393 -0.251149 -0.00678837
v -0.5093765 -0.5451431 0.49460983
v -0.71847534 -0.35727453 0.527153
v 0.424823 -0.411656 0.708526
v -0.961795 0.417191 0.239303
v -0.633456 -0.961695 0.460719
v -0.624302 -0.968386 0.435488
v 0.66081 -0.379623 0.536333
v -0.565516 -0.9789038 0.2485199
v -0.163638 0.901633 -0.105721
v -0.62436295 -0.41455078 -0.20555115
v 0.403714 -0.0913491 -0.253591
v 0.4937153 -0.6478567 0.63151264
v -0.8852005 -0.08103943 0.33114624
v -0.635952 0.89844 -0.741764
v -0.234464 0.169819 -0.0719966
v -0.10978699 -0.47926712 0.6078186
v -0.8027401 0.43185425 -0.018627167
v 0.0912846 -0.475501 0.750922
v -0.217052 -0.431147 0.553357
v -0.286286 -0.475251 -0.206234
v 0.976869 -0.55023 0.277708
v -0.262402 -0.792095 0.527186
v -0.17425 0.77219 -0.0715657
v 0.934616 -0.487456 0.132375
v 0.87898 -0.481767 0.123149
v -0.167734 -0.772997 -0.254218
v 0.07564354 -0.91750944 -0.17026043
v 0.704522 -0.660427 -0.0756737
v -0.899804 -0.039015085 0.184268
v -0.340452 0.486148 0.0773136
v -0.160285 -0.572944 0.512538
v -0.9239502 0.41814804 0.17494202
v -0.38622284 -0.98415715 -0.12579584
v -0.388271 -0.979479 -0.177853
v -0.24128175 0.21734476 0.22739792
v -0.90071774 0.414608 0.5183792
v 0.74116516 -0.3527527 0.43154907
v -0.388104 0.177981 0.373855
v -0.33968 -0.974503 -0.317396
v -0.295454 -0.981199 -0.339917
v -0.545365 -0.666776 0.142542
v 0.012202 -0.693798 0.674941
v -0.8961563 0.50146294 0.12302017
v -0.0663426 -0.803922 0.672679
v 0.06631279 0.8500104 -0.27278328
v -0.111828 -0.962035 0.687517
v -0.719592 0.520629 -0.473279
v -0.166435 -0.964263 0.256589
v -0.27637482 0.83013153 -0.052301407
v -0.20050049 -0.023132324 0.51418304
v 0.92141104 -0.78499794 0.2726593
v -0.641084 -0.953773 0.440009
v -0.61179924 -0.97149277 0.39416504
v -0.295971 -0.130443 0.551312
v 0.3125 -0.54216576 0.7299237
v 0.722044 -0.5716145 0.44822693
v -0.583859 -0.974144 0.323665
v -0.962907 0.0601185 0.165214
v -0.9236107 -0.13518524 0.2816925
v -0.8642101 -0.4228897 0.10066986
v -0.15041733 -0.8897476 -0.36046982
v -0.507164 -0.983755 0.2076416
v -0.7290821 0.7399368 -0.27752686
v -0.741112 0.7177 -0.244891
v -0.302614 -0.980538 0.109446
v -0.374386 0.755729 -0.0401744
v 0.238723 -0.965184 0.528237
v -0.751485 0.890303 -0.640415
v -0.766666 0.493281 -0.0853103
v -0.745684 0.888258 -0.615705
v -0.704014 0.749925 -0.289757
v 0.47318268 -0.019088745 -0.18645477
v -0.13029861 -0.847414 0.68200016
v -0.63251 -0.923441 0.209842
v -0.413652 -0.983809 -0.124937
v -0.384775 -0.970725 -0.202017
v -0.812987 0.0725245 0.640075
v -0.373808 -0.975086 -0.221223
v -0.618123 0.632834 -0.163277
v -0.360839 -0.980632 -0.246646
v -0.96783614 0.28241873 0.20470047
v 0.47793674 -0.9638413 0.36211777
v -0.87608075 -0.4082389 0.23307514
v -0.7371913 0.55858994 0.43133545
v -0.35012 -0.958676 -0.298911
v -0.5525036 -0.47481537 0.542572
v -0.53782654 -0.5220337 0.50665283
v -0.19859552 -0.31863737 -0.33224678
v 0.11538601 -0.81734276 -0.359972
v -0.10760498 -0.737236 -0.33264923
v -0.54286814 -0.6009903 0.40381622
v 0.18785286 0.120449066 -0.15477371
v -0.0961247 -0.734126 0.551761
v -0.0480677 0.977814 -0.187234
v 0.461171 -0.961128 -0.0498217
v -0.586901 -0.969228 0.26162
v -0.238275 -0.953041 0.617564
v -0.145556 0.9132 -0.130446
v -0.189929 -0.430272 -0.385754
v -0.695251 0.616887 -0.030393
v 0.51130295 0.18535423 0.0701561
v -0.033352137 -0.04313755 -0.2668283
v -0.696649 0.552148 -0.567576
v -0.340923 0.735114 0.0629254
v -0.42027375 -0.9260688 -0.13311929
v -0.735683 0.877272 -0.590953
v -0.113889 -0.775588 0.615909
v -0.6956425 0.900095 -0.6440029
v -0.4320507 -0.98358846 0.043632507
v 0.46620178 -0.4694519 0.6778412
v -0.203712 -0.765145 -0.150978
v 0.5826645 -0.597702 0.5724182
v -0.0244359 0.958257 -0.192105
v -0.17550325 0.19816703 0.23282671
v -0.28188 -0.838787 0.544525
v -0.471945 -0.578288 0.464442
v -0.579527 0.588119 -0.214681
v -0.6067457 0.5715456 -0.09508133
v -0.357477 -0.944995 -0.276626
v -0.18360329 -0.5429611 -0.3062973
v 0.0489704 0.929597 -0.345226
v 0.5479584 -0.01376915 0.5030365
v -0.574677 0.137332 0.569042
v -0.900234 -0.32713 0.127106
v -0.869023 -0.400757 0.0785661
v -0.40697098 -0.9318211 0.60674286
v -0.971512 0.191491 0.413094
v -0.627163 0.567714 -0.0261021
v -0.463545 -0.146805 0.570336
v -0.37246323 -0.03579712 -0.22889328
v -0.743117 -0.482169 -0.0726672
v -0.06254 -0.919898 -0.189936
v -0.458015 0.537716 0.209721
v -0.5918555 0.0767889 0.5521374
v -0.572662 -0.980116 0.218978
v 0.51517487 -0.7634964 -0.27007294
v -0.274469 0.160354 0.368738
v -0.358714 -0.973063 -0.276438
v -0.25576782 -0.92381644 0.60440826
v -0.945802 0.515295 0.212792
v -0.751042 0.542452 -0.218152
v -0.941878 0.505993 0.187112
v -0.746913 -0.0615827 0.487655
v 0.579718 -0.920994 0.36151
v -0.912569 -0.0676936 0.200857
v -0.0501706 -0.178538 0.621997
v -0.635089 -0.859757 0.00748729
v -0.510768 0.58515 0.177511
v 0.038217545 0.71686554 -0.15223694
v -0.466308 -0.733687 -0.0626769
v -0.5937576 0.55298805 -0.11111832
v 0.3236313 -0.20546854 -0.35817146
v 0.000787735 0.9639105 -0.23048401
v -0.88823414 -0.3848406 0.15245819
v -0.29244804 0.05328369 0.4608612
v -0.037963867 -0.9316559 0.5437126
v -0.28786469 0.81523895 -0.022651672
v -0.6211977 0.21681237 0.62904406
v -0.62353516 -0.61167145 0.32470703
v -0.618997 0.105367 0.64784
v -0.22745895 -0.6490097 0.5249901
v -0.5173626 -0.66957855 0.23851013
v -0.475511 -0.830282 0.306167
v 0.916317 -0.79788685 0.14296722
v 0.60206 -0.924186 0.340139
v -0.8633766 -0.4092369 0.27735138
v -0.30558395 0.114276886 0.41086578
v 0.116265 0.15394 -0.126688
v -0.02116394 0.06062317 0.5083542
v -0.766314 0.772576 -0.402677
v -0.75159 0.77305 -0.380193
v -0.0700438 -0.234816 -0.428485
v -0.6690855 0.33646584 0.6221876
v -0.5834801 0.8442917 -0.71572876
v -0.517363 -0.80039 -0.0178447
v 0.31166267 0.09764862 -0.18656921
v 0.655014 -0.724343 -0.0918263
v 0.928252 -0.543181 0.337572
v -0.00972809 -0.343012 0.759176
v -0.401186 0.5813837 -0.06502056
v 0.5493736 -0.20123291 -0.24916458
v 0.7288437 -0.062529564 0.2870636
v -0.764741 0.8197 -0.501046
v -0.14969 -0.87837 0.695194
v -0.636455 0.586651 -0.0483628
v -0.168447 0.202 0.181161
v -0.196792 -0.193204 0.592476
v 0.952806 -0.558702 0.32255
v -0.5851388 0.10394764 0.5678549
v -0.83696 0.141082 0.652905
v -0.6747856 0.38438797 0.61063004
v 0.05875945 -0.14654589 0.64897346
v -0.02571106 0.9299526 -0.19533539
v -0.318031 -0.0855279 0.54297
v 0.6143303 -0.9345474 0.3117218
v -0.5749086 0.61308 -0.29470062
v -0.5146599 0.6105232 0.122715
v 0.60957336 -0.9586563 0.22763062
v -0.614624 -0.4909973 0.50546265
v 0.76145935 -0.26910877 0.37304688
v -0.185604 -0.472733 0.539155
v 0.420451 -0.666872 0.652876
v -0.60047317 -0.5594177 0.4413452
v -0.0450129 -0.950074 0.698958
v -0.748686 0.621568 -0.0819006
v 0.28824425 0.19619751 0.4332466
v -0.679239 0.62656 -0.0571093
v 0.5861664 0.1185379 0.034622192
v -0.45264244 -0.9854188 -0.09915352
v -0.253937 -0.355364 -0.265111
v 0.4213326 0.24260563 0.14358425
v -0.0276422 -0.822402 0.682397
v -0.50533915 -0.6771436 0.20863342
v -0.458817 0.3675027 0.35036469
v -0.4922638 -0.22705841 -0.2628467
v -0.228566 -0.227519 0.590992
v 0.43284225 -0.9683574 -0.046718597
v -0.61063385 -0.42477417 0.54963684
v -0.59484863 -0.44989586 0.5438652
v -0.06574571 -0.16170418 -0.29650754
v -0.766604 0.872752 -0.596978
v -0.68837 -0.900516 0.128692
v -0.60498667 -0.53824234 0.46669006
v -0.109504 -0.235435 -0.401552
v -0.36932 0.704421 0.0820861
v -0.678648 -0.874966 0.116031
v -0.505375 0.501267 -0.00296958
v 0.909038 -0.630142 0.383565
v 0.522867 -0.674677 0.59575
v -0.800447 -0.449415 -0.0387944
v -0.54662204 -0.6642666 0.2360878
v -0.60559845 -0.9791176 0.18853188
v -0.20934296 -0.93262243 0.030570984
v -0.635082 -0.882702 0.170015
v 0.953873 -0.494151 0.235997
v 0.264085 -0.97477 0.0629707
v -0.942843 0.329149 0.195142
v 0.533889 -0.37852 0.644165
v -0.0261726 -0.946957 0.570633
v -0.8713312 0.5596901 0.28752136
v -0.094646 -0.33384 0.71575
v -0.8883333 -0.33973885 0.28752136
v 0.0776826 -0.018642 0.570983
v -0.97428846 0.06919542 0.20402336
v -0.297904 -0.356932 -0.247639
v -0.99297905 0.12490749 0.22871399
v -0.838346 0.207554 -0.0436576
v -0.75358963 0.0114097595 -0.06839752
v -0.903773 -0.319434 0.201701
v -0.5798702 -0.98651665 -0.013374329
v -0.3653946 0.4845276 0.10528183
v -0.660594 -0.946232 0.187767
v -0.21603 -0.964938 0.0870905
v -0.279581 0.514948 -0.02613
v -0.0479754 0.916093 -0.169601
v 0.669826 -0.595128 -0.159685
v -0.588289 -0.266823 -0.224733
v -0.57273483 -0.98483866 -0.07252216
v -0.482267 -0.984749 -0.101266
v -0.586087 -0.146781 -0.210912
v -0.587391 -0.118707 -0.213861
v 0.062789 -0.959892 -0.307549
v -0.7473602 -0.43758392 -0.101867676
v 0.465722 -0.967533 0.0408643
v -0.15374029 -0.19354153 -0.29430008
v -0.14761734 -0.15895319 -0.28575993
v -0.012922287 -0.4329815 0.7349081
v 0.77098036 -0.12513041 0.14558935
v 0.0015277863 -0.2316494 0.72971344
v -0.647419 0.46882057 -0.30482483
v -0.78057 0.596691 -0.19537
v -0.655064 0.458979 -0.274755
v -0.497217 0.395084 0.405847
v 0.614556 -0.346217 0.570681
v 0.6057339 -0.7414322 -0.16959381
v -0.269739 0.68641 0.0192066
v -0.639804 0.544062 -0.560566
v -0.6058004 -0.57543945 0.41244507
v -0.608949 0.0954738 0.619742
v -0.741761 0.757966 -0.331548
v -0.938789 0.111562 0.603497
v -0.8964718 -0.36553574 0.18431664
v 0.53393173 0.06570053 0.45086288
v -0.697927 0.364491 0.633126
v 0.6315994 -0.12495422 0.49853516
v -0.563738 0.119729 0.54879
v -0.8603668 0.31060028 0.005996704
v -0.27199364 -0.52793884 -0.18492508
v -0.407024 0.47711 0.144615
v -0.18020439 -0.94517136 0.36598969
v -0.57335883 -0.66347134 0.19737244
v -0.06616688 0.21775842 0.19232368
v 0.3712964 0.13920975 -0.14078331
v 0.22086906 0.2602005 0.03989601
v -0.6527723 -0.86760056 0.13926244
v -0.12861252 -0.7455311 -0.3094883
v 0.0220967 -0.122003 -0.284301
v 0.5903878 0.05647278 0.42298508
v -0.1975069 -0.020879745 -0.22644901
v -0.688978 0.528297 -0.550692
v 0.4584303 -0.9617559 0.21158981
v 0.0810834 -0.975128 -0.287187
v 0.91238 -0.520225 0.326901
v -0.0428202 0.951644 -0.164827
v -0.97529 0.0703447 0.257476
v -0.12464 -0.769656 -0.309217
v 0.226196 -0.970173 0.188771
v -0.593029 0.76156425 -0.59714127
v -0.59428024 0.61519814 -0.190876
v -0.687438 0.910158 -0.668903
v 0.232409 -0.972514 0.139176
v -0.71198654 0.26455688 0.6773834
v 0.33513 -0.93538 0.448
v -0.6310425 -0.4707489 0.51293945
v -0.0846414 -0.744681 0.570559
v -0.8170128 0.38459015 -0.019899368
v -0.253238 -0.962182 0.22193
v -0.9727569 0.19371986 0.52111244
v -0.0031166077 0.011367798 0.5422859
v -0.6680603 -0.49152756 0.4802475
v -0.31662375 0.24098027 0.14848733
v -0.6407776 -0.53915405 0.44363403
v 0.6102028 -0.588391 0.5508003
v -0.373928 0.262222 0.079902
v 0.30392647 -0.18193817 -0.3412342
v -0.71009827 0.651577 -0.49821472
v 0.7202835 -0.50465775 -0.12340546
v -0.5026665 0.2722454 0.4842472
v -0.0603353 0.618474 -0.0471748
v -0.922261 0.208718 0.609151
v 0.84988844 -0.47176722 0.18511772
v -0.686057 -0.935995 0.00191988
v -0.388565 0.748822 -0.0124103
v -0.006374359 0.114126205 0.47275543
v -0.59889317 0.055143833 0.5324106
v -0.0952553 -0.935781 -0.217952
v -0.338781 -0.754884 0.523321
v -0.1106925 0.18932438 0.26225853
v -0.265671 -0.452843 -0.214568
v -0.09699249 -0.58231735 -0.41174316
v 0.5155964 -0.8086395 -0.22741699
v 0.25889587 -0.1807785 0.7012253
v -0.453499 0.502757 0.247819
v 5.34813e-05 -0.55036 0.710461
v -0.14201 -0.489508 0.54656
v -0.63534164 -0.9762409 0.18062973
v 0.335677 -0.935007 0.600654
v -0.75788 0.55255 -0.171832
v -0.66449213 0.63697624 -0.09009552
v -0.507164 -0.68015766 0.00065612793
v 0.7121496 -0.022355556 0.26612854
v -0.20709 0.548001 -0.00806088
v 0.6521368 0.054914474 0.03507614
v -0.25802583 0.22869247 0.096987724
v 0.52199936 -0.61738145 -0.29807663
v -0.34113 0.250146 0.159774
v 0.863468 -0.533262 0.350864
v -0.68393326 0.5315552 0.49188232
v 0.14113379 -0.17522812 0.70944595
v -0.559183 0.587316 0.147337
v 0.917683 -0.771165 0.0651879
v 0.43061733 -0.9089508 -0.2469101
v -0.87871933 -0.387918 0.26950073
v -0.338513 -0.981014 -0.0525035
v -0.734861 0.772083 -0.357918
v -0.697408 -0.923038 0.133502
v 0.26109582 0.2774506 0.1899457
v -0.10497284 -0.9476013 0.5574188
v -0.0969123 -0.977195 -0.251004
v -0.255053 0.665758 0.0141397
v -0.529103 0.423397 -0.0135696
v -0.468975 0.570304 0.180602
v 0.038244247 0.18621063 0.4070282
v -0.273412 0.518805 0.0370101
v -0.510343 -0.984023 -0.103076
v 0.33172607 -0.81277466 0.63534546
v -0.768832 -0.499645 0.0124327
v -0.77643967 0.54683304 0.44293213
v -0.17034054 -0.2404604 0.58697057
v -0.5736346 -0.64326286 0.2873459
v -0.8946686 -0.18410683 0.36499023
v -0.408184 0.728487 -0.0156024
v 0.42799 -0.715957 0.636817
v -0.0968051 -0.959987 -0.232514
v -0.7143768 0.8047676 -0.45088577
v 0.50431764 0.19594836 0.2841015
v -0.6163173 0.17094326 0.64707947
v -0.1810174 -0.77531624 0.56187916
v -0.54031754 -0.8607712 0.5891037
v 0.327196 -0.63185 0.714635
v 0.215487 -0.645858 0.732482
v -0.4234023 0.24099517 0.41995716
v -0.5644493 0.5300827 0.46936607
v 0.5831108 -0.94558334 0.30291748
v 0.5336685 -0.9485655 0.014202118
v 0.0615136 0.696567 -0.21252
v -0.46977997 0.511219 0.32414246
v -0.334136 -0.0370265 0.530521
v -0.759808 0.624484 -0.107337
v -0.411589 -0.621001 0.473769
v -0.17643487 -0.7300782 -0.18235636
v -0.46114922 0.4940071 0.2876358
v -0.8260443 -0.48222685 0.20183754
v 0.513437 -0.821667 0.534659
v -0.3741455 -0.89424133 0.5892372
v 0.412654 0.133677 0.458213
v -0.65197754 -0.39183044 0.55093384
v -0.7781677 -0.25963593 0.5055008
v -0.392594 0.733597 -0.0405548
v -0.693845 0.579563 -0.577453
v -0.67964053 -0.5189743 0.44030762
v -0.0317381 -0.361975 0.754767
v -0.29071522 -0.12325287 -0.2570424
v -0.877031 -0.284539 0.372718
v -0.67222595 -0.52329254 -0.07032776
v -0.163694 0.0391487 -0.199573
v 0.442202 -0.735996 -0.328594
v -0.98127806 0.12602767 0.5190263
v -0.6143398 -0.64694786 0.22911835
v 0.21581769 0.26783407 0.077222824
v -0.778241 -0.487318 -0.0109166
v -0.484771 0.368823 0.400634
v 0.324993 -0.974608 -0.238472
v -0.859993 0.21583939 0.6727524
v 0.5898819 -0.3586235 -0.25067902
v 0.0034458637 0.8687937 -0.22251868
v -0.708107 0.8104706 -0.64404297
v -0.176263 0.857177 -0.038073
v -0.670366 -0.963268 0.169621
v 0.013542175 -0.6619816 0.68274117
v -0.15820408 0.15796852 0.31465912
v -0.17682648 -0.8970356 0.6852875
v 0.3944111 -0.26634598 -0.36311913
v -0.9500427 0.4677124 0.34965515
v -0.5659332 -0.9831586 0.1355133
v 0.965595 -0.499037 0.181244
v -0.0208984 -0.112376 0.580642
v -0.708823 -0.183999 0.547695
v 0.043917656 -0.64211273 -0.44198418
v -0.386618 -0.904089 -0.147341
v -0.519086 -0.4453 -0.218869
v -0.552439 -0.983738 -0.0910759
v -0.5973072 0.74396515 -0.76189613
v -0.17928314 -0.14419174 -0.27567768
v 0.6146755 -0.9461708 0.2768402
v -0.336907 -0.981574 -0.291445
v 0.52534866 -0.8876343 0.51251984
v -0.2888565 -0.80310273 -0.1661148
v -0.304389 -0.794963 -0.138136
v -0.476059 -0.796285 0.362525
v 0.06299383 0.25306863 0.19747847
v -0.3343792 0.78438187 -0.06729889
v -0.13536453 -0.33998108 0.6492157
v -0.6294734 -0.8994206 0.47222114
v -0.48590994 -0.67775726 -0.0538311
v 0.213147 -0.958977 0.613147
v 0.062084198 0.23388338 0.038074493
v -0.90354156 -0.29264927 0.31941605
v 0.65867615 -0.9468231 0.1088562
v -0.7333865 0.5889039 0.31664276
v -0.947963 0.510714 0.286711
v -0.11509991 0.019485474 -0.21115494
v -0.249305 -0.325534 -0.272793
v -0.954701 0.127497 0.588186
v -0.17248 -0.883352 -0.363587
v 0.7236862 -0.8087845 -0.050365448
v -0.34237 0.247301 0.190191
v -0.6629181 -0.55501556 0.3976593
v -0.799159 0.0250729 -0.0143439
v 0.18937874 -0.15632296 -0.3430357
v -0.654891 -0.579121 0.35755
v -0.314588 0.24022 0.113922
v 0.281076 0.113479 -0.176823
v -0.59737074 0.725108 -0.48838043
v -0.9398041 0.32684517 0.17034149
v -0.63732874 -0.6433178 0.19425392
v -0.12398815 0.05857849 0.4605255
v -0.567855 -0.841378 0.551345
v 0.6950321 -0.28457832 -0.17715073
v -0.11841202 -0.3720917 0.68183136
v 0.91943836 -0.7959969 0.23344421
v -0.659334 -0.977256 0.148868
v 0.97643197 -0.708406 0.1701374
v -0.698816 0.0397545 0.656335
v -0.14344025 -0.4269247 0.591156
v -0.567835 0.749962 -0.746613
v -0.286123 -0.739851 0.524375
v -0.073604584 0.63840485 -0.14234924
v -0.757067 0.827258 -0.618037
v -0.73482037 0.56353927 -0.30368805
v -0.191267 -0.670393 -0.165422
v -0.9350582 -0.16917422 0.20651579
v -0.571306 0.452027 0.497709
v -0.68397903 -0.46479797 0.49282074
v -0.61096245 0.74676704 -0.48322105
v 0.824994 -0.700458 0.427419
v -0.7017555 -0.47899818 0.47005844
v -0.448576 -0.574014 0.475292
v 0.164815 -0.922312 0.235453
v -0.855675 -0.354151 0.387755
v -0.453073 -0.670546 0.381674
v 0.19838 -0.144429 0.674691
v 0.051368713 0.17461205 0.43247223
v -0.249017 -0.000722061 -0.225398
v 0.51878977 0.19073844 0.1417427
v -0.419989 -0.78911 0.512251
v -0.6464062 -0.6247101 0.26991272
v 0.0573253 -0.0811263 -0.28284
v -0.60082245 -0.65495926 0.16769028
v -0.362933 -0.909823 -0.244401
v -0.540215 0.399459 0.445571
v -0.24491912 -0.9715275 0.46454358
v -0.68348885 0.5709915 0.40818787
v -0.78243 0.797856 -0.483354
v -0.566566 -0.649397 0.0764806
v 0.272773 0.0459621 -0.23172
v -0.484036 0.634865 0.111112
v 0.197742 -0.918795 0.0469741
v -0.603296 0.00718428 0.501824
v 0.4464264 -0.7808857 0.5826683
v -0.731438 0.829747 -0.638426
v 0.437473 -0.743794 0.618311
v -0.8340912 -0.4014226 0.38458633
v 0.0449191 -0.689053 0.682232
v -0.6211777 0.59132946 0.21124077
v -0.431083 -0.745482 0.21264
v -0.34220123 -0.98212487 -0.118255615
v -0.93357086 0.37926865 0.19107056
v 0.412802 -0.903633 -0.261475
v 0.9801779 -0.66327286 0.27472115
v 0.09501314 -0.29481888 0.75456285
v 0.278036 -0.141787 -0.279433
v -0.6422739 0.4948597 -0.39550018
v 0.8071542 -0.39667606 0.2721405
v -0.337465 -0.366164 0.562993
v -0.600556 -0.977272 0.214198
v 0.5891266 -0.21601486 0.57808685
v -0.66361237 -0.60715866 0.29548645
v -0.47019958 0.36964083 0.37741756
v 0.005610466 -0.8154235 0.6602893
v -0.752935 -0.5051 -0.0102564
v -0.680526 0.397427 -0.0885339
v -0.003063202 -0.9236048 0.3043213
v -0.309705 -0.826542 0.547518
v -0.1894064 -0.9687772 0.13330841
v 0.54213 -0.403393 0.636317
v -0.45958877 0.19113076 0.47615004
v -0.7937317 -0.2983017 0.4892273
v 0.10762048 0.112644196 -0.16571236
v 0.291685 -0.797514 0.666357
v -0.623249 0.828382 -0.758072
v 0.9088 -0.648601 -0.0107593
v -0.443534 0.537267 0.183094
v -0.165204 0.140326 0.354774
v 0.015000969 0.1688118 -0.0661602
v -0.140419 0.12875843 0.38432884
v 0.471993 -0.867056 -0.242969
v -0.683731 -0.97242 0.140554
v 0.21355629 -0.16142845 0.6956005
v -0.65966797 -0.98110867 0.11185455
v -0.8802643 0.52960396 0.3824768
v -0.11377716 0.761837 -0.11664581
v -0.111191 -0.791095 0.646934
v -0.445235 -0.886206 0.610213
v -0.142223 -0.946563 0.206749
v -0.62071705 0.077978134 0.62573814
v -0.295506 -0.330528 0.577246
v -0.25392807 0.20347786 0.28249168
v -0.231866 -0.962607 -0.375123
v -0.0656781 0.968118 -0.173005
v -0.51882553 0.482975 0.42925072
v -0.185505 0.632015 0.0356018
v 0.408827 0.214146 0.366078
v -0.7455809 0.5275426 -0.33101654
v 0.0317604 -0.0929305 -0.281877
v -0.875716 -0.408026 0.130666
v -0.626884 -0.931706 -0.0710371
v 0.037039757 0.1437645 0.46290588
v -0.89627457 0.28312683 0.62187195
v -0.514504 0.119537 0.520212
v 0.152255 0.0613261 -0.202751
v -0.17271805 0.63669586 -0.15176964
v -0.457274 -0.758189 0.386072
v 0.716856 -0.636913 0.425442
v -0.48542404 -0.7418184 -0.040582657
v -0.1280098 -0.033210754 -0.2548418
v 0.6470871 -0.65127945 0.5184784
v -0.81256104 -0.38590813 -0.05783081
v 0.68424416 0.0055160522 0.03288269
v -0.014386177 0.112493515 -0.13731384
v -0.21784592 0.5848837 0.04343605
v -0.63206 0.566214 0.0272669
v -0.48151278 -0.8362236 0.22611618
v -0.6254698 0.57158947 -0.5745926
v -0.59189224 -0.6405182 0.06137085
v 0.489996 -0.587361 0.626875
v -0.693246 -0.975685 0.103932
v -0.433186 -0.61506 0.450626
v 0.7144623 -0.46713257 0.46076965
v -0.252737 0.81634 -0.000257579
v -0.65846276 -0.9848709 0.024205208
v -0.0649652 -0.916264 0.514387
v -0.711404 0.0584261 0.677042
v -0.400806 0.158017 0.393937
v -0.8927536 0.32286072 0.6033325
v -0.14515114 -0.6724062 -0.30191803
v 0.8670845 -0.5834999 -0.00079345703
v -0.4658203 0.5213232 0.28844452
v -0.77119064 0.062898636 -0.048107147
v -0.6741663 0.75131226 -0.31404114
v -0.40522957 0.30401897 0.31838036
v -0.6539 -0.632403 0.227236
v 0.10036564 0.055647373 -0.20323801
v -0.0704732 -0.368698 0.734664
v -0.131728 -0.592158 0.51706
v -0.63088036 0.7614746 -0.7389221
v -0.9326978 -0.14100122 0.23873901
v -0.49391556 -0.6905556 -0.029644012
v 0.6463165 -0.6112604 0.52907753
v 0.40840554 0.2440106 0.2621231
v -0.523714 0.427008 0.434256
v 0.50743103 -0.9375992 0.4328003
v -0.3085022 0.78045654 0.023529053
v -0.955665 0.070766 0.546446
v -0.922842 0.52106 0.172152
v -0.4901259 0.44588912 0.4012494
v -0.771659 0.602348 -0.120037
v -0.978172 0.107881 0.5183
v -0.95699453 0.050409317 0.27719498
v 0.571579 -0.8427849 0.47533035
v -0.67321014 -0.36049175 -0.20091629
v 0.15120697 0.21496964 0.40597534
v -0.0215469 -0.658431 0.661846
v -0.16170502 0.88018036 -0.16658783
v -0.68443775 0.017782688 0.6006088
v -0.590717 0.329477 0.501365
v -0.235366 -0.926036 -0.0189371
v 0.59011745 0.09781265 0.37211227
v -0.969105 0.111705 0.364207
v 0.111296 -0.0144144 0.576019
v -0.928856 -0.271326 0.217349
v 0.0209658 -0.17484 0.683331
v -0.3722763 0.49972534 -0.03211212
v -0.464206 0.348529 0.00505392
v -0.694631 -0.890588 0.103357
v 0.6393833 -0.07950592 0.46383286
v 0.226769 -0.977993 -0.226138
v -0.563897 0.510596 0.481567
v 0.569018 -0.760512 0.511576
v -0.684105 0.439967 -0.196322
v -0.6222162 0.587729 0.3407669
v 0.22019958 0.27021503 0.25839233
v -0.7170458 -0.52962303 0.3844185
v -0.218713 -0.971594 0.255068
v -0.0069483817 -0.1631468 -0.31743848
v -0.26052403 -0.6889343 0.52719116
v -0.69838333 -0.57631683 0.30525208
v -0.23299718 -0.62114716 -0.14677429
v -0.68413377 -0.6105232 0.25761414
v -0.6743946 -0.6239214 0.21466446
v 0.123621225 -0.070290565 -0.27553725
v 0.53161883 0.18111026 0.2549076
v -0.295667 0.662842 0.0454493
v 0.176598 -0.0724043 0.586227
v 0.14531231 0.2637062 0.24959183
v 0.574382 -0.695729 0.546933
v 0.39018273 0.2536521 0.12340355
v -0.0382576 -0.5413208 0.6887951
v -0.032873154 -0.1810503 0.65201473
v -0.68731004 -0.9801585 0.0632925
v -0.687603 -0.97938156 0.020179749
v -0.46594048 0.39271307 0.012800217
v -0.727938 0.861642 -0.56665
v -0.7428316 -0.5682337 0.14679098
v -0.754961 0.8618927 -0.5671692
v -0.742985 0.0618956 0.676864
v -0.727856 0.0394824 0.657489
v -0.289865 -0.628029 0.547926
v 0.08503342 -0.60926247 -0.4408579
v -0.165295 -0.422327 0.557925
v -0.0909988 0.94449 -0.131726
v -0.0731224 0.957708 -0.15333
v -0.420884 0.48701 0.16695
v -0.32628134 -0.9240351 -0.3200286
v -0.14796257 0.19684088 0.09688759
v 0.29654694 0.058280945 0.53414917
v 0.648915 -0.793213 0.422506
v -0.333934 0.791251 -0.0380259
v -0.179128 -0.345935 0.564086
v -0.657254 -0.282144 0.578213
v -0.9636555 0.08133364 0.43590927
v 0.13966465 0.24698353 0.34047508
v -0.142431 -0.196761 0.596183
v -0.7267723 -0.49296188 0.4287262
v -0.22829437 -0.78071594 -0.15670395
v -0.622499 0.883268 -0.755512
v -0.509675 -0.7085452 0.012666702
v -0.600123 -0.950848 0.248637
v 0.102689 0.777589 -0.286466
v -0.0165017 -0.965915 -0.317931
v -0.462903 0.532536 0.245501
v -0.893356 -0.181806 0.0357012
v -0.72578 -0.559671 0.28618
v -0.1636343 -0.71660995 -0.25218964
v 0.3126378 0.23688698 0.37110138
v -0.70262 -0.60223 0.238035
v -0.203483 -0.77255 -0.177298
v -0.81843185 -0.03579712 -0.032569885
v 0.44135 -0.279233 0.66038
v -0.60458803 0.87927175 -0.71054554
v -0.005756378 0.2258339 0.2724285
v -0.244801 -0.434054 0.55841
v 0.488828 -0.812094 -0.244807
v -0.6758652 0.6928406 -0.6329346
v -0.707926 -0.969355 0.0419408
v -0.16935682 -0.7230487 -0.22704315
v -0.71849155 0.021627903 0.63203144
v -0.153067 -0.540245 0.522287
v -0.5998421 -0.9021797 0.55078125
v 0.46887302 -0.9668449 0.31879425
v -0.213393 -0.0670369 -0.250609
v 0.34771013 0.24243355 0.34744644
v -0.47375488 -0.053123474 0.53710175
v 0.44337654 -0.9713899 0.017235994
v 0.5643234 -0.6984863 -0.24121857
v 0.09835482 -0.05400753 -0.2728672
v -0.44120026 0.67500305 0.08457184
v 0.15069199 -0.15745926 0.69016266
v -0.7609577 -0.49325562 0.38181305
v -0.8938942 0.5428562 0.32271576
v -0.68813324 -0.5643978 0.34285736
v -0.51724285 -0.67596936 0.1575017
v -0.5829803 0.2992878 0.51488495
v -0.7401695 0.17070293 -0.08253002
v -0.88757324 -0.1046257 0.34714508
v -0.7052965 -0.5923958 0.26706314
v -0.697785 -0.962244 0.0105059
v 0.62171555 -0.6002121 -0.2193203
v -0.6928488 -0.6117413 0.19828606
v -0.07300663 0.6988869 -0.19529343
v -0.65871143 -0.6330013 0.15442657
v -0.358502 0.265586 0.176165
v -0.0369393 0.976384 -0.237577
v 0.476631 -0.796716 -0.263745
v -0.101317 0.615294 -0.0087873
v -0.47739142 0.55524445 0.23553395
v 0.970293 -0.50642 0.22359
v -0.6663971 -0.6018944 0.038757324
v -0.31622124 0.08042145 0.44106293
v -0.742243 0.580499 0.034283
v 0.85186005 -0.83163166 0.30516052
v 0.93915 -0.771449 0.249352
v -0.756807 0.0403746 0.652046
v -0.741727 0.0246444 0.634256
v -0.60383844 0.7553263 -0.54439163
v -0.7071173 0.013309479 0.60732746
v -0.20484447 -0.8548385 0.64443326
v -0.28499407 0.7280992 0.055345237
v -0.18960857 0.05574751 -0.19000101
v -0.024080276 0.84391785 -0.1953106
v -0.186448 0.03091 -0.20518
v -0.320679 -0.516413 -0.198807
v -0.72152495 0.58599806 0.04175949
v -0.471917 -0.67911 0.278924
v -0.59023094 -0.61683655 -0.021266937
v -0.06506348 0.9149742 -0.2479477
v 0.0816509 -0.0403567 -0.268722
v -0.7563629 -0.47149467 0.41825867
v -0.854436 -0.0480556 0.363589
v -0.75217175 -0.519186 0.34469986
v -0.72787476 -0.54703903 0.31196594
v -0.7897339 -0.35098267 -0.1103363
v -0.68831 -0.912741 0.0188987
v -0.71981 -0.58559 0.246062
v -0.60948944 -0.83861786 0.018470764
v 0.7898003 -0.18758273 0.08807278
v 0.7516898 -0.092440605 0.0552063
v 0.7409079 -0.0814724 0.034965515
v -0.690495 -0.615759 0.153036
v -0.677164 -0.622504 0.13245
v -0.72870445 0.59521866 -0.347023
v -0.659616 0.585983 0.00563967
v -0.18945 -0.965655 0.332476
v -0.0627573 0.640748 -0.0296157
v -0.09251 -0.869929 0.711691
v -0.174651 0.594664 0.0242076
v 0.899397 -0.536141 0.34758
v 0.96580315 -0.6631775 0.3082962
v 0.5220852 0.173172 0.3270607
v -0.770998 0.0259954 0.623013
v 0.06088257 -0.76428604 0.6664429
v -0.749862 0.0123497 0.609514
v -0.431638 -0.892586 -0.1236
v -0.714736 -0.012306 0.522245
v -0.789773 0.58215547 0.19134903
v -0.155853 -0.580653 -0.348896
v -0.43516254 -0.45519257 0.5663662
v -0.616993 0.555519 0.0105503
v -0.41562843 -0.7325995 0.4702587
v 0.0549242 -0.817822 0.643376
v -0.632074 0.668962 -0.725813
v -0.7810097 -0.4405594 0.41192627
v -0.636155 0.64121 -0.70853
v 0.340677 -0.164901 -0.294791
v -0.943198 0.39632 0.37117
v -0.84438115 -0.4437828 0.1580658
v 0.6441574 -0.5922241 -0.19835663
v -0.423297 -0.754093 0.474087
v 0.387572 -0.811487 0.596715
v -0.55892 -0.97749 0.302348
v -0.62569857 -0.6131357 -0.002916336
v 0.0506783 -0.968761 -0.219892
v -0.0498493 -0.37429 0.74447
v -0.954832 0.0573358 0.490585
v -0.746294 -0.5489086 0.260849
v 0.626902 -0.876012 0.385146
v 0.164527 -0.818302 0.636352
v 0.7489414 -0.5581627 0.38903046
v -0.215311 0.663884 0.000368633
v -0.458354 0.0647294 0.459237
v 0.8141594 -0.83527374 0.34423828
v -0.7918706 0.0370121 0.624424
v 0.55855656 -0.79768944 -0.20381165
v -0.752704 -0.000556831 0.58288
v -0.72950864 -0.010121107 0.5390148
v -0.941967 0.25680733 0.09451294
v -0.275654 -0.960378 0.567022
v 0.330418 -0.928599 0.400061
v -0.508188 -0.856204 0.600029
v 0.5123291 -0.7363701 0.5694885
v -0.973945 0.149811 0.385573
v -0.8574734 0.24265099 -0.028526306
v 0.12821054 -0.9628279 0.557158
v -0.927845 0.44264507 0.41344452
v -0.643666 0.0628548 0.642908
v 0.134894 -0.963426 0.629051
v 0.83579 -0.607681 0.403502
v -0.0582326 -0.84236 0.700717
v -0.4871559 0.5617018 -0.009601593
v -0.493668 0.53949 0.377721
v 0.37961578 -0.8676605 0.5943494
v 0.612133 0.034238815 0.41979218
v 0.7599602 -0.1801796 0.34288025
v -0.31989813 -0.8131144 -0.15488148
v -0.73608 0.680653 -0.450403
v 0.0612753 -0.225668 0.739478
v -0.018390656 0.22875023 0.22862625
v 0.353329 0.0621928 -0.196589
v 0.29890156 0.10654068 0.50349617
v -0.72426564 -0.5829569 0.22839332
v -0.7161623 -0.58793604 0.19356894
v -0.687158 -0.944504 0.152037
v -0.87436 -0.275921 -0.0168744
v -0.5851573 0.7205944 -0.5856476
v -0.71591425 -0.594193 0.13606548
v -0.69519424 0.7100601 -0.58670044
v -0.688129 -0.600494 0.0724838
v 0.25092316 -0.9758088 0.105667114
v -0.776571 0.00558079 0.597022
v -0.754915 -0.00948818 0.553914
v 0.131773 -0.328866 0.752464
v -0.740585 -0.0412453 0.495835
v 0.983323 -0.522262 0.181089
v -0.484585 -0.582485 -0.0988944
v -0.79402924 -0.41358185 0.42581177
v -0.747804 0.518078 -0.305875
v -0.0673198 -0.940924 0.711303
v -0.520103 -0.684978 0.0784787
v -0.78393936 -0.48585796 0.34553528
v -0.891857 -0.35349 0.111037
v -0.506039 -0.728635 0.109023
v -0.6189985 0.5751262 0.08213425
v -0.343355 -0.274272 0.570018
v -0.6775625 0.3700477 -0.08071542
v 0.6751504 -0.054073334 -0.07576752
v -0.831574 0.20998 0.690417
v -0.23193169 0.17665482 0.3283615
v -0.656891 -0.865622 0.022345
v -0.6275463 0.5931301 -0.07777405
v -0.50545645 0.19700682 0.5234084
v -0.20080352 0.2052244 0.06874466
v -0.34640503 -0.5980606 0.53733635
v -0.69669294 -0.6072812 0.11540604
v 0.0766954 -0.144666 -0.312265
v -0.750691 0.644947 -0.122476
v -0.42157745 0.6828842 -0.041389465
v -0.39985085 0.21918106 0.3898239
v -0.42550087 -0.43383598 0.5766926
v -0.10661316 -0.23385012 0.63829803
v -0.538098 -0.934188 0.615329
v -0.802813 0.0538887 0.630755
v 0.064884 -0.58817 0.724935
v -0.429032 0.395844 0.0622436
v 0.17233658 0.23088074 0.38373184
v -0.8149195 0.0057530403 0.57960796
v -0.584283 0.188566 0.584493
v -0.5896118 0.7323208 -0.55784225
v -0.763993 0.5681858 0.04706669
v -0.757077 -0.0153934 0.525949
v -0.269726 0.580161 0.0749633
v -0.758437 -0.0251423 0.501129
v 0.07724285 -0.19615364 0.72229576
v -0.761651 -0.043356 0.479087
v -0.513781 -0.73479 0.0827018
v 0.25988483 0.27249146 0.09884262
v -0.0014843941 -0.15433216 0.6186886
v 0.98909855 -0.665329 0.14981079
v -0.80102634 -0.44205856 0.37704468
v -0.207383 0.1529 -0.0743894
v 0.624319 -0.806021 0.431921
v -0.7056155 0.86990166 -0.5924339
v -0.12570477 -0.52477264 -0.4195633
v -0.95108056 0.25222778 0.5162239
v -0.156046 -0.221778 0.591455
v -0.459054 0.552573 0.188739
v 0.0831554 -0.0974657 0.581997
v -0.45414242 -0.69325113 0.33001208
v -0.791296 -0.4934423 0.30306244
v -0.4916 0.616663 0.129502
v 0.274405 0.08064175 -0.21049309
v -0.79226685 -0.51475525 0.25039673
v -0.95631 0.496854 0.232308
v -0.7580122 -0.5471343 0.20888138
v 0.46291494 -0.18192673 -0.27616072
v -0.34072876 0.73918533 -0.09603882
v -0.3973217 0.50979614 0.14652061
v 0.265415 -0.969226 0.527886
v 0.25386047 -0.9704183 0.54998875
v -0.87963104 -0.030042648 0.29377747
v 0.949636 -0.489846 0.15737
v 0.79872894 -0.34932995 0.05491638
v 0.47123718 -0.34843445 0.67310715
v -0.813789 0.0367444 0.615254
v 0.9944284 -0.5539533 0.17843437
v -0.056660533 -0.019491196 -0.25549603
v -0.7807369 -0.0068080425 0.5652609
v -0.77946 -0.0235318 0.488044
v -0.739605 0.84934 -0.541096
v 0.042168 -0.953791 0.666451
v 0.7446213 -0.17715836 -0.041042328
v -0.20582008 -0.5892725 -0.20244598
v -0.4599924 0.49021673 -0.010744572
v -0.59828913 0.6965523 -0.3558674
v -0.597992 0.873363 -0.757298
v -0.513942 -0.806641 0.537986
v 0.063748 0.695025 -0.165273
v -0.76706696 -0.09975433 0.47740936
v -0.16766357 0.616333 -0.13419342
v 0.9569473 -0.6191025 0.33249664
v -0.5687189 -0.8396597 0.38684654
v 0.0854942 0.838063 -0.351684
v -0.20542431 -0.42244053 -0.3460884
v -0.366363 -0.954319 0.587619
v -0.0588397 -0.776981 0.624608
v -0.719049 0.351498 0.648306
v -0.66134536 0.7578831 -0.34950638
v -0.948435 0.336593 0.278714
v 0.165175 -0.616546 0.736401
v -0.557394 0.588799 0.118917
v -0.97221947 0.092077255 0.33244324
v 0.366154 -0.406638 0.721032
v -0.4412222 0.42863417 0.22777557
v -0.829271 0.057466 0.628504
v -0.822938 0.0187897 0.598139
v -0.203674 -0.336276 0.558715
v -0.5868424 0.68024206 -0.588892
v -0.78790665 -0.01729536 0.50592804
v -0.93258476 0.31344366 0.09580994
v -0.922681 0.308496 0.0719563
v -0.41565633 0.35356045 0.09477997
v 0.90468 -0.479406 0.265622
v -0.7419419 0.54402745 -0.31316376
v 0.366895 -0.167321 -0.289335
v -0.172551 -0.787153 -0.275407
v -0.1366682 -0.08502817 -0.2791202
v -0.76671314 0.1727314 -0.074884415
v -0.2495018 0.22812662 0.13259669
v -0.674445 0.600772 -0.0118958
v -0.4480915 -0.90386486 0.6158452
v -0.4530016 -0.7166517 0.34339857
v 0.55716705 -0.8669729 0.47164917
v -0.79627264 -0.5200983 0.20422983
v -0.820476 0.425537 0.000880395
v 0.5059953 -0.9497595 0.37756348
v -0.849568 0.472679 0.0567971
v -0.794434 0.533888 0.0165465
v 0.28698444 -0.94194984 -0.15268993
v -0.792404 0.467443 -0.0171703
v 0.0548453 -0.650868 0.708394
v -0.66175556 0.90215695 -0.67287207
v 0.54960346 0.11125183 0.3969574
v 0.170031 -0.924692 0.141044
v -0.570376 0.734489 -0.73072
v 0.761837 -0.8376045 -0.01379776
v -0.0943412 -0.245154 -0.424747
v 0.46455002 -0.913702 0.5627136
v -0.839282 0.0356816 0.611532
v -0.13099384 -0.6765213 -0.331295
v 0.022914886 -0.9668462 0.64484215
v 0.4311 -0.200903 -0.291081
v -0.142768 -0.750543 0.532671
v -0.061965942 0.62405014 -0.11691284
v 0.158173 -0.24969 -0.437787
v 0.08432007 0.74316406 -0.21359444
v -0.697001 0.642733 -0.0767424
v 0.946586 -0.514059 0.290098
v -0.6497288 0.8532486 -0.6179428
v -0.62524605 0.8302593 -0.6194763
v -0.27512932 -0.10027313 -0.2509842
v -0.776259 0.551328 0.00258812
v -0.33438015 -0.64849854 -0.13899517
v -0.23240852 -0.5744562 0.54469395
v 0.80604 -0.428255 0.27851
v -0.21272 0.187948 -0.0131214
v 0.932665 -0.723212 0.329569
v -0.72517776 0.7048645 -0.5046692
v -0.67124265 0.00078496337 0.5247021
v -0.0670938 -0.13842 0.591694
v -0.676553 -0.873358 0.0407415
v -0.742757 0.89396 -0.663686
v -0.716075 0.90821 -0.665232
v 0.010258 -0.324512 0.752771
v 0.5304451 -0.19875336 0.6136589
v -0.5243938 -0.8753681 0.2928462
v 0.72459793 -0.84954834 -0.026161194
v -0.672366 0.778431 -0.39949
v -0.825457 0.180118 0.680367
v -0.744395 0.785492 -0.404938
v -0.0548667 -0.350647 0.74442
v 0.694376 0.0032043457 0.06218338
v -0.817401 0.15532 0.667257
v -0.321827 0.692231 0.0776794
v 0.56069183 -0.92022705 0.38156128
v 0.962132 -0.52194786 0.10387993
v -0.853388 0.0511361 0.624224
v -0.86662054 0.010965109 0.55579376
v -0.157844 0.854983 -0.0512049
v -0.817682 0.237757 0.698348
v -0.845403 0.239161 0.68383
v -0.802216 -0.0177983 0.476484
v 0.43490982 -0.62849236 0.65439415
v -0.5666809 0.32080078 0.48992157
v -0.741051 0.604779 -0.0375896
v -0.6428127 0.51613045 -0.46159363
v -0.8286629 0.3092041 0.669014
v -0.39470673 -0.5361328 0.5281296
v -0.20749521 -0.5115776 -0.25699234
v -0.827352 0.267203 0.688464
v -0.724848 0.900201 -0.635851
v 0.1511899 -0.14991498 -0.33471203
v -0.14789867 -0.5219307 -0.3948288
v -0.547022 -0.640528 0.0143791
v -0.6139078 0.6630554 -0.21938324
v -0.070370674 -0.104665756 0.58479595
v -0.803936 0.335397 0.663818
v -0.40418524 0.32930946 0.2537651
v -0.6071685 -0.85927844 0.42254353
v 0.20719337 0.24703026 0.3530388
v -0.54145 0.511034 0.464615
v -0.49234772 -0.7195573 0.13795376
v -0.61236095 0.2973833 0.5465622
v -0.407893 0.114183 0.415814
v -0.23237 -0.480815 -0.229485
v -0.529415 0.0065143 -0.196091
v -0.728612 -0.556091 0.037763
v 0.35507 -0.970503 -0.118036
v -0.869399 0.0370136 0.60577
v -0.848123 0.0204177 0.590302
v -0.18848419 -0.64974606 -0.19879532
v -0.601191 -0.870173 0.380387
v -0.98901165 0.10521412 0.2707672
v 0.6789093 -0.43037796 0.51364136
v 0.171954 -0.927085 0.211981
v 0.48893738 0.030929565 0.4934826
v -0.273158 -0.171343 -0.269403
v -0.083465576 0.6623421 -0.037029266
v -0.8501053 0.26983643 0.673851
v -0.821809 -0.00812361 0.496971
v -0.608206 -0.0683595 -0.192116
v 0.934597 -0.75333214 0.29979706
v 0.15431 -0.116272 0.5923
v -0.896469 -0.0175935 0.17899
v -0.73612213 0.36569214 0.6465454
v -0.7249203 0.5351677 -0.44292068
v -0.82977295 -0.1680783 -0.06877136
v 0.987727 -0.539606 0.16065
v -0.703668 0.52557 -0.527678
v 0.66759 -0.339329 -0.209035
v -0.682725 0.0603426 0.674027
v 0.78132844 -0.16741562 0.2101059
v -0.606659 0.544994 -0.0300758
v -0.543017 0.170651 0.548413
v -0.9540932 0.04385376 0.17891693
v -0.797648 0.0187366 0.607632
v 0.589512 -0.965943 0.203066
v -0.169435 -0.958137 0.675931
v -0.91747785 -0.2940645 0.21735382
v -0.962013 0.0976679 0.406116
v -0.5188875 0.57665455 0.2869091
v -0.791385 0.112582 0.675593
v -0.66922 -0.62966 0.175138
v 0.357306 -0.0850058 0.608873
v -0.800233 0.740134 -0.454378
v -0.743956 -0.087428 0.491808
v -0.875498 0.0612847 0.625121
v -0.050819397 0.1095047 0.45881653
v 0.832949 -0.545298 0.358573
v -0.74794674 0.392972 -0.06292343
v -0.873981 0.0208537 0.577084
v 0.131276 -0.405566 0.762246
v -0.35583258 0.5880966 0.10940552
v 0.3188591 -0.9543469 -0.060035706
v 0.311025 -0.70799 -0.372693
v -0.8272127 -0.004975915 0.46395087
v -0.89205 -0.0203823 0.260954
v 0.906333 -0.481268 0.128285
v -0.582284 -0.8941088 0.57257366
v -0.39398193 0.7027817 -0.0599823
v -0.514854 -0.876535 0.274959
v 0.256399 -0.971533 -0.265739
v -0.5871744 0.77895355 -0.64100647
v -0.76467514 0.5801811 0.3429947
v -0.43987274 0.68135834 -0.020591736
v -0.16901779 -0.9240842 0.04901123
v -0.15403175 -0.96824336 0.58593893
v 0.09999466 -0.9713707 -0.2160654
v -0.739181 0.640178 -0.0989025
v -0.55607224 -0.8395157 -0.033123016
v -0.806321 0.481396 0.00151137
v -0.468891 -0.978311 -0.124657
v -0.216626 -0.771989 0.51729
v -0.7695122 0.6809311 -0.22724915
v -0.457824 0.585153 0.16243
v -0.26443326 -0.8528975 0.56106925
v -0.07685804 -0.91492033 0.4767456
v -0.154226 -0.690538 0.489324
v -0.30166435 -0.9703262 -0.014019012
v -0.186486 -0.751302 -0.16221
v -0.651701 0.0435697 0.621811
v -0.8884239 -0.007030487 0.28082275
v 0.9987211 -0.6161175 0.19768143
v -0.782959 -0.09626007 -0.097351074
v -0.822328 -0.00860231 0.431181
v 0.955779 -0.733767 0.279373
v -0.103677 -0.913945 0.481139
v 0.454897 -0.111411 -0.260165
v 0.14936829 0.13153076 0.49804688
v -0.72294986 0.58186173 0.07542467
v 0.894988 -0.502814 0.313063
v -0.994806 0.139307 0.3104
v -0.21163559 -0.5437355 -0.2183075
v 0.03842783 0.24207664 0.11312199
v -0.6496277 -0.5943737 -0.011413574
v 0.539165 -0.0340123 0.514995
v -0.194724 -0.947796 0.668875
v -0.0690089 -0.983821 -0.287736
v -0.223285 0.817208 0.000386298
v -0.48660564 -0.8130703 0.34799957
v -0.445495 -0.785785 0.503323
v -0.903204 0.147067 0.636929
v -0.018666 -0.972454 -0.233862
v -0.24174309 -0.70088196 -0.117064476
v 0.12912834 -0.91418064 -0.14934826
v -0.16750336 0.835207 -0.045513153
v -0.9364781 -0.24011612 0.23031235
v -0.38339627 0.3029444 0.20177394
v -0.36499298 0.19752085 0.32429838
v 0.11032677 -0.32458496 -0.46716118
v 0.25496674 -0.80067444 0.66664886
v -0.022900581 -0.96891105 0.63634014
v -0.895719 0.0365389 0.586913
v -0.39876044 0.32864222 0.15208626
v -0.116387 -0.966128 -0.347749
v -0.443696 0.69565 0.00750104
v -0.41814804 0.2916783 0.023334503
v 0.47527 0.144085 0.427286
v -0.532091 -0.790984 0.0280169
v -0.166939 -0.492158 0.533173
v -0.61295843 -0.88123894 0.19298553
v -0.568002 0.579788 0.072779
v 0.945574 -0.526687 0.0738363
v -0.6990943 0.5938105 0.2681682
v -0.45885563 0.404665 0.3076706
v -0.512055 -0.744699 0.0103508
v -0.5693035 0.5467119 0.4520073
v -0.576245 0.581424 0.0992245
v -0.20918465 0.12534332 -0.11045647
v -0.395735 -0.926921 -0.143653
v -0.688206 0.583961 -0.5991
v -0.804747 0.193918 0.693047
v -0.80264187 0.21769524 0.7011242
v -0.52999115 -0.8856884 -0.08789635
v -0.789465 0.233203 0.703872
v 0.7298126 -0.83673096 0.40559387
v 0.295171 -0.972453 0.0100741
v 0.215025 -0.965569 0.162629
v -0.6187649 0.5160141 -0.40431213
v -0.311679 -0.971502 0.504374
v -0.796486 0.259374 0.700033
v -0.0921592 -0.928668 0.716437
v -0.00323009 -0.954093 0.681292
v -0.041519165 -0.92190135 -0.0087890625
v -0.9225311 0.52874804 0.30804443
v 0.644912 -0.31523 0.553536
v -0.14775419 0.07310486 -0.1707859
v 0.726796 -0.651682 -0.0428777
v 0.482768 -0.378499 0.673433
v 0.15160131 -0.98010355 -0.24968219
v -0.038593292 -0.9652076 0.67269135
v -0.360719 0.480895 -0.0135352
v -0.385309 0.479037 -0.0134732
v -0.9026785 0.052301407 0.60050964
v 0.1642704 -0.19984865 -0.40862942
v 0.869537 -0.614617 -0.0194921
v 0.53437805 -0.5073242 0.60523224
v -0.46845 -0.554056 -0.133955
v 0.54328537 -0.9634094 0.056404114
v -0.510836 -0.70572 0.0922251
v -0.7970848 0.37286377 0.641037
v 0.600761 -0.883237 0.396393
v -0.721351 -0.479934 -0.0885931
v -0.61813927 0.5386963 -0.44989014
v 0.8151326 -0.44190532 0.17271805
v -0.0952036 -0.898585 0.71531
v -0.34081 0.248953 0.128225
v -0.578682 -0.922909 0.311829
v -0.998431 0.168599 0.303965
v 0.2538643 0.09925461 -0.19364166
v -0.712034 0.845998 -0.54591
v -0.959848 0.476214 0.252465
v -0.178219 -0.746456 0.502642
v -0.66834235 0.030297756 0.6169548
v -0.40065718 0.5319309 -0.043024063
v 0.0708313 0.73410225 -0.26956367
v -0.169695 -0.946584 0.331243
v -0.45140696 0.34278083 0.36458206
v -0.133573 -0.934765 0.183746
v -0.6607251 0.20739746 0.67591476
v -0.227784 -0.978477 0.171713
v -0.586701 0.436361 0.504511
v -0.88388 -0.0276258 0.103044
v 0.939525 -0.528351 0.315167
v -0.8447714 0.004147291 0.43782043
v -0.374374 0.163496 0.354407
v 0.16257095 -0.9675114 0.6092415
v -0.663442 0.606314 -0.0380255
v 0.7971287 -0.35544586 0.30604553
v -0.720898 0.432322 -0.111631
v 0.0205717 -0.765988 0.642906
v 0.820617 -0.483821 0.259267
v 0.059265137 -0.60965896 0.72340393
v 0.21086717 -0.92503214 -0.16439056
v -0.3491974 0.47361565 0.011882782
v 0.224472 -0.915262 -0.143736
v -0.917766 0.0432288 0.572321
v -0.48525238 -0.4451332 -0.21827316
v -0.959735 0.446175 0.246539
v -0.0776749 -0.158346 0.595275
v -0.900659 0.0249537 0.557693
v -0.589643 0.666358 -0.69786
v -0.895857 0.0154888 0.530196
v -0.26279736 0.76458263 0.03681183
v -0.771962 0.576746 -0.185507
v -0.8874745 0.009867018 0.5013973
v -0.893404 0.015530467 0.46972942
v -0.852032 -0.379886 0.37315
v -0.9999069 0.17338564 0.2712412
v -0.31079197 -0.93806076 -0.3374405
v -0.06070137 -0.2029047 0.66028214
v 0.93264484 -0.7853565 0.19980621
v -0.709272 0.707021 -0.199158
v -0.39060783 0.50115776 -0.029830933
v 0.750823 -0.90094376 0.2574005
v -0.53075 -0.791644 0.110589
v -0.436207 0.636808 0.124286
v -0.694274 -0.00310706 0.535818
v 0.2632723 0.2440567 0.3601532
v -0.506531 0.597652 0.149119
v -0.81279373 0.5378952 0.4363098
v 0.02182722 -0.9114381 0.49612904
v 0.27004242 0.16847229 -0.11635208
v -0.773785 0.656514 -0.346258
v -0.7326584 -0.46439362 0.4537506
v -0.15870285 -0.9661257 0.65559006
v -0.07307148 -0.19509244 0.62734413
v -0.86097336 -0.278677 0.399765
v -0.4118898 -0.26882744 -0.26008773
v 0.67665863 -0.9182663 0.30716705
v 0.41766357 -0.33232117 0.68621826
v -0.756297 0.870661 -0.654595
v 0.30878448 -0.9671967 0.3053894
v 0.8065567 -0.78060913 0.41070557
v -0.033107758 0.66410303 -0.061237335
v -0.0497374 -0.213512 0.684794
v -0.600365 -0.935463 0.56387
v -0.78193 0.848815 -0.616847
v 0.965684 -0.588282 0.31626
v 0.83815765 -0.52547455 0.05203247
v 0.0969789 -0.9807227 -0.26770687
v 0.104824066 -0.97895956 -0.23992157
v -0.452284 -0.728161 0.376338
v 0.6528759 0.055124044 0.31997108
v -0.102406 0.162695 -0.0494402
v -0.49431401 0.5630282 0.3041029
v -0.0765368 -0.342812 0.732138
v -0.03140402 -0.098083496 -0.28220844
v -0.4132557 0.26261252 0.39062214
v -0.746904 0.58388 -0.254518
v 0.49951935 0.12574387 0.4310608
v -0.247115 -0.0283868 0.506534
v -0.97117233 0.26724243 0.33737183
v -0.0114856 -0.142381 0.592796
v -0.342657 0.2256 0.251423
v 0.23218727 -0.9495487 0.50891876
v -0.8027948 0.578866 0.30033875
v -0.615909 -0.941784 0.541683
v -0.22633362 -0.9714203 0.39146423
v -0.12988 -0.809589 0.659789
v 0.4552269 0.20520782 0.3223877
v -0.9142281 0.023912549 0.52732277
v -0.31412506 0.5304661 0.08493042
v -0.746211 0.426681 -0.0655751
v 0.499447 -0.0464037 0.533071
v -0.5971377 0.28466988 0.5355034
v 0.19820452 0.18783379 -0.08807182
v -0.673626 0.450921 -0.249811
v -0.6144223 -0.23575783 -0.21878743
v 0.444431 -0.653384 0.649043
v -0.6869049 -0.3196411 0.5561218
v 0.147866 -0.921884 0.216883
v -0.02435577 -0.12706852 -0.2892959
v 0.164276 -0.923562 0.167613
v 0.5866394 -0.7386894 0.51345825
v 0.7247696 -0.30757904 -0.14379883
v 0.808565 -0.472867 0.0727093
v 0.4290161 -0.46533203 0.6912308
v -0.341564 0.244563 0.0913425
v -0.032951355 -0.865572 0.7002182
v -0.26350403 0.63082314 -0.13677597
v 0.55091095 -0.6662102 -0.27085114
v -0.460332 -0.830394 0.281913
v -0.481684 -0.849798 0.286188
v 0.17991447 -0.91443956 -0.15121508
v 0.09781647 -0.5252819 0.73625946
v 0.24451637 -0.9586067 -0.17926407
v 0.27557755 -0.95989704 0.31398773
v 0.2678814 -0.9698901 0.27773285
v -0.31042075 -0.96549046 0.23127174
v 0.43859 -0.92045 0.575984
v -0.751923 0.835955 -0.51997
v -0.938052 0.0554998 0.560446
v -0.15571 -0.948182 0.697735
v -0.925555 0.0373658 0.548267
v -0.16040325 0.7308258 -0.19693625
v -0.28556967 0.0987854 0.4237957
v -0.3794403 -0.6241112 0.50868607
v 0.45936775 -0.20751953 -0.28725243
v -0.794581 0.141425 0.678058
v -0.914908 0.0230646 0.488204
v -0.8019695 0.38104796 -0.036073685
v -0.784003 0.0851575 0.671015
v -0.553323 -0.809281 0.483666
v -0.485544 -0.79955 0.532651
v 0.48707008 -0.26371002 0.6428299
v -0.8851383 0.027135015 0.39302456
v 0.0299748 -0.562574 0.711734
v -0.466947 -0.967746 0.587025
v 0.00685916 -0.60429 0.698706
v 0.13747406 -0.92067295 0.167696
v -0.77285194 0.28723907 0.6926222
v 0.3044691 -0.15090847 -0.28532052
v 0.25593185 -0.9745302 -0.20127106
v 0.252851 -0.920053 -0.142065
v -0.859877 -0.377815 0.34707
v -0.183254 -0.548391 0.524645
v 0.237506 -0.934745 -0.165067
v -0.4953556 0.3291607 -0.028817177
v 0.92807007 -0.65722656 0.012008667
v 0.174283 -0.923138 0.118148
v -0.4192295 0.71627045 0.03132248
v 0.75077295 -0.67468834 -0.046756744
v -0.32231998 -0.15237427 0.5599723
v 0.0597146 0.900317 -0.355364
v -0.37189484 -0.69311523 0.50987244
v -0.4678694 -0.9804622 0.20332336
v 0.443079 -0.17939949 0.62985706
v 0.25712967 -0.95037407 0.6103964
v 0.222291 -0.924159 0.0300816
v 0.46348858 -0.9626193 0.09452057
v -0.80163574 0.48271942 0.5339813
v -0.915438 -0.29251 0.079922
v -0.768494 0.625889 -0.134068
v 0.621394 -0.508184 0.545051
v 0.427124 -0.82199 0.576764
v -0.2230835 0.5513115 -0.062164307
v -0.594216 -0.88657 0.352165
v -0.73573 0.594326 -0.30575
v -0.29918 0.757777 0.0469366
v -0.502278 -0.749834 0.129227
v 0.800657 -0.283264 0.0677083
v -0.007892609 0.6831341 -0.19110489
v -0.143207 0.198299 0.206797
v -0.9336506 0.035237312 0.4866104
v -0.91485286 0.028711796 0.4519863
v 0.35983896 -0.9750178 -0.16345882
v -0.2742015 0.19651985 0.3025856
v 0.569521 -0.897474 0.410382
v -0.0771599 0.023615 -0.218692
v 0.3187561 -0.9483352 -0.27597237
v -0.195379 -0.747282 -0.136487
v -0.44356918 -0.79380035 0.516819
v -0.617757 -0.0930518 -0.197227
v -0.573141 -0.829587 0.523669
v -0.6344886 -0.8810878 -0.03466654
v 0.223476 -0.916619 0.00272369
v -0.5345478 0.5512829 0.42437935
v 0.463843 -0.968076 -0.00600455
v -0.231813 -0.933406 -0.369749
v 0.0464951 -0.58255 0.714602
v -0.588487 -0.926907 0.249148
v -0.7293825 0.7056732 -0.20727539
v -0.911708 -0.310953 0.102926
v 0.5073242 -0.9580107 0.3455658
v -0.438786 0.474349 -0.00701891
v -0.32595158 -0.14279938 -0.25719762
v 0.57525635 -0.19126892 0.57816315
v -0.904925 0.174127 0.632416
v -0.886325 -0.34837 0.0850689
v 0.36348423 -0.9558335 0.41668457
v -0.6451607 -0.072971344 -0.17060089
v 0.62617195 -0.9627489 0.16557407
v -0.05670929 0.66201687 -0.048358917
v 0.40953135 0.22538376 0.33871078
v -0.818656 -0.436969 -0.0148168
v -0.910259 0.0406603 0.406055
v 0.14501953 -0.6044426 -0.43441916
v -0.172048 -0.754398 -0.213763
v -0.07984829 -0.9237137 0.52604675
v -0.19954 0.809016 -0.0156478
v 0.30162895 0.27007914 0.095272064
v -0.68959427 0.8506508 -0.69512177
v -0.3266716 -0.60845184 0.5452843
v 0.6131916 -0.96037817 0.10456085
v 0.39523005 -0.11386156 -0.26831448
v -0.591635 0.459045 -0.120566
v -0.5588526 -0.8122989 0.45691872
v 0.9858551 -0.58386326 0.27332306
v -0.3584671 -0.96972823 0.5437174
v -0.27424622 0.537447 0.055892944
v -0.608588 0.89207 -0.736168
v 0.014539 -0.254021 0.742093
v -0.680363 0.578364 -0.620206
v 0.29754794 -0.2380085 -0.3955984
v 0.263755 -0.937211 -0.0056626
v 0.601425 -0.51239 0.553077
v 0.274703 -0.971624 0.0311883
v 0.426013 0.15049744 0.4338684
v 0.246721 -0.959919 0.0457313
v -0.73480797 0.45077515 0.58638763
v 0.238275 -0.966598 0.0736327
v 0.06924248 0.25051808 0.2523079
v -0.0010032654 -0.9452343 -0.327219
v 0.23571 -0.970483 0.0967729
v 0.222739 -0.965945 0.114389
v 0.313912 -0.932145 -0.0976934
v -0.14672136 -0.25529587 0.5982821
v 0.310758 -0.938517 -0.133
v 0.43388224 -0.9671974 -0.13199139
v -0.92471606 -0.2922267 0.16525507
v -0.679273 0.876356 -0.718179
v 0.00250728 0.648416 -0.0905953
v -0.6009091 0.6325302 -0.61343384
v 0.0427049 0.672241 -0.168088
v -0.9421005 0.32122803 0.32881165
v -0.65954 0.86562 -0.732596
v -0.3502636 -0.7308521 0.5190573
v -0.259367 0.714698 -0.157069
v -0.256288 -0.869849 0.588764
v -0.69555044 0.6915741 -0.16818237
v -0.6996269 0.3548622 -0.076999664
v -0.0405655 -0.91674 0.51493
v -0.607794 -0.8737 0.511586
v 0.62561846 0.10004139 0.10341644
v -0.10017258 -0.21224609 -0.37301838
v -0.838273 -0.232406 -0.0743847
v 0.2149868 -0.95444393 0.09620285
v -0.543473 -0.665179 0.115564
v -0.45709002 0.41732216 0.28094387
v -0.816096 -0.448145 0.0123777
v -0.7681265 0.67972946 -0.40149307
v 0.308017 0.275231 0.194807
v -0.815056 -0.325669 -0.0830101
v -0.628968 -0.968816 0.208694
v -0.17076015 0.18657589 0.2686653
v 0.537922 0.102443 0.417179
v -0.779235 0.183469 0.693668
v 0.504742 -0.934714 -0.0195724
v -0.229586 -0.326371 0.570207
v 0.606785 -0.48533 0.555821
v 0.39144135 -0.6377945 0.6701355
v 0.3301506 -0.22956085 -0.37324905
v 0.409267 -0.94585 -0.238857
v 0.5534706 -0.29982412 0.6206417
v -0.062553406 0.884037 -0.25743866
v -0.0145668 -0.687603 0.660415
v -0.145395 -0.941356 0.254626
v -0.12416077 0.7343521 -0.09819031
v 0.0453996 -0.208278 0.723467
v -0.6917114 0.48243713 0.5513916
v -0.79128087 0.43078613 0.5956726
v -0.772901 0.579806 -0.108311
v 0.67118835 -0.5988312 0.5105438
v -0.77693 0.601036 -0.14653
v -0.78349185 0.6128197 -0.22872353
v 0.309496 -0.937838 -0.0685314
v -0.660124 0.889176 -0.735579
v -0.8266697 -0.43997812 0.31308746
v -0.356016 0.251043 0.240857
v -0.61166334 -0.29694796 -0.2243284
v -0.6422844 -0.31734467 -0.21570015
v 0.09566879 -0.91422164 -0.14669132
v -0.559356 -0.266121 -0.233418
v 0.868883 -0.713973 0.39672
v -0.88317 -0.303693 0.349656
v -0.136122 -0.976511 -0.342871
v -0.201843 -0.958509 0.648705
v -0.221124 -0.386711 -0.304013
v 0.206889 -0.95756 0.135279
v 0.201291 -0.954424 0.186862
v -0.934741 0.04396248 0.44438934
v -0.859071 0.125726 0.650616
v 0.0133925 -0.0206456 0.559748
v 0.976402 -0.511012 0.203109
v -0.929459 0.0577232 0.392567
v 0.78155565 -0.19322205 0.04283142
v 0.06354141 0.1905384 -0.06539726
v 0.46185017 -0.11532593 0.6089115
v -0.93290424 0.054325104 0.33931732
v 0.81273663 -0.4235735 0.20067978
v 0.503089 -0.721506 0.593484
v -0.873305 0.528891 0.106959
v 0.6340523 -0.51802063 -0.21229553
v 0.7424774 -0.32725525 -0.11206055
v -0.313681 -0.275179 0.567771
v 0.85735893 -0.83514404 0.075725555
v 0.840923 -0.472063 0.207185
v -0.6910839 0.8449888 -0.5623207
v -0.918011 0.0162791 0.157199
v -0.5911466 0.7063627 -0.45333672
v 0.22887309 -0.113146424 0.5968468
v -0.729401 0.499583 -0.362917
v -0.26861477 0.021751404 0.47743225
v -0.265679 -0.499395 -0.199018
v -0.129079 -0.928824 0.315511
v -0.89951 -0.34052 0.183091
v -0.17510515 0.1963619 0.066530704
v -0.8572681 -0.38530767 0.3263874
v -0.206675 -0.312725 0.565054
v -0.421606 0.49633 -0.0221985
v 0.7624054 -0.4811821 0.38471985
v 0.0490261 -0.785403 0.646372
v 0.6459961 -0.6641922 -0.16409302
v 0.450471 -0.951562 0.537954
v -0.74286 0.619456 -0.328191
v 0.44133186 -0.9608581 0.5198288
v -0.51589 0.562559 0.368539
v -0.606011 -0.849404 0.450749
v 0.0547669 0.846578 -0.342338
v -0.584338 -0.827505 0.453476
v -0.785865 0.850677 -0.586824
v 0.390289 -0.96524 -0.226544
v -0.887587 -0.379968 0.120978
v -0.942707 0.522932 0.239626
v 0.59127903 -0.85865784 0.42736053
v 0.0786438 -0.8722296 0.66088104
v -0.32675743 -0.5080795 0.5590582
v -0.954591 0.505452 0.259484
v 0.49258614 -0.6786766 0.6265526
v 0.4866867 -0.95617783 0.4052124
v -0.947864 0.330977 0.226853
v -0.954751 0.375803 0.255048
v 0.409257 -0.809234 0.586652
v 0.54009247 -0.95638275 0.3097229
v 0.5208702 0.1336869 0.40296173
v -0.24402046 0.52914333 -0.016582489
v -0.28165388 0.5075327 0.009364605
v -0.77757645 0.5192871 0.4923706
v 0.291363 -0.97021 0.531681
v -0.726838 0.783313 -0.384643
v 0.52023315 -0.9647979 0.2963791
v -0.850486 0.192384 0.672783
v 0.5708766 -0.9695514 0.185606
v -0.593131 0.686861 -0.740028
v -0.62923336 0.060598373 0.6158142
v -0.2062819 -0.8319752 0.6111927
v 0.71539116 -0.12530518 0.39151764
v -0.92123604 -0.22140121 0.12204933
v 0.854137 -0.512509 0.325792
v 0.3364792 -0.95537084 0.371109
v 0.3493905 0.26127052 0.08455467
v 0.631882 -0.482315 0.54151
v -0.856141 -0.431571 0.0799534
v -0.157107 -0.979847 -0.352956
v -0.657215 0.0704008 0.667152
v -0.554332 -0.630718 -0.00789557
v -0.8349571 -0.011238098 0.39173126
v 0.28193665 -0.91311836 0.3830452
v -0.42673 0.438344 0.0281179
v 0.185109 -0.931134 0.229039
v -0.731632 0.561363 -0.347063
v 0.192888 -0.942295 0.210915
v -0.9282757 0.058106065 0.37050915
v 0.5929642 -0.635417 -0.23241043
v -0.32611084 -0.8695774 0.5674515
v -0.432243 0.66123 0.103841
v 0.803461 -0.310548 0.0903266
v 0.02381897 -0.8843117 0.68081665
v -0.98627377 0.23970604 0.3100357
v -0.362516 0.175415 0.335992
v -0.2042 -0.348806 -0.344781
v -0.12440109 -0.9166107 0.46992874
v -0.861641 -0.0237563 0.344126
v 0.09774852 0.2517708 0.081251144
v -0.431676 0.21433 0.440432
v -0.93522 0.0852357 0.594447
v -0.188389 0.659949 -0.00322945
v -0.0558019 -0.16066 0.598838
v -0.946731 0.0711425 0.352654
v 0.0925648 -0.951417 -0.305371
v -0.77510643 0.44996834 -0.036670685
v -0.889805 -0.387367 0.196737
v 0.0927905 0.749306 -0.28315
v -0.653504 -0.846855 0.0781521
v -0.24310303 -0.1473465 0.5692711
v 0.36573792 0.037740707 -0.20929909
v -0.151524 -0.269234 -0.388581
v 0.8868389 -0.59245396 -0.0007443428
v -0.651016 -0.924715 0.189907
v 0.752512 -0.809805 0.420561
v -0.7143841 0.59306145 -0.4386444
v -0.21143627 -0.98310924 -0.27451706
v 0.7072754 -0.5428772 0.47175598
v 0.8915787 -0.66394615 0.39501953
v -0.975464 0.133176 0.368456
v -0.82709503 0.1377697 -0.04028511
v 0.41739082 -0.9583856 0.55763245
v 0.08660841 -0.33584595 0.7603607
v -0.569262 0.20055 0.561446
v -0.645538 0.606141 -0.675671
v -0.14681816 -0.09476471 0.5642834
v -0.21377134 0.023702621 -0.2082882
v 0.831783 -0.477368 0.232178
v -0.139079 0.200726 0.177624
v -0.528334 -0.640122 -0.00574257
v -0.783608 0.689889 -0.398361
v -0.323143 0.225044 0.228233
v 0.8113546 -0.8797161 0.18618393
v -0.9693146 0.19952774 0.457304
v -0.9413386 0.042817116 0.51694775
v -0.406869 0.44467 0.116304
v -0.17832 -0.927886 0.686982
v 0.492564 -0.737707 -0.306943
v -0.5855857 0.49303007 -0.08984709
v -0.762479 0.225465 0.702191
v -0.767919 0.251527 0.701644
v -0.374265 0.733569 -0.0648437
v -0.00672664 -0.774352 0.626229
v -0.0393714 -0.301617 0.741799
v -0.220249 -0.978681 0.196532
v -0.0338142 -0.841986 0.69472
v 0.35093117 0.028427124 0.5238247
v -0.168314 -0.755145 0.526105
v -0.903419 0.469181 0.125538
v 0.54541266 -0.97196776 0.15879679
v 0.74100876 -0.069107056 0.21575928
v -0.793308 -0.0443033 0.442413
v 0.771399 -0.199888 0.328478
v 0.6435776 -0.16826582 -0.1619339
v 0.041404724 -0.44413757 0.7469654
v 0.0494268 -0.628398 0.715494
v 0.834976 -0.474188 0.162011
v 0.186943 -0.922316 0.278571
v 0.0958358 -0.926039 0.656699
v -0.231346 -0.407994 0.557638
v -0.092430115 -0.056991577 0.56017303
v -0.232665 -0.931935 0.633932
v -0.208682 -0.886063 0.661981
v -0.468887 -0.759721 -0.0591782
v -0.915771 0.0697657 0.603881
v -0.80358887 -0.26275635 -0.10317993
v -0.898644 0.0769348 0.622704
v -0.78848267 -0.08141327 0.4513855
v -0.275401 -0.953201 -0.140051
v 0.0893862 -0.957552 0.649562
v 0.21519661 -0.9133054 -0.018959045
v -0.920458 0.284096 0.0586198
v -0.252159 -0.433479 -0.225474
v 0.6590109 -0.06419563 -0.11099815
v -0.682572 0.480571 -0.367639
v -0.934699 0.28671 0.0811444
v -0.48078918 -0.5985489 0.43089294
v -0.106309 -0.808795 0.668537
v -0.82124 0.0186974 0.00264306
v -0.44100332 0.23930115 0.44262934
v 0.0778807 -0.802666 0.640624
v 0.6480789 -0.3993547 0.5496826
v -0.204975 -0.969179 0.355743
v 0.1886673 -0.9195962 0.30132294
v 0.7030487 -0.8345947 0.41104126
v -0.43569517 -0.7841699 0.2700596
v -0.943989 0.0506773 0.535914
v 0.146333 -0.941741 0.642235
v -0.527171 -0.674225 0.18684
v -0.456403 -0.607114 0.431841
v -0.841737 0.00371152 0.41086
v 0.872136 -0.661754 -0.0336504
v -0.423851 -0.545009 0.505283
v 0.185898 -0.926213 0.251332
v 0.106543 -0.966515 0.627622
v 0.0775813 -0.967977 0.624752
v -0.191715 -0.772571 -0.205513
v -0.8701973 0.29377747 0.6467209
v -0.37850618 0.26765323 0.3035841
v 0.111103 -0.968683 0.578818
v 0.0169811 -0.793602 0.635353
v 0.4877472 -0.40485382 0.6708603
v 0.12668842 0.2549734 0.30321598
v 0.333196 -0.95271 -0.111405
v -0.8227129 -0.4720497 0.06693649
v 0.0049324036 0.6988106 -0.11935425
v 0.46458817 0.22232115 0.21281242
v -0.276705 -0.310022 -0.264681
v 0.3628521 -0.967409 0.3634224
v 0.24333763 -0.90936804 0.451128
v -0.73982 0.796436 -0.429725
v -0.973516 0.152309 0.139035
v 0.347911 -0.946513 0.397202
v 0.247525 -0.969415 0.257683
v -0.7704319 0.55453 -0.08668041
v -0.164911 -0.752677 -0.238198
v -0.35469818 0.6573334 -0.099861145
v 0.0710373 -0.910557 0.491236
v 0.253493 -0.977812 -0.235883
v -0.76904297 0.57540727 0.10714722
v -0.583348 0.682151 -0.434675
v -0.400947 0.439378 0.0735703
v 0.28567505 -0.34905243 0.7469063
v 0.0972821 -0.219179 0.737665
v 0.343424 -0.969732 0.505718
v -0.792703 0.707727 -0.354763
v 0.550435 -0.85171 0.49819
v 0.5786505 -0.7907009 -0.1772461
v -0.12969017 0.11821365 -0.1210022
v 0.24353027 -0.922884 0.334877
v -0.92533493 -0.25284958 0.123924255
v 0.5018158 -0.7886429 -0.25837708
v -0.6400653 0.3025322 -0.08816028
v -0.3595491 0.2633375 0.21051645
v 0.47459412 -0.44276428 0.678566
v 0.47159576 -0.95078135 0.49572754
v 0.317362 0.260798 0.0552338
v -0.91936016 -0.12163448 0.12662888
v 0.905834 -0.555546 0.029486
v 0.0188789 0.652833 -0.112508
v -0.418299 -0.8056 0.532425
v 0.38023707 0.096904755 -0.17254639
v 0.244162 -0.958761 0.283336
v -0.589256 0.412593 0.503686
v 0.1126914 0.23362923 0.36150932
v -0.63819885 0.03339386 -0.12903595
v -0.19949436 0.7150626 -0.04531765
v 0.142474 -0.46151 0.771133
v -0.9752998 0.27305365 0.2890644
v 0.23935127 -0.9621453 0.60113144
v -0.240573 -0.268655 -0.290848
v 0.0737227 -0.956251 -0.204711
v -0.78982 0.733203 -0.380713
v 0.0790988 -0.830153 0.643157
v -0.458306 -0.776538 0.45982
v -0.9063282 0.21249199 0.012435913
v 0.593544 -0.3863144 0.5894394
v -0.341231 -0.927547 -0.29677
v -0.32121527 -0.9045491 -0.3081801
v -0.70096207 -0.2659607 -0.18810463
v 0.594673 -0.266188 0.579917
v -0.3667984 -0.5769148 0.52650833
v -0.985374 0.128887 0.342009
v 0.940033 -0.540774 0.055868
v -0.193845 -0.291236 0.577466
v 0.817606 -0.477667 0.0965531
v -0.7351494 0.355335 -0.06656647
v -0.61946315 0.2633016 -0.09125315
v -0.28981018 -0.28171158 -0.2708969
v -0.241654 -0.457532 -0.227076
v -0.648637 -0.96746 -0.0626315
v 0.295675 -0.969991 0.556378
v 0.388168 -0.973308 -0.0735404
v 0.423478 -0.9691458 -0.1055913
v -0.619339 -0.04078102 -0.16747856
v -0.599966 -0.041648 -0.18198
v -0.6288223 -0.01966095 -0.1550827
v -0.56461334 -0.92946327 0.5981407
v 0.658093 -0.573153 0.523901
v 0.48005772 0.2108354 0.114852905
v 0.635008 -0.719603 0.487711
v 0.377494 -0.961019 0.572509
v 0.4113655 -0.965501 0.53349686
v -0.168136 0.89312 -0.137265
v -0.745929 0.0896959 0.6922
v 0.221669 -0.973172 -0.202237
v 0.199026 -0.975651 -0.215651
v -0.620732 0.603122 -0.666029
v -0.7284107 0.7510185 -0.5550003
v -0.30537033 0.5102787 0.06262207
v 0.55293274 0.111328125 -0.036750793
v -0.773084 0.128363 0.690945
v -0.4225471 0.37694573 0.08299637
v -0.38621807 0.28250015 0.08776283
v 0.5609 0.15794808 0.11174393
v -0.7284889 0.64718246 -0.42185974
v -0.937122 0.396234 0.39558
v -0.498855 0.168704 0.521159
v -0.904253 0.25007 0.0285944
v -0.320232 -0.568291 0.550261
v 0.0971254 0.811729 -0.336526
v -0.755245 0.17213 0.700872
v 0.98520374 -0.5512681 0.25707626
v -0.6534877 0.5931717 0.3029766
v -0.514406 -0.883611 0.614149
v -0.6935525 0.8065033 -0.4713974
v -0.758144 0.19925 0.699365
v -0.241435 -0.966516 0.264191
v 0.45578194 -0.96225667 0.47291565
v 0.4611106 -0.9637333 0.3991356
v -0.562871 0.0674085 0.50524
v -0.832582 0.0851888 0.642298
v -0.321358 -0.965689 -0.33557
v 0.9943504 -0.6578028 0.17943978
v 0.262912 -0.974329 0.139602
v -0.306556 -0.610645 0.549737
v 0.29473877 0.029953003 0.5453682
v -0.49121094 -0.027122498 0.5237198
v -0.76947784 0.40222168 0.625206
v -0.4213488 0.3527832 0.26829624
v -0.619347 0.726512 -0.748614
v 0.609833 -0.407454 0.57999
v 0.47480965 0.11805153 0.45334053
v -0.93244207 0.3220725 0.37943077
v 0.0275736 -0.591586 0.708062
v 0.5682068 -0.7857208 0.5034332
v -0.8213196 0.5121918 0.47601318
v 0.00578914 -0.196291 0.703482
v -0.204536 -0.917718 0.670285
v -0.51378536 0.29956436 0.47588348
v 0.920611 -0.606501 0.372044
v 0.031723022 0.6850319 -0.19592285
v -0.831846 -0.423084 0.00939534
v 0.07028389 0.051317215 -0.20392418
v -0.34689277 -0.8655653 -0.20084858
v -0.190057 -0.426164 0.546889
v -0.153778 -0.77006 -0.275439
v -0.609796 -0.161179 -0.204435
v 0.65934753 -0.31282616 -0.21216583
v -0.226573 -0.972254 0.216959
v -0.592364 0.476495 -0.162637
v -0.488891 0.41869 0.394868
v 0.35548782 -0.8548155 0.59495354
v 0.10696983 -0.07233477 0.5813577
v 0.930578 -0.477304 0.218771
v -0.917065 -0.263151 0.0870114
v -0.2560155 0.20320606 -0.02665329
v -0.715405 0.485251 -0.320392
v 0.0546764 -0.289081 -0.469873
v 0.0668855 -0.316914 -0.476004
v -0.75179 0.725046 -0.2749
v -0.5024414 -0.6412964 0.33148193
v 0.0498491 -0.958878 0.572474
v -0.72556686 0.5780163 -0.36763
v 0.8063774 -0.8524027 0.32279968
v 0.930557 -0.483201 0.251402
v -0.6757088 0.73017883 -0.6444702
v -0.25455 0.647543 0.0325776
v 0.110321045 -0.24373627 -0.44242287
v -0.10607338 0.93334293 -0.17415428
v -0.14177322 0.030014038 0.48220062
v 0.85015106 -0.6617813 0.41482162
v -0.2518177 0.52648735 0.018170357
v -0.21636868 0.55933404 0.022937775
v -0.13223696 -0.9298724 0.2840309
v -0.181938 0.562319 -0.0096011
v 0.219493 -0.0628266 0.578672
v -0.11063743 -0.9286008 0.23243523
v -0.621095 -0.96699 0.485094
v 0.34305763 -0.96924067 0.5596924
v -0.931958 0.346344 0.340518
v 0.682608 -0.0842254 -0.0939356
v -0.66833496 0.5817375 0.37452698
v -0.853169 0.00468637 0.38284
v 0.447462 -0.0414386 -0.202304
v -0.9335294 -0.15071556 0.18560982
v -0.622763 0.406611 -0.089423
v -0.214395 -0.921865 -0.160288
v -0.538927 0.339705 0.460525
v 0.23348558 0.2750156 0.145298
v 0.42883015 -0.96706796 0.4776497
v -0.224447 -0.880899 0.63843
v 0.8236828 -0.8673639 0.108795166
v 0.109861 -0.110642 -0.287397
v 0.141429 -0.112464 -0.281864
v -0.09493118 -0.92707527 0.21764469
v 0.555552 -0.470708 0.594826
v -0.94822884 0.29943085 0.13464355
v -0.220111 0.202646 0.0190867
v -0.94487 0.28450012 0.10626984
v 0.376059 -0.615608 0.684964
v 0.32341766 -0.29410934 0.7359009
v -0.196443 -0.970131 0.526348
v 0.437749 0.117524 0.463973
v 0.0944985 0.747213 -0.23791
v 0.371206 -0.726143 0.673533
v -0.436756 -0.805207 0.250624
v 0.555381 -0.119177 -0.211288
v 0.912821 -0.714911 0.360449
v 0.9046593 -0.7248459 0.0061950684
v -0.970425 0.164612 0.558926
v 0.36596 -0.962022 0.389965
v -0.965744 0.14459 0.573572
v -0.156616 -0.22534 -0.310542
v 0.193229 -0.924048 0.0765471
v 0.53884125 -0.7338257 0.54623413
v -0.863225 0.0401594 0.0320115
v -0.616977 -0.934629 0.34927
v -0.745285 0.672597 -0.420635
v 0.09840393 -0.6999054 0.70049286
v -0.138847 0.0978043 0.423919
v -0.914993 -0.148454 0.0971181
v -0.818457 -0.472394 0.261089
v 0.6784096 -0.93198776 0.24993896
v 0.354675 -0.95579 0.44225
v -0.19760466 -0.8279419 -0.3282566
v -0.9024658 0.3780136 0.11289978
v -0.33939362 0.12640381 0.3886261
v -0.569989 -0.906826 0.249278
v -0.226721 0.683942 -0.0128919
v 0.3262825 0.24310684 0.0059661865
v -0.343255 0.17012 0.330545
v -0.501603 -0.690917 0.136777
v 0.66841507 -0.1348331 -0.1355133
v -0.202091 -0.960579 0.495246
v -0.705215 0.905053 -0.690838
v 0.10522461 -0.94976425 -0.1958313
v -0.84539795 -0.058104515 0.38212585
v -0.943488 0.120625 0.0831753
v -0.66021264 0.8295321 -0.5708911
v -0.0503343 -0.935658 -0.212363
v -0.353096 -0.917486 -0.269792
v -0.502777 0.0214881 -0.197437
v -0.221927 -0.982041 0.140471
v 0.0610081 -0.138329 -0.298715
v 0.67206097 -0.71772623 -0.07624102
v -0.410451 0.435858 0.0489831
v 0.1498642 -0.9151821 0.41513062
v -0.6759248 0.5894537 0.33924103
v -0.74365044 0.58816147 0.003189087
v -0.71519315 0.44553852 -0.17269993
v 0.296896 -0.965231 0.585582
v -0.28718287 -0.7731768 -0.12571555
v -0.5893202 0.6678051 -0.6373904
v -0.263385 -0.752157 -0.117865
v 0.14610577 0.04481697 -0.22109985
v 0.52131987 -0.9669083 0.21305084
v 0.669805 -0.170396 -0.138372
v 0.3119011 -0.97621536 -0.22791672
v 0.37595367 -0.2599678 0.70651245
v -0.597578 -0.943554 -0.084129
v -0.21397614 0.21586484 0.1948018
v -0.081523895 -0.9254868 0.14613342
v -0.031175613 -0.59682035 0.6651058
v -0.795052 0.809039 -0.529816
v -0.746751 0.51068 -0.280352
v -0.22319 -0.962229 0.454181
v -0.5560522 -0.82424545 -0.0067367554
v 0.00788561 -0.406511 0.7475
v -0.146932 -0.382912 -0.440473
v 0.110271 -0.924206 -0.175828
v -0.74991 0.116315 0.69898
v -0.752896 0.144134 0.70158
v -0.724238 0.491473 -0.344508
v -0.732512 0.188498 0.703193
v 0.23254776 -0.91132104 -0.11533356
v -0.735543 0.216357 0.698603
v -0.740884 0.243162 0.695696
v 0.57180977 -0.92111206 -0.008434296
v -0.71116 0.234923 0.687693
v -0.9308505 -0.18757153 0.25320435
v -0.27802134 -0.53547287 0.5561011
v -0.657734 0.80346 -0.517181
v -0.6038767 0.55108094 -0.06743431
v -0.747042 0.267922 0.693113
v -0.14717579 0.0022659302 -0.21937752
v -0.74759674 0.30262756 0.68148804
v -0.7759552 -0.15139389 -0.119506836
v 0.3055092 0.14768887 -0.14623356
v -0.06086 0.930081 -0.143924
v -0.335495 -0.841583 0.557079
v 0.432669 -0.0578603 -0.21737
v -0.9090042 -0.123366356 0.31608582
v -0.671474 0.0848008 0.686851
v -0.442519 -0.720861 0.284175
v -0.9596081 0.19168472 0.5674286
v -0.59020233 0.12230873 0.5938873
v -0.364962 0.538622 0.12553
v 0.652801 -0.872977 0.381806
v -0.0132947 -0.911023 0.504464
v -0.76938 0.557737 -0.119249
v 0.156165 -0.921829 0.193204
v 0.18819267 -0.12711263 0.63600445
v 0.28876114 -0.9383011 0.47533417
v 0.12881184 0.18833494 -0.0991559
v 0.958001 -0.492347 0.208388
v 0.7962837 -0.3901863 0.025527954
v -0.228192 0.610658 0.0615474
v -0.18028641 -0.58696365 -0.2645836
v 0.975647 -0.6268916 0.29875946
v 0.48693848 -0.87685823 -0.19272232
v -0.00314284 -0.374075 0.757231
v 0.224534 -0.954999 0.26213
v -0.695742 0.504063 -0.491082
v -0.57483 0.828854 -0.763738
v -0.8948498 -0.07954025 0.09580994
v -0.658402 -0.195458 -0.193017
v -0.377347 0.195763 0.347902
v -0.32642555 -0.9806465 -0.015052795
v -0.864142 -0.355687 0.363792
v -0.880377 0.215521 -0.0163599
v 0.0833609 0.712264 -0.213078
v 0.228762 -0.9669 0.236292
v -0.2453785 -0.6106949 0.54502106
v -0.747052 0.537804 -0.287959
v -0.765756 0.842567 -0.541022
v 0.7972193 -0.4612217 0.04378891
v -0.5835289 0.5485039 -0.33491516
v 0.0745599 -0.975804 -0.231063
v 0.940099 -0.48177 0.186313
v 0.38536072 -0.04002571 -0.22465229
v 0.249946 -0.160623 0.682355
v 0.67323303 -0.25071716 0.52020264
v -0.485982 -0.607 -0.0807289
v 0.118357 -0.949094 0.647944
v 0.01475811 0.8330536 -0.21979523
v -0.17053986 -0.92829084 0.4017105
v -0.0449405 -0.968614 0.619286
v -0.479916 -0.639256 -0.0777279
v 0.19782066 -0.9625244 -0.19066715
v 0.0602542 -0.963302 0.646765
v -0.0311117 -0.0160257 -0.253072
v 0.470386 -0.962511 -0.0275162
v 0.189485 -0.965677 0.541723
v 0.274466 -0.156865 0.669247
v -0.16968918 -0.9568615 0.52848816
v 0.65986156 -0.7426398 0.4401436
v -0.165455 -0.935879 0.349963
v 0.0685572 -0.942616 0.665059
v 0.25821114 -0.97327304 0.23550797
v -0.498083 -0.789323 -0.0357776
v -0.51559 -0.71359 0.0397453
v -0.18999481 0.14942169 0.34859467
v -0.22837448 0.84391403 -0.029716492
v -0.0593134 -0.974382 -0.242265
v 0.16402555 -0.9190565 0.09454346
v -0.82253265 -0.17733955 0.4519806
v -0.37249 0.2824161 0.14771128
v 0.29869556 0.25370502 0.02261734
v 0.0473298 -0.938037 0.548494
v -0.752597 0.531097 -0.262662
v -0.763243 0.078669 0.680737
v 0.27033615 0.2652216 0.05735016
v 0.68388367 -0.50821686 0.49564362
v -0.16359901 -0.86831856 0.6798496
v 0.21216965 -0.9264922 0.29250336
v 0.866127 -0.843987 0.16324234
v 0.24863052 -0.9402847 0.31430054
v -0.522555 -0.657632 0.0186402
v -0.9688072 0.2199707 0.40624237
v 0.113054276 -0.9700277 0.6038828
v -0.186154 0.176377 -0.0163979
v -0.137937 -0.933045 0.710777
v -0.9017782 0.004761219 0.2661934
v -0.604505 -0.821252 0.102459
v -0.13360596 -0.98440737 -0.29207206
v 0.8746896 -0.4994068 0.30992126
v -0.698972 0.59109616 0.17960739
v -0.49512482 -0.83049774 0.3268242
v 0.83080673 -0.85482025 0.2791748
v -0.11939049 -0.70030594 -0.33628082
v 0.537262 -0.570869 -0.282032
v -0.884537 0.456179 0.109266
v 0.895401 -0.743803 0.35803986
v -0.868044 0.472328 0.0853913
v 0.2880299 -0.2144475 -0.38694668
v 0.852352 -0.482488 0.259241
v -0.611169 -0.822229 0.0731435
v 0.209639 -0.957735 -0.290206
v 0.49643326 -0.031541824 0.52726555
v 0.523863 -0.0528351 0.526052
v 0.701055 -0.32722 -0.17714
v 0.402775 -0.837241 0.585096
v -0.18339539 0.8317337 -0.18000793
v 0.39671707 -0.97110045 -0.20050049
v 0.915782 -0.535988 0.0468142
v -0.5937233 0.56697845 -0.43103027
v -0.666307 0.494386 -0.428948
v -0.0175796 -0.917015 0.529658
v -0.6144509 -0.8628559 -0.02828598
v -0.0894375 -0.955036 0.70229
v -0.6245502 0.37924337 -0.0790863
v -0.194139 -0.385155 0.55229
v 0.59029007 -0.087316334 0.50723267
v -0.021476746 -0.18883228 0.67747116
v -0.08478832 -0.96562624 0.67432976
v -0.0661558 -0.961022 0.689755
v -0.576291 -0.938909 0.290195
v -0.7215195 -0.3890419 0.5120964
v 0.0955863 0.790745 -0.269531
v -0.248861 0.687746 -0.160963
v 0.8330898 -0.86235046 0.24653625
v -0.26078415 0.21838677 0.018474579
v -0.179176 -0.755047 -0.18827
v -0.558769 0.573157 0.0490217
v -0.58603 0.492643 -0.0598438
v 0.309779 -0.94401 0.604009
v -0.441237 -0.728352 0.202126
v -0.121378 -0.206685 -0.325126
v 0.32923 -0.959961 0.590506
v 0.347473 -0.966201 0.570931
v -0.3003769 -0.21682549 -0.27771235
v -0.94237995 0.300663 0.3932762
v -0.57240367 0.37268293 -0.06316912
v 0.0526568 0.91835 -0.293562
v -0.270981 -0.144947 0.561369
v 0.11723328 -0.28086853 -0.45235443
v -0.726739 0.105312 0.700925
v -0.58467674 0.6512451 -0.5041199
v -0.596422 -0.984638 -0.0523327
v 0.5279665 0.02948761 -0.13765907
v -0.450019 0.51133 0.2228
v -0.183603 -0.97652 -0.360699
v -0.708335 0.204757 0.697753
v -0.18136883 0.16351628 -0.045848846
v -0.917173 0.441194 0.446735
v -0.49547577 -0.61935425 0.3849182
v 0.316202 -0.740375 0.688837
v 0.67144775 -0.4370346 -0.16864014
v -0.4246254 0.32569456 0.32919693
v 0.42284298 -0.96700436 0.41072273
v -0.75076485 -0.39865875 -0.11795807
v 0.161493 -0.959321 0.628139
v -0.11309 -0.315989 -0.453831
v -0.101047516 -0.35430622 -0.46569252
v -0.125118 -0.93242 0.525912
v -0.866413 -0.0991957 0.00426265
v -0.973845 0.171287 0.401869
v -0.78772545 0.55803204 0.059669495
v -0.15657 -0.96587 0.559577
v -0.27188843 -0.9726151 0.4644699
v -0.12252045 -0.49092388 -0.43879318
v -0.8658371 -0.34459877 0.00063323975
v -0.11216 -0.785846 -0.31831
v 0.65104616 -0.9555429 0.14900398
v -0.6950151 -0.90021545 0.07588148
v -0.464452 0.625895 0.128831
v 0.766974 -0.54616 0.366919
v -0.9007187 0.49864197 0.4074707
v -0.7220535 0.4884491 0.5479126
v -0.638305 -0.945693 0.484276
v -0.06777191 -0.44213104 0.7029724
v -0.0574646 0.16282082 -0.06803131
v 0.999706 -0.603424 0.170281
v -0.158447 -0.923206 0.703957
v 0.427801 -0.820655 -0.286341
v -0.6175341 -0.833745 0.12542534
v -0.104438 -0.449129 -0.461349
v -0.30307 -0.960159 -0.0643437
v 0.74118185 -0.06285381 0.078956604
v 0.64861107 -0.68382263 0.49956512
v -0.0968761 -0.811072 -0.329941
v -0.49967384 -0.8124695 0.3687439
v -0.119467 -0.830294 -0.336114
v -0.9239578 -0.16834402 0.11746216
v -0.9085293 0.35140383 0.09051514
v -0.10721362 -0.8485971 -0.34586954
v -0.721699 0.0812799 0.691151
v 0.85494995 -0.6970978 0.4098587
v -0.16807747 -0.53395844 -0.3498268
v 0.7252579 -0.9171066 0.08736801
v -0.0986939 0.861358 -0.234004
v 0.14317024 -0.1305263 0.6444521
v -0.8861542 -0.13783836 0.36585236
v -0.1226902 0.76805305 -0.21947098
v 0.584669 -0.034471 -0.147821
v -0.59094 -0.905899 0.230048
v -0.7491312 0.6949005 -0.2096405
v 0.037068307 -0.2674942 -0.46320915
v -0.81853867 0.4246521 0.585907
v -0.92325497 -0.28608763 0.24451542
v -0.104450226 0.72227097 -0.20505524
v 0.7913213 -0.28871965 0.0069236755
v -0.07383 -0.929625 -0.209808
v 0.04016 0.952884 -0.326712
v -0.17948532 -0.8383999 -0.34153175
v -0.09951019 0.6100197 -0.10765457
v -0.670639 0.423605 -0.1423
v -0.44320536 0.48966867 0.20859718
v 0.99611187 -0.605999 0.23025513
v 0.782612 -0.15639043 0.119628906
v 0.76953316 -0.16363144 0.28967285
v -0.31690216 0.70783806 -0.12295532
v -0.0842637 -0.468764 -0.469934
v -0.092918396 -0.4862671 -0.4609604
v -0.07717514 -0.52763367 -0.45491028
v 0.5240021 0.058511734 -0.12359619
v 0.0271492 0.0121593 -0.228861
v 0.3965912 -0.59375 0.6862793
v -0.96391 0.0941017 0.557205
v 0.3888812 0.14766693 0.4577484
v -0.00322997 -0.932141 0.550711
v -0.0701703 -0.413214 0.718494
v -0.8366089 -0.19573975 0.4391632
v -0.603767 0.0335805 0.511458
v -0.10868454 -0.90185404 -0.3549924
v 0.484901 -0.146221 -0.262829
v 0.33644 -0.583995 0.722781
v -0.620586 0.596202 -0.640514
v 0.322122 -0.602798 0.727348
v -0.023475647 0.8662071 -0.28754425
v 0.22000408 0.23633766 -0.014362335
v -0.23041534 -0.15988159 -0.27422523
v -0.18846893 0.13191986 0.37467957
v 0.2349 -0.854232 -0.304941
v -0.8773136 -0.18976212 -0.00705719
v -0.258231 0.710304 0.0138139
v -0.37015915 -0.93337 0.5972719
v -0.1494 0.573896 -0.0443066
v -0.3019333 -0.0034255981 0.4988327
v -0.083042145 -0.100608826 -0.28569794
v -0.409836 -0.951686 0.605462
v -0.08919144 -0.31627846 -0.46316242
v -0.545103 -0.818551 0.54087
v -0.073755264 -0.3849535 -0.47665787
v 0.959298 -0.546012 0.0721059
v -0.0795388 -0.440576 -0.474857
v -0.6631832 0.6273918 -0.6736679
v -0.220797 -0.822031 0.588435
v -0.276504 -0.87286 -0.325795
v -0.9682579 0.20620728 0.13522339
v -0.819191 0.47020674 0.010696411
v -0.77333 0.756521 -0.378739
v -0.9411 0.355191 0.207344
v -0.078552246 -0.7254486 -0.35852814
v -0.01808834 -0.016551971 0.55203056
v -0.35309982 0.7588959 -0.071331024
v -0.0898571 -0.7799599 -0.33298492
v -0.0701593 -0.827954 -0.338553
v -0.329061 0.614376 0.0829263
v 0.982534 -0.524924 0.222117
v -0.910355 -0.315942 0.176228
v -0.0744972 -0.922554 -0.349757
v 0.63841057 -0.85443115 0.39543915
v -0.526185 -0.801833 0.136933
v 0.58349 -0.705051 -0.220433
v -0.490878 0.575672 0.191426
v 0.78077507 -0.20728427 0.30063438
v 0.187839 0.019213 -0.237807
v -0.928516 0.417437 0.434237
v -0.33429 0.573465 0.107989
v -0.202838 -0.529508 0.53841
v -0.37219048 0.2190814 0.3244667
v -0.59666 0.711292 -0.752965
v -0.066435814 -0.25159645 -0.44211006
v -0.0541209 0.7965257 -0.25181508
v 0.69911194 -0.20476913 -0.119003296
v 0.303872 -0.966922 -0.0176039
v -0.593048 0.493258 -0.207148
v -0.182946 -0.971034 0.282258
v -0.343288 -0.943106 0.587873
v 0.15754604 -0.81638145 -0.35864735
v 0.666592 -0.508845 0.513308
v 0.886273 -0.46874326 0.21525335
v -0.751944 -0.55475616 0.10637283
v -0.013268948 -0.3039341 -0.47579098
v -0.71856 -0.0893095 0.50494
v -0.727703 -0.0632651 0.497728
v -0.972265 0.0884921 0.499402
v -0.770361 0.566526 -0.0582721
v 0.72455597 -0.33238983 -0.14463043
v -0.0424937 -0.371755 -0.482102
v 0.889725 -0.470226 0.174743
v -0.42509 0.516319 0.171748
v -0.0610059 -0.487745 -0.474343
v -0.0658876 -0.515833 -0.4655
v 0.7264862 -0.3641472 0.45537567
v -0.609698 0.672671 -0.733426
v -0.06242752 -0.5935974 -0.43341064
v -0.149953 -0.930877 0.333912
v 0.488436 -0.886867 0.554406
v -0.164632 -0.72073 0.488783
v -0.719253 0.385943 -0.0721112
v -0.0858554 0.640961 -0.0125985
v -0.0495224 -0.7329178 -0.37412262
v -0.912739 0.510811 0.148233
v -0.0704683 -0.797804 -0.338058
v -0.0455615 -0.844534 -0.340738
v -0.4517517 -0.57640076 -0.1219635
v -0.0705692 -0.858138 -0.347465
v -0.707471 0.0968717 0.699714
v -0.04761696 -0.88293564 -0.34878397
v 0.00771041 0.674949 -0.0971924
v 0.3583107 0.01628089 -0.22273445
v -0.706216 0.118558 0.705586
v -0.728933 0.131648 0.706323
v -0.043069363 0.7563915 -0.23717213
v -0.730573 0.160054 0.706798
v -0.706395 0.175608 0.704679
v 0.528921 -0.426404 0.643254
v 0.278175 -0.959372 0.000698748
v -0.85734177 -0.17464924 -0.036338806
v -0.330307 0.72955894 -0.10877228
v 0.2438 -0.738696 0.704285
v 0.293914 -0.196987 -0.368317
v -0.5826028 0.665329 -0.35152054
v 0.24518967 -0.9133611 0.37226868
v -0.18302917 0.5905762 -0.10756683
v -0.922217 0.013344 0.215358
v -0.479053 -0.94897 -0.129927
v -0.7655144 0.5679512 0.39094543
v 0.7633362 -0.1783638 0.0017929077
v -0.491689 -0.928535 0.624036
v 0.0010719299 0.105485916 -0.15511131
v 0.279401 -0.666029 0.714853
v 0.268056 -0.584978 0.744746
v -0.050388515 -0.4162953 -0.4813555
v -0.0570636 -0.458691 -0.479618
v -0.011112213 -0.5109253 0.7166405
v -0.88665974 0.3824911 0.064510345
v -0.483119 -0.718447 -0.0449531
v -0.92584425 -0.10464406 0.22176886
v -0.580561 0.671763 -0.466635
v -0.49954772 0.20438647 -0.06346643
v -0.85926056 -0.09116745 0.3817749
v 0.2500887 -0.71470165 0.70800924
v -0.636806 0.482231 0.528998
v -0.323997 -0.845535 -0.235895
v -0.061715126 0.82079697 -0.255311
v -0.618311 0.555647 -0.0100046
v -0.39864948 0.3327866 0.18189645
v -0.533116 -0.888647 0.271971
v -0.4881215 -0.68073845 0.22928238
v -0.5749 0.483308 0.496826
v -0.271883 -0.94474 0.583617
v -0.955879 0.30814 0.281416
v -0.610368 -0.956016 0.332317
v -0.72286224 0.31195068 0.6678314
v -0.196126 -0.697062 -0.137962
v -0.577809 -0.626961 -0.00825572
v -0.7233505 0.42744446 0.6043701
v -0.059886932 -0.35246754 -0.4780507
v 0.3895998 0.18673706 0.41945648
v -0.0927029 -0.971762 -0.3333
v -0.164938 -0.923586 0.457125
v -0.61950874 0.5926027 -0.61455727
v -0.029632568 -0.51130676 -0.47294235
v -0.717354 0.552887 -0.467242
v -0.04331684 -0.61183167 -0.4351654
v -0.42382336 0.43942642 0.16037464
v -0.22533607 0.72792625 -0.17515564
v 0.885578 -0.642355 -0.0250793
v -0.767601 -0.5396738 0.15435791
v -0.04156494 -0.6624603 -0.41508484
v -0.149152 0.605499 0.0168688
v 0.19550896 -0.28730774 -0.43817425
v -0.618587 0.460533 0.525574
v 0.282598 -0.909815 0.413956
v -0.2175808 -0.7913089 -0.22476196
v 0.20972443 -0.8912144 0.6210289
v 0.0967556 0.862969 -0.33565
v -0.0218836 -0.861416 -0.339313
v -0.5803919 0.69960594 -0.68979645
v -0.332149 0.663423 0.0850477
v 0.17230892 -0.9177196 0.053146362
v -0.5141182 0.5996628 0.02332306
v -0.3283987 0.5505552 0.10412693
v -0.236388 -0.350368 -0.278432
v -0.50747967 -0.76487696 -0.008369446
v 0.054811507 -0.16845188 -0.37007135
v 0.61735153 -0.6976509 0.51875305
v -0.919014 0.453959 0.144999
v 0.6808319 -0.882843 0.36956024
v -0.61032104 -0.109066725 -0.20396805
v -0.7200279 0.68904114 -0.16836548
v 0.4344797 0.16765594 -0.06378746
v 0.378962 -0.691843 0.680048
v -0.7583847 -0.21808815 0.51859283
v -0.6878967 0.79881287 -0.66116333
v -0.76292 0.703198 -0.251483
v -0.48160267 -0.786016 0.4708748
v -0.515714 0.397801 0.424926
v -0.915144 0.398313 0.158883
v -0.0832853 0.601902 -0.0513429
v -0.509854 -0.962836 0.601739
v -0.888263 0.0249347 0.418585
v -0.03320217 -0.5529003 -0.46298885
v -0.79663 0.750373 -0.430062
v -0.69025993 0.27863503 0.65926266
v 0.536486 -0.834652 0.519337
v 0.0879209 0.724939 -0.234993
v -0.433343 -0.769401 0.215037
v 0.97764397 -0.53573513 0.12565231
v -0.606436 0.43074 0.520155
v -0.04428196 -0.8109658 -0.3430071
v -0.0202006 -0.83184 -0.339343
v 0.000968342 -0.848419 -0.335931
v 0.0043964386 -0.16974449 0.6630869
v 0.6960354 -0.6837368 -0.07029724
v -0.952801 0.31764337 0.25430155
v -0.849411 -0.13705444 0.4112854
v -0.57423276 0.6156664 -0.37830162
v -0.028512716 0.8225784 -0.27426112
v -0.027666092 0.7828293 -0.25699615
v -0.693096 0.898613 -0.710263
v 0.167639 0.00519191 -0.253751
v 0.99256325 -0.61840534 0.12335968
v -0.869167 -0.256215 -0.0342832
v 0.0593895 -0.564444 0.717843
v 0.59042 -0.8030138 -0.09661865
v -0.587667 -0.966074 0.288903
v -0.592902 -0.946861 0.310432
v -0.3777305 0.28297287 0.2702303
v 0.6215639 0.097551346 0.06638336
v -0.535223 -0.787066 0.0834584
v 0.0103147 -0.630364 0.693901
v -0.0132377 -0.334522 -0.481871
v -0.017831802 -0.3942852 -0.47975087
v -0.36335945 0.25086308 0.2754469
v 0.7837715 -0.34877777 0.0055389404
v -0.22093964 0.8611946 -0.059799194
v -0.129886 0.904875 -0.178074
v -0.850925 -0.379644 0.0216843
v 0.22643685 0.27476954 0.220294
v -0.76148605 0.65193176 -0.15287781
v 0.59090996 0.099342346 -0.005821228
v -0.18401337 -0.6988363 -0.17141533
v 0.60461426 -0.030739307 0.47288513
v -0.199474 -0.981901 0.184059
v -0.248376 -0.519516 -0.194585
v -0.662226 0.110757 0.693528
v -0.0162286 -0.635805 -0.436525
v -0.15059 -0.34968 -0.435106
v -0.181595 -0.773175 -0.230909
v -0.01940918 -0.73309326 -0.3890686
v -0.605115 0.400588 -0.0762778
v -0.607369 0.453213 -0.170699
v 0.7610283 -0.3723535 -0.056610107
v -0.6194371 0.48932648 -0.330204
v 0.0399902 -0.662924 0.691256
v -0.82299805 -0.2408905 0.45140076
v -0.0155546 -0.807118 -0.352852
v -0.339075 0.506945 0.0952106
v 0.041000366 -0.90921974 -0.323452
v -0.16885039 -0.25036323 -0.316476
v 0.275392 -0.390545 0.739568
v 0.7915058 -0.21209335 0.21511841
v 0.471311 -0.943139 -0.0676701
v 0.231575 -0.964226 -0.280816
v -0.0930998 0.948642 -0.158597
v 0.003458023 0.8541274 -0.30552673
v -0.9789572 0.18750525 0.15820694
v -0.9651108 0.17912292 0.12022781
v -0.313614 0.737031 0.0614511
v -0.276286 -0.96666 -0.166512
v 0.00508564 0.984047 -0.257912
v 0.053929 0.684317 -0.191136
v -0.934628 0.420104 0.408536
v 0.6112249 0.107762635 0.30343723
v 0.1238327 -0.37386703 0.76091623
v -0.212638 -0.24935 -0.292939
v -0.11521649 0.19155455 0.04631996
v -0.11579132 -0.27069855 0.6558838
v -0.71149 -0.114342 0.517943
v -0.4457 -0.711106 0.215756
v -0.668624 -0.968495 -0.0432409
v -0.471333 -0.937204 0.62161
v -0.896227 0.383329 0.552379
v -0.701793 -0.0651029 0.503663
v -0.713861 -0.0348166 0.500729
v -0.865077 -0.29969 -0.0283992
v -0.580998 0.689351 -0.717214
v -0.54659843 -0.81391716 0.13761139
v 0.020781517 -0.5562134 -0.4662075
v 0.48295593 -0.7397957 0.59973145
v -0.00996517 0.971328 -0.278291
v -0.07778549 0.8384762 -0.2485733
v 0.003153801 -0.59710693 -0.4525566
v -0.018909454 -0.6081314 -0.4432621
v -0.007958114 -0.671196 -0.42499924
v -0.129708 0.919619 -0.154253
v 0.028800964 -0.794754 -0.37047577
v -0.751838 0.812675 -0.476532
v 0.00504122 -0.823737 -0.346879
v -0.497424 -0.972982 -0.124324
v -0.361364 0.746393 0.0441627
v 0.00303329 -0.877958 -0.334798
v -0.594871 0.459095 0.509054
v 0.73757935 -0.4262085 0.43162537
v -0.1604271 -0.4366784 -0.42347908
v 0.230614 -0.977405 -0.255136
v 0.668174 -0.0920035 -0.118492
v 0.505652 -0.768708 0.548719
v 0.7087283 -0.07585144 0.3728943
v -0.003230095 0.8138819 -0.28588963
v -0.7880554 -0.21489334 -0.12862015
v -0.696469 0.0794852 0.690649
v 0.018095016 0.7643089 -0.26857376
v -0.273654 0.70692 0.0363883
v -0.705688 0.146237 0.707657
v 0.0816242 -0.966141 0.575077
v 0.158035 -0.920938 0.265029
v -0.40237045 -0.8887844 0.59388113
v -0.684071 -0.959796 -0.0183743
v 0.542397 -0.632009 0.592859
v -0.422831 0.461865 0.160278
v 0.150954 -0.387488 0.761019
v 0.813633 -0.458003 0.241116
v 0.013941765 -0.31724358 -0.48093367
v 0.039355278 -0.10730362 0.5814935
v 0.3911419 -0.0917778 0.6144581
v 0.349412 -0.836749 0.60048
v 0.372614 -0.836062 0.591795
v 0.009506226 -0.35073248 -0.4850991
v 0.2522812 -0.25834274 0.7361927
v -0.763694 0.740846 -0.328971
v 0.96832514 -0.7218671 0.24472427
v -0.7229996 -0.43112946 -0.13217163
v 0.0880063 -0.594862 0.734116
v -0.619366 -0.872461 0.461419
v 0.231678 -0.762993 0.693785
v 0.301149 -0.650077 0.716602
v -0.646347 0.0175148 0.538959
v -0.024195671 -0.46998596 -0.4808048
v 0.297934 -0.595184 0.736843
v -0.32094 0.799616 -0.0586212
v 0.007040024 -0.56754684 -0.46479082
v 0.564382 -0.422856 0.609079
v 0.014545 -0.644911 -0.439555
v -0.092622 -0.919323 -0.189302
v 0.008592606 -0.74606323 -0.39318085
v -0.32792354 -0.89622074 -0.2844169
v -0.812211 0.127081 0.660315
v 0.5072212 -0.96714956 0.09195137
v 0.680676 -0.756802 0.426389
v -0.65534973 0.52510834 0.50019073
v 0.219027 -0.418151 0.765021
v 0.20305 -0.433796 0.771351
v -0.662807 -0.858192 0.115741
v 0.031196594 0.90431786 -0.337286
v -0.207371 -0.983986 -0.342949
v 0.623715 -0.730599 -0.137714
v 0.83867645 -0.7976303 -0.0051879883
v 0.254887 -0.956793 0.507735
v 0.298651 -0.945378 0.351114
v 0.315573 -0.962569 0.33769
v -0.468782 0.441081 0.325067
v -0.34656537 -0.343441 -0.2495451
v 0.7574482 -0.12801075 0.024356842
v -0.5987 0.488994 -0.234732
v -0.14535 -0.823057 -0.328916
v -0.41064632 0.36428607 0.1435051
v 0.738972 -0.623442 -0.0329586
v 0.52944183 -0.45788574 0.63313675
v -0.138839 -0.844549 -0.345845
v -0.116592 -0.181631 -0.30035
v 0.9972358 -0.5986023 0.14927673
v 0.509922 -0.9543905 0.008987427
v -0.0194223 -0.151135 -0.297886
v 0.039505005 -0.42558908 -0.47429752
v -0.956685 0.0820216 0.119799
v -0.6022339 -0.8414402 0.1513977
v 0.80181766 -0.23229861 0.1264267
v -0.451694 -0.738915 0.327469
v -0.737524 0.518353 -0.370226
v -0.0378773 -0.977664 -0.245769
v -0.6204605 -0.9206505 0.5232773
v -0.538618 -0.116094 -0.223503
v 0.6155014 -0.18491364 0.54919434
v 0.0306518 -0.593945 -0.456485
v -0.33551407 0.48971558 -0.016376495
v -0.201145 -0.98103 0.210367
v 0.0242005 -0.617718 -0.448976
v 0.252511 0.0656445 -0.221846
v 0.01792717 -0.6778488 -0.42734528
v 0.8843479 -0.67502594 -0.02785492
v -0.577839 0.618515 -0.260721
v 0.9885769 -0.56810904 0.13388062
v -0.844935 -0.411305 0.317364
v 0.8737221 -0.7434368 -0.014297485
v -0.8063278 -0.34934235 -0.08868408
v -0.211297 0.836292 -0.0167073
v 0.9360542 -0.77139425 0.1164093
v -0.216724 -0.973229 0.280579
v -0.15000057 -0.9267106 0.37709808
v 0.0243357 -0.839515 -0.338556
v -0.9176712 0.47167206 0.41001892
v 0.019294739 -0.85960484 -0.32982635
v -0.5525272 0.45010614 0.48185492
v -0.6680794 0.84008026 -0.7119293
v 0.043521 0.876342 -0.342905
v 0.93240356 -0.6808319 0.024749756
v -0.8741913 0.49827576 0.447464
v 0.949329 -0.621391 0.0416
v 0.862979 -0.474069 0.162416
v -0.11757851 0.025978088 0.4932785
v -0.765753 0.601522 -0.0935364
v -0.232579 -0.848538 0.601631
v -0.13213348 -0.9242315 0.38744354
v -0.443311 0.33267 0.0170134
v 0.316037 -0.2572 -0.393692
v -0.3578417 0.26330853 0.14040709
v 0.16699219 0.004463196 0.5692749
v 0.7431202 -0.9128647 0.17113495
v -0.06432533 -0.29224396 0.7262306
v 0.469019 -0.668486 0.642615
v 0.41570282 -0.0303154 0.55114746
v 0.726029 -0.715386 0.428726
v 0.031960487 -0.35797787 -0.4842317
v 0.706433 -0.692529 0.423534
v -0.563908 0.387533 -0.0532295
v 0.700229 -0.716335 0.424557
v -0.6218447 0.6890032 -0.25226402
v -0.15807462 0.20029864 0.1462717
v 0.6793041 0.029491425 0.2631073
v 0.373069 0.00670154 0.526961
v 0.169345 -0.373249 0.759438
v 0.68857574 -0.5321293 -0.16038513
v -0.55663 -0.802414 0.0967636
v 0.0442158 -0.712519 -0.411902
v -0.19353771 0.8707075 -0.051981926
v -0.28289986 0.8266392 -0.072841644
v -0.140508 -0.219666 -0.324378
v -0.670146 -0.911291 -0.00337474
v -0.23346 -0.438499 -0.245073
v -0.060245514 0.027183533 0.52108
v -0.23102105 0.04612732 0.45652008
v 0.371923 -0.973469 -0.0960381
v 0.036668777 -0.83132243 0.6601181
v -0.149858 0.11352 0.403607
v 0.38419545 -0.97394943 -0.118638515
v 0.11191 -0.250749 0.750159
v 0.652748 -0.286916 0.549185
v -0.314973 -0.941219 0.576687
v -0.263509 -0.661205 -0.127383
v 0.028953552 -0.39951897 -0.4782772
v 0.51512 -0.143307 -0.247377
v 0.022281647 -0.4530058 -0.47872496
v 0.028079987 -0.4819889 -0.47717094
v 0.6937752 -0.8802738 -0.015295029
v 0.053881645 -0.50074196 -0.4701681
v 0.0198172 -0.533245 0.720647
v -0.924441 0.414093 0.461853
v 0.583447 -0.504264 0.565322
v 0.289409 -0.929265 -0.0496369
v 0.0483346 -0.60952 -0.450615
v -0.32878685 -0.8420067 -0.20364189
v -0.0837063 -0.844294 0.702562
v -0.771252 0.876219 -0.630266
v -0.700044 -0.272727 0.555349
v -0.971673 0.25696564 0.17050171
v -0.14324188 0.66524124 -0.17032623
v -0.0914669 0.6543083 -0.1610527
v -0.91295624 -0.15917397 0.32621765
v 0.0403085 -0.856199 -0.326345
v -0.714413 -0.241269 0.551188
v -0.24809647 -0.5898781 -0.16091728
v -0.652641 0.417852 -0.123539
v 0.542948 -0.523621 0.590285
v 0.031585693 -0.3772583 -0.4830892
v -0.597723 0.455709 -0.14546
v -0.74066687 0.59091383 0.20559502
v -0.322996 -0.614617 -0.14878
v 0.055526733 -0.5501518 -0.4572525
v 0.0544827 -0.582733 -0.452567
v -0.759467 0.848316 -0.638339
v -0.70054245 -0.14620972 0.5394745
v -0.4667282 -0.6056223 -0.10220528
v 0.730879 -0.596172 0.418709
v 0.0857749 -0.6545105 -0.42326355
v 0.059093475 0.776268 -0.30351257
v -0.64248896 0.40555477 0.57291317
v -0.025146484 0.77378845 -0.17080688
v -0.858355 0.447112 0.0664954
v -0.465044 -0.619649 0.406947
v -0.455212 -0.644845 0.394191
v -0.8623657 0.064053535 0.010318756
v -0.87052 0.440922 0.090872
v -0.18090439 0.81211853 -0.03931427
v -0.176663 -0.976792 0.228759
v 0.090423584 -0.7770157 -0.38082123
v -0.382306 -0.8771 -0.134722
v 0.056045532 -0.8380127 -0.33740234
v -0.692081 -0.0130259 0.509051
v 0.0661354 -0.852362 -0.325047
v 0.0569469 -0.878815 -0.3203
v -0.8601532 -0.07033539 0.009170532
v 0.2946701 -0.12553883 0.6228256
v -0.774812 0.804473 -0.57892
v 0.354398 -0.150529 0.643207
v 0.332775 -0.138746 0.637683
v -0.0796648 -0.970861 -0.240923
v -0.661272 -0.229137 -0.193994
v -0.0668795 0.608175 -0.0720527
v 0.0725833 -0.401608 -0.469012
v -0.891324 -0.0591728 0.284476
v -0.079737 0.616516 -0.0269494
v -0.377791 0.751198 0.0183828
v 0.07514191 -0.506268 -0.46239662
v -0.305256 0.617732 0.0721093
v 0.0708516 -0.559381 -0.449163
v -0.62406677 -0.90100336 0.39471853
v -0.87158585 -0.32232952 -0.010929108
v 0.160315 -0.97643 -0.271807
v 0.06742954 -0.69161034 -0.4174404
v -0.687126 0.10287 0.699139
v 0.077206 -0.718056 -0.412618
v 0.086815834 -0.74300766 -0.40210152
v -0.680455 0.16007 0.702678
v -0.681621 0.190282 0.695767
v 0.0981501 -0.115737 0.599018
v 0.374694 -0.189628 0.663426
v 0.3937378 -0.90534973 0.59215355
v -0.684275 0.218388 0.685102
v -0.17745113 0.5682459 -0.06716919
v 0.61413574 -0.067554474 -0.15206909
v -0.221938 -0.505129 -0.230499
v -0.298973 -0.394187 0.572426
v 0.36694813 -0.8128967 0.6084099
v 0.102090836 -0.87849855 -0.31390905
v 0.064984754 0.81565857 -0.33504438
v 0.90992737 -0.7890358 0.08248901
v 0.291904 -0.0521718 0.558528
v 0.32843018 -0.03709984 0.5499344
v 0.324919 -0.974804 -0.179491
v -0.6130047 0.27032232 0.56640625
v 0.30926895 -0.02230835 0.5477886
v 0.11983204 -0.42733753 -0.4644704
v -0.43272 0.495284 0.185769
v 0.21103573 0.077812195 0.53922653
v 0.29663897 0.23344421 -0.024391174
v 0.55477905 -0.573967 -0.26795197
v 0.18748915 0.046276093 0.5549431
v 0.30199 -0.623744 0.729388
v 0.278332 -0.617097 0.741052
v -0.457961 -0.73295 0.179807
v 0.584164 -0.471732 0.578696
v 0.260508 -0.759056 0.696935
v -0.952392 0.409304 0.214851
v 0.0865724 -0.535952 -0.447961
v 0.971528 -0.552769 0.0944034
v 0.85622406 -0.72296166 -0.03553772
v 0.890083 -0.700645 -0.0183278
v 0.50582886 -0.96810395 0.050575256
v 0.180775 -0.933136 0.188045
v -0.55148315 -0.86917114 0.22393799
v 0.247209 -0.974467 0.167364
v -0.935275 0.528768 0.267225
v -0.468136 0.462463 0.00153287
v -0.7660217 -0.30543518 0.5122757
v 0.0886391 -0.145791 0.664031
v 0.08836365 -0.9040394 -0.31568098
v -0.584143 0.779018 -0.771401
v 0.09936619 -0.35529757 -0.46889365
v -0.6929779 0.40745544 0.6091156
v 0.07400513 -0.44444656 -0.4701271
v -0.318464 -0.114172 0.551023
v -0.7235489 0.84832954 -0.6617279
v 0.10601616 -0.51014614 -0.45086956
v -0.605373 0.637254 -0.696287
v 0.100572586 -0.56551266 -0.43972158
v -0.916477 -0.178156 0.0988978
v -0.7160797 0.5733175 -0.4380951
v 0.883065 -0.5162 0.331785
v 0.09909248 -0.58818436 -0.43975592
v -0.919738 0.482691 0.142941
v -0.849657 -0.036444 0.018538
v -0.208599 -0.45118 -0.327512
v -0.35604 0.243764 0.0596792
v 0.6185379 -0.45821 -0.23876953
v -0.5768335 0.6424389 -0.42735672
v 0.104774475 -0.7181659 -0.40902233
v 0.80101585 -0.24275017 0.08755112
v 0.049938202 0.109062195 0.49903488
v 0.066768646 -0.28107452 0.7482629
v -0.875047 0.0177389 0.374379
v 0.092437744 -0.85026646 -0.3266449
v -0.29011667 -0.9020567 0.5622473
v 0.67829895 -0.40506744 -0.17372131
v -0.9063053 0.33015656 0.064888
v -0.191814 -0.261075 0.585895
v -0.304241 -0.32354 -0.255429
v 0.043022633 -0.19882298 -0.41327953
v -0.135129 -0.122674 0.57744
v -0.104076 0.656405 -0.0185766
v 0.960176 -0.64824 0.0553059
v 0.13556671 -0.4474802 -0.45745754
v -0.618096 0.4376 -0.150089
v 0.14507675 -0.54556274 -0.4357643
v -0.527883 -0.669311 0.0658791
v -0.7293358 0.58384395 0.11968231
v 0.1077652 -0.6672325 -0.41601372
v -0.299694 -0.959593 0.561878
v 0.214559 0.0608167 -0.218664
v 0.12168503 -0.83387756 -0.34605408
v -0.5906 0.51207 -0.250649
v 0.035957336 -0.85645485 0.67271423
v 0.213308 -0.961892 0.212367
v -0.659303 0.526987 -0.544941
v 0.716911 -0.874439 -0.0088799
v 0.7143612 -0.8897171 0.008132935
v -0.702712 0.879145 -0.6999
v 0.36680603 -0.35379028 0.71310425
v -0.9027786 0.1999569 0.6294098
v -0.9059658 -0.24095535 0.070438385
v -0.61771846 0.56625104 -0.054540634
v -0.65112686 -0.34519386 0.5708065
v -0.1924057 0.8700714 -0.14079285
v -0.712003 -0.929705 0.111741
v -0.50843 -0.638817 -0.0311659
v 0.341746 -0.111214 0.626073
v 0.135701 -0.354702 -0.465569
v -0.662675 0.445312 -0.224019
v -0.76878357 -0.46340084 -0.06556702
v 0.14031982 -0.47291285 -0.44887638
v 0.46175385 -0.8590565 0.5747452
v -0.32112122 0.7990494 -0.02681923
v 0.0814821 -0.0957756 -0.286805
v 0.10987 -0.618019 -0.434576
v 0.613511 -0.780318 -0.0869438
v -0.726441 -0.212234 0.542578
v 0.49341583 -0.124679565 0.59936523
v -0.15697289 -0.2919011 -0.4011116
v 0.039360046 0.73937225 -0.17469788
v 0.137481 0.200331 -0.0852026
v 0.131383 -0.660585 -0.417843
v -0.353158 -0.885811 -0.232598
v -0.9128418 0.37425232 0.53567505
v 0.5782013 -0.9021454 -0.024780273
v 0.15345001 -0.7265606 -0.39563942
v 0.9904343 -0.5386047 0.21069145
v -0.798645 -0.046920776 -0.059631348
v -0.875434 -0.0304044 0.0759065
v -0.716748 0.885859 -0.610068
v 0.434824 -0.26157904 -0.32936096
v -0.967368 0.119478 0.56636
v -0.441585 -0.797474 0.222239
v 0.731058 -0.583851 -0.0773336
v 0.63521385 -0.7694931 0.44960785
v 0.515919 -0.643733 -0.306771
v 0.13102 -0.0386768 -0.272322
v -0.152352 -0.288045 0.603506
v 0.739907 -0.593094 -0.0455937
v 0.2824391 0.27645773 0.14812088
v -0.221425 -0.202929 0.59051
v -0.628345 0.4243 -0.128287
v -0.211967 0.870472 -0.099946
v -0.353923 0.775871 -0.0394766
v -0.755601 0.523301 -0.236717
v -0.71170044 -0.5552921 0.01625061
v 0.3512336 0.2532544 0.046585083
v 0.414456 -0.231341 0.674029
v 0.259881 -0.149731 -0.296568
v 0.108181 0.13212585 -0.14857483
v 0.12929344 -0.38749504 -0.46631837
v 0.0947374 -0.671494 0.713025
v -0.6711197 -0.25188303 0.56553936
v 0.754879 -0.28036118 -0.088954926
v -0.8842468 0.016988277 0.342865
v -0.07975674 -0.4655342 0.6757431
v -0.1499033 -0.7849159 0.6040344
v -0.345207 0.712217 0.0775709
v -0.958084 0.449168 0.324019
v -0.93159485 -0.17416382 0.16412354
v -0.699281 -0.216598 0.556725
v -0.26955783 -0.41643524 -0.22595596
v 0.12574005 -0.6893616 -0.40847778
v -0.496023 -0.865066 0.265235
v -0.5234947 0.5121355 0.43828583
v 0.14425659 -0.86172485 -0.31551695
v 0.15718079 -0.886281 -0.30889177
v -0.4593134 0.44833732 0.26830292
v -0.466825 -0.810951 0.550589
v 0.13560057 -0.13341129 -0.2987523
v -0.562409 -0.072879 -0.213549
v -0.636304 -0.935333 0.399065
v -0.656764 0.141011 0.693042
v 0.69025326 0.015625 0.0894146
v -0.68423 -0.0410197 0.501244
v -0.666197 -0.018966 0.504087
v -0.678349 0.515801 -0.528253
v -0.653246 0.522651 -0.517621
v 0.146368 -0.357317 0.754452
v 0.1581955 -0.32787585 -0.4627602
v 0.16198349 -0.34800172 -0.46289968
v 0.707775 -0.775833 0.430961
v 0.15171242 -0.41828442 -0.4609003
v -0.119897 -0.145905 -0.289203
v -0.175558 -0.519658 0.52862
v -0.235308 -0.662368 -0.12672
v -0.22143 -0.642666 -0.139361
v 0.160442 -0.520729 -0.438524
v 0.7395067 -0.74121773 0.43572605
v -0.2482853 -0.49118805 0.5588957
v 0.619542 -0.754802 -0.115416
v -0.577352 0.753485 -0.765503
v -0.265971 -0.270759 -0.284313
v -0.95014 0.365016 0.277231
v -0.68771 -0.89441 0.0350534
v 0.79564095 -0.32024765 0.049324036
v -0.393383 0.465937 0.120356
v -0.42116356 0.58452606 -0.054265976
v 0.154219 -0.679791 -0.407203
v -0.682405 0.129929 0.703226
v -0.32138824 0.027130127 0.48095703
v -0.745316 0.504529 -0.253832
v 0.744261 -0.593704 0.39563
v 0.731747 -0.618358 0.410374
v -0.325734 0.615936 -0.108194
v -0.03160858 -0.44664383 0.7226715
v 0.15169525 -0.23740005 0.74523926
v 0.15995026 -0.8463745 -0.32774353
v 0.135781 0.226483 -0.0336062
v -0.113812 -0.945062 0.71116
v 0.1681366 -0.9112339 -0.3072014
v 0.07376671 -0.042251587 0.5751395
v 0.14554596 0.02897644 0.5569916
v -0.0923945 0.60009 -0.0777698
v -0.192416 -0.763818 0.521703
v 0.287903 -0.0751169 0.57292
v -0.8746147 0.4205737 0.08843231
v 0.159903 -0.745692 0.703978
v -0.280555 0.809712 -0.00621149
v 0.06757355 -0.47100067 0.7440758
v 0.16439629 -0.37689972 -0.45832443
v -0.702343 0.56970596 -0.5410919
v 0.17046547 -0.4623165 -0.4444046
v -0.90697 -0.225128 0.344196
v 0.222547 -0.376563 0.75679
v 0.209265 -0.347636 0.757778
v 0.281223 -0.642347 0.729467
v 0.151133 -0.578101 -0.431663
v 0.5178089 -0.68712807 -0.305542
v 0.299509 -0.953701 0.487789
v -0.1489 -0.319941 -0.428519
v 0.15457726 -0.79719925 -0.368824
v -0.289152 -0.388382 -0.234585
v 0.2478714 -0.83667755 0.6237526
v -0.463238 -0.69686 0.220359
v -0.100914 0.69177246 -0.07331848
v 0.252279 -0.85025 0.61258
v -0.633837 0.153308 0.674407
v 0.264424 -0.872047 0.607521
v -0.0871547 -0.808968 0.677023
v -0.9318 -0.207285 0.277661
v -0.635636 0.11709 0.675997
v -0.476256 0.428625 0.00644477
v 0.183453 -0.963272 -0.288368
v 0.42883873 -0.026908875 -0.20556831
v -0.691758 0.448645 -0.227886
v -0.691723 0.431581 -0.161739
v -0.112523824 -0.96747535 0.6262474
v 0.158211 -0.0878889 -0.278105
v 0.177129 -0.305434 -0.450828
v -0.19552922 -0.801074 -0.2826519
v -0.836476 0.496027 0.0454492
v 0.17598 -0.432863 -0.449167
v 0.0876347 0.0371238 -0.220394
v -0.947339 0.459707 0.202404
v -0.519849 -0.785827 0.00329574
v 0.17655563 -0.50028133 -0.43688107
v 0.381244 0.219699 0.376462
v 0.372417 -0.089981 -0.249611
v 0.0112400055 0.7405224 -0.24741554
v -0.9864273 0.22122574 0.33740234
v 0.17670059 -0.5557289 -0.42493343
v 0.9336357 -0.74352264 0.063453674
v 0.20004559 -0.58771086 -0.42300653
v -0.698675 -0.913557 0.0438982
v -0.41544914 -0.8068824 -0.097887754
v 0.144454 -0.6328697 -0.42930126
v -0.788936 0.69646 -0.327523
v 0.055768967 -0.18051529 0.69821167
v 0.19993782 -0.6797638 -0.39733124
v 0.16447449 -0.7604847 -0.38110924
v -0.065882325 -0.049848557 -0.2678051
v -0.81340027 -0.051712036 0.41738892
v -0.13259888 0.7090454 -0.07640076
v 0.59070206 0.029945374 0.44486237
v 0.19122869 -0.81890106 -0.34829712
v 0.2066536 -0.8601248 -0.30353928
v -0.14915586 -0.6485176 0.4953165
v 0.026729137 0.14133263 -0.10402107
v -0.306186 -0.636939 -0.137461
v -0.4849 0.587192 0.168509
v 0.93553543 -0.57167435 0.34946823
v 0.95882654 -0.74943376 0.17246246
v -0.45582 -0.748101 0.356533
v 0.7163315 -0.87690735 0.36296463
v 0.6367912 -0.40527153 -0.2221241
v -0.42262 -0.645396 0.455899
v -0.5951805 -0.5641327 -0.08340454
v 0.083553314 0.008548737 0.56337357
v -0.142376 -0.949095 0.541306
v -0.45779556 -0.6753104 0.34810352
v 0.3553896 -0.04399872 0.5624199
v -0.033036 0.956007 -0.263466
v -0.62705994 -0.44191647 -0.19468498
v -0.19139981 0.18809748 0.014154434
v 0.5533905 -0.35559082 -0.28399658
v -0.103408 -0.379239 0.70451
v -0.5872594 0.7022984 -0.5014534
v 0.189276 -0.407072 -0.446417
v 0.2159977 -0.11953962 -0.27585888
v -0.454622 -0.822509 0.234834
v 0.213632 -0.55117 -0.41951
v -0.533999 -0.818929 -0.0233212
v -0.0491899 -0.820159 0.686902
v 0.182667 -0.612125 -0.426132
v 0.7257385 -0.20718384 0.42382812
v -0.771798 0.0610599 0.66488
v -0.89599955 -0.35107803 0.23233795
v 0.98542786 -0.60257244 0.10549927
v -0.611248 -0.8601227 0.17049408
v 0.193063 -0.740981 -0.37989
v 0.200916 -0.774221 -0.374418
v -0.83358383 -0.4491024 0.2577057
v -0.276679 -0.0120456 0.497251
v -0.447944 -0.717786 0.30957
v -0.434521 0.469683 0.186726
v 0.18501282 -0.9358196 -0.30175972
v 0.370147 -0.968301 0.468186
v -0.958521 0.296323 0.310212
v -0.808045 0.094862 0.654751
v -0.550262 0.18474 -0.084917
v -0.673767 -0.888838 0.0164132
v -0.775904 0.156378 0.691952
v 0.0490561 -0.538425 0.716004
v -0.94082606 0.288527 0.4477415
v 0.8855934 -0.5634098 0.37126923
v 0.36748123 -0.28582764 0.7166672
v 0.5798149 -0.24666214 0.58815765
v -0.434841 -0.0944785 0.550184
v -0.445367 -0.807684 0.276797
v -0.165084 0.621904 0.0323837
v 0.201183 -0.355856 -0.451442
v 0.224148 -0.125344 0.624416
v -0.92563057 0.535594 0.21907616
v -0.6841545 0.7662964 -0.64559937
v -0.36283875 -0.97640336 0.36608028
v 0.19304657 -0.52342606 -0.42623138
v 0.208745 -0.528063 -0.420722
v -0.165278 0.566633 -0.0250943
v -0.014087677 0.9115429 -0.21295547
v -0.5133953 0.63339615 0.07432175
v 0.20702362 -0.6237259 -0.4165392
v 0.6562195 -0.34437943 0.53804016
v 0.30395603 0.26940298 0.26644516
v -0.16594982 -0.48258972 -0.39318085
v -0.6381347 -0.95830816 0.41299915
v -0.6756172 -0.22750664 0.56215096
v -0.6779089 -0.19113731 0.56044674
v 0.213434 -0.71855 -0.378848
v 0.301407 -0.130119 -0.264754
v -0.0395998 0.639428 -0.0472222
v -0.8487358 -0.32025528 0.41355133
v -0.207377 0.602453 0.047764
v -0.723426 -0.458973 -0.107226
v -0.68940353 -0.08390045 0.5147667
v -0.463911 0.445262 0.298314
v 0.222455 -0.881061 -0.297301
v 0.24822235 -0.91904163 -0.29585743
v -0.0803366 -0.769849 0.608599
v -0.496361 0.452733 0.000534309
v 0.101841 -0.138813 -0.304468
v -0.184722 0.746454 -0.0625092
v -0.494083 0.113391 0.500763
v 0.105012 -0.323392 0.758108
v 0.953944 -0.715888 0.302735
v 0.20476055 -0.33411306 -0.45057058
v -0.702176 -0.907839 0.115306
v 0.214224 -0.382987 -0.441749
v -0.586082 0.157013 0.593299
v -0.292366 0.577438 0.0888187
v 0.21246338 -0.4657688 -0.43810177
v -0.5839257 0.6817534 -0.52034473
v 0.225175 -0.485241 -0.431851
v -0.1705575 -0.5785513 -0.32225513
v 0.38157332 0.08279419 0.4932785
v -0.117268 -0.981225 -0.263772
v 0.25595093 -0.3424282 0.7552247
v -0.7365074 0.6617737 -0.1322937
v 0.221158 -0.574743 -0.421845
v 0.270689 -0.549624 0.737092
v 0.103732 0.792486 -0.312445
v -0.842855 0.167154 0.662537
v 0.55077744 -0.75967026 -0.24774551
v 0.227981 -0.600519 -0.418798
v -0.4595108 0.68226624 0.043380737
v 0.24401474 -0.68756866 -0.38917542
v 0.470296 -0.69543 0.63593
v -0.57790697 0.56282663 -0.27396774
v -0.495889 0.378 -0.0181544
v -0.0955137 -0.94769 -0.351428
v 0.10046947 -0.92228985 0.2553754
v -0.413546 0.426565 0.0983204
v -0.395221 0.449773 0.0969964
v 0.21513557 -0.798604 -0.36174965
v 0.0986387 0.766091 -0.25806
v -0.294005 -0.505958 -0.196598
v 0.11381 -0.424517 0.760825
v 0.225969 -0.94095 -0.296457
v -0.277087 -0.787974 -0.138213
v -0.20401764 -0.09680176 0.55615234
v -0.44646645 0.46169567 0.22084808
v 0.191465 -0.677736 0.715905
v 0.00484848 -0.73378754 0.655323
v -0.4734497 0.66134644 0.07814026
v 0.9676342 -0.6182294 0.06389618
v -0.5792966 0.5833092 0.33839035
v 0.152508 -0.841906 0.627657
v 0.3727913 -0.22257233 0.68995285
v -0.63717175 0.8926313 -0.6846509
v 0.887025 -0.762408 0.348431
v 0.23326111 -0.29824305 -0.42437553
v -0.6753089 -0.8699457 0.07690659
v -0.16631192 0.17265463 -0.014785767
v 0.32011652 -0.09557724 0.6072426
v 0.235399 -0.330156 0.758092
v 0.20978 -0.317784 0.755905
v 0.471815 -0.884691 -0.222224
v 0.22824097 -0.40587395 -0.4363098
v 0.20567322 -0.43365335 -0.44176483
v 0.0436077 -0.358833 0.755776
v -0.0794326 0.911478 -0.126565
v 0.0282621 -0.61733 0.706958
v -0.584922 0.588212 -0.187096
v -0.554837 0.413486 0.472735
v 0.23275948 -0.6459122 -0.4050331
v -0.824326 -0.374813 0.424755
v 0.6649971 -0.7213516 0.4492798
v -0.15309906 0.58594227 0.000333786
v 0.431303 -0.935281 -0.223214
v -0.22828293 -0.97132444 -0.22656822
v -0.36064148 0.690506 -0.09284973
v 0.244324 -0.719941 -0.37448
v -0.5813956 0.75385666 -0.6470642
v 0.235753 -0.774509 -0.369123
v 0.0769612 0.725302 -0.195077
v -0.21847153 0.7760048 -0.0057640076
v -0.369251 0.565879 0.126609
v -0.81064 0.326436 -0.0323667
v 0.220414 -0.969801 0.554067
v 0.21899772 0.17848587 -0.097457886
v -0.487852 0.481166 -0.00304858
v 0.72154295 -0.024865627 0.14376879
v 0.23913574 -0.26103973 -0.41592407
v -0.048345 -0.19050789 -0.36887264
v 0.226578 -0.327183 -0.435824
v 0.225292 -0.353893 -0.439859
v 0.242625 -0.374697 -0.429667
v -0.66632843 0.4656067 0.557251
v 0.27262878 -0.3923607 -0.42061615
v -0.3437252 -0.32292604 0.5737982
v -0.18745422 0.8546295 -0.16316986
v -0.132117 -0.93845 0.228588
v 0.281026 -0.92592 -0.137835
v 0.901302 -0.490297 0.291028
v 0.832192 -0.777189 -0.0269978
v 0.50878143 -0.44268608 0.6532364
v 0.24038696 -0.5339241 -0.41068268
v 0.913058 -0.75644 0.0407455
v -0.151362 -0.957216 0.231246
v -0.998262 0.150087 0.282038
v 0.0308449 -0.716654 0.671197
v 0.2533989 -0.5524049 -0.40904713
v 0.247146 -0.579757 -0.415437
v -0.933879 0.394349 0.420138
v 0.77988434 -0.50128174 0.015792847
v 0.254564 -0.605597 -0.408843
v -0.31520653 -0.4210539 0.57364905
v 0.62088776 -0.49817848 -0.22700882
v -0.78570414 0.6574936 -0.2624359
v 0.8891928 -0.82620335 0.20212746
v 0.31545258 0.046616554 -0.22192192
v -0.3166628 0.21420002 0.2528267
v 0.24177933 -0.7465439 -0.36905193
v 0.9180069 -0.68383217 0.36805725
v -0.809281 -0.00111854 -0.0153035
v 0.6332245 -0.2385025 0.55620956
v 0.489627 -0.809393 0.54746
v -0.6933594 0.67424774 -0.57107544
v 0.5036522 0.20203918 0.1787579
v -0.188676 -0.922481 0.0133815
v -0.26242495 0.1369915 0.39583683
v 0.742376 -0.78173 0.434992
v -0.5882056 0.22052556 -0.08797306
v -0.585041 0.443338 -0.0649699
v 0.262489 -0.287453 -0.41285
v 0.0850418 0.892112 -0.338436
v -0.663416 0.427609 0.581016
v -0.756735 0.480547 -0.113033
v -0.32048798 -0.044379234 -0.24013186
v -0.33432 -0.829556 -0.163592
v 0.890152 -0.7871647 0.041740417
v 0.352303 -0.753356 0.670237
v -0.640652 -0.937604 0.458096
v -0.431241 -0.67449 0.439102
v 0.257213 -0.667505 -0.391407
v -0.930302 -0.270772 0.156784
v -0.76338005 0.47857666 0.55503845
v -0.087314606 0.19423199 0.2684021
v 0.831492 -0.639299 0.417388
v -0.5263691 0.24201965 0.5179596
v -0.131723 -0.563459 0.526012
v -0.234276 0.849978 -0.115058
v -0.27218628 0.82445145 -0.10303497
v -0.232272 0.858507 -0.0841633
v 0.266753 -0.775807 -0.358945
v 0.382364 -0.95334 -0.251419
v -0.20648 0.170738 -0.0446317
v 0.25165558 -0.81970215 -0.33769226
v 0.256494 -0.8378 -0.316355
v -0.07248783 0.121061325 -0.1275444
v 0.036527634 -0.9693624 0.61964226
v 0.6150379 0.06526184 0.38110352
v -0.2634735 -0.7535515 0.52055454
v -0.538479 0.127122 0.536207
v 0.562275 -0.816012 0.500523
v 0.594934 -0.946504 0.0447877
v -0.7457757 0.49765205 -0.22342682
v -0.7133848 0.7356262 -0.25804138
v 0.27351308 0.016072989 -0.24027413
v 0.27791762 0.275038 0.23584938
v 0.6424408 -0.91337204 0.33957672
v 0.488182 -0.152771 0.615581
v -0.198707 -0.724186 -0.12953
v 0.759256 -0.251119 -0.068112
v 0.30952263 0.2530594 0.33431816
v -0.37465286 0.5014858 0.123708725
v -0.023854 -0.948498 -0.334368
v -0.117433 -0.257501 -0.418064
v -0.15389442 -0.60652447 -0.33744335
v 0.268504 -0.25891 -0.407145
v -0.812782 -0.491079 0.0961695
v -0.64840317 -0.20281363 0.5649979
v 0.690464 -0.21571732 0.48588562
v 0.58963394 -0.6649008 0.5492096
v 0.820237 -0.855364 0.0620698
v -0.12996674 -0.61760044 -0.36787796
v -0.64847755 -0.14000225 0.5537386
v 0.252463 -0.344063 -0.424878
v -0.6224632 -0.09626198 0.54896927
v -0.1277411 -0.5377407 0.5421467
v -0.11239338 -0.6521759 -0.37210846
v -0.65927315 -0.04592395 0.50970936
v -0.735023 0.61946 -0.0579761
v 0.879491 -0.806701 0.0563298
v 0.915227 -0.8037499 0.18241501
v 0.5343561 0.13700485 -0.016586304
v -0.0429735 -0.961428 -0.226822
v 0.00932807 -0.147911 -0.296465
v -0.6019888 0.52786064 -0.38278198
v -0.635662 0.576111 -0.632132
v 0.271712 -0.583114 -0.40636
v 0.26225 -0.63499 -0.396022
v 0.0001411438 -0.054294586 0.565464
v 0.55960274 0.079307556 -0.06694031
v 0.275121 -0.682081 -0.378547
v 0.27080238 -0.7107773 -0.3722577
v -0.900597 -0.00279314 0.16459
v 0.269609 -0.72836 -0.366596
v 0.2924018 -0.8361511 -0.30890083
v -0.5853344 0.52365017 0.0011733174
v 0.24816513 -0.8783245 -0.29321003
v 0.91368866 -0.56635094 0.36201286
v 0.245579 -0.531528 0.738352
v 0.20799732 -0.5484271 0.7463957
v -0.25652695 0.5399647 0.042325974
v 0.105416 -0.397994 0.763637
v -0.49778 0.527869 -0.00556744
v 0.462393 -0.850306 -0.261911
v -0.9530134 0.4436264 0.3562317
v -0.93631 0.400888 0.195822
v -0.551434 -0.906719 0.269897
v -0.122824 0.038573 -0.193912
v -0.523047 -0.873066 0.249296
v 0.3156891 -0.3249421 -0.40015602
v 0.586141 -0.732472 -0.217125
v 0.28944206 -0.35203362 -0.41439486
v -0.24960709 0.062122345 0.44393158
v -0.9545621 0.25509453 0.44168854
v 0.18083286 -0.42045212 0.7717824
v 0.194078 -0.373686 0.759389
v 0.30092812 -0.4697647 -0.41927338
v 0.193077 -0.62578 0.738911
v 0.28538513 -0.49180984 -0.41858864
v 0.2923317 -0.55962944 -0.39932632
v -0.802849 0.552899 0.407927
v -0.75308704 0.6374779 -0.34231567
v 0.1711235 0.09530258 0.52687836
v 0.68719864 -0.45854378 0.50183105
v -0.232945 -0.540715 -0.191839
v 0.280475 -0.606187 -0.396113
v 0.282186 -0.656077 -0.379599
v -0.379016 0.453977 0.0763649
v 0.29004097 -0.69030476 -0.37519264
v 0.288248 -0.748379 -0.359393
v 0.2571144 -0.8014412 -0.35123062
v 0.347371 -0.257286 0.71504
v -0.565508 -0.821268 0.432203
v -0.8746872 0.3597107 0.59802246
v 0.374679 -0.162703 0.645653
v -0.236977 -0.876529 0.613997
v 0.304273 -0.883554 -0.286279
v -0.043636322 0.12577438 0.44481277
v 0.317147 -0.118585 0.624097
v -0.550392 -0.802182 0.0422893
v 0.30482674 -0.91557175 -0.28498697
v -0.5909327 0.5366955 -0.3558998
v 0.285066 -0.935289 -0.288461
v -0.29182816 0.69854355 0.055591583
v -0.51781464 -0.6491165 0.3025589
v -0.5573349 -0.31617236 -0.237854
v 0.955738 -0.500303 0.134791
v -0.5792966 0.37139487 0.47796202
v -0.794223 0.770714 -0.457125
v -0.583848 0.051921 0.507249
v 0.29171276 -0.017264605 -0.23963434
v -0.9143214 0.41738892 0.4882202
v 0.27770996 -0.31892872 -0.4117241
v 0.290126 -0.751572 0.695907
v 0.0010623932 0.64397335 -0.13183403
v 0.70583725 -0.28845024 0.47568512
v -0.74979234 0.48222303 -0.14647675
v 0.304155 -0.814516 0.647404
v 0.2773819 -0.4405582 -0.42596817
v 0.276946 -0.849437 0.613531
v 0.29477692 -0.8709097 0.6037779
v -0.8734741 0.39987183 0.5638733
v -0.275205 -0.879618 0.565031
v -0.312332 0.66375 0.0660896
v 0.2654686 -0.9099293 0.61070156
v 0.305955 -0.603957 -0.388211
v -0.64115524 0.45716095 0.5474777
v -0.620076 0.452528 -0.195728
v -0.608313 0.469251 -0.215926
v 0.292713 -0.628136 -0.38154
v -0.599524 0.472691 -0.189369
v -0.8619299 -0.117136955 -0.018333435
v -0.33966446 -0.22131157 0.56821537
v -0.2158711 -0.45402527 -0.30404663
v 0.65960693 -0.63793945 -0.16143799
v -0.128917 -0.305283 -0.440383
v -0.96527636 0.22082686 0.44032288
v -0.643714 0.298323 0.600166
v 0.31767654 -0.051275253 -0.24385643
v -0.219643 -0.856483 0.62386
v -0.61141 0.505148 -0.351891
v -0.734119 0.407547 -0.0708651
v 0.84877014 -0.82575035 0.04358673
v -0.266381 -0.818224 0.536064
v -0.295473 -0.102875 0.541934
v 0.60458374 -0.5512619 0.5551605
v -0.7735572 0.6361618 -0.3048706
v 0.795571 -0.500642 0.311762
v 0.40322113 -0.49261856 0.7021332
v 0.31452942 -0.4943161 -0.40916443
v -0.350704 0.611419 0.0977734
v 0.808786 -0.53977 0.345709
v -0.07376099 0.08207703 0.47073364
v -0.608615 0.654075 -0.71947
v 0.941224 -0.609503 0.353143
v 0.295068 -0.583023 -0.39759
v -0.584126 -0.811578 0.0846123
v 0.723694 -0.808187 0.426133
v 0.7395935 -0.48786926 -0.09320068
v 0.217259 -0.746275 0.709489
v -0.9365995 0.3120966 0.44274902
v 0.233083 -0.401151 0.756062
v 0.315302 -0.652579 -0.371361
v -0.746212 0.445023 -0.0785873
v -0.8232384 -0.28343964 -0.078300476
v -0.587949 0.216698 0.575198
v 0.231717 0.006499 0.565837
v -0.899733 0.534966 0.160968
v 0.29729414 -0.7790718 -0.34674644
v 0.33605957 -0.8244133 -0.3094225
v 0.315919 -0.852759 -0.297441
v 0.74800634 -0.07296991 0.14819717
v 0.506374 -0.694339 0.606117
v -0.656107 0.173294 0.687932
v -0.556874 -0.355116 -0.236382
v 0.9718361 -0.65116405 0.07631302
v -0.940759 0.295904 0.42072
v 0.563624 -0.0396881 0.506631
v 0.27793503 -0.08432579 -0.25685215
v -0.294393 0.147215 0.380399
v -0.519505 0.09294224 0.50943565
v -0.300432 -0.878161 0.560367
v -0.92728 -0.144622 0.144192
v 0.3319397 -0.3791027 -0.40159607
v -0.9395571 0.43369102 0.19417572
v 0.315495 -0.39315 -0.412942
v 0.360815 -0.119925 -0.266068
v 0.330005 -0.418739 -0.408393
v -0.782373 -0.474299 -0.036193
v 0.303586 -0.418277 -0.418561
v 0.31959057 -0.44395137 -0.41531467
v 0.2861309 -0.5393631 -0.4019313
v 0.7454994 -0.2011776 -0.056957245
v 0.80752945 -0.37530518 0.07987976
v -0.191075 -0.0573634 -0.252689
v -0.611219 0.558616 0.0332848
v 0.32012177 -0.580451 -0.3914585
v -0.8127594 -0.30892944 0.46594238
v -0.05806732 -0.39575958 0.7334213
v -0.694183 0.510479 -0.512793
v -0.35934448 -0.85603 -0.15283203
v 0.0467889 0.687208 -0.139641
v 0.319638 -0.730985 -0.366258
v -0.62955 -0.945006 0.220363
v -0.8866844 -0.23009014 0.02933693
v 0.43730927 -0.3834076 0.6993408
v -0.62960815 -0.25859213 0.5893116
v -0.37980175 -0.96607625 0.20553064
v -0.529542 0.457178 0.442548
v -0.75244665 0.56965923 -0.22422028
v -0.130912 0.918412 -0.0975336
v -0.73366547 -0.11526871 0.505394
v 0.34893227 -0.93393826 -0.2755413
v -0.687633 0.460311 -0.271029
v 0.8083954 -0.8691255 0.080215454
v 0.18553281 -0.18171239 -0.38637972
v 0.0310846 -0.230269 0.736428
v -0.8645935 0.1480608 -0.02532196
v -0.12975788 -0.6242981 0.51153183
v -0.117144 0.808115 -0.121858
v -0.24721384 -0.057357788 0.5203781
v -0.599702 0.511915 -0.330781
v -0.798118 0.729871 -0.408202
v -0.425625 -0.750578 0.235128
v -0.508791 -0.781617 -0.0146034
v -0.0238696 -0.935315 0.697651
v 0.330006 -0.511873 -0.396175
v -0.386348 -0.953995 0.596493
v 0.342034 -0.533227 -0.383149
v -0.704306 -0.456837 -0.129709
v -0.642986 -0.0256517 0.508098
v -0.33622122 -0.9840742 -0.26441097
v -0.59656763 0.35351682 0.49935102
v 0.33728027 -0.603405 -0.38148117
v 0.5948973 -0.12788773 0.5371609
v -0.441197 -0.810247 0.542362
v 0.48104 -0.839496 -0.242977
v 0.33074188 -0.62522507 -0.37399673
v 0.31641388 -0.68584824 -0.3735156
v -0.6260586 0.803195 -0.7509308
v 0.245062 -0.449599 0.748872
v -0.758556 0.598 -0.0632097
v -0.862072 -0.38656235 0.3061638
v -0.799516 0.74968 -0.474688
v -0.285035 -0.414948 0.570282
v 0.240409 -0.42523 0.753022
v -0.537774 0.533745 0.44873
v -0.347401 0.558204 0.116645
v -0.5764348 0.65212214 -0.39507866
v -0.8953047 -0.037124038 0.24111176
v 0.33981705 -0.02976799 -0.23441029
v 0.354099 -0.282944 -0.381332
v 0.442519 -0.0691628 0.583154
v 0.619854 -0.266086 0.570789
v 0.549219 -0.0589346 0.518446
v 0.056600094 -0.13267517 0.6121826
v -0.658197 -0.310745 0.575964
v -0.9946022 0.20229912 0.25071716
v -0.854693 0.0722051 0.637296
v 0.30134583 -0.27207184 0.7335472
v -0.878243 -0.397472 0.105092
v -0.6720619 -0.54850006 -0.039611816
v 0.3529129 -0.41686058 -0.39289856
v -0.704779 -0.911335 0.0948469
v 0.384883 0.247765 0.0651274
v -0.178641 -0.103237 0.564471
v -0.5484 0.486819 0.478909
v 0.5175972 -0.9051342 0.503891
v 0.15301745 -0.29851913 0.7533022
v 0.810585 -0.456222 0.0881673
v -0.6893351 0.24796295 -0.09522033
v 0.583199 -0.818281 -0.0818391
v -0.426521 0.547337 0.165244
v 0.039384842 0.80951977 -0.22579002
v 0.3499298 -0.6524091 -0.3635788
v -0.797429 0.706213 -0.388228
v -0.16590977 -0.2747941 -0.36367798
v 0.179591 -0.840223 0.623038
v -0.8824005 -0.30014038 0.005722046
v 0.189794 -0.701841 0.720406
v -0.14890957 -0.9778969 -0.255826
v -0.51301384 0.63257027 0.05429268
v 0.35134888 -0.72317123 -0.36154747
v 0.182891 -0.525753 0.750667
v -0.677116 0.601335 -0.634976
v 0.3513794 -0.785347 -0.3349533
v -0.236943 0.669058 0.00218423
v 0.175751 -0.723988 0.716777
v -0.64804304 0.7003498 -0.22695541
v -0.496976 -0.792335 0.427928
v -0.790947 0.67701 -0.33905
v 0.34515762 -0.8867798 -0.2841053
v 0.35711193 -0.9135637 -0.2762146
v 0.6011658 -0.4406433 -0.2565155
v -0.669598 0.536278 -0.57207
v 0.5890732 -0.7697277 -0.18399811
v 0.294937 -0.565568 0.734278
v -0.41261768 -0.63889694 -0.12953377
v 0.18718243 0.044430733 -0.22089195
v 0.25572205 -0.67891884 0.7126446
v 0.280916 -0.696175 0.705025
v -0.07038593 -0.49272537 0.6709671
v 0.316288 -0.712698 0.69584274
v 0.271965 -0.73058 0.705742
v 0.61892605 -0.69709206 -0.17170715
v -0.20455551 0.6508465 -0.15711784
v -0.363703 -0.772967 -0.112682
v -0.0463392 0.0606044 -0.196291
v 0.37204742 -0.3480072 -0.37602806
v 0.53271484 -0.24699402 0.6246948
v 0.3464241 -0.48693562 -0.39649153
v -0.573994 0.729024 -0.755412
v -0.120826 -0.928233 0.16422
v -0.290596 0.505208 0.0322128
v -0.26262283 0.5642967 -0.09087753
v 0.49601746 -0.93040466 0.5026703
v 0.357136 -0.511388 -0.388148
v 0.355258 -0.556667 -0.376577
v -0.62723 0.438282 0.541795
v 0.885367 -0.629115 0.397719
v 0.368335 -0.580836 -0.374278
v -0.90296507 0.5468879 0.2801094
v -0.784714 0.809866 -0.508878
v -0.969131 0.104711 0.138116
v -0.841038 0.0405452 0.00812997
v -0.8586769 0.5237503 0.42210388
v 0.79043007 -0.4220562 0.007286072
v 0.23190308 -0.9690864 0.58117294
v -0.132334 -0.788325 -0.305394
v 0.38012314 -0.86024475 -0.2930584
v 0.017674446 -0.2946663 -0.47456837
v -0.44085 0.391417 0.0392129
v -0.425653 0.70594 -0.0179969
v 0.414509 -0.694766 0.649779
v 0.785093 -0.395515 -0.00617019
v -0.448691 0.544758 -0.0301119
v 0.778607 -0.370547 -0.0157871
v 0.38415337 -0.29108405 -0.37388992
v 0.0354242 -0.0844032 0.577306
v 0.701998 -0.149546 -0.0987011
v -0.9041748 0.037958622 0.35887718
v 0.38812256 -0.3854561 -0.37641907
v 0.44465256 0.18644142 0.37529755
v -0.6187687 -0.5712433 -0.060958862
v -0.108386 0.591064 -0.0578771
v 0.027758 -0.97529 -0.233381
v 0.36725 -0.441125 -0.380967
v 0.5654812 -0.6385944 0.58055973
v 0.301653 -0.911375 0.428519
v 0.371108 -0.48876 -0.386276
v 0.62220645 -0.933136 0.02835846
v 0.6004858 -0.9286938 0.010368347
v 0.8450806 -0.4794371 0.1411314
v 0.38494873 -0.51343536 -0.38308334
v -0.723278 0.886235 -0.683193
v 0.7308426 -0.502182 0.43717957
v 0.382324 -0.556829 -0.373529
v 0.362558 -0.628315 -0.363057
v -0.155163 -0.31957 0.604629
v -0.758519 0.758026 -0.354642
v 0.3346157 -0.7048278 -0.3695078
v 0.910018 -0.676397 -0.00552305
v 0.56941223 -0.4304943 -0.27954102
v 0.34736633 -0.7578888 -0.34989166
v 0.379159 -0.787998 -0.325367
v 0.36528397 -0.82228184 -0.3065796
v -0.75620055 0.5278652 -0.1782856
v -0.690073 0.492898 -0.436572
v 0.374583 -0.888192 -0.280803
v -0.5713463 -0.4372368 -0.21068382
v 0.8238907 -0.5766487 0.3835268
v -0.09527922 -0.08970642 0.5758133
v 0.636052 -0.750412 -0.0889957
v -0.116013765 0.20222771 0.20405006
v -0.7696886 0.58802414 -0.22450447
v -0.30821705 -0.73090386 -0.122550845
v 0.17544937 -0.06226158 -0.26991558
v -0.276372 -0.340365 -0.261287
v -0.53505707 0.28884125 0.4969368
v -0.127186 0.194544 0.235239
v 0.556341 -0.620883 -0.272397
v -0.14086914 0.1852417 0.26206493
v -0.27654 0.662877 0.0278209
v -0.47293472 0.087735236 0.46586657
v -0.285168 0.684972 0.0393926
v -0.03943634 0.1809082 0.34796143
v -0.6323881 0.070708275 -0.10920906
v -0.0529677 0.0191576 -0.226965
v -0.65343714 0.6758499 -0.17020416
v -0.15072 -0.985023 -0.327168
v -0.59644485 0.6463585 -0.66955566
v 0.397619 -0.489325 -0.377431
v -0.634864 0.486182 -0.349996
v -0.421728 0.399802 0.0869389
v 0.40151596 -0.5355873 -0.37504387
v -0.801477 -0.464359 -0.0124799
v 0.7478676 -0.84495544 0.38526917
v -0.58945847 -0.83560705 0.4935086
v 0.378702 -0.605436 -0.366125
v -0.6177454 -0.36375046 0.57871914
v 0.5407796 -0.922657 0.40044022
v -0.220951 -0.565949 -0.188994
v 0.614287 -0.398739 -0.241083
v 0.12149811 -0.5497236 0.73707294
v 0.37854767 -0.6813865 -0.35834122
v 0.379528 -0.715509 -0.353604
v 0.99083424 -0.65762043 0.22372818
v 0.40924072 -0.7477188 -0.32996368
v 0.38412 -0.807457 -0.310486
v 0.2866516 -0.8283844 0.63557434
v -0.76068604 0.5775094 -0.019737244
v -0.758112 0.515286 -0.210826
v -0.634617 -0.328075 0.583265
v -0.4722147 0.5110836 -0.013320446
v -0.63323784 -0.29377556 0.5898342
v -0.8372345 0.54896736 0.38539124
v 0.65037155 -0.38809776 -0.21272278
v -0.337078 -0.867422 -0.247677
v -0.1468811 -0.0071792603 0.51123047
v -0.0986754 -0.171826 0.590146
v -0.782362 0.700203 -0.305455
v -0.729186 0.489243 -0.271356
v -0.6393051 -0.2204094 0.5727272
v -0.780273 0.599057 -0.17308
v 0.0649016 -0.969331 0.598735
v 0.21266174 0.17528534 0.45716858
v -0.0610192 0.0419229 -0.208712
v -0.76271725 0.79206467 -0.44532776
v -0.621713 -0.129554 0.559124
v -0.25642967 -0.96999204 0.5479107
v -0.0677152 -0.866666 0.709324
v -0.43285656 -0.96647215 0.591238
v 0.379809 -0.414779 -0.379212
v -0.319362 -0.779966 -0.123678
v 0.805607 -0.459252 0.274623
v 0.41079712 -0.44584846 -0.36250687
v -0.624206 -0.00909999 0.505939
v 0.07590675 -0.27394485 -0.45763397
v 0.276381 -0.515991 0.736655
v -0.7999191 -0.32453918 -0.10798645
v 0.7225723 -0.40383434 -0.11437225
v -0.223657 -0.356836 0.563892
v -0.09157133 -0.15341139 -0.29279947
v -0.604582 0.397711 0.519563
v 0.44943905 0.22523165 0.2571869
v -0.576403 0.58442 -0.246767
v 0.000308761 0.638996 -0.110937
v 0.236041 -0.664194 0.723954
v -0.110679 -0.218699 0.613808
v 0.0784607 -0.249568 0.745438
v 0.507781 -0.890855 0.5341
v 0.43927765 -0.123277664 0.6190481
v 0.387596 -0.825676 -0.300812
v 0.404969 -0.839749 -0.292685
v 0.223795 -0.620435 0.745062
v 0.39094543 -0.9019623 -0.27095032
v 0.09927368 -0.76704407 0.67391205
v -0.6457691 0.684845 -0.7123337
v 0.3241539 -0.19813919 0.68574905
v -0.5001941 -0.3767662 -0.2504301
v -0.5518551 0.20262885 0.5490341
v -0.1101923 0.14768696 -0.07742691
v -0.423702 -0.83906674 -0.104757786
v -0.0705338 -0.753748 0.589203
v 0.561469 -0.0833786 0.525434
v 0.229779 -0.488176 0.750489
v -0.477657 -0.533706 -0.15354
v 0.189482 -0.937182 0.127908
v 0.262892 -0.6354 0.737839
v 0.40587616 -0.35790825 -0.3638134
v -0.122432 -0.941364 -0.357568
v 0.15781 -0.535793 0.745814
v 0.177142 -0.548931 0.746677
v -0.737536 0.502214 -0.324639
v -0.10957718 0.120960236 0.41149902
v -0.64611536 0.8171134 -0.56741136
v 0.40815 -0.512197 -0.375018
v 0.21121979 -0.84046936 -0.3191185
v 0.169119 -0.665621 0.713432
v -0.147685 -0.247933 -0.36444
v 0.411303 -0.555256 -0.366088
v 0.71684265 -0.63724136 -0.06739807
v 0.18427992 -0.47587776 0.77059174
v 0.163261 -0.483996 0.769109
v -0.61000156 -0.1943779 -0.21454144
v 0.167465 -0.46169 0.773942
v -0.31594753 -0.97756964 -0.11810875
v -0.283826 0.602883 0.0828586
v 0.54885864 -0.10527229 0.5495987
v -0.412086 0.0941304 0.428176
v 0.342651 -0.73291 0.686426
v 0.405332 -0.692985 -0.351216
v 0.307206 -0.140112 0.636777
v 0.410093 -0.723099 -0.34113
v -0.32867 -0.982578 0.0280841
v 0.40151787 -0.77126694 -0.32458305
v 0.294775 -0.372283 0.738323
v 0.311658 -0.424725 0.740761
v 0.406112 -0.811574 -0.298791
v -0.812736 -0.418327 -0.0408326
v 0.415531 -0.862758 -0.281533
v -0.409886 -0.731254 -0.100303
v 0.290004 -0.441643 0.745258
v -0.724944 0.635957 -0.0766523
v 0.268008 -0.92378 -0.0304441
v -0.1331482 0.8532257 -0.21029663
v 0.2919178 0.02866435 -0.23489428
v 0.66000366 -0.5139923 -0.18710327
v -0.8934071 0.5529276 0.24115181
v -0.23268127 0.778389 -0.16494751
v -0.585943 0.583677 0.12975
v -0.23389626 0.6617336 -0.15740967
v 0.64818716 0.073329926 0.24124527
v -0.340004 -0.471877 -0.213276
v 0.890008 -0.718319 0.380801
v -0.682816 0.556506 -0.597248
v -0.347083 -0.500323 -0.205113
v 0.20340729 -0.40362167 0.765316
v 0.0050783157 -0.29899406 0.7495866
v 0.4191208 0.23780441 0.08773804
v -0.16466737 0.08920288 0.4284668
v -0.411142 0.372525 0.172535
v 0.52266 -0.648241 0.60364
v -0.27346897 -0.816195 -0.24921799
v -0.00107907 -0.921928 0.689234
v -0.52325 0.571374 0.336483
v -0.57450104 -0.8613434 0.3587799
v 0.558662 0.123312 0.369914
v 0.40616608 -0.40558648 -0.36857986
v 0.017539024 -0.9817531 -0.26628637
v -0.106296 -0.720139 0.534632
v -0.15962374 0.74991626 -0.08253658
v 0.42764282 -0.49239135 -0.36341858
v -0.0736928 -0.178506 0.60464
v -0.456632 -0.953213 0.611918
v 0.41116333 -0.5990448 -0.35936546
v -0.12807465 0.7815323 -0.111722946
v 0.6530304 -0.5482063 -0.1944809
v 0.0278697 -0.487119 0.728858
v -0.120124 -0.947164 -0.224884
v 0.7081299 -0.45984268 -0.12809753
v -0.230192 -0.810476 0.557841
v -0.2764 -0.637 -0.135265
v -0.138736 -0.469391 0.566071
v -0.559139 -0.918144 0.292929
v 0.42241 -0.76472 -0.31591
v 0.43053 -0.789313 -0.294151
v -0.278524 0.641398 0.043391
v 0.427571 -0.843302 -0.28297
v -0.36591652 -0.9058006 -0.21634853
v -0.92210245 -0.10586071 0.25645828
v -0.313689 -0.751538 0.525973
v 0.06530762 -0.9326029 -0.19247246
v -0.3612442 -0.8066914 -0.1153636
v -0.757187 0.465098 -0.0835899
v -0.0983979 -0.966275 0.600048
v -0.7595215 0.040947437 -0.051265717
v 0.5722809 -0.96374035 0.08416748
v -0.340968 -0.784264 -0.119761
v -0.785697 0.754177 -0.404037
v -0.8548212 0.56377673 0.18859863
v 0.0382488 -0.142964 -0.296358
v -0.521904 0.372212 0.435604
v -0.0709846 -0.953092 -0.225524
v 0.32880545 0.15414047 0.47214317
v 0.044795 0.945218 -0.300941
v -0.75927055 0.5064912 -0.16985512
v -0.41818953 0.45792484 0.007396698
v -0.139366 -0.964958 0.674774
v 0.160359 -0.509852 0.757135
v 0.105075 -0.817706 0.634037
v 0.41178894 -0.6311121 -0.34922218
v 0.189866 -0.941902 0.158541
v 0.812817 -0.725316 0.429877
v 0.450168 -0.80636 -0.274102
v 0.446739 -0.83379 -0.274531
v -0.030023575 -0.92179656 -0.19143152
v -0.150966 0.899464 -0.0724024
v 0.817864 -0.455411 0.207759
v -0.5323067 -0.5279045 -0.1577301
v -0.539237 -0.146797 -0.229703
v -0.456772 -0.768173 0.336293
v -0.118236 0.593495 -0.0844648
v -0.60876656 -0.30480957 0.59433746
v -0.898097 0.124524 0.639474
v -0.599158 -0.26111 0.599243
v -0.0211886 0.0595553 -0.203221
v -0.145313 -0.933683 -0.215125
v -0.25334 -0.327341 0.581215
v 0.510992 -0.0671461 0.543692
v -0.603732 -0.187039 0.575363
v -0.611135 -0.160149 0.564256
v -0.589412 -0.137311 0.564446
v -0.774267 0.550901 -0.028791
v 0.0990057 0.06289673 0.53860855
v -0.48771954 0.34574085 0.41691875
v 0.392842 -0.0693212 -0.23346
v -0.77721 -0.058045 0.459348
v -0.336575 -0.761627 -0.120121
v 0.66719055 -0.23828125 -0.1832161
v -0.33832046 -0.7233076 -0.12331927
v -0.8844099 0.136338 -0.011574745
v -0.534005 -0.983045 -0.105536
v 0.81451 -0.456449 0.113476
v -0.155494 -0.170854 0.5912
v -0.991127 0.15775776 0.20804596
v 0.00074243546 0.20011377 -0.00694561
v -0.169173 -0.0604619 -0.262852
v 0.360402 -0.0602708 0.583109
v -0.386905 -0.920607 -0.171364
v 0.472345 0.160317 0.405353
v 0.392632 -0.120009 0.629388
v -0.640174 -0.930698 0.429615
v -0.520721 0.171272 0.536925
v -0.613254 -0.902993 0.211494
v 0.43427277 -0.5255699 -0.361351
v 0.46791077 -0.6183548 -0.33040237
v 0.8543961 -0.569222 0.38023472
v -0.63656 0.541384 -0.530645
v 0.47634125 -0.63957334 -0.32450676
v 0.266955 -0.914923 -0.0570133
v -0.62672 0.56914 0.0524001
v 0.25074196 -0.31137276 0.7552848
v 0.287529 -0.32627678 0.7500229
v 0.27734375 -0.30125427 0.74936104
v 0.34832764 -0.7935028 0.6431732
v -0.508085 -0.945959 -0.118426
v 0.43100357 -0.67445946 -0.34512997
v 0.536027 -0.891481 -0.0499265
v 0.5404444 -0.8605709 -0.07352638
v -0.81078243 -0.5035553 0.14793777
v 0.45263672 -0.70508385 -0.3392563
v 0.22005081 -0.78234863 0.6802788
v -0.32578182 -0.7243538 0.5262809
v -0.745057 -0.462362 -0.0884307
v 0.33708572 -0.32292747 0.7331333
v 0.31471634 -0.77158356 0.6763687
v -0.704548 -0.93704 0.0260995
v -0.191556 0.0992101 0.418065
v -0.248726 -0.305116 0.576471
v 0.1250534 -0.27005768 0.7531054
v -0.14567757 -0.7466639 -0.28355217
v 0.772592 -0.515228 0.357383
v 0.361071 -0.672391 0.691255
v 0.31860924 -0.6660083 0.7027993
v -0.255246 -0.951222 -0.368508
v -0.84941864 -0.33316422 -0.03916931
v -0.35944748 -0.44084167 -0.21542549
v 0.454432 -0.13063717 -0.267524
v 0.4631958 -0.34322357 -0.33483887
v 0.46488953 -0.39932632 -0.33517456
v 0.168412 -0.640368 0.724212
v -0.4434948 0.14514065 0.45979118
v 0.4705963 -0.4400487 -0.33251953
v 0.139862 -0.609583 0.740915
v 0.143617 -0.635597 0.733811
v 0.4208393 0.22924376 0.044810295
v 0.339651 -0.000239483 0.532481
v -0.4393 -0.741297 0.436034
v 0.46567535 -0.5016842 -0.34789276
v 0.054847717 -0.5105667 0.72569656
v -0.22437096 -0.5187683 0.55070496
v -0.0522418 0.616183 -0.0915558
v 0.808687 -0.491206 0.286517
v 0.791582 -0.767046 0.42756
v -0.521981 -0.680955 0.102745
v -0.16130447 -0.39984512 0.57437897
v 0.4121704 -0.654974 -0.347826
v 0.475093 -0.724914 -0.324195
v 0.462626 -0.780683 -0.28351
v 0.0187616 -0.211081 0.721618
v -0.33386612 -0.58517456 -0.16403961
v 0.22536087 -0.56682396 0.7455225
v -0.0430942 0.621231 -0.0682048
v -0.440122 -0.803632 -0.085243
v -0.41070557 -0.7628448 -0.09427738
v 0.10513 0.0233303 -0.24121
v -0.19755936 -0.58958435 0.5215111
v -0.784423 0.679348 -0.284986
v -0.95149314 0.059645653 0.44648933
v -0.1355896 0.6591568 -0.011238098
v 0.246818 -0.10113 -0.265931
v -0.2249775 -0.2949276 0.57124376
v 0.465868 -0.57938004 -0.34152794
v 0.487074 -0.60031 -0.324301
v 0.76888275 -0.23864198 -0.029129028
v -0.141637 0.809307 -0.0974483
v -0.774664 0.535626 -0.0579735
v -0.303607 -0.524756 0.556146
v -0.820325 -0.346228 -0.0672244
v -0.124176025 0.8340149 -0.10749817
v 0.481248 -0.703195 -0.327746
v 0.47377396 -0.7494278 -0.3085022
v -0.631212 0.569678 -0.605262
v -0.226356 -0.333007 -0.294001
v -0.4522524 -0.017793655 -0.2212944
v -0.031101227 0.87660265 -0.1935463
v 0.7072258 -0.63850594 -0.09370041
v -0.3614807 -0.5516815 -0.1786499
v -0.021064758 0.68533325 -0.09220886
v 0.65298605 0.06828487 0.09993172
v -0.355304 -0.741157 -0.11797
v -0.402312 -0.509925 0.534446
v 0.5188503 0.09797287 -0.09133148
v -0.18080711 -0.31621838 -0.36899185
v -0.24848652 0.16370392 0.35949707
v -0.735878 0.79008484 -0.59085083
v -0.42765808 0.3033659 0.37443018
v -0.23575 -0.965354 0.594138
v 0.5058136 -0.4123125 -0.31604004
v -0.06586456 0.13763046 -0.107185364
v -0.205409 -0.750283 0.50311
v -0.2553482 0.7423153 0.029470444
v 0.48848724 -0.4886818 -0.33205414
v -0.74953747 0.7000294 -0.45944977
v 0.461702 -0.59919 0.644134
v 0.65057373 -0.4465847 0.5358925
v 0.47920036 -0.5319867 -0.3431282
v -0.19821 -0.363014 0.554605
v -0.7137235 0.45289207 -0.20774364
v -0.319235 -0.323253 0.568306
v -0.330502 -0.804537 -0.129451
v -0.92263985 0.3753662 0.5133743
v 0.3076992 -0.2774272 -0.40206718
v -0.2945261 -0.074043274 0.5289726
v -0.6311786 0.21915141 -0.09411741
v 0.491218 -0.573458 -0.329487
v -0.466738 -0.792768 0.342426
v 0.49715424 -0.62401676 -0.3145733
v -0.20027 -0.975045 0.307723
v -0.705089 0.550778 -0.539849
v -0.80044556 -0.14839172 0.464386
v -0.628134 -0.937194 0.372771
v -0.7267628 -0.3219967 -0.18060493
v 0.036203384 -0.9566603 -0.21151543
v 0.0457626 -0.922004 0.527973
v -0.447017 0.446769 0.0114827
v 0.57909393 0.14638758 0.2054863
v -0.354864 0.215334 0.280709
v 0.60942 -0.549036 -0.22854
v -0.72717476 -0.35826564 -0.17244339
v 0.5574446 -0.970453 0.12060547
v -0.7543423 0.61852646 -0.3028221
v -0.592242 -0.37887 0.575158
v 0.358335 0.114211 -0.167748
v -0.053066254 -0.5385132 0.6718521
v 0.03296995 0.93224764 -0.27108526
v 0.09347248 0.17229462 -0.10255051
v -0.00639562 -0.643776 0.679328
v -0.039887 -0.139064 0.590275
v -0.30151987 -0.45838547 0.565557
v 0.0405293 0.202396 -0.0294919
v -0.338439 0.644641 -0.108933
v -0.516248 -0.684934 0.0303899
v -0.774458 0.575725 -0.159317
v -0.595026 -0.211224 0.589181
v -0.5425072 -0.9005456 0.6070528
v -0.35572052 -0.59106064 -0.15973282
v -0.9590106 0.30116546 0.22035408
v 0.34367752 0.18082428 -0.08948898
v -0.595569 -0.110175 0.559035
v -0.6401409 0.7365961 -0.33143234
v 0.508195 -0.889266 -0.0813409
v -0.0838823 -0.178268 -0.307034
v -0.11208725 -0.39840126 0.6813698
v -0.8582344 0.5448742 0.118011475
v -0.6303873 -0.044937134 0.51914215
v -0.957277 0.0956824 0.384175
v 0.15757 -0.224758 -0.426778
v -0.5198364 -0.3612442 -0.25035858
v 0.234904 -0.591566 0.747999
v 0.49605942 -0.18409729 0.62306976
v 0.21050572 -0.17450142 0.7081318
v 0.5045204 -0.5454979 -0.3238945
v 0.280032 -0.975801 -0.246754
v 0.21416569 -0.018089294 0.5707836
v 0.687173 -0.0129507 0.349008
v 0.506055 -0.595507 -0.310608
v -0.121558 -0.879752 0.709529
v 0.498023 -0.712106 -0.315687
v -0.746476 -0.53191 0.0314179
v -0.66895026 0.23602664 -0.09693409
v -0.48581123 -0.060634017 -0.22199965
v 0.793034 -0.737455 0.434775
v 0.0383535 0.183049 -0.05856
v -0.38961792 -0.549469 -0.16905212
v -0.33863592 -0.094763756 -0.25318968
v 0.669361 -0.810303 0.416341
v -0.380888 0.6136341 -0.08294296
v 0.66049 -0.853894 0.39523
v 0.6658058 -0.8323364 0.407732
v -0.530516 0.496456 0.000607861
v 0.21523476 -0.27326584 0.74462605
v -0.355404 -0.616364 -0.150145
v -0.16210103 -0.12518692 0.574769
v -0.045677185 -0.46068573 0.7086334
v 0.24678612 -0.19019127 0.71279716
v -0.280193 -0.922641 0.575168
v -0.411469 0.139669 0.414518
v -0.36880827 -0.20323348 -0.26226747
v 0.46969604 -0.091781616 0.5904999
v 0.263695 -0.433246 0.743054
v 0.30166245 -0.3999653 0.7363763
v 0.209399 -0.194655 0.72179
v -0.2296257 -0.11253357 0.555954
v 0.508268 -0.499274 -0.321941
v 0.5973215 -0.33070707 0.5767069
v -0.834972 -0.0327548 0.385842
v -0.384997 0.146732 0.373528
v 0.9528122 -0.5681238 0.051613808
v -0.59470785 0.1448369 -0.09384778
v -0.227658 -0.402757 -0.283007
v -0.618422 0.466753 -0.242087
v -0.14501 -0.148348 0.579532
v 0.296232 -0.175899 0.681595
v -0.68843293 0.18375039 -0.093003035
v -0.473599 -0.0823601 -0.234362
v 0.302237 -0.846512 0.611754
v -0.7019787 0.7662277 -0.61489105
v -0.0950222 -0.13986969 0.5916157
v -0.91062 -0.167563 0.075909
v -0.011432648 -0.5867615 0.6884651
v -0.276669 0.174955 0.345079
v -0.534222 0.588272 0.162528
v -0.36393166 -0.47969818 -0.20356178
v -0.184133 -0.319193 0.568459
v -0.20442963 0.07862854 0.4363861
v -0.006290436 -0.83865976 0.6827831
v -0.337399 -0.6797199 -0.1308837
v 0.4535923 -0.95183325 -0.13800621
v 0.28017044 -0.97745 -0.2157917
v -0.659317 0.4964447 0.53001404
v 0.453228 0.08490372 0.48098373
v -0.56196 0.354034 0.464642
v -0.6340699 0.6695585 -0.18992233
v -0.784981 0.525635 -0.00835415
v 0.65885 -0.474376 0.526169
v -0.7126827 0.5472889 -0.5062485
v -0.66077614 -0.9827136 -0.023143768
v 0.745245 -0.24437523 -0.094688416
v 0.5329704 -0.50752926 -0.30369568
v -0.8660965 0.5045576 0.08164978
v 0.135055 -0.519628 0.748797
v -0.246929 -0.972404 0.492651
v -0.0362854 -0.7469983 0.6183853
v -0.593322 0.670722 -0.723833
v 0.52975464 -0.59415054 -0.28720856
v -0.140229 0.865563 -0.0684727
v 0.12728119 -0.9332409 -0.3068285
v 0.0444973 -0.911021 0.50604
v 0.49462128 -0.68180466 -0.32172775
v -0.94467 0.354558 0.300241
v -0.19398117 -0.966326 0.6238136
v 0.37879944 -0.3090973 0.70939636
v -0.0774532 0.610956 -0.0967907
v -0.121849 0.888894 -0.0841726
v -0.655472 -0.909981 -0.0329323
v -0.649379 0.586467 -0.0195371
v -0.952445 0.487443 0.206316
v -0.241472 -0.411887 -0.238012
v -0.449951 -0.75139 -0.0732883
v -0.491598 -0.102339 -0.236701
v -0.16005707 0.759182 -0.20346451
v -0.3978424 0.6311989 -0.07270813
v -0.773803 0.504622 -0.0601614
v -0.66234803 0.2981466 0.6253443
v -0.29711348 -0.72044945 0.52774763
v -0.35512447 0.6137066 -0.095952034
v -0.511798 -0.778384 0.129846
v 0.33258 -0.127086 -0.262203
v 0.6053219 -0.7741394 0.48207474
v 0.936374 -0.509753 0.0882379
v -0.736459 -0.0209238 0.51227
v -0.6089077 0.7884121 -0.59202576
v -0.58975315 0.62750244 -0.50540924
v 0.52388 -0.45411682 -0.31175232
v -0.928452 0.239939 0.0720203
v -0.67156553 0.6746254 -0.14815521
v -0.329608 -0.542196 0.551452
v -0.9136 0.127617 0.0266682
v 0.356487 -0.950253 0.59125
v 0.36607742 -0.9746467 -0.009274483
v -0.781136 0.13817 -0.0664969
v -0.648821 0.441923 -0.197629
v -0.8708935 -0.3207245 0.36730003
v -0.31304455 -0.8257582 -0.20257187
v -0.482565 -0.125243 -0.250277
v -0.783511 0.653868 -0.320693
v 0.17072201 0.1593628 -0.11999512
v -0.9680815 0.1965828 0.5407715
v -0.588367 -0.403899 0.564215
v -0.566698 -0.387061 0.572073
v -0.667918 0.486431 -0.390957
v -0.5968499 -0.35421753 0.5843239
v -0.588954 -0.314463 0.592792
v 0.692141 -0.177568 -0.115257
v -0.7311783 -0.27989388 0.5396919
v 0.256352 -0.94749 -0.28933
v 0.353321 -0.623213 0.69902
v -0.579607 -0.235709 0.599739
v -0.63233995 -0.9247439 0.5021763
v -0.144696 -0.918456 -0.188552
v 0.0166035 0.930166 -0.24823
v -0.582116 -0.164244 0.572226
v -0.7582302 -0.21626282 -0.1559906
v -0.935984 0.0954509 0.0751117
v 0.37323654 0.26096767 0.1773951
v -0.3635 -0.410478 -0.226728
v 0.57198334 -0.27140808 -0.26047516
v 0.00016188622 -0.058782578 -0.2685356
v -0.60316086 -0.02009201 0.51171494
v 0.54776764 -0.46276855 -0.29849625
v 0.43707085 -0.94491863 -0.20254135
v 0.41978836 -0.2942276 0.6794014
v 0.46855927 -0.90397644 -0.19696045
v -0.28540707 -0.95995694 0.18044186
v 0.5809574 -0.5150554 -0.267519
v 0.62734985 -0.70532227 -0.15566254
v -0.224518 -0.445696 -0.271467
v 0.076937 -0.694008 0.696102
v 0.166354 -0.695194 0.713334
v 0.18369007 0.08582878 -0.18846321
v 0.66287994 -0.125 0.46818542
v -0.6021042 -0.53139496 -0.12420654
v -0.62231255 -0.54574585 -0.087677
v -0.340138 -0.570677 0.542833
v 0.58353 -0.308161 0.58789
v 0.773157 -0.719168 0.43651
v -0.856814 0.0982076 0.64724
v 0.8579407 -0.84306335 0.111816406
v 0.115634 -0.471455 0.761835
v -0.237471 -0.750451 -0.114165
v -0.8984356 -0.33243823 0.24739265
v 0.209899 -0.839683 0.618706
v 0.19384 -0.865313 0.622048
v 0.892007 -0.768227 0.0235056
v 0.28295 -0.960234 -0.272154
v -0.27536964 -0.111564636 0.54696655
v 0.156406 -0.413847 0.768678
v -0.00763666 -0.0123067 -0.245969
v -0.265946 -0.630455 0.545549
v 0.29637337 -0.47330856 0.7453296
v -0.35709763 -0.17938805 -0.26240546
v -0.468829 -0.690369 0.247037
v -0.35859895 -0.25983977 -0.2643134
v -0.45207 -0.927789 0.620182
v 0.7170563 -0.5402832 -0.12517548
v -0.883301 -0.223346 -0.0011471
v -0.8388252 -0.3858738 -0.008926392
v -0.446539 -0.706619 0.238287
v 0.383113 0.0355022 0.516148
v -0.520209 -0.676424 0.12795
v -0.6498461 0.33060265 0.60025597
v -0.767174 -0.279002 0.515321
v -0.38789034 -0.39694595 -0.23053741
v -0.58705854 0.48900032 -0.1427021
v -0.347217 -0.890942 -0.259478
v 0.154184 -0.087629 0.583609
v 0.52350235 -0.869524 0.5274277
v -0.62343955 0.7455745 -0.41134548
v 0.910596 -0.502951 0.0833394
v -0.768974 0.474224 -0.0611612
v -0.4537344 -0.9616951 -0.13896447
v -0.98288083 0.2574693 0.26735306
v 0.82115936 -0.7391366 0.4219818
v 0.917942 -0.475842 0.159582
v -0.42435455 -0.5863228 -0.1342392
v 0.22290039 -0.44657052 0.76319885
v 0.70145416 -0.36061907 -0.17242813
v -0.92039704 0.017008781 0.25486755
v -0.6339412 0.7959933 -0.5458641
v -0.0146069 -0.314765 0.753423
v -0.799203 0.789719 -0.510488
v -0.10482025 -0.024871826 0.5387039
v -0.660021 -0.947896 -0.0536093
v 0.256816 -0.408218 0.744486
v -0.498313 -0.624813 -0.0585771
v -0.4493637 -0.71634865 -0.0798645
v -0.28234863 0.7452698 -0.13871765
v -0.46671915 -0.13585377 -0.2591293
v 0.40254 0.0136885 0.525567
v -0.314529 0.575397 0.100745
v -0.928836 0.0625817 0.58348
v 0.13263321 -0.19664001 0.7267952
v 0.368495 -0.0591755 -0.233598
v 0.4665289 -0.94096863 -0.09743118
v -0.418965 0.419707 0.0695427
v -0.710972 0.860307 -0.681853
v -0.5273808 -0.9306201 -0.10724859
v 0.206453 -0.935211 0.266857
v 0.342369 -0.100252 -0.251652
v -0.10620117 0.8361206 -0.12778473
v -0.7768707 0.00969696 -0.041915894
v -0.884744 0.163615 0.645436
v -0.6241894 0.86437225 -0.66441345
v 0.899024 -0.62042 -0.0101948
v -0.592247 -0.8537941 0.5231247
v 0.8229532 -0.8303833 0.021453857
v 0.78742266 -0.2515602 0.0065135956
v -0.408952 -0.870452 -0.121457
v -0.7509651 0.12029041 -0.0765543
v -0.98467636 0.12553596 0.18359375
v -0.545687 -0.894602 0.29387
v -0.923148 0.156741 0.620977
v -0.316004 -0.0587269 0.533051
v -0.6841526 0.5555687 0.447258
v 0.333222 -0.0727321 0.588766
v -0.9268618 0.34730566 0.37088847
v 0.3318956 0.2707299 0.22631359
v -0.7051544 0.09631252 -0.08370304
v 0.7376251 -0.2748108 -0.11607361
v 0.997897 -0.62951 0.153978
v -0.46240214 -0.20467436 -0.2619146
v -0.932954 0.37217 0.406101
v 0.0049511 -0.963663 -0.221831
v -0.4442873 -0.70050454 0.40820503
v -0.850085 -0.257727 -0.0594326
v -0.948129 0.363555 0.232484
v -0.153687 0.777768 -0.090925
v -0.68338203 0.60336304 -0.6084671
v -0.56041 -0.803603 0.0656847
v -0.4021244 -0.6038685 -0.14155293
v -0.549241 -0.889052 0.24982
v -0.710136 -0.937597 0.0562562
v -0.757254 0.448371 -0.0612213
v -0.38514328 -0.62441254 -0.14213943
v -0.38488007 -0.74391174 -0.10584259
v 0.770766 -0.786693 0.427703
v -0.37804413 -0.7159958 -0.11594963
v -0.13413525 -0.63523865 -0.35531998
v -0.180966 -0.168885 0.593196
v -0.365757 -0.64941406 -0.13820648
v -0.113003254 0.17945576 -0.000869751
v -0.474504 0.560321 0.202423
v -0.37655902 -0.8316002 -0.11612141
v -0.363992 -0.688946 -0.126797
v -0.76482105 0.23877144 -0.077510834
v -0.519449 0.0686334 0.491253
v 0.453033 -0.95876 -0.112337
v 0.401868 -0.247786 -0.347317
v -0.649319 -0.844475 0.10569
v -0.149317 -0.804828 -0.309608
v -0.5899639 -0.62925434 0.00942421
v -0.3375759 -0.31926346 -0.25587988
v -0.497059 -0.797102 0.401852
v 0.06254 0.722458 -0.176443
v -0.8191376 -0.19400787 -0.091156006
v 0.0101766 -0.50613 0.725164
v -0.870706 -0.215634 -0.0293463
v 0.43846512 -0.86312675 -0.27192688
v 0.0935509 0.735686 -0.258104
v -0.3943596 -0.52254486 -0.1748352
v -0.569669 -0.355701 0.580409
v -0.6018201 0.6204338 -0.57115936
v -0.648844 0.624952 -0.689991
v -0.671443 -0.8983903 0.143013
v -0.463813 -0.650544 0.366295
v -0.573777 -0.267553 0.602674
v 0.2936697 -0.2633028 -0.4046352
v -0.75312805 -0.11604309 -0.1282196
v -0.5730543 -0.20274544 0.59279823
v 0.3593564 0.21428299 0.3957939
v -0.379301 -0.574679 -0.162291
v -0.0367538 0.0399039 -0.21703
v 0.4967575 -0.2976303 0.6496887
v -0.673401 0.905741 -0.720419
v -0.395547 -0.471486 -0.193864
v -0.59148026 -0.0861969 0.5507488
v -0.0262181 0.0113674 -0.233973
v -0.376756 -0.450413 -0.206524
v -0.5799713 -0.0065231323 0.50527763
v -0.383338 -0.425987 -0.216588
v 0.6816025 -0.4572792 -0.15199661
v -0.32214826 0.23901945 0.18279219
v -0.940427 0.293894 0.48186
v -0.146624 -0.467655 -0.427515
v -0.0715166 -0.968004 0.607467
v 0.075466156 0.013834953 -0.23682404
v 0.5001528 -0.87966156 -0.114219666
v 0.6044884 -0.3084011 -0.2408638
v -0.6199684 0.5834503 0.1405487
v -0.7785342 -0.52415466 0.11064148
v -0.84532857 -0.43989807 0.21971035
v 0.298165 -0.972086 -0.177382
v 0.269039 -0.458518 0.744094
v 0.55340004 0.0338974 -0.11609268
v -0.335851 -0.947237 -0.319598
v -0.75580597 -0.29145432 -0.16090393
v 0.19627762 -0.81731033 0.637455
v -0.52697897 -0.7988065 0.4922619
v -0.255117 -0.655495 0.533919
v -0.8704376 0.44361877 0.5227051
v -0.13942719 -0.96118945 -0.36119795
v 0.177863 -0.0174894 -0.260835
v -0.44556808 -0.75555897 0.19462585
v -0.721197 0.617553 -0.0391489
v -0.36186695 -0.97094107 0.457824
v 0.262746 -0.0826559 0.576376
v -0.85123825 -0.13035297 -0.039798737
v -0.22354126 -0.9689598 0.57403183
v -0.523588 -0.762762 0.0710429
v 0.120488 -0.654327 0.727459
v 0.14891863 -0.6764488 0.71412325
v -0.44452 -0.540463 -0.150893
v -0.7967491 -0.3481884 0.47320175
v -0.9355049 0.3627057 0.44323444
v 0.836771 -0.495306 0.282239
v -0.06730479 0.06366444 -0.18515682
v -0.2268095 -0.75596046 0.51078176
v -0.6262964 0.105477095 -0.096645415
v -0.137108 -0.701913 -0.308556
v 0.628182 -0.292002 -0.228243
v 0.627409 -0.320196 -0.228639
v 0.47144222 -0.067928314 -0.21438408
v 0.188448 -0.74862 0.710218
v 0.6363144 -0.37425995 -0.2257328
v 0.0127433 -0.142152 0.60364
v 0.06501198 0.7541046 -0.20326996
v -0.10016632 0.890152 -0.2233429
v -0.40008545 -0.12597084 -0.2593956
v -0.33265448 -0.27239227 -0.26411986
v -0.9727963 0.16863418 0.42975998
v -0.97313 0.143829 0.418218
v -0.486365 -0.956899 0.61158
v -0.7736473 -0.51743317 0.07443237
v -0.95442224 0.42492938 0.31192875
v -0.062069 -0.789472 0.649219
v -0.873607 0.54793 0.15389
v -0.71115875 0.0019073486 -0.10404205
v -0.65052986 -0.10032678 -0.17817688
v 0.601336 -0.810135 -0.0735968
v 0.349261 -0.967864 0.484313
v -0.427899 -0.513585 -0.169145
v -0.33475327 0.47914565 0.032129288
v -0.39781284 -0.07368088 -0.24329758
v -0.174299 -0.97429466 0.1995802
v -0.4605732 -0.51446533 -0.16920471
v -0.764844 0.423497 -0.0503186
v -0.880774 -0.374706 0.0950272
v 0.30466 -0.807085 -0.327134
v -0.0184387 0.638824 -0.070761
v 0.1979332 0.007789612 0.566761
v 0.41188812 -0.38428116 0.70770645
v 0.440327 -0.963875 -0.150777
v -0.16145325 0.7986069 -0.07673645
v -0.186725 0.834607 -0.026969
v -0.301514 0.814263 -0.0536151
v -0.3107834 0.49516296 -0.0062065125
v 0.13360119 -0.21821022 0.73939514
v -0.1388421 -0.06538105 -0.27177858
v -0.590628 0.512924 0.490739
v 0.95283794 -0.75203073 0.24931717
v -0.42989922 -0.7376056 -0.088005066
v -0.478044 0.525358 0.348789
v -0.240011 -0.498655 -0.209326
v -0.08353996 0.67591286 -0.1780014
v -0.575414 0.708171 -0.737087
v -0.602231 0.5943146 -0.51010895
v -0.3717041 -0.08999634 -0.2523594
v -0.33779895 -0.43394852 -0.22169304
v -0.255211 -0.948342 0.599725
v 0.16809082 -0.9067688 0.63435364
v 0.0695162 -0.364569 0.76234
v -0.489149 -0.260629 -0.264697
v -0.878578 0.0862308 0.638101
v -0.651439 0.611706 -0.0655415
v -0.16556 0.877772 -0.0536434
v -0.710152 0.825391 -0.501812
v -0.723424 0.817492 -0.47793
v 0.40230942 -0.22364807 -0.32676697
v -0.72348833 -0.05996704 -0.12362671
v -0.97990143 0.15607762 0.49943447
v -0.6119944 -0.8621787 0.4834876
v 0.17681 -0.120434 0.61054
v -0.6086874 0.60349464 -0.13212967
v -0.14606476 -0.55516624 -0.3704605
v -0.959515 0.0657112 0.519662
v -0.971772 0.0970144 0.446679
v -0.96997 0.088889 0.530673
v -0.25857 -0.411102 0.564918
v -0.42356682 0.15239942 0.4376576
v -0.52078 0.522098 0.00341288
v -0.598523 -0.432511 -0.2076
v 0.626644 -0.804568 -0.0632789
v 0.639529 -0.832558 -0.0543364
v -0.24265 -0.972144 0.419051
v -0.760348 0.507882 -0.134279
v -0.519159 -0.766126 0.0199601
v -0.6870017 0.6609993 -0.11193085
v 0.307623 -0.914411 0.404358
v -0.62362766 -0.34075594 -0.22187471
v -0.6900902 -0.11858177 -0.16426659
v -0.8849106 0.27355194 0.014297485
v -0.304462 0.805883 -0.0818472
v -0.245026 -0.381799 0.569831
v 0.6393852 -0.5192261 0.5349426
v 0.467955 -0.740083 0.611142
v -0.30667877 -0.017196655 -0.22931671
v -0.34615326 -0.04175186 -0.23705387
v -0.8337116 -0.46752167 0.09724808
v 0.6746502 -0.013655663 -0.026290894
v -0.4531803 -0.48149872 -0.18848038
v 0.346686 -0.966781 -0.0911743
v -0.875124 -0.236453 -0.0243262
v -0.748937 0.213395 -0.0846261
v -0.124481 0.613078 0.00682545
v 0.101435184 0.16477203 0.4619255
v -0.745578 0.550963 -0.244053
v -0.732196 0.495195 -0.299028
v -0.57115936 -0.42425537 0.56098557
v 0.187375 -0.957256 0.623261
v 0.6059971 -0.35424486 -0.23846245
v -0.542375 -0.372008 0.579107
v 0.61853385 -0.9488678 0.06614685
v -0.565493 -0.323852 0.588489
v -0.568695 -0.296093 0.597873
v -0.53393126 -0.2641964 0.5984068
v -0.0921495 -0.304122 0.708213
v -0.44263458 -0.10515976 -0.25283337
v 0.5735626 -0.8511658 -0.058509827
v 0.648163 -0.330817 -0.220215
v 0.500267 0.16236687 0.38052368
v -0.552477 -0.193633 0.591175
v -0.554592 -0.169731 0.578389
v -0.556463 -0.140841 0.569456
v -0.4355 -0.125837 -0.26001
v -0.119062 -0.00671964 0.520886
v -0.48724365 0.50702286 0.3728714
v 0.681998 -0.320071 -0.19626
v 0.395778 -0.409714 0.717497
v -0.341933 -0.523806 -0.195576
v 0.0451504 -0.927159 0.673375
v -0.0835495 0.9428749 -0.20319748
v -0.265374 -0.983558 -0.33967
v -0.70005226 -0.1732626 -0.17800045
v -0.578915 0.0243346 0.494591
v 0.8212681 -0.87398624 0.14513016
v 0.150456 -0.0142234 -0.266546
v 0.641392 -0.775566 -0.067145
v -0.117605 -0.914991 0.715736
v -0.871639 -0.368818 0.0691261
v 0.18938446 -0.24758148 -0.43017578
v -0.592749 0.520613 -0.0457588
v 0.161491 -0.590877 0.742908
v 0.15353584 -0.5637951 0.74312234
v -0.391098 0.0745688 0.438242
v 0.638093 -0.8626404 -0.039268494
v -0.4866066 -0.7456322 0.14926529
v 0.402693 -0.291104 -0.364705
v 0.65250397 -0.44968796 -0.191185
v -0.59709835 -0.4561348 -0.19717407
v -0.82073975 -0.08152008 0.41888428
v -0.50074005 -0.3480668 -0.25561357
v -0.21357155 -0.4766159 -0.279274
v 0.76997375 -0.31163406 0.37182617
v -0.45199513 -0.30037165 -0.25860465
v 0.6172981 -0.44178057 0.56954575
v -0.273915 -0.967094 0.15181
v 0.291281 -0.103184 -0.256088
v 0.712741 -0.664195 0.423047
v -0.474934 -0.628138 0.380937
v -0.6771774 -0.4801407 -0.12809753
v -0.463316 -0.274938 -0.263103
v -0.465741 -0.243581 -0.264759
v -0.27898407 0.78411865 0.028717041
v 0.16857004 -0.79563904 0.65930176
v -0.204881 -0.405855 0.550786
v -0.542603 0.365517 0.450181
v -0.467852 -0.168946 -0.262802
v 0.19246033 -0.053759575 0.584409
v 0.5105314 -0.24695587 0.6356907
v 0.420738 -0.174582 -0.281141
v -0.38818073 -0.18198752 -0.2625667
v -0.43415213 0.1744659 0.44899845
v 0.7264252 -0.35625458 -0.135643
v -0.0146626 -0.0783026 0.574424
v -0.8686809 0.0055841804 0.52087164
v -0.42309117 -0.16475213 -0.26543814
v 0.182248 -0.60108 0.74498
v -0.20144844 -0.4554596 0.5470886
v -0.312124 -0.96839 0.535563
v -0.424854 0.120238 0.433665
v -0.650236 0.90886 -0.725971
v 0.49453735 -0.6206207 0.62935257
v -0.664135 -0.93307143 -0.040667534
v 0.643893 -0.817682 0.414053
v -0.566885 0.17016 0.565051
v -0.89438 0.247823 0.637828
v -0.20305 -0.648563 -0.152716
v 0.204482 -0.946496 0.238468
v -0.685036 0.244918 0.67105
v -0.034299612 -0.91418517 0.48272514
v 0.470156 -0.29307 0.653678
v 0.6816976 -0.7631283 -0.065222085
v -0.0943892 0.899104 -0.112362
v -0.650627 0.364236 -0.0824261
v 0.4816656 -0.94109726 -0.04612732
v 0.65868 -0.804866 -0.0604723
v -0.0536895 -0.761052 0.605928
v 0.462029 -0.265422 0.64353
v 0.563522 -0.676195 0.566494
v -0.047943115 -0.6966858 0.62094116
v 0.460412 -0.240347 0.635793
v -0.608527 -0.132831 -0.203292
v -0.2553115 -0.56908226 0.5527725
v -0.441042 -0.98366 -0.125014
v -0.960284 0.23369217 0.48649597
v -0.113396764 -0.966743 0.65426445
v -0.449315 -0.147477 -0.263298
v -0.120235 0.930474 -0.128774
v -0.115837 -0.199566 0.592898
v 0.335865 -0.407198 0.731477
v -0.4677708 -0.36707258 -0.2549569
v -0.21877337 -0.43386912 -0.31227112
v -0.99565303 0.21047771 0.29279804
v 0.67065716 -0.8327799 -0.051693916
v 0.66642 -0.87200165 -0.028320312
v 0.34084 -0.957297 0.465266
v 0.08446145 0.80400085 -0.261734
v -0.61406 -0.959463 0.230166
v -0.559051 0.342795 -0.0647278
v -0.0971756 -0.703598 -0.3558426
v -0.22018051 -0.97441864 0.34132195
v 0.213283 -0.670753 0.721388
v -0.239489 0.541981 0.0285311
v -0.6437 0.873337 -0.748165
v -0.61953 0.409208 0.540144
v -0.51145554 -0.20160007 -0.25659037
v -0.493222 -0.179957 -0.25712
v -0.510585 -0.129724 -0.236409
v 0.16520038 0.26956323 0.16694486
v -0.235744 0.792072 0.0142076
v -0.50477743 0.44711792 0.4201622
v -0.175759 0.675048 -0.0265247
v -0.4099617 -0.67040634 0.47153473
v 0.829005 -0.480211 0.119876
v -0.73219 0.548475 -0.375151
v -0.356082 -0.963794 0.568969
v -0.310789 -0.983316 -0.309159
v 0.71255493 -0.60332775 0.45228577
v -0.786177 0.76234 -0.515212
v -0.318839 -0.225737 -0.275729
v -0.962129 0.422789 0.268675
v -0.64616394 0.7647095 -0.71432495
v 0.23821422 -0.027990818 -0.24337089
v 0.253842 -0.0110504 -0.240038
v 0.02268362 -0.91318226 0.52376485
v -0.3133049 -0.43640137 -0.21973991
v 0.947551 -0.503329 0.112159
v 0.540314 -0.640011 -0.28839
v -0.034359932 -0.9170536 -0.16462517
v -0.8266144 0.4775467 0.52241516
v -0.154343 -0.922463 0.42939
v -0.621465 0.695475 -0.740239
v -0.547945 -0.449318 0.558935
v -0.69070053 0.05327797 -0.09026718
v -0.2768656 -0.5872574 0.5544276
v 0.606004 -0.241715 0.57292
v -0.5396881 -0.400177 0.57640076
v 0.366014 -0.643008 0.685564
v -0.48847198 -0.77100563 0.15675735
v -0.695116 0.590688 0.0368504
v -0.188451 -0.725157 -0.152064
v -0.543061 -0.303337 0.591204
v 0.0743487 0.917639 -0.338387
v -0.788147 0.3209381 -0.0475235
v -0.552861 -0.247828 0.601465
v -0.6018028 -0.38559723 -0.21984673
v -0.552596 -0.219634 0.599702
v -0.470411 -0.778295 0.41299
v -0.53127193 0.30997467 -0.05726242
v -0.5498495 0.28817534 -0.06991291
v -0.879162 -0.00135782 0.0879593
v -0.08731842 -0.7175369 0.56295013
v 0.479678 -0.967229 0.0134418
v 0.57174206 0.047538757 0.44514465
v -0.028575 0.984593 -0.209077
v -0.565139 -0.89815 0.312876
v -0.2298963 0.059057236 -0.18527699
v -0.09629059 -0.27666664 0.68976593
v -0.10235977 -0.41153717 -0.4645977
v -0.55239487 0.0043182373 0.49825287
v 0.0667591 0.149083 -0.115283
v -0.549213 0.0300101 0.485566
v -0.10871887 -0.5925522 0.54556274
v 0.121816635 -0.046633482 0.584211
v -0.214959 0.546639 -0.0400838
v 0.51924133 -0.5535126 0.6045761
v -0.376894 -0.33581543 -0.2546978
v 0.203326 -0.723242 0.722459
v -0.10724 0.902791 -0.0975581
v -0.18883514 0.77152634 -0.19067764
v 0.257579 -0.106671 0.591891
v -0.5850172 -0.3116932 -0.22724032
v -0.6725769 -0.33780444 -0.20378876
v -0.791245 0.706184 -0.415156
v -0.7038574 -0.35816574 -0.18737793
v 0.63565063 -0.3795643 0.5616455
v 0.47030258 0.19596195 0.021528244
v -0.6375122 0.5048847 -0.41721344
v -0.200881 0.854887 -0.0327378
v 0.690267 -0.708182 -0.0655434
v 0.427405 -0.794888 0.583751
v -0.450317 0.4155 0.0240785
v 0.615715 -0.8462677 0.41064453
v 0.443538 0.172339 0.39668
v 0.59113884 0.085157394 -0.03075409
v 0.197581 0.111705 0.517244
v -0.91934586 0.3596573 0.14981079
v 0.20136833 0.14298248 0.49373055
v -0.526843 0.568286 0.019142
v 0.393832 -0.706756 0.661623
v -0.27417564 -0.46944618 0.5601945
v -0.73886013 0.4550023 -0.11334419
v -0.3127823 -0.36757517 0.56729484
v -0.666149 -0.426008 -0.182227
v -0.571307 -0.292413 -0.22953
v -0.7454357 -0.55277526 0.0701828
v -0.564148 -0.102286 -0.218676
v -0.74302673 -0.49696207 -0.052217484
v -0.5988159 0.007751465 -0.16377258
v 0.381171 0.169916 0.440927
v -0.90146637 -0.25652218 0.34784698
v -0.8713341 -0.05009687 0.3311081
v 0.185876 -0.5738 0.747872
v 0.203236 -0.768194 0.695842
v -0.5133605 -0.09353447 -0.22404909
v -0.741676 0.510096 -0.348023
v -0.453963 0.0884619 0.451131
v -0.454445 -0.783061 0.195581
v -0.470243 -0.811615 0.325067
v -0.11703491 -0.3044052 0.67388916
v -0.0924325 0.054092407 -0.18745422
v -0.6633911 -0.45514107 -0.1658516
v 0.7653508 -0.6051464 0.38721085
v -0.15232 -0.605038 0.504098
v 0.053788424 -0.18323016 -0.39536977
v -0.8977947 0.10520744 0.020141602
v -0.277639 -0.967667 -0.361491
v 0.282727 -0.0961979 0.590891
v -0.258247 -0.293853 -0.280596
v -0.5529733 0.14748037 0.55106807
v 0.06565094 0.75439453 -0.2880516
v 0.160418 -0.967768 0.557937
v 0.708001 -0.697628 -0.0558315
v 0.706748 -0.724757 -0.062737
v 0.70413 -0.750737 -0.0656127
v -0.551239 -0.810663 0.510624
v 0.70888805 -0.7698021 -0.064745426
v -0.194376 -0.976432 0.256719
v 0.7050109 -0.8404999 -0.03920746
v 0.2723794 -0.9156008 -0.1113472
v 0.36030388 -0.4419725 0.7253809
v 0.388264 -0.0317095 0.553828
v -0.208185 -0.971478 -0.369345
v -0.39444304 0.58257484 0.13947725
v -0.566761 0.773313 -0.750915
v -0.1252675 -0.22734857 -0.36800385
v 0.765208 -0.75301 0.438086
v -0.20828056 -0.08885884 -0.26127243
v 0.122028 -0.30385 0.754145
v -0.604348 0.540647 -0.00484395
v -0.5727097 -0.035125732 -0.19505501
v 0.06452179 -0.74648285 0.6748581
v -0.209844 0.122471 0.396592
v -0.185582 0.885079 -0.0807588
v -0.671826 -0.947733 -0.0370909
v -0.187358 0.60974 0.0409512
v -0.59201145 0.5863719 0.15965271
v -0.189606 -0.927397 0.0409187
v -0.683012 0.595465 0.0121897
v -0.12289384 0.20322101 0.1598314
v 0.766923 -0.806767 -0.0408477
v -0.902203 0.132158 0.00799952
v -0.5790293 0.17675519 -0.09189446
v -0.155987 0.193972 0.23571
v -0.0430385 -0.232122 0.705673
v -0.290759 -0.941405 0.571488
v -0.2543335 0.22585964 0.18818855
v -0.87533855 -0.40596104 0.16242409
v -0.577161 0.284207 -0.0790025
v -0.512615 0.548674 0.00448211
v -0.861855 0.152573 0.651322
v -0.649319 -0.927816 -0.0563289
v -0.5713744 0.12152362 -0.10311735
v -0.917017 -0.29244232 0.27296448
v -0.62356377 -0.6016922 -0.027126312
v -0.572744 -0.240384 -0.225832
v -0.42029667 0.37833977 0.21833038
v 0.225949 -0.148369 0.675848
v -0.625984 -0.9586 -0.0760655
v -0.38198853 0.69200134 -0.0750885
v -0.8110771 0.27261353 -0.04176712
v -0.0277033 0.133989 -0.109039
v 0.26825047 0.19992065 -0.079530716
v -0.637296 -0.845943 0.033128
v -0.913878 0.518129 0.351221
v 0.5274086 -0.59512424 0.6014309
v -0.793445 0.826858 -0.573305
v -0.194482 -0.447214 -0.358276
v -0.977922 0.163509 0.529847
v -0.9476546 0.24068451 0.5481796
v -0.931817 -0.237089 0.16568
v -0.7819271 0.107131004 -0.060905457
v -0.53790283 -0.42690277 0.5699768
v -0.78237915 0.07666397 -0.04890442
v 0.541993 -0.911564 0.426601
v 0.23843 -0.973346 0.211776
v 0.65760803 -0.21734619 0.52672577
v 0.39759827 -0.67581177 0.6655693
v -0.536678 -0.337045 0.584083
v 0.676239 -0.35339558 -0.20041656
v -0.216855 -0.852228 -0.345609
v 0.534881 -0.0769209 0.534085
v -0.21218252 -0.3421235 -0.31527328
v -0.0102062 0.986857 -0.232618
v -0.529475 -0.23215 0.602122
v -0.42965555 -0.3758297 -0.24699116
v -0.527982 -0.203131 0.595846
v -0.51813793 -0.18112755 0.5839462
v 0.486293 -0.240784 -0.290296
v -0.5296211 -0.1229229 0.5696354
v 0.0613188 -0.716051 0.681989
v -0.07587528 -0.24858427 0.69308186
v -0.26121843 -0.080049515 -0.2450769
v 0.49580383 -0.49882126 0.6518364
v 0.8523712 -0.7841797 0.3664856
v -0.271329 -0.367463 -0.250557
v 0.557519 -0.606433 0.587607
v -0.949789 0.348256 0.254628
v -0.50585365 0.013129234 0.49194574
v -0.519485 0.0393653 0.482564
v 0.63461304 -0.18790817 -0.17575073
v 0.728095 -0.685912 -0.050387
v 0.814655 -0.448749 0.135733
v -0.722464 0.22868 -0.0910589
v 0.2648983 -0.21232319 0.7190676
v 0.5881252 0.11823273 0.33781433
v 0.743377 -0.819987 -0.038687
v -0.332014 0.593 0.0983335
v -0.762288 -0.480101 -0.055351
v -0.557509 0.15518 -0.093051
v -0.316427 0.642131 -0.120022
v -0.7211189 0.6680527 -0.47384644
v -0.29000604 -0.6012573 -0.15203857
v -0.701322 0.398848 -0.0828491
v -0.6402588 -0.8505191 0.13196754
v -0.482147 0.061854 0.469133
v 0.414887 -0.105401 0.618449
v -0.289098 -0.863007 -0.297352
v 0.387146 -0.06071472 0.58425903
v -0.588354 0.530226 -0.110287
v 0.0087602 -0.0958707 0.578508
v 0.727254 -0.714098 -0.0613163
v 0.74262196 -0.7358044 -0.06771909
v -0.4911 -0.151703 -0.253396
v -0.518802 -0.165981 -0.246748
v 0.7397995 -0.11544418 -0.008880615
v 0.685915 -0.735332 -0.0651613
v 0.205954 -0.597192 0.74825
v -0.5113735 -0.010267258 -0.20809364
v 0.147603 -0.721074 0.709026
v -0.921692 -0.273721 0.285404
v -0.16876507 -0.92276496 0.025558472
v 0.0381934 -0.51208 0.72155
v 0.3227806 -0.84236276 0.60850906
v -0.507168 -0.583275 -0.0870272
v 0.29895115 0.20093155 -0.076625824
v -0.5067673 0.2693081 -0.055337906
v 0.247553 -0.501456 0.741441
v 0.430618 -0.240946 -0.318553
v 0.7043047 -0.9336672 0.15333462
v 0.77311707 -0.8967819 0.12120819
v -0.552654 -0.811333 0.0203332
v -0.41603088 -0.4477501 -0.20583534
v -0.0529411 0.953359 -0.23868
v 0.742421 -0.765453 -0.0662512
v 0.766679 -0.780392 -0.0564444
v 0.547462 -0.426317 0.626188
v -0.619362 0.521898 0.494248
v 0.215478 -0.514986 0.748348
v -0.418895 0.397828 0.117109
v 0.798218 -0.708539 0.435179
v -0.9125881 0.1657505 0.018474579
v 0.23440361 -0.9402318 0.6171899
v 0.773796 -0.554893 0.0128777
v -0.24891567 -0.97384727 0.3908882
v -0.011148453 -0.20760822 0.70581436
v 0.09855652 -0.44525146 0.75647926
v 0.451205 -0.947502 -0.161789
v -0.25591278 -0.9712988 0.050354004
v -0.0925875 -0.19768 0.607838
v 0.02841568 0.21541977 0.34251022
v 0.825565 -0.466539 0.182951
v -0.123749 -0.732513 0.517487
v 0.344989 -0.602962 0.715213
v 0.0810421 -0.125487 -0.292941
v -0.29209042 -0.37327862 0.57365704
v -0.30731955 -0.75661725 -0.12237157
v -0.31567526 -0.11128998 -0.2531519
v -0.52722 -0.844269 0.584441
v -0.43666 0.442322 0.197156
v -0.522284 -0.823084 0.563605
v -0.70177794 0.60118294 0.00497818
v -0.316867 -0.489183 -0.208308
v -0.696259 0.45759 -0.249003
v -0.412541 -0.418434 0.580941
v 0.086307526 0.24084306 0.32425117
v 0.22752953 0.20380402 -0.06723404
v -0.2704544 0.6014252 -0.11853027
v 0.434165 -0.848999 0.583756
v -0.58208656 -0.17995834 -0.21565342
v -0.28813 -0.973435 0.13158
v 0.7589979 -0.7001381 -0.059277296
v 0.770296 -0.722909 -0.0649238
v -0.784824 0.745861 -0.49255
v -0.947251 0.0773085 0.571441
v -0.194511 -0.355088 -0.369768
v -0.5899277 0.032512665 -0.1576004
v -0.792316 0.803643 -0.556847
v 0.789019 -0.789145 -0.0442539
v -0.7835839 0.72154236 -0.45590973
v -0.17324924 -0.67431164 -0.23087311
v -0.634863 -0.9017 0.191287
v 0.62517214 0.0643692 -0.010223389
v -0.63309574 0.77418053 -0.49167717
v -0.18916702 -0.9537373 -0.37287545
v -0.8264694 0.28964424 -0.028932571
v -0.743464 0.0626056 -0.0623045
v -0.7058182 -0.43206596 -0.14995956
v -0.2651348 -0.88694185 -0.34410155
v 0.32809448 -0.8958473 0.60176086
v -0.6798548 0.28650284 -0.08937836
v -0.0662223 -0.978461 -0.31858
v -0.576843 -0.814682 0.112345
v -0.8033676 0.22602129 -0.056895256
v -0.5762825 0.006706238 -0.17684174
v 0.71290207 -0.117780685 -0.0693512
v -0.527265 -0.46866 0.550786
v -0.4870963 -0.31668568 -0.25623488
v 0.7208824 -0.43640137 -0.10923767
v -0.775993 0.825827 -0.523633
v -0.855967 0.0902796 -0.00706395
v -0.24921 -0.774439 -0.130737
v 0.000145708 -0.66939 0.676255
v -0.8885746 -0.062149048 0.08558655
v 0.246147 -0.919573 -0.0131979
v 0.82213926 -0.6739447 -0.050773025
v -0.5115051 -0.3010521 0.59331274
v 0.7704239 -0.752263 -0.06537819
v 0.3840959 0.23580694 0.022338867
v -0.152713 -0.237425 -0.334229
v 0.00450369 0.960637 -0.300738
v 0.5284538 -0.29176712 0.63575745
v 0.51405334 -0.8553047 0.5396271
v -0.7491131 0.5394592 0.4684143
v 0.33435822 0.18882751 0.43603516
v -0.5093899 -0.15936947 0.57521296
v -0.6006818 0.37212086 -0.073035955
v -0.27902222 0.6836853 -0.14624405
v -0.77298737 0.33473206 0.6690216
v -0.5363445 -0.075927734 0.5521469
v -0.59211445 0.31349635 -0.07755494
v -0.168469 -0.303948 0.585661
v -0.91909 0.540423 0.246105
v -0.531965 0.355875 -0.051839
v 0.49871826 -0.023807526 -0.1782074
v -0.323522 0.638864 0.0717246
v -0.5490608 -0.030441284 -0.20154762
v -0.339053 -0.243167 -0.26983
v 0.354167 -0.704021 0.692631
v -0.041877747 -0.6275492 0.6387024
v 0.80773735 -0.7076702 -0.0567441
v 0.79862595 -0.76918983 -0.04935074
v -0.563107 -0.132491 -0.219749
v -0.563328 -0.164605 -0.220719
v 0.33296347 0.13083267 -0.16014671
v 0.244101 -0.0631053 0.570982
v 0.509232 -0.0837081 -0.21486
v -0.4183998 -0.55638885 -0.15223885
v 0.08798599 0.12591553 0.49441528
v 0.267969 -0.0586032 0.564848
v 0.23361969 -0.0431633 0.5703144
v 0.3210144 -0.3759222 0.7306099
v 0.48705292 -0.2774353 -0.30405426
v -0.542811 -0.171422 -0.235662
v -0.20257568 -0.960372 0.38154602
v 0.75131226 -0.42661285 -0.06726074
v -0.933174 0.495488 0.163179
v 0.5063739 -0.91365814 -0.051303864
v -0.0741448 -0.821688 0.690654
v 0.8290329 -0.72644615 -0.047950745
v 0.49837542 -0.85848045 -0.18541718
v -0.93808746 0.17776775 0.6040497
v -0.5324402 -0.19594193 -0.24645042
v -0.619258 -0.958525 0.36102
v -0.7814636 0.62319565 -0.19374084
v -0.55257416 -0.19130707 -0.23070145
v -0.304772 0.513433 -0.040661
v -0.27946472 0.5338478 -0.059005737
v -0.67850447 0.70796585 -0.21084595
v 0.55166245 -0.2576599 -0.26979256
v -0.37939692 0.5732703 -0.071766615
v 0.043128967 -0.91913605 0.0037841797
v 0.0715065 -0.9281883 -0.31445503
v 0.5646734 -0.8278036 -0.10242462
v -0.11107 0.64044 0.00173989
v 0.68151855 -0.057792664 0.3979721
v 0.125659 -0.676718 0.716658
v -0.302249 0.639073 0.055533
v -0.124967 0.583715 -0.0378357
v -0.214059 -0.712808 -0.115274
v -0.78783417 0.37773943 -0.045747757
v 0.447091 -0.808913 0.567707
v -0.1769371 -0.97076154 0.17010498
v -0.907258 0.227529 0.621073
v 0.47486877 -0.771508 0.5697479
v -0.984134 0.153897 0.359168
v -0.467906 -0.104361 -0.247163
v -0.802019 0.507824 0.00812354
v 0.45783806 0.19340801 0.350708
v 0.858982 -0.63152 0.40884
v -0.027404 -0.957024 0.685973
v 0.445233 -0.307257 0.666047
v -0.799517 0.349643 -0.0385743
v 0.392516 0.0150839 -0.211548
v 0.7144623 -0.092308044 -0.03327942
v 0.3222885 0.095321655 0.50582886
v -0.0678936 -0.956628 -0.342571
v -0.949479 0.0745955 0.405339
v -0.518248 -0.68748 0.0548149
v 0.613113 -0.831986 -0.0587551
v 0.023753807 0.9006207 -0.24999793
v -0.248073 -0.639851 -0.135794
v 0.844692 -0.695215 -0.0468587
v 0.76860166 -0.6945505 0.43252897
v 0.784949 -0.508164 0.335837
v -0.53884506 0.31272888 0.48288727
v 0.158487 -0.91099 0.467467
v 0.47064 -0.0512166 -0.199945
v -0.24743843 -0.55202866 -0.17809868
v -0.1385727 -0.4488752 -0.4383316
v 0.41441536 0.14598846 -0.10814667
v -0.6903076 -0.30555725 -0.19498444
v -0.18083572 -0.51636887 -0.33549118
v -0.363864 0.144003 0.365296
v -0.590945 -0.0879428 -0.209294
v -0.11082935 -0.75367117 0.56186104
v -0.88173294 0.16656494 -0.017393112
v -0.52235484 -0.8004241 0.5136843
v -0.494264 -0.814536 0.557854
v -0.65010834 -0.41789627 -0.19443703
v -0.29278183 -0.25496674 -0.27957058
v -0.65879 0.404921 -0.099919
v -0.40807295 -0.23282182 -0.2580033
v -0.06719208 0.96456623 -0.19884491
v 0.288964 -0.918021 -0.0794603
v 0.850353 -0.668056 -0.0424503
v -0.0746631 -0.980853 -0.260208
v -0.591409 0.524394 -0.077805
v -0.511551 -0.815447 -0.0409503
v -0.1222868 -0.926052 0.12708282
v -0.73204327 0.619833 -0.36327362
v -0.28900528 -0.6805401 -0.12534523
v -0.51415026 -0.4903946 -0.19160461
v -0.51824 -0.24400997 -0.2570758
v -0.4765663 0.28224003 -0.04067135
v 0.117286 -0.629215 0.736963
v 0.029647827 0.004558563 0.55490875
v 0.0418136 0.706453 -0.226221
v -0.19475 -0.286588 -0.311309
v -0.179823 -0.275419 -0.323679
v -0.4498558 -0.058907032 -0.22978806
v 0.398973 -0.928578 -0.257574
v 0.39436 -0.0107127 0.537827
v -0.8481903 0.29123688 -0.013622284
v -0.832849 0.323448 -0.0145105
v -0.63545847 -0.8352976 0.058423996
v -0.814266 0.201853 -0.0522281
v -0.77688 0.216843 -0.0740542
v -0.774892 0.578045 -0.133025
v -0.324712 0.718491 0.0713458
v 0.77804184 -0.3427124 0.361351
v -0.511837 -0.4242859 0.57543945
v -0.584723 0.532413 -0.141655
v -0.121212 -0.981107 -0.321617
v 0.528348 -0.741558 -0.26894
v -0.515772 0.146444 0.529903
v -0.29063416 -0.8117542 -0.20041656
v -0.654562 0.1141763 -0.093515545
v -0.3318789 -0.39001465 -0.23511124
v -0.474521 0.535019 -0.0162675
v -0.474484 -0.788492 0.508047
v -0.51038 -0.250219 0.600864
v -0.2718048 -0.05732727 0.5168762
v -0.499796 -0.217154 0.597372
v -0.48569 -0.764435 -0.0425312
v 0.7708969 -0.4647751 -0.028778076
v -0.73800087 -0.1657753 -0.15718842
v -0.451627 -0.697365 0.294848
v -0.7877884 0.18745422 -0.06611252
v 0.037066102 0.0296669 -0.21631241
v -0.712203 0.523519 -0.502761
v -0.425289 -0.483572 -0.183933
v -0.62085724 0.3573656 0.5479202
v -0.940092 0.0751316 0.092538
v -0.400019 -0.499838 -0.179688
v -0.506408 -0.699096 0.116219
v 0.214819 0.0291391 -0.23308
v 0.563847 -0.77098 -0.22725
v -0.502074 0.0585457 0.47917
v 0.247763 -0.474323 0.74387
v -0.5204277 -0.6100731 -0.05473709
v -0.5676575 -0.5730972 -0.08481598
v 0.59465086 0.13356662 0.15699387
v -0.6806717 0.08384895 -0.08728981
v 0.427891 -0.217672 0.651759
v -0.139589 -0.20496 -0.30689
v 0.13387299 0.1010437 0.5172577
v -0.65153885 0.08307457 -0.09556627
v 0.632598 -0.290937 0.565621
v 0.20485687 -0.46099472 0.76955223
v -0.907371 0.539415 0.186265
v -0.588449 0.46275 -0.0965583
v 0.31941223 -0.9760276 0.015960693
v -0.857838 -0.344562 -0.0208178
v -0.52233124 -0.29136848 -0.25389862
v -0.173773 -0.446025 0.543711
v -0.51071167 0.62726593 0.09775543
v -0.294151 -0.776335 0.527159
v -0.374905 -0.955872 -0.238659
v 0.74969864 -0.5074768 -0.07322693
v -0.124294 -0.96841 0.593741
v 0.3264637 0.08249855 -0.19367218
v -0.52666855 -0.40885925 -0.23151016
v -0.900088 -0.0124712 0.204207
v -0.97953606 0.24887657 0.22115326
v 0.99843 -0.578413 0.181284
v 0.99548566 -0.5676532 0.22688675
v -0.591289 0.441994 -0.0835815
v -0.252141 -0.375595 -0.256987
v -0.9860075 0.10734558 0.30906677
v 0.3467369 0.13427734 0.48018646
v -0.932343 0.372834 0.381632
v 0.415123 -0.956036 -0.215474
v -0.57758045 -0.3630129 -0.22885656
v -0.32757 0.181054 0.314898
v -0.554666 -0.383984 -0.230846
v -0.5965271 0.557477 0.44099236
v 0.542495 -0.352084 0.631936
v -0.9581976 0.0430336 0.23724842
v -0.22258 -0.686881 -0.119914
v -0.8342972 0.55876875 0.12825012
v 0.18688607 -0.13642693 0.65970135
v -0.4614601 0.57016945 -0.026218414
v -0.542709 0.43388 0.456081
v -0.7423153 -0.2590599 -0.16950417
v 0.036758423 -0.42461395 0.74826145
v -0.10264778 0.07699585 0.4545288
v 0.5710907 -0.57709885 0.57881165
v -0.910862 0.00452285 0.184746
v 0.4867859 -0.070056915 0.56502914
v -0.349171 0.68671 0.0885028
v 0.5980911 -0.6578064 -0.21635437
v -0.00820209 0.146577 0.435016
v 0.6430664 -0.26876926 0.5575237
v 0.9136162 -0.5914974 0.015953064
v 0.92098236 -0.6276245 0.007537842
v 0.5178299 -0.7181854 -0.2929077
v 0.019802094 0.9343729 -0.32621193
v -0.110154 0.936453 -0.154344
v 0.32295 -0.149198 -0.278177
v -0.15898132 -0.3741083 0.59117126
v 0.600512 -0.717213 -0.192571
v -0.63618994 0.19279432 0.66214037
v -0.38633704 0.30566218 0.16523933
v 0.80025005 -0.65588903 0.42605066
v -0.223456 -0.909536 0.649352
v 0.5719385 -0.7449939 -0.23368073
v -0.185259 -0.857124 -0.353876
v -0.712508 0.039192 -0.084818
v -0.516332 -0.914814 0.62184
v -0.73514557 0.03854881 -0.07032776
v -0.487679 -0.871969 0.611764
v -0.66200066 -0.14755249 -0.18209839
v -0.501586 -0.833243 0.581018
v -0.280851 -0.96593 0.00739683
v -0.39295006 0.5437746 0.14600945
v -0.8949013 0.22470188 0.0006752014
v 0.882839 -0.50117 0.0803898
v -0.0102871 -0.798486 0.647027
v -0.724875 0.0573604 -0.0716827
v -0.15280151 0.5866661 -0.089855194
v -0.69122076 0.8251486 -0.5207176
v 0.76348877 -0.5005951 -0.038238525
v -0.409926 0.476548 -0.0116195
v -0.37015152 0.7254143 0.065187454
v -0.643413 -0.946306 -0.0660586
v -0.6786766 -0.1869297 -0.1870079
v -0.46953535 0.16171908 0.4917388
v 0.449568 -0.963706 -0.0805699
v -0.18741131 -0.8054323 0.595109
v -0.957373 0.392312 0.275242
v -0.707968 0.0674319 -0.079383
v -0.7244797 -0.096401215 -0.1402626
v -0.14494324 0.8180084 -0.20985413
v -0.7410126 0.25009918 -0.083584785
v -0.3417549 0.5840473 -0.08981991
v -0.7370167 0.074092865 -0.06846142
v -0.203524 -0.797378 0.57538
v 0.42562866 -0.336483 -0.3532486
v -0.51846695 -0.5090027 0.519928
v 0.45653534 -0.2409153 -0.30534744
v -0.5525138 0.5924723 0.090121925
v 0.9094183 -0.4706369 0.20502031
v -0.255227 -0.963545 0.579192
v -0.9230833 -0.19695473 0.3122902
v -0.34109688 -0.10450363 0.55704117
v -0.7048464 0.20767546 -0.09346402
v -0.499642 -0.384292 0.591858
v -0.207321 -0.665636 -0.13532
v -0.12553787 -0.577734 -0.385643
v 0.10525513 -0.50401306 0.74871063
v -0.69515705 0.13180757 -0.09067166
v -0.2784928 -0.075463295 -0.24256325
v -0.590849 0.635228 -0.53607
v -0.169115 -0.560738 -0.336694
v -0.860735 0.21183 -0.0318716
v -0.57018 0.425674 0.492938
v -0.189142 -0.0528299 0.535029
v 0.432614 -0.096 -0.254996
v -0.24926 0.846863 -0.0923503
v 0.09400797 -0.16170502 0.6903639
v -0.503552 -0.135539 0.573394
v -0.60459137 0.124289274 0.63039017
v -0.526556 -0.100636 0.564154
v -0.50981903 -0.05996704 0.5449791
v -0.2368679 0.09289169 -0.1500969
v -0.93175024 0.3660698 0.4919548
v -0.32199097 0.20279312 0.27737808
v -0.31336975 -0.64697266 0.54070663
v -0.93709874 0.33662796 0.4796028
v -0.49487 0.0845141 0.484449
v 0.31726 -0.942516 0.468824
v -0.24346888 0.13427591 -0.11371565
v 0.37877178 0.114746094 0.48031616
v 0.210261 -0.698161 0.722696
v -0.5975914 0.57154083 0.39909363
v -0.40851 0.711111 -0.0399957
v -0.5011625 -0.8422985 -0.06930828
v 0.57710266 -0.3281288 -0.25971985
v -0.24029255 0.03504944 -0.20432091
v -0.445122 -0.668503 0.408701
v -0.00329363 -0.719974 0.659327
v -0.397308 0.451088 0.0241599
v -0.25549054 0.1920203 -0.05350399
v -0.304215 -0.920601 0.570293
v 0.23247 -0.689027 0.717573
v 0.6484995 0.067828655 0.05929184
v -0.25769997 0.054039 -0.19253445
v -0.4654 -0.811467 0.208762
v -0.29637098 0.23015022 0.19682121
v -0.27489102 0.09192848 -0.15992832
v -0.142972 0.580622 -0.0192089
v 0.739909 -0.649903 0.409727
v -0.60497665 0.15083885 0.6326523
v -0.577988 0.427404 -0.0530982
v -0.563967 0.433603 -0.0327474
v -0.2810086 0.14683151 -0.124657154
v -0.274961 0.161742 -0.108337
v 0.35585022 -0.95523643 -0.26163578
v -0.61750555 -0.90953386 0.37050378
v -0.264786 0.174882 -0.0839846
v -0.491295 0.401477 -0.00618374
v 0.86819 -0.604491 0.39719
v -0.550224 -0.965322 -0.109036
v 0.5636673 -0.6484337 -0.26450348
v 0.58156586 -0.67829895 -0.22683716
v -0.24640465 -0.9716697 0.3135605
v 0.8092342 -0.32589817 0.13493681
v -0.2767072 0.015289307 -0.21577454
v 0.7941544 -0.2892475 0.29283524
v -0.286227 0.0730233 -0.175984
v -0.2626748 0.11525345 -0.13805151
v 0.45218658 -0.90089417 -0.23287201
v 0.45438862 -0.091609 -0.24633217
v 0.0457601 -0.256188 0.747425
v -0.169096 -0.273756 0.586566
v -0.88329697 0.46740723 0.47753906
v -0.39749146 0.24354935 0.37197495
v -0.741464 0.557497 -0.270206
v -0.132259 -0.954359 0.69943
v 0.472229 -0.54273987 0.6515274
v 0.15818977 -0.44153595 0.77369165
v -0.244708 -0.838048 0.576239
v -0.42507052 0.5312109 -0.035143375
v -0.307944 -0.968806 -0.0873956
v 0.80399895 -0.62892246 0.41341805
v -0.711153 0.486082 -0.365909
v -0.5443294 -0.6515951 0.05026245
v -0.975403 0.112994 0.541329
v 0.566749 -0.528536 0.574509
v -0.074913025 -0.32120132 0.73005486
v -0.035324097 -0.71643066 0.63049316
v -0.269794 -0.366696 0.578792
v -0.891533 -0.0223809 0.156073
v -0.90045774 -0.3323226 0.15338516
v -0.49896812 -0.73288774 -0.015571594
v -0.6009531 0.59071255 0.2998562
v -0.60547 0.437074 -0.127521
v -0.289957 0.112668 -0.147803
v -0.418348 0.405234 0.15437
v -0.0145525 -0.0362761 -0.262645
v 0.40821362 -0.048957825 -0.2194233
v 0.6832428 -0.36836243 0.5036621
v 0.15343809 -0.17733598 -0.38440275
v -0.6034403 0.8215637 -0.6488495
v -0.529833 -0.834959 -0.0472043
v -0.689237 0.791266 -0.423589
v -0.719187 0.792494 -0.411833
v -0.699546 0.785063 -0.392145
v -0.11436844 0.1362257 0.38579178
v -0.26613164 -0.96571094 0.26867962
v 0.2840395 -0.038829803 -0.24291658
v 0.49776 -0.825675 -0.223481
v 0.323332 -0.080799 -0.247026
v -0.9395241 0.29562378 0.5143318
v -0.633335 -0.905828 -0.0581007
v -0.32253122 0.04249382 -0.1919365
v -0.6545868 -0.5202637 -0.0957489
v 0.214473 -0.134208 0.651903
v -0.305303 0.0929288 -0.163814
v 0.42425537 -0.2993393 -0.35168457
v -0.01008606 -0.2831955 0.74352837
v -0.31100845 0.12313843 -0.14833069
v -0.787943 0.650492 -0.291553
v -0.7089245 -0.44236755 0.49168396
v -0.97779846 0.19733429 0.38327026
v -0.29912 0.166641 -0.11303
v -0.30085695 0.18887496 -0.08614969
v -0.33724213 -0.64730835 0.5344734
v 0.37019157 0.15762329 -0.11835098
v -0.944351 0.382168 0.213307
v -0.30165148 0.20401096 -0.055992126
v -0.53538245 0.5849974 0.19250822
v 0.014519453 0.15105629 -0.08612442
v -0.156168 -0.86223 -0.355423
v -0.31028843 0.06377983 -0.18101883
v -0.611136 -0.92964 0.229896
v -0.934059 0.373128 0.354944
v -0.247695 -0.350407 0.577799
v -0.189691 -0.263513 -0.302925
v -0.272034 -0.341072 0.582333
v -0.07220447 -0.18451107 -0.32925272
v -0.568235 0.802307 -0.758411
v 0.858942 -0.642143 -0.0339826
v -0.485779 -0.430829 0.569966
v 0.24860191 -0.23207188 -0.4040537
v -0.48074436 -0.38194084 0.5925226
v -0.4671526 -0.7019501 -0.06931496
v -0.56296587 -0.2143321 -0.22678614
v 0.4046898 0.11707306 0.47317886
v -0.481911 -0.289425 0.59893
v 0.045788765 -8.201599e-05 -0.2373333
v -0.495193 -0.270419 0.596895
v -0.908302 0.0166617 0.126728
v -0.483975 -0.244541 0.596854
v -0.469751 -0.219779 0.587675
v -0.253428 -0.232055 0.585201
v -0.332818 0.0855821 -0.17272
v -0.482472 -0.167414 0.576513
v -0.486572 -0.146908 0.572996
v -0.143991 -0.833383 0.6683
v 0.27975655 -0.8575001 -0.29758453
v -0.18512344 -0.48000717 -0.3546524
v 0.6808624 -0.112701416 0.43478394
v 0.35751092 -0.970745 0.527215
v 0.44376 -0.687846 0.644415
v 0.9448465 -0.77131295 0.1770382
v 0.138299 0.214194 -0.0620647
v -0.664429 0.601531 -0.658155
v -0.489865 0.0378011 0.477568
v -0.955272 0.467288 0.226765
v 0.3361969 0.15438557 -0.13414574
v -0.20613861 -0.16683733 0.5881653
v -0.514452 0.474254 -0.00256962
v -0.523953 -0.966751 -0.117358
v -0.449501 -0.825253 0.259853
v -0.37222767 0.03402233 -0.19326758
v -0.338461 0.0608948 -0.183542
v 0.397897 -0.177026 0.645586
v 0.00215505 0.0126254 -0.232472
v -0.31895828 0.15005875 -0.13157845
v -0.27741528 0.65023756 -0.14053488
v -0.082514 -0.914398 0.500717
v 0.6679306 -0.2806492 0.5302887
v -0.226685 -0.521164 -0.210424
v -0.33497906 0.17530823 -0.10965252
v 0.85624313 -0.54195404 0.033454895
v -0.230441 -0.45813 0.556882
v 0.43785 -0.246741 0.654285
v -0.77075195 -0.19386101 -0.14196396
v 0.087221265 0.83748627 -0.2916851
v 0.507406 -0.835947 -0.200612
v 0.45942 -0.219701 0.632374
v 0.77697754 -0.28474236 -0.031585693
v 0.236531 0.010748 -0.239177
v 0.648963 -0.095736 -0.140127
v 0.92544 -0.519913 0.0664372
v 0.3188362 -0.48039627 0.74053955
v -0.038711548 0.09057617 0.48104858
v -0.360403 0.0801555 -0.179776
v -0.041801453 -0.9359226 -0.3418846
v -0.778093 0.737121 -0.353876
v -0.34841347 0.11064911 -0.16317558
v 0.443554 -0.206448 0.63533
v 0.661013 -0.573515 -0.180178
v -0.500849 -0.662189 0.279128
v -0.0301191 -0.160332 0.606824
v -0.5909095 0.38418388 0.49715614
v -0.757086 0.535228 -0.126208
v -0.35798168 0.20349836 -0.07507706
v -0.33763456 0.21373606 -0.04851055
v 0.7848649 -0.5930071 0.3827114
v -0.380521 0.229571 -0.0142597
v 0.544373 -0.756602 0.526987
v -0.894715 -0.373632 0.21373
v -0.3702922 0.23755753 0.021817207
v 0.7642 -0.579061 0.375779
v -0.38397455 0.2530793 0.040486813
v 0.5846844 -0.75306416 -0.21087265
v -0.919729 -0.227531 0.318011
v 0.30631 -0.971138 -0.255789
v 0.79120624 -0.55273247 0.35357165
v 0.557991 -0.020980835 -0.1545105
v 0.921862 -0.506007 0.304312
v -0.60640585 0.49700928 -0.31137848
v -0.420795 0.718666 0.00823298
v -0.49677753 -0.7943309 0.16305652
v -0.58415174 0.56295013 -0.16633606
v -0.592847 -0.973927 0.238171
v -0.5830687 0.5316634 -0.20279884
v -0.588614 0.497813 -0.179957
v -0.8654108 0.00018882751 0.35507202
v 0.937231 -0.757148 0.085626
v -0.14364 -0.904246 0.709939
v -0.0338594 -0.767999 0.61831
v -0.928517 0.528589 0.196622
v 0.95085716 -0.7443657 0.10741043
v -0.778801 0.824874 -0.598154
v -0.144886 0.677601 -0.0376853
v 0.521038 -0.621309 0.60782
v -0.401511 0.270449 0.0349516
v -0.392778 0.276788 0.0593728
v -0.219202 -0.956953 0.634364
v -0.468243 -0.889694 0.617076
v -0.015045166 0.91130066 -0.2972107
v 0.854148 -0.502368 0.0796342
v -0.45694157 -0.86539674 0.60467744
v -0.189505 0.55566 -0.0317698
v 0.00468926 -0.577381 0.703807
v -0.385483 0.0978932 -0.171107
v -0.300392 -0.828387 -0.251433
v -0.281078 -0.828062 -0.269754
v -0.27651978 -0.8392936 -0.28794098
v -0.008646011 -0.24585152 -0.45024204
v -0.39381123 0.11571884 -0.15995026
v -0.761844 0.570001 0.0182303
v -0.59076595 -0.84073067 0.42063904
v 0.09876251 -0.8499851 0.6469755
v -0.40791142 0.23022342 -0.021712303
v 0.84046173 -0.80732346 0.35507965
v -0.40016 0.241357 0.000803681
v 0.30117798 -0.92675686 0.3724594
v -0.60043 0.536064 0.474958
v -0.653388 0.909415 -0.701488
v -0.626959 0.899384 -0.712639
v -0.424022 -0.569603 0.48941
v 0.013703346 -0.022331238 -0.2475872
v -0.8615036 -0.23170185 -0.0476799
v -0.0106609 0.0374908 -0.221165
v -0.317645 -0.852028 -0.261739
v 0.966479 -0.708143 0.279029
v 0.09417915 -0.644474 0.7282772
v -0.17453194 -0.68585396 0.49283266
v 0.57304 -0.444795 0.59538
v -0.437931 -0.759394 0.455266
v -0.5832834 0.5343256 -0.17729282
v -0.405159 0.05840683 -0.18499565
v -0.3642521 0.1349144 -0.14714241
v -0.555451 0.465219 0.487538
v -0.37173826 0.18052864 -0.105106354
v -0.4172783 0.21855927 -0.042966843
v -0.431459 0.231181 -0.0286266
v -0.413614 0.262433 0.0111435
v 0.8274803 -0.64395905 -0.038733482
v -0.5135975 0.22319889 -0.0640955
v -0.64746 0.54881 -0.591248
v 0.111662865 0.20121431 -0.07742119
v -0.40045166 0.66322327 -0.06706238
v -0.50019836 0.5823536 0.0026931763
v -0.488356 -0.810437 -0.0565565
v -0.800454 0.76917 -0.489891
v -0.21217203 -0.24637604 0.5896864
v -0.060616493 0.1791935 -0.0313797
v -0.83904266 0.06522155 -0.0089149475
v -0.755786 0.530461 -0.151603
v -0.4257598 0.012693405 -0.21183968
v -0.44955444 -0.47156143 0.5538521
v -0.416963 0.0869792 -0.172194
v -0.79763 0.72421 -0.433992
v -0.768796 0.784795 -0.55935
v 0.97097015 -0.5827738 0.07726288
v -0.3906746 0.19556427 -0.08400345
v 0.6544266 -0.549387 0.5243454
v -0.49308014 -0.35779 0.5978098
v -0.468328 -0.308776 0.603291
v -0.426284 0.206321 -0.0599519
v -0.0933535 -0.983833 -0.305207
v -0.471385 -0.267336 0.596646
v 0.11251831 -0.97450733 -0.28579378
v 0.35369492 -0.972777 -0.05316925
v -0.25546646 -0.818552 -0.2768402
v -0.477671 -0.19332 0.583052
v -0.232593 0.65435 0.018695
v 0.5754509 -0.1390394 -0.20612717
v -0.889539 -0.00256496 0.116477
v -0.45968342 0.009221077 -0.21188593
v -0.47457695 -0.124816895 0.5652523
v -0.326605 -0.248705 0.566645
v -0.50683594 -0.5455246 -0.13651276
v 0.5071875 0.18046188 0.040189743
v -0.43853855 0.06832123 -0.18179321
v -0.462 -0.0249862 0.520559
v -0.834331 0.541486 0.0801542
v -0.47006 0.0178069 0.488626
v 0.875038 -0.654666 0.404144
v -0.0148423 0.945746 -0.290093
v -0.174839 -0.0364072 -0.243227
v -0.13902855 -0.9223112 -0.06845093
v -0.681787 0.48886 -0.412349
v 0.33753204 -0.4697609 0.73495674
v 0.400246 -0.942757 0.583297
v 0.3201828 -0.7923584 0.661232
v -0.1294241 -0.9195483 0.4967823
v -0.32066727 0.15528107 0.358963
v 0.11816692 0.027191162 0.55771637
v 0.129908 -0.91163 0.483824
v -0.42752743 0.42278647 0.18369675
v 0.871105 -0.516386 0.0595817
v 0.34139824 -0.2532096 -0.37938976
v 0.5192909 -0.84423923 -0.1638031
v 0.677514 -0.561515 0.507021
v -0.441753 -0.638369 0.425489
v -0.43913078 0.107601166 -0.15867043
v -0.41321492 0.14198875 -0.13808441
v -0.21639013 0.20566177 0.25104332
v -0.5532837 -0.5060806 -0.17647743
v 0.4729452 -0.20144272 0.6292219
v -0.976944 0.107427 0.471813
v -0.44905472 0.19909763 -0.06395626
v 0.5512924 -0.44830322 0.61091614
v -0.44597 0.219107 -0.0446237
v 0.439385 -0.0952496 0.60532
v -0.9573364 0.10216212 0.11203003
v 0.54090786 0.14413452 0.011688232
v -0.428799 0.250376 -0.013179
v 0.55740356 -0.3766098 0.6204071
v 0.6075573 0.0017318726 -0.108306885
v -0.27560043 0.62278557 0.06414795
v 0.37696362 -0.23940325 -0.35872746
v 0.803415 -0.522742 0.326595
v -0.215897 -0.766921 -0.127379
v 0.0280226 0.657417 -0.142788
v -0.0410103 -0.965852 -0.330721
v -0.6988678 0.6296425 -0.53027344
v 0.595561 -0.528635 -0.244991
v -0.4212278 0.16303635 -0.11621857
v -0.531302 -0.958877 0.605167
v -0.609111 0.617449 -0.647548
v 0.319079 -0.156556 0.64935
v 0.586393 -0.554417 -0.243194
v -0.215445 -0.966431 0.609478
v 0.041893005 -0.9384804 -0.3181095
v 0.84 -0.491365 0.100459
v -0.3614235 0.46886826 0.07980919
v -0.697906 0.486089 -0.389741
v -0.5140619 0.3670671 -0.03857422
v -0.400556 0.736362 0.0123551
v -0.168052 -0.836178 0.658752
v 0.6842356 -0.70205784 0.43663597
v -0.9555893 0.17708492 0.58278656
v 0.55105877 -0.8134632 -0.1855278
v -0.467529 0.211533 -0.0534373
v 0.26309586 0.25470257 0.020179749
v -0.47165108 0.23123312 -0.046102047
v 0.22980118 -0.86717105 0.6124623
v 0.0332533 -0.809996 0.643467
v -0.8079414 -0.5078722 0.21523285
v -0.45196 0.242743 -0.0324607
v -0.7938309 -0.38449478 0.45294952
v -0.452411 0.269421 -0.0275381
v 0.853922 -0.484933 0.121326
v 0.3473854 -0.19117641 -0.330822
v 0.350409 -0.147434 -0.275047
v 0.7943802 -0.47382355 0.30799866
v -0.11309624 0.1009388 -0.14666367
v -0.39193344 -0.69408417 0.4925232
v -0.414854 0.315342 0.0552225
v 0.69181156 -0.0046157837 0.31628418
v -0.449746 -0.751152 0.413589
v -0.39649227 0.3247745 0.22055149
v 0.105238914 -0.0023918152 -0.25882816
v -0.451325 -0.591775 0.455011
v 0.0965376 -0.370614 0.764873
v 0.0914584 -0.62146 0.73443
v -0.4744377 0.07244873 -0.17432404
v 0.44032 -0.436745 0.698493
v -0.4600773 0.17707062 -0.084609985
v 0.484879 -0.714178 0.617537
v -0.48853683 0.16952133 -0.0831871
v -0.476473 0.194623 -0.0645506
v -0.76322174 0.33979416 -0.057901382
v -0.17356014 -0.6401367 0.5023651
v -0.239737 -0.393671 -0.258357
v -0.44232535 0.28511006 0.41780734
v -0.45479822 0.30006218 -0.018312454
v 0.604332 -0.293712 0.574198
v 0.20704931 -0.13596189 -0.29450536
v -0.790019 0.676435 -0.311213
v -0.455599 -0.779614 -0.0710394
v -0.477004 -0.785217 -0.0560596
v -0.22368622 0.10423279 0.4174881
v 0.621821 -0.318504 0.566876
v 0.493003 0.147114 0.412059
v -0.604522 0.320209 0.525209
v -0.461721 -0.446083 0.565278
v -0.461371 -0.418745 0.574942
v -0.229856 -0.4187 -0.26374
v -0.455146 -0.387611 0.585419
v 0.765175 -0.171283 0.320221
v 0.0988401 0.804902 -0.288366
v -0.48752403 0.10193634 -0.15109444
v 0.702386 -0.430034 -0.131598
v -0.76395 0.523484 -0.0811703
v 0.360721 -0.920733 0.595452
v -0.365742 0.127481 0.382812
v -0.458303 -0.244599 0.591095
v -0.10190582 0.9152374 -0.20409393
v -0.535028 0.16200256 -0.08757162
v 0.6903076 -0.40594482 0.49865723
v -0.456266 -0.171538 0.579062
v 0.7576771 -0.55825424 -0.020511627
v -0.447836 -0.121636 0.562832
v -0.21009731 -0.3834381 -0.33085632
v -0.433732 -0.770388 -0.0841412
v -0.0351674 -0.786419 0.636855
v -0.5496597 0.067531586 -0.15421295
v -0.5037799 0.1281395 -0.11972809
v -0.592779 0.521755 -0.0196589
v 0.5778847 -0.4936161 -0.27435303
v 0.31360435 0.17321014 0.45681
v -0.462431 0.0414748 0.473078
v -0.7770958 0.8485184 -0.56329346
v -0.123597 -0.281004 -0.43111
v -0.583486 0.614196 -0.227739
v 0.922432 -0.493402 0.107023
v 0.2724 -0.485291 0.741928
v -0.523219 0.446616 -0.00528409
v -0.376094 -0.889839 -0.162646
v 0.89097214 -0.4895649 0.1031723
v -0.933071 0.324279 0.41131
v -0.560339 0.456157 -0.0228773
v 0.7133789 -0.24991989 -0.13562012
v -0.4127655 -0.9704478 0.5606804
v 0.7246704 -0.20319366 -0.08934784
v 0.414904 -0.919558 0.58541
v 0.134536 0.0342565 -0.234457
v -0.31077385 0.49596786 0.04332924
v 0.30507088 -0.9607508 -0.15906334
v 0.42349243 -0.53634644 0.6843262
v -0.5538597 0.104717255 -0.12163544
v -0.210911 -0.628272 -0.157411
v -0.70936966 0.73026276 -0.5680084
v -0.53419 0.138562 -0.101811
v -0.781137 0.554961 0.028251
v -0.82057685 -0.49254054 0.16764307
v 0.683135 -0.694077 -0.0823722
v -0.503316 0.294352 -0.0472975
v -0.506579 0.424371 -0.00529211
v -0.50315475 -0.41207886 -0.2339325
v 0.380406 0.0673635 -0.187277
v -0.5747939 0.58592206 -0.27956557
v -0.14899 0.90016 -0.158012
v 0.7781906 -0.8735094 0.047798157
v 0.660824 -0.747554 -0.0695141
v -0.06838226 -0.72880554 0.58691025
v -0.779824 0.484941 -0.0374769
v 0.160256 0.0258631 -0.239901
v -0.110328674 0.7446861 -0.21501923
v -0.19792557 -0.79177284 -0.2527771
v -0.5725193 -0.520134 -0.15672302
v 0.042215824 0.12915039 0.4806633
v 0.231189 -0.85171 0.612469
v -0.89288 -0.356664 0.138414
v 0.466578 -0.795904 0.559401
v -0.401169 -0.594253 0.492823
v -0.108486176 -0.35301733 0.7001915
v -0.107413 -0.294084 -0.44843
v -0.6362839 0.54367065 0.47100067
v 0.249581 -0.383241 0.749661
v -0.471074 -0.914421 0.623423
v 0.9617672 -0.6919346 0.3037529
v 0.24039459 -0.930274 0.015525818
v -0.789889 0.781377 -0.538139
v -0.57622814 0.8004303 -0.69820404
v 0.838171 -0.6200752 -0.025985718
v -0.027122498 -0.52978516 0.7018776
v 0.40730476 -0.7248001 0.64261246
v -0.4060133 0.35064793 0.20131588
v -0.28103638 -0.19795227 0.57212067
v -0.28173733 0.21601391 -0.009162903
v -0.679981 0.913921 -0.695425
v -0.08804512 -0.064582825 -0.27446842
v -0.173781 -0.439232 -0.408619
v -0.01365757 -0.27543068 -0.4653759
v 0.19197 -0.652335 0.72227
v -0.178537 -0.599236 0.511441
v -0.625511 0.617346 -0.689569
v -0.474968 -0.787471 0.38386
v -0.536856 0.602494 0.109218
v 0.8159809 -0.56295013 0.01940918
v -0.125276 -0.80832 -0.319791
v -0.669142 0.0450958 0.647076
v 0.366441 -0.0198438 0.540405
v -0.30793 0.58179855 -0.09815979
v 0.68121 -0.729277 0.429485
v -0.15687 -0.466807 0.543716
v 0.371171 0.24992752 0.29869843
v 0.81394 -0.51914 0.0572231
v -0.179334 -0.401187 0.552938
v -0.980187 0.17485 0.375166
v -0.022128105 -0.20542908 -0.4106145
v -0.481452 -0.847443 0.595452
v -0.6530113 0.7996464 -0.71352386
v -0.5431366 -0.87104034 0.31504822
v 0.46808624 0.03862953 -0.16905212
v -0.455001 -0.843249 0.587777
v -0.40000343 0.29835033 0.07480621
v -0.165649 0.0150212 -0.210754
v -0.854805 0.52450037 0.07839203
v -0.53096 0.378121 -0.0443493
v 0.0534702 -0.114392 -0.288472
v -0.518914 0.398309 -0.0257168
v -0.19945526 -0.6360588 -0.17401123
v -0.07274628 -0.22053337 0.6685257
v -0.352043 0.185324 0.317634
v -0.95838 0.438575 0.29526
v 0.4070015 0.03282547 -0.19674492
v -0.2951584 0.16640663 0.35439682
v 0.119811 -0.718954 0.69959
v -0.578692 0.56188 -0.227222
v 0.045467377 -0.6830139 -0.42363548
v -0.733739 0.866713 -0.668145
v -0.960254 0.465992 0.299195
v 0.7453766 -0.14481258 -0.020935059
v -0.39624 -0.0237769 -0.222868
v 0.0449896 -0.159675 0.666934
v -0.0020751953 0.07955074 -0.18358803
v -0.8327255 0.10054016 -0.025291443
v 0.03576851 0.10619545 -0.16277409
v -0.598522 0.843862 -0.768264
v 0.015453696 0.07034111 -0.19112396
v -0.623368 0.858062 -0.758722
v -0.89461 0.190494 -0.00500196
v 0.0510246 -0.979825 -0.282407
v -0.17714691 0.71554756 -0.058315277
v 0.2009325 -0.06791878 -0.26681805
v 0.60061 -0.781891 -0.120008
v 0.25029755 -0.07645607 -0.26024723
v 0.6576004 0.021788597 0.36460495
v 0.811188 -0.7943 -0.0298683
v -0.344323 0.193731 0.295648
v 0.5758667 -0.35873413 0.6007385
v -0.54557 0.393136 -0.042338
v -0.54602 0.41455 -0.0270227
v -0.546444 0.439201 -0.0147934
v -0.543334 0.469077 -0.00707646
v -0.555504 0.496647 -0.000548304
v -0.543947 0.518255 0.00938619
v -0.160718 -0.94896 0.281746
v 0.0257064 0.680192 -0.118984
v -0.301067 0.617071 -0.118675
v -0.74713516 -0.3289652 -0.16540527
v -0.257751 0.606564 0.0730929
v 0.72633743 -0.8962555 0.31240082
v 0.70970154 -0.24046135 0.46568298
v 0.13827705 0.13227081 -0.14789963
v -0.39064026 0.7313385 0.044158936
v -0.30096722 -0.56064606 0.5552912
v -0.438102 -0.357537 0.590502
v 0.6258745 0.08373976 0.030155182
v -0.452489 -0.331506 0.600593
v 0.327563 -0.951453 -0.0827132
v 0.173579 -0.935711 0.635174
v -0.6037133 0.6695194 -0.25783157
v -0.56468 0.40804 -0.0437281
v -0.432382 -0.245156 0.591107
v -0.444032 -0.221605 0.586097
v -0.306555 -0.852999 0.555879
v -0.451811 -0.197564 0.584347
v -0.567102 0.479929 -0.018481
v -0.534595 0.542276 0.0145062
v -0.5477 0.560362 0.0289444
v -0.539422 0.58375 0.0396369
v -0.44491386 -0.056022644 0.53240585
v 0.15903473 -0.9523411 0.53351974
v 0.84350586 -0.74290276 0.40248108
v -0.33045483 -0.29878044 0.56842387
v -0.434751 -0.0242108 0.516503
v -0.451178 -0.00217372 0.504007
v 0.0282635 0.963616 -0.304533
v 0.382939 -0.186871 -0.304442
v -0.9083929 0.034618378 0.33039856
v -0.464768 -0.782441 0.48402
v 0.0202596 0.722153 -0.235704
v 0.471656 -0.943372 0.523357
v -0.5785744 0.5886841 -0.38597488
v -0.4682808 0.30509377 0.43050766
v 0.3851471 0.11421394 -0.15766716
v -0.735166 0.521422 -0.396347
v -0.640801 0.588833 -0.655773
v -0.901568 0.16005 0.000507426
v -0.556437 0.538483 0.0202368
v 0.0153822 -0.0745597 -0.273764
v -0.72032166 0.6211014 -0.42356873
v 0.135834 -0.697816 0.710351
v -0.11936474 -0.0046577454 -0.23427391
v 0.14367056 0.24989796 0.03381157
v -0.4995041 -0.56643677 -0.109573364
v -0.040959567 -0.20188546 -0.39893937
v 0.25872993 0.07608032 0.5334053
v 0.24153137 0.101631165 0.52048874
v -0.960008 0.48491 0.279147
v -0.43971872 -0.8634882 -0.10985994
v -0.0739788 -0.209357 -0.391959
v -0.7761307 -0.17982483 0.49124908
v -0.39001465 -0.560524 0.51743317
v 0.207943 -0.973129 -0.271729
v 0.20076257 -0.97875 -0.24431613
v 0.236364 -0.0869427 0.581081
v 0.3435936 -0.16749573 0.6542778
v -0.571653 0.226942 0.550557
v 0.048310757 -0.21833897 -0.43278217
v -0.654015 0.0225022 0.572563
v 0.337697 -0.436255 0.735359
v -0.897859 0.46612 0.456906
v -0.23375082 -0.8819567 -0.35706544
v -0.6724777 0.62537 -0.64701843
v -0.4386778 0.2942437 -0.004140854
v -0.474415 0.604532 0.148211
v -0.427457 -0.969673 -0.143277
v 0.804553 -0.442861 0.0652865
v 0.416603 -0.869295 0.589901
v -0.768547 -0.44282 -0.0794926
v -0.206309 -0.782462 0.544379
v -0.697861 0.414971 -0.101288
v -0.568214 0.55535 0.0348239
v -0.363436 0.460908 0.0567957
v -0.90029 0.102441 0.633048
v -0.579551 0.564608 -0.200593
v -0.0832361 0.954778 -0.176382
v -0.298498 -0.952576 -0.34859
v -0.347492 0.473697 0.0616195
v -0.307932 -0.220407 0.565358
v -0.26284027 -0.9796362 0.13560867
v -0.131333 -0.681322 0.502544
v 0.657816 -0.699671 -0.113966
v 0.525458 -0.775189 0.530122
v -0.270282 -0.899731 0.582617
v -0.635707 -0.919276 0.478984
v 0.971839 -0.567095 0.29818
v 0.3759613 -0.13917542 0.6376476
v -0.846468 -0.0167288 0.367948
v -0.19889 -0.979894 0.156735
v -0.441154 -0.772999 0.477403
v -0.93125534 0.35515022 0.1777153
v -0.716438 0.413074 -0.0855225
v -0.736871 0.581707 -0.279866
v 0.119062 -0.924678 0.512893
v -0.5775136 0.53988004 0.020429134
v -0.610011 0.490426 0.509969
v -0.502538 0.372117 0.419301
v -0.589514 0.555174 0.0357795
v -0.058685303 -0.47585487 0.6928997
v -0.7406883 0.5009308 0.5300293
v -0.457354 -0.810141 0.301149
v 0.710341 -0.668908 -0.0576505
v -0.7886963 -0.39694214 -0.0816803
v -0.93869 0.0545966 0.112593
v 0.5255928 -0.092133045 0.5586815
v -0.10291457 -0.840868 0.69463444
v 0.176339 0.035329 -0.227678
v -0.138696 -0.768992 -0.294071
v 0.154156 0.188428 -0.0982521
v -0.930918 0.0351212 0.133725
v -0.11749458 -0.8694862 -0.3536718
v 0.28624678 0.21757126 -0.054660797
v -0.219156 -0.604369 -0.161645
v -0.231104 -0.581338 -0.168639
v 0.472035 0.174735 0.378995
v 0.312757 -0.0649366 0.570262
v -0.652258 0.48492 -0.369907
v -0.436754 -0.256152 -0.260758
v -0.598142 0.545392 0.0165666
v -0.423413 -0.00951217 -0.220656
v -0.60242 0.566912 0.0550066
v -0.4110391 -0.047439575 -0.23008394
v 0.6793976 -0.66704655 -0.11723328
v 0.05036068 -0.06111908 -0.2731495
v -0.07471603 -0.22056985 -0.41105223
v -0.141305 0.63938 0.0157542
v 0.69395447 -0.63072205 -0.12093353
v -0.887671 0.190516 0.644299
v -0.474389 -0.827362 0.574131
v 0.16705322 0.22171783 -0.048553467
v 0.286795 -0.157517 -0.304339
v 0.5245819 0.1519146 0.36993408
v 0.822563 -0.499943 0.0783371
v -0.420677 -0.387509 0.585467
v -0.651018 -0.884162 -0.00570145
v 0.6082864 -0.90984344 0.35921478
v -0.8831787 -0.21987915 0.3817749
v -0.597438 0.789077 -0.623582
v -0.13312292 0.16382694 -0.040599823
v -0.45793152 -0.27518845 0.6000786
v 0.083883286 0.22364473 -0.0138549805
v -0.631417 -0.830995 0.0907383
v -0.420368 -0.221157 0.589705
v -0.432017 -0.202646 0.589816
v 0.208619 0.209629 -0.0586156
v -0.431479 -0.179121 0.588223
v -0.866334 0.178987 0.655469
v -0.431106 -0.146593 0.578449
v 0.13178253 -0.7423248 0.69506073
v -0.425978 -0.0693612 0.535296
v 0.419636 -0.263469 0.678945
v 0.0216941 -0.939293 0.679455
v 0.23261333 0.08557606 -0.2044115
v 0.51130676 -0.25650406 -0.28546143
v 0.817577 -0.456818 0.157463
v 0.38869146 -0.96638066 0.4131806
v -0.41708374 0.022201538 0.48757172
v -0.4278965 0.07248783 0.44798565
v 0.868851 -0.743188 0.381945
v -0.433454 0.0925407 0.439303
v -0.82206535 0.37408447 0.6291199
v 0.68870544 -0.867836 0.38500977
v -0.75727844 -0.16035461 0.5036926
v -0.04611206 0.874073 -0.27085876
v 0.18373108 0.24308395 0.0002822876
v 0.777503 -0.494731 0.349458
v 0.899245 -0.516698 0.0618586
v 0.27771378 -0.1760509 -0.34770107
v -0.363558 0.766897 -0.00683001
v 0.8450143 -0.86019105 0.17962956
v -0.452884 -0.76693 0.435781
v -0.13430786 -0.3155632 0.6468353
v -0.458928 0.647885 0.108189
v -0.428524 -0.778462 0.241995
v -0.15702629 -0.47270036 -0.41378212
v -0.791423 -0.434124 -0.060245
v 0.705114 -0.740613 0.427633
v -0.81903076 -0.34167862 0.4499054
v -0.571603 -0.878948 0.333869
v 0.591741 -0.607582 -0.23821
v -0.893566 -0.0471662 0.26189
v -0.88890266 -0.38160276 0.24103928
v -0.03623 -0.332144 0.752303
v 0.2269516 -0.21348572 0.7284279
v 0.1478262 -0.028337479 0.58170986
v -0.0202421 -0.753398 0.627265
v -0.63601875 0.039649963 0.5850296
v -0.645104 0.454721 -0.246561
v 0.790103 -0.813079 -0.0253984
v 0.53868484 -0.15530968 -0.23995018
v 0.80362 -0.68018 0.431821
v -0.661949 0.38706 -0.0853318
v -0.69052505 -0.50193787 -0.083999634
v -0.227683 -0.464262 -0.250494
v 0.35583878 0.053440094 0.5150337
v -0.636435 0.569898 0.0011966
v 0.71912384 -0.17505646 -0.079704285
v -0.0370593 -0.803252 0.66467
v -0.431733 0.57573 0.157225
v 0.7983904 -0.55039215 0.030099869
v -0.445815 0.112829 0.450634
v 0.802656 -0.493414 0.0577914
v 0.484971 -0.954337 -0.0112885
v 0.7572231 -0.8944998 0.06247139
v -0.389604 0.0979787 0.416093
v -0.545017 -0.237032 -0.239094
v -0.30764294 -0.55259705 -0.17753601
v -0.24419022 -0.8074962 0.53663784
v 0.61723423 0.087329626 0.34365463
v -0.87404096 -0.33956337 0.32984352
v -0.428328 0.340024 0.0453215
v 0.9222336 -0.6466675 0.37244415
v 0.00197863 -0.953742 0.576946
v 0.1135 -0.602032 0.740232
v 0.26942062 0.004875183 0.5589962
v 0.530983 -0.34673786 -0.29950523
v 0.520617 -0.312272 -0.296425
v 0.7168989 -0.057605267 0.33580017
v -0.643449 0.394488 -0.0869733
v 0.243133 0.0398192 -0.235159
v 0.753363 -0.649666 -0.034246
v -0.41059875 -0.8430557 0.57258415
v 0.5914154 -0.09870529 -0.18309784
v -0.56153345 0.58704025 0.17591476
v -0.41878 -0.824842 0.556181
v 0.136465 -0.817573 0.634522
v -0.5908103 0.6477852 -0.25450134
v 0.512352 -0.06360817 -0.1981926
v -0.422536 -0.771343 0.493466
v 0.44857025 -0.9390793 0.5594368
v -0.204284 0.626118 0.0482432
v 0.054653168 -0.23101711 -0.44254875
v -0.587765 -0.956214 0.571134
v -0.535125 -0.342557 -0.2479
v 0.488916 -0.856296 -0.217681
v -0.18824005 0.20653158 0.12739563
v 0.62434864 0.03373146 -0.060554504
v -0.6727319 0.5095062 -0.5023041
v 0.4228897 -0.96266925 -0.1900711
v -0.59866 0.808811 -0.770823
v -0.22381413 0.21630442 0.08046007
v 0.23920631 -0.21068144 -0.3965397
v 0.038440704 0.7722626 -0.2016983
v -0.63570917 0.69077325 -0.22571039
v -0.922253 0.0528536 0.0886282
v -0.62916577 0.4675274 -0.2690506
v -0.606215 0.48493 -0.264958
v -0.957141 0.474354 0.320614
v -0.100348 0.922136 -0.109492
v -0.6213856 0.7722864 -0.52381325
v -0.300553 0.220556 0.233615
v 0.67171 -0.292025 -0.200157
v -0.480395 -0.69164 0.200625
v -0.08517456 0.88072205 -0.1357727
v 0.8854394 -0.8214288 0.2653904
v 0.450899 -0.874511 -0.25821
v 0.419123 -0.0735924 -0.235807
v -0.426421 -0.592726 0.470601
v -0.018081665 -0.94423485 -0.21268559
v 0.4484024 -0.2804947 -0.32943726
v -0.5910568 -0.90323 -0.075442314
v -0.94496727 0.3976822 0.31961823
v -0.5981493 -0.9213605 0.33714485
v -0.53816605 -0.47597504 -0.1988182
v -0.434571 -0.728151 0.25598
v -0.5342064 0.04260254 -0.17668915
v -0.0719184 -0.000981446 -0.241053
v 0.585181 -0.416029 0.594828
v 0.5457709 0.17321461 0.17114925
v -0.250399 -0.826914 -0.29921
v 0.779562 -0.64167786 -0.03149414
v -0.581987 -0.86497 0.554766
v 0.7993622 -0.59869766 -0.0053710938
v 0.365955 -0.59554 0.699432
v 0.49772263 0.043922424 -0.15118027
v -0.39040935 -0.463459 0.55915165
v -0.716155 -0.953522 0.101546
v 0.41147614 -0.76860046 0.6128998
v -0.711178 -0.961582 0.0756175
v 0.789464 -0.573641 0.0135835
v -0.220809 -0.961965 0.424255
v -0.919399 0.0942065 0.615422
v 0.7856293 -0.5247803 0.031585693
v -0.408419 -0.354993 0.588995
v -0.35068512 0.7644043 0.020835876
v -0.42305 -0.329574 0.599854
v -0.439451 -0.29954 0.605004
v 0.65335083 -0.0040130615 0.3948059
v 0.136868 -0.492812 0.763463
v -0.2988615 -0.16361046 0.55964756
v -0.40732 -0.243946 0.588778
v 0.261824 -0.922911 0.472636
v 0.43531418 0.1849823 -0.032409668
v -0.938562 0.372522 0.324763
v -0.452059 -0.698328 0.371156
v 0.6325073 -0.2669022 -0.22203445
v 0.0728819 0.70305 -0.190703
v -0.416023 -0.11598 0.562994
v -0.179942 -0.96455 0.652706
v -0.131334 -0.223316 0.598787
v -0.41794014 -0.045028687 0.52685547
v 0.020542145 -0.46429443 0.7353592
v 0.4868592 0.19577885 0.31864738
v -0.3600788 0.05431366 0.45889282
v -0.40467072 0.0005340576 0.5069542
v 0.64377 -0.926144 0.310623
v 0.1509552 -0.7707367 0.68182373
v -0.19900513 -0.6575759 0.50922775
v -0.71403134 0.46667743 -0.24225903
v -0.05055237 0.1593352 0.38845825
v -0.03527832 0.14362907 0.4254532
v -0.174646 -0.959193 0.307425
v -0.052800655 -0.07578659 0.5724268
v 0.22630978 0.031261444 0.5604658
v -0.2735632 -0.31316757 0.58238035
v -0.07728577 -0.62488174 0.58377075
v 0.98828316 -0.6418133 0.11803436
v -0.898908 -0.0381443 0.218078
v -0.315431 -0.801557 0.536267
v -0.237025 -0.8369 -0.322775
v -0.336094 -0.822911 -0.143754
v -0.938962 0.344052 0.318891
v 0.0853529 0.14307594 -0.13098907
v 0.16682053 -0.8635044 0.6301575
v -0.5121536 -0.5115814 -0.17533112
v 0.6282692 -0.23858166 -0.21617508
v -0.341929 0.637366 0.0911811
v 0.69498 -0.806976 0.422872
v 0.787538 -0.568987 0.366193
v -0.777407 0.682821 -0.259631
v -0.451307 -0.702774 0.26642
v 0.3668275 -0.11072159 0.62909555
v -0.86964417 -0.17638493 0.3982849
v 0.951539 -0.502351 0.263805
v -0.447414 -0.824898 0.565968
v -0.82860744 -0.4692433 0.22808838
v -0.195422 -0.500737 0.538775
v -0.375594 0.465587 0.00540775
v 0.69809 -0.55325 -0.146699
v -0.38848 -0.949903 -0.188861
v 0.38344574 -0.37818146 0.7114868
v -0.448505 0.560941 0.171862
v 0.0575327 -0.0279912 -0.257821
v -0.440912 0.607408 0.144679
v -0.411715 0.620679 0.132648
v -0.408487 0.6484 0.116613
v -0.07344437 0.08747101 -0.15927505
v 0.348141 0.173133 0.449251
v -0.0289663 -0.394534 0.746259
v -0.772822 0.703271 -0.279467
v 0.688921 -0.116468 -0.104782
v 0.526989 -0.017715454 -0.16500092
v 0.483884 0.0881369 0.466804
v 0.569633 -0.317331 0.607246
v 0.36214447 -0.47805023 0.7203407
v -0.5929141 0.64523983 -0.5700798
v 0.613534 -0.895788 0.374472
v 0.125873 -0.84409 0.635425
v -0.20793343 0.74103355 -0.042058945
v 0.5874672 -0.076919556 -0.17510605
v 0.19016838 0.21361542 0.4119339
v 0.40502167 -0.44433117 0.7117357
v 0.6700821 -0.19509697 -0.14539337
v -0.6640829 0.4742651 -0.33481216
v 0.6488509 0.015711784 -0.044641495
v -0.412939 -0.862717 0.587088
v -0.462956 -0.775879 0.3617
v -0.02949369 -0.22026491 -0.42710114
v 0.37960434 -0.21363258 -0.336977
v -0.400801 -0.772911 0.505742
v -0.154675 -0.937684 0.308199
v -0.405803 -0.751116 0.491089
v 0.467497 -0.823052 -0.260182
v -0.52129 -0.279355 0.593967
v 0.277114 -0.778762 0.683591
v 0.268777 -0.192822 -0.375464
v -0.110054 -0.927637 0.182114
v -0.189095 0.882992 -0.117121
v 0.59994507 -0.22698784 -0.22905731
v -0.61937 0.0362292 0.535615
v 0.5458298 -0.07235718 -0.1924591
v -0.0195367 -0.98242 -0.265554
v -0.07017517 -0.59584427 0.6036682
v -0.25880814 -0.722188 0.5199952
v -0.961224 0.398844 0.254654
v -0.291803 -0.660711 -0.12843
v 0.245402 -0.913803 -0.0392673
v -0.843172 -0.349894 0.412326
v -0.121114 -0.388255 -0.457646
v 0.822277 -0.468469 0.138729
v 0.667309 -0.260871 -0.194905
v 0.5108452 0.12685776 -0.060661316
v 0.769308 -0.586027 -0.000473861
v 0.279217 -0.138699 0.636989
v 0.464386 -0.31434822 -0.32954407
v -0.39930916 -0.40472984 0.58040476
v 0.7733002 -0.81266594 0.4066925
v -0.0923652 -0.2121 0.631129
v -0.662008 0.432877 -0.170678
v -0.393787 -0.327971 0.595405
v 0.8864136 -0.5382843 0.03705597
v 0.3751161 0.21048355 -0.03169632
v -0.151798 -0.445042 0.562229
v -0.416866 -0.271059 0.599156
v -0.08465576 -0.65283203 -0.39380646
v -0.358737 -0.24934721 0.5731509
v 0.43408632 0.20924377 0.011363983
v -0.769363 -0.347082 -0.132234
v -0.410002 -0.196164 0.59174
v 0.16939 -0.114518 -0.277879
v -0.40354 -0.167159 0.584545
v 0.0626962 0.933507 -0.319136
v 0.61398315 -0.07233429 0.48176575
v -0.645039 0.843781 -0.740479
v -0.783351 -0.0318458 0.463803
v 0.203991 -0.929725 0.624275
v 0.091781616 0.21020222 -0.05089569
v -0.409569 -0.0217239 0.519962
v -0.944754 0.0751053 0.37695
v -0.264418 -0.847469 -0.313456
v -0.244187 -0.982916 0.123427
v -0.41732216 0.056829453 0.45862007
v -0.127215 -0.360164 -0.454075
v -0.9667003 0.12091941 0.3936901
v 0.40647888 -0.19649887 -0.29792976
v -0.603901 0.421865 -0.0891526
v 0.42233 -0.191812 0.64168
v -0.56452835 0.04825461 0.49264097
v 0.14162445 -0.9578047 -0.29623032
v -0.718716 0.505979 -0.44407
v -0.954458 0.491114 0.305128
v 0.77490616 -0.421669 -0.027023315
v 0.013168335 0.054840088 0.51968384
v -0.677602 -0.293442 0.565213
v -0.77425385 -0.29199886 -0.14171982
v -0.9266958 -0.17066193 0.28196716
v -0.224492 -0.819771 -0.304935
v -0.2377243 -0.9039507 0.62568283
v -0.57048416 0.75590706 -0.7188721
v 0.444045 -0.227017 0.639463
v 0.8441868 -0.5887985 -0.0051116943
v 0.7133751 -0.0387125 0.037490845
v 0.337897 -0.356617 0.727356
v 0.0733927 -0.948473 0.552719
v 0.6435623 -0.121456146 -0.15323639
v 0.533516 -0.103102 -0.216797
v 0.36281514 0.26067257 0.2575035
v -0.227144 -0.982075 -0.361708
v 0.18207645 -0.33346176 0.7574818
v 0.212797 0.139456 -0.137281
v -0.411376 0.591762 0.144471
v 0.7079649 -0.60782623 -0.109680176
v 0.378612 -0.144256 -0.275176
v 0.290301 -0.919812 -0.111252
v 0.0757939 -0.543579 0.72498
v -0.24984 -0.860707 -0.337792
v 0.56969833 -0.17345238 -0.22763062
v -0.9382248 0.509655 0.3199997
v 0.654997 -0.768488 0.431535
v -0.25431824 -0.20598602 0.5848603
v -0.0823293 -0.285728 -0.454124
v 0.549622 0.00810571 -0.137831
v 0.028979301 -0.042053223 -0.25880432
v -0.468416 0.47432 0.316367
v -0.385424 -0.858302 0.577562
v -0.6436281 0.64860725 -0.14026451
v -0.391518 -0.833817 0.559626
v -0.395331 -0.814337 0.54119
v -0.135588 -0.713034 0.497482
v -0.397021 -0.793915 0.522644
v -0.38413 -0.751861 0.504698
v -0.834233 0.112564 0.649633
v -0.3929 -0.724867 0.494181
v -0.85113573 -0.08319092 -0.015777588
v -0.41155624 -0.7108784 0.4706421
v -0.55718327 0.23090744 -0.078315735
v -0.039836884 0.09465599 -0.153862
v -0.899238 -0.332895 0.100035
v -0.597405 0.43954 -0.104907
v 0.48895264 -0.19819641 -0.27100182
v 0.524753 -0.494672 0.625032
v 0.07452679 0.72022057 -0.25077248
v 0.075207 -0.980609 -0.260154
v -0.56447506 -0.6581335 0.11627197
v -0.538414 0.5648117 0.38972092
v 0.96813583 -0.5220647 0.26457024
v -0.407774 -0.484206 0.547365
v -0.5124798 -0.81166124 0.16662216
v -0.8007355 -0.21871948 0.4729309
v -0.58054733 0.7179451 -0.66104126
v -0.20987451 -0.94882435 -0.37536642
v -0.377918 -0.442199 0.563311
v 0.342858 -0.652463 0.697506
v 0.272848 -0.117935 -0.264881
v -0.392262 -0.377404 0.581914
v -0.09873855 -0.9266398 0.3053074
v 0.32018042 0.17325592 -0.10735893
v -0.0972686 -0.194069 -0.325851
v -0.40698 -0.30188 0.602574
v -0.3935604 -0.281209 0.59617424
v -0.137432 -0.272124 -0.410314
v 0.44844055 0.008298874 -0.18845367
v -0.537907 -0.62396 -0.0280484
v -0.3956 -0.219311 0.583589
v -0.168622 -0.195077 0.596424
v -0.030190706 0.62385654 -0.08697724
v -0.5160637 -0.79656315 0.45812798
v -0.491644 -0.899425 0.622631
v -0.396325 -0.139216 0.571095
v -0.3849 -0.113316 0.558631
v -0.401886 -0.0873033 0.546727
v -0.9539 0.438306 0.220615
v 0.43149567 0.052822113 -0.17565536
v 0.354593 -0.575964 0.712
v -0.19346619 -0.7226558 0.4960909
v -0.34807 -0.490957 0.562253
v 0.6442811 0.08202657 0.1658504
v 0.6724911 -0.9065323 0.00819397
v -0.1835866 0.14667511 -0.07765579
v 0.1527977 0.16662216 0.46910477
v 0.8713074 -0.7703705 0.35888672
v -0.5857539 0.52460766 -0.23114395
v -0.74972534 -0.35118103 -0.15304565
v -0.714796 0.497442 -0.413395
v 0.490214 -0.91726 0.53672
v -0.960371 0.455739 0.273414
v 0.4649601 0.09300709 -0.13357544
v -0.693992 0.498152 -0.464072
v 0.930886 -0.560354 0.038552
v 0.10330677 -0.13467169 0.6475363
v 0.184501 -0.44853 0.774312
v -0.29123688 -0.43401337 -0.21793175
v -0.216102 -0.938847 0.65388
v 0.39353 -0.170101 -0.283695
v 0.410212 -0.142273 -0.273973
v -0.635908 -0.144801 -0.191175
v -0.20638162 -0.8826333 -0.36351055
v -0.347606 0.155646 0.350762
v -0.676279 0.413505 -0.114679
v -0.23651123 0.7970581 -0.15563965
v -0.270178 -0.983068 0.107958
v 0.0511772 -0.979284 -0.247705
v -0.14810133 -0.9380029 0.13578796
v -0.115859985 0.868927 -0.098594666
v -0.63711643 0.26751745 0.60726166
v -0.994431 0.188374 0.322601
v 0.676489 -0.785086 0.423249
v 0.45802307 0.077382565 -0.15132141
v 0.29496002 -0.246418 0.722229
v -0.0937986 -0.409879 0.700899
v -0.296987 -0.297127 -0.261861
v 0.490943 0.108112 -0.10101
v -0.90138435 0.4369402 0.13219261
v 0.61045456 0.031139374 -0.07966614
v -0.386372 0.62974 0.121389
v 0.641861 -0.893651 0.365945
v 0.68270874 -0.56533813 -0.15808105
v -0.606538 0.624718 -0.671189
v -0.585638 0.465037 -0.0725949
v -0.461685 -0.676278 0.310496
v -0.432366 0.369934 0.0535688
v 0.347029 -0.0722694 -0.241344
v -0.657914 -0.852509 0.0497412
v -0.4209795 0.34799576 0.06917381
v -0.417751 0.427715 0.129364
v -0.019892693 0.7207947 -0.22100544
v -0.174667 -0.374357 0.56446
v -0.770132 0.57679 -0.0838376
v 0.809699 -0.433512 0.252603
v 0.011619806 0.18523788 -0.041721344
v 0.37806 -0.94011 0.590208
v -0.36323166 -0.8370342 0.5609474
v -0.370256 -0.802355 0.531189
v -0.377431 -0.776266 0.516187
v -0.819999 0.354386 -0.0199657
v -0.216657 -0.383339 0.556237
v -0.380463 -0.951496 -0.213926
v 0.32598448 0.21551514 -0.050210953
v -0.368577 -0.7295 0.510277
v -0.904015 -0.214545 0.0700712
v 0.2605524 0.2609539 0.3179388
v -0.6843548 0.7370529 -0.2694931
v -0.799241 0.168747 0.683223
v 0.33198726 0.2714315 0.15037537
v 0.42312503 0.12031746 -0.13179779
v 0.25267324 -0.9112352 -0.08295894
v 0.6114731 -0.023235321 -0.120224
v 0.0838356 -0.19796848 -0.41311646
v -0.36528844 -0.41821736 0.56445634
v -0.781088 0.516544 -0.0350506
v -0.0885849 0.027023315 0.50922394
v 0.466461 -0.636189 0.643429
v -0.380547 -0.35091 0.584265
v 0.315759 -0.105806 -0.252642
v 0.87623596 -0.80381775 0.31744385
v 0.496547 0.066958 -0.137304
v -0.780668 0.718588 -0.328507
v -0.047721863 -0.9209227 0.70734596
v -0.585023 -0.945922 0.267544
v -0.342789 0.239432 0.220051
v 0.7403221 -0.13053322 0.34146118
v -0.380186 -0.191568 0.579554
v -0.374641 -0.160086 0.571915
v 0.5797577 -0.002117157 -0.1310463
v -0.36664793 -0.13250732 0.56446314
v -0.107925415 0.07507515 -0.16961288
v -0.88288593 0.11931229 0.6466069
v -0.3854599 -0.05168152 0.5387497
v 0.49147987 -0.90584755 -0.09311676
v -0.147079 -0.512711 0.532585
v -0.98082924 0.14906502 0.1616745
v -0.59036255 -0.5966263 -0.04875183
v -0.5157747 0.34647846 0.44172573
v -0.3839264 0.047607422 0.46350098
v -0.28240967 0.8007965 -0.11551666
v 0.33548927 -0.96715295 -0.062397003
v 0.029837199 -0.12907863 0.59337544
v 0.537235 -0.782143 -0.242128
v 0.7977352 -0.413311 0.31050873
v -0.484061 0.47675 0.366893
v -0.650739 -0.966717 0.190737
v -0.116117 -0.91793454 -0.17081308
v 0.59469604 0.023780823 -0.10050583
v 0.567441 -0.601264 -0.258284
v -0.219731 -0.412339 -0.313522
v 0.64322853 -0.022945404 -0.090065
v 0.508259 0.0835734 -0.115484
v 0.63298 0.00860171 -0.0766759
v -0.33674622 0.51036835 -0.04232788
v -0.101627 0.597885 -0.0313113
v -0.6508339 0.1521908 -0.095474765
v 0.972959 -0.512484 0.152283
v 0.0762525 0.790545 -0.324169
v 0.0858581 0.767472 -0.306281
v -0.0919324 -0.360996 0.721063
v -0.5015907 0.49274826 0.40087128
v 0.7167635 -0.020593643 0.2041626
v 0.8063202 -0.8207855 -0.005584717
v -0.320583 -0.295796 -0.258127
v -0.258832 -0.389688 -0.241435
v 0.189272 -0.225847 -0.420581
v -0.656634 0.559631 -0.619765
v -0.877632 0.268968 0.651233
v -0.0111064 0.668645 -0.0771279
v -0.23245895 -0.72863674 -0.11229457
v 0.5204048 -0.3196907 0.6416836
v 0.043501258 -0.15218258 -0.31858122
v -0.79905605 0.29331207 0.6881752
v -0.15689802 -0.749805 -0.26231003
v 0.5783291 -0.57944584 -0.24615288
v 0.0039520264 0.65888596 -0.16027069
v -0.91238785 -0.10105896 0.28363037
v -0.12619591 0.70072556 -0.19043922
v 0.6027069 -0.26676178 -0.2377758
v -0.945546 0.326179 0.302551
v -0.38146 0.656387 0.108276
v -0.374734 0.680924 0.0943526
v -0.132099 -0.250425 -0.393781
v -0.40677452 0.31832314 0.084243774
v -0.10276222 -0.53302 -0.4347229
v 0.15864721 0.09449005 -0.1771946
v -0.39215 0.30293 0.117008
v 0.5560913 -0.89513206 -0.03791809
v 0.570449 -0.558808 -0.258886
v -0.945179 0.478383 0.182362
v 0.47718048 -0.1207304 -0.25750256
v 0.050488472 -0.31357002 0.75421524
v 0.47323227 -0.10352707 -0.2479744
v -0.020106 0.979912 -0.256061
v -0.5742077 0.08700514 0.5358052
v 0.39925 0.202884 0.392043
v 0.39099908 0.17906189 -0.07060242
v 0.576278 -0.627689 -0.253606
v 0.895981 -0.60425 0.386627
v -0.352556 -0.778019 0.52409
v 0.7154732 -0.17196655 0.42488098
v -0.6671705 -0.9319761 0.16965055
v -0.25094032 -0.9815787 0.08502579
v -0.6978917 0.72428894 -0.2344513
v -0.724976 0.497629 -0.384076
v -0.357036 -0.548349 0.539526
v -0.82121277 -0.40014172 0.40805054
v -0.0598918 -0.912932 0.491756
v -0.732831 0.430447 -0.0844219
v 0.60689163 -0.19559878 -0.20896149
v -0.784889 0.678488 -0.371513
v -0.8065033 0.04601288 -0.018188477
v -0.775609 0.6303749 -0.16593933
v -0.931359 0.115343 0.0596701
v 0.456283 -0.717812 0.630595
v -0.126169 -0.243281 0.61867
v -0.432215 -0.941881 0.613596
v -0.1784401 -0.35567474 -0.39465714
v 0.572779 -0.780533 -0.204897
v -0.378578 -0.495513 0.552345
v -0.308722 0.598147 0.0900441
v -0.865179 -0.00853879 0.0609265
v -0.573236 0.823735 -0.737917
v -0.351436 -0.442151 0.565703
v -0.974872 0.0762119 0.285744
v -0.51295 -0.945242 0.618879
v -0.100941 -0.269285 -0.438424
v -0.904428 -0.187551 0.059118
v -0.367425 -0.371543 0.570959
v -0.274157 -0.391055 0.57245
v -0.31394958 0.68312836 -0.12586975
v -0.367449 -0.324986 0.58568
v -0.38042 -0.301398 0.593506
v 0.251907 -0.13116 -0.276516
v -0.904522 -0.298207 0.0528354
v -0.902211 -0.322846 0.0737837
v -0.881897 -0.34012127 0.048324585
v -0.139704 0.789856 -0.215264
v -0.35521317 -0.16565704 0.5693531
v 0.0831178 -0.569032 0.729436
v -0.577209 0.46138 -0.0442402
v -0.854157 -0.419448 0.0536487
v -0.46902 -0.65683 0.334798
v -0.95165217 0.41781664 0.35982704
v -0.368972 -0.0885354 0.554555
v -0.48903418 0.13514715 0.5042281
v -0.371624 -0.031471252 0.5304527
v -0.540511 -0.663666 0.0866549
v -0.35111046 -0.0071411133 0.5137596
v -0.708492 0.77803 -0.363839
v -0.524314 -0.76505 0.0445255
v -0.534983 -0.787876 0.0565982
v -0.57242775 -0.8122302 0.048410416
v 0.6210897 0.105145454 0.22857285
v -0.1783638 -0.3847847 -0.4035492
v -0.778637 0.772487 -0.427337
v -0.8271734 0.57621825 0.23292637
v -0.28474092 -0.94496965 -0.05674553
v 0.21075249 -0.9590645 0.5257578
v -0.83745575 0.45902157 0.031333923
v -0.6916294 0.32238007 0.64609337
v -0.85037994 0.42331123 0.04815674
v -0.865955 0.402282 0.0561361
v 0.251949 -0.615865 0.746065
v -0.11867523 -0.6975632 0.5170593
v 0.241284 -0.640914 0.736675
v -0.470543 -0.845204 0.25434
v 0.010257721 0.7008915 -0.21216774
v -0.9182129 0.25631285 0.05315399
v -0.63247585 0.5374832 -0.4922638
v -0.29144192 -0.66614914 0.53801537
v 0.5459976 -0.88794136 0.46365356
v -0.180366 -0.456654 -0.388337
v -0.91644 0.231907 0.043103
v -0.92734337 0.20658779 0.061943054
v -0.7623749 -0.42311096 0.45199585
v -0.395248 -0.950825 -0.162262
v -0.21611 0.79467 -0.00241466
v -0.91402435 0.10542679 0.040000916
v 0.471545 -0.0145647 0.52539
v -0.370547 0.608455 0.11481
v -0.363115 0.634478 0.107506
v -0.9182739 0.068636894 0.069618225
v -0.8751669 0.01616478 0.064266205
v -0.86018 0.014157 0.046047
v -0.8682442 -0.038238525 0.051696777
v -0.47012144 -0.9121485 -0.122511744
v -0.6238632 -0.8979664 0.42850018
v 0.9746609 -0.6697011 0.0974617
v -0.88108635 -0.08503723 0.046722412
v 0.34873962 -0.52253723 0.7232666
v 0.451207 -0.40975 0.696442
v -0.934228 0.467424 0.16205
v -0.564476 -0.859309 0.572017
v -0.8964462 -0.15613937 0.045433044
v -0.207556 -0.310409 -0.308969
v 0.316528 -0.451479 0.742852
v -0.19037628 0.77049255 -0.05237198
v -0.0976561 -0.763108 0.587432
v 0.76514053 -0.12329483 0.20940399
v -0.7623749 0.4527893 0.5822296
v -0.89259434 -0.22975588 0.04847336
v -0.353841 -0.863026 0.574353
v -0.895241 -0.257228 0.0422908
v -0.892154 -0.321719 0.0422451
v -0.86476135 -0.36192513 0.04109192
v -0.113304615 0.20174778 0.10128403
v -0.27804565 -0.9757533 0.032936096
v -0.840631 -0.44654 0.0585093
v -0.361518 -0.754644 0.515582
v -0.26732635 0.21320152 0.25712204
v -0.733757 -0.17196655 0.5280838
v 0.22269821 -0.18845248 -0.3830986
v -0.152697 -0.698294 -0.277055
v 0.00460543 -0.979305 -0.247378
v -0.5937748 0.58390045 -0.14902496
v 0.4719982 -0.03634453 0.54112816
v -0.527113 -0.665549 0.0453011
v -0.82808876 -0.38667107 -0.03142929
v -0.58509886 0.49537086 -0.11684418
v 0.044319153 0.84076405 -0.2457161
v -0.845815 0.233168 -0.0387103
v -0.5918824 0.51654243 -0.29566956
v -0.519013 -0.738167 0.0565687
v -0.403051 -0.900037 -0.131437
v -0.5424385 -0.83981705 0.18805695
v -0.292188 -0.0389113 -0.237209
v -0.4719286 -0.8264165 -0.07475948
v 0.723114 -0.5639572 -0.10424042
v -0.5283203 0.6118479 0.052937508
v -0.353873 -0.519646 0.55269
v -0.8946295 0.023109436 0.08753967
v -0.364211 -0.466979 0.561858
v -0.8044529 0.54096687 0.04452133
v 0.0176585 0.951466 -0.317851
v 0.6378174 -0.4757843 -0.21066666
v -0.1419043 0.026477814 -0.2040577
v -0.5521412 -0.95181084 0.6041527
v -0.847933 0.401374 0.0355493
v -0.8790531 0.36192322 0.04141617
v -0.133903 0.582115 -0.0646193
v -0.4756112 0.42008162 0.36682796
v -0.8966141 0.3169632 0.044258118
v 0.81029415 -0.42740345 0.098667145
v -0.902822 0.277631 0.0367396
v -0.916157 0.206543 0.0312044
v 0.929052 -0.609141 0.0237169
v -0.924847 0.134909 0.0456907
v -0.23475647 0.7510605 -0.169384
v -0.211283 -0.73982 -0.114441
v -0.326783 -0.875369 -0.270878
v -0.16815662 -0.34007645 0.5817795
v 0.10423732 -0.12346411 0.61694527
v -0.039230347 0.9180374 -0.27314758
v 0.752411 -0.602768 -0.0214449
v -0.345401 -0.0642268 0.546821
v -0.842536 0.0154341 0.0232633
v -0.850918 -0.0111704 0.0344295
v 0.184875 -0.977738 -0.260484
v -0.64956284 0.7282257 -0.7019348
v -0.744751 -0.2494049 0.5320282
v -0.91006756 -0.203996 0.092659
v 0.450837 -0.762547 -0.304945
v 0.5240536 -0.1640625 0.6034241
v 0.000884859 -0.479883 0.72885
v -0.841393 -0.376269 0.399319
v -0.636943 0.411301 -0.106413
v -0.412945 0.452716 0.13714
v 0.46740723 -0.50930023 0.66365814
v -0.9193382 0.24038315 0.59918976
v -0.250304 0.687171 0.000586707
v -0.90760803 -0.27440643 0.05820465
v 0.459228 -0.385318 0.689353
v 0.63150406 -0.6312847 -0.20181274
v -0.84716797 -0.40675926 0.031082153
v -0.121338 0.595571 -0.0136178
v 0.82762 -0.668594 0.424813
v -0.835975 -0.434567 0.0331371
v -0.79257584 -0.476326 0.02031231
v 0.42635727 -0.00415802 0.5309677
v 0.11303234 -0.14732838 0.674407
v -0.7162285 -0.57076836 0.04899597
v -0.355771 0.660792 0.098822
v -0.27452946 -0.9262209 -0.35328197
v 0.372742 -0.932982 -0.267554
v 0.0189414 -0.959131 0.666408
v -0.517772 -0.742404 0.0321062
v 0.12704 -0.920305 0.647274
v -0.48898315 0.6427002 0.01687622
v -0.839994 -0.407236 0.350656
v 0.3984356 -0.97286797 -0.17642975
v -0.9310623 -0.26556087 0.2532482
v -0.817005 0.51911 0.0345851
v 0.21024603 0.0028886795 -0.24134481
v -0.10903 -0.119252 0.584346
v 0.205787 -0.0880494 0.585872
v -0.87285 0.237576 0.663107
v -0.514583 -0.710631 0.0674391
v -0.8294945 0.38191223 0.00061035156
v -0.393874 0.123587 0.394543
v -0.385538 0.447777 0.0516088
v -0.353462 -0.820398 0.546724
v -0.16628265 -0.93704605 0.09655762
v 0.101069 0.82179 -0.310323
v -0.8446808 0.3598938 0.011703491
v -0.326157 -0.777278 0.528419
v -0.663296 0.501299 -0.451769
f 6422 6424 5197 
f 5855 4371 5744 
f 2904 5497 5402 
f 2125 5789 5788 
f 5527 1692 235 
f 3004 3047 3148 
f 4114 1348 4503 
f 5131 937 1674 
f 6893 5467 3131 
f 44 5121 2905 
f 4097 6372 842 
f 2375 3307 847 
f 2720 1314 6706 
f 1003 892 1278 
f 894 2710 3096 
f 1613 6907 7136 
f 2717 5403 2625 
f 7058 4717 2703 
f 5613 2107 2038 
f 4613 6450 3667 
f 6315 4500 2607 
f 4425 4288 457 
f 4674 2489 6953 
f 1713 6990 4956 
f 4248 4045 3005 
f 641 7064 1724 
f 6441 6205 3095 
f 5259 2331 5666 
f 4236 419 2022 
f 3257 2844 1281 
f 1318 407 326 
f 6033 450 2489 
f 4500 6315 6427 
f 4556 5054 4559 
f 3834 3299 3953 
f 91 2945 6047 
f 343 5904 1542 
f 1461 3695 5260 
f 4331 1047 5036 
f 1363 5684 2895 
f 4101 1659 1710 
f 5252 5796 1113 
f 5401 5675 2016 
f 703 3745 3948 
f 395 2169 3676 
f 2045 3096 2710 
f 6678 6242 1087 
f 55 4845 4324 
f 4801 6403 526 
f 1142 1605 2559 
f 4196 3877 6995 
f 1066 3077 4175 
f 2543 595 3214 
f 73 5 6942 
f 7142 5238 1660 
f 5099 987 1201 
f 4648 5242 5206 
f 3414 6239 6587 
f 5498 2070 2066 
f 1775 109 6344 
f 2071 4767 2872 
f 1739 3308 997 
f 6270 2986 744 
f 5655 7047 143 
f 1399 6896 972 
f 3594 2246 2457 
f 4444 4075 4322 
f 1461 2797 6879 
f 440 1952 4015 
f 4757 6525 1728 
f 146 35 173 
f 2438 82 146 
f 2627 3718 300 
f 2438 146 202 
f 147 115 180 
f 9 4530 3173 
f 920 3252 4332 
f 3165 5245 5292 
f 3758 5721 4784 
f 5554 2626 4158 
f 1651 1676 2624 
f 5373 4282 5116 
f 843 1732 3307 
f 4399 4968 3795 
f 1054 1924 162 
f 643 106 1099 
f 2393 7114 4717 
f 2838 5122 2129 
f 7034 2566 7029 
f 6459 4719 3639 
f 1031 5394 270 
f 5014 6568 231 
f 3723 1101 3716 
f 4498 6576 1319 
f 3950 274 6278 
f 6771 1898 4858 
f 5412 4700 6041 
f 3005 39 2464 
f 6832 2047 2275 
f 2764 2607 6597 
f 6216 5927 6486 
f 5679 5017 5801 
f 581 236 7060 
f 3305 2552 1868 
f 684 394 2807 
f 3768 585 2981 
f 3951 76 2298 
f 1834 6018 5867 
f 1302 2040 4887 
f 6779 1767 2842 
f 1324 3738 6181 
f 5369 5654 5371 
f 6061 6020 5872 
f 4986 5771 3165 
f 1734 4198 5049 
f 6797 2389 5646 
f 3027 4714 6180 
f 327 660 5775 
f 941 3063 662 
f 6219 7073 7132 
f 6937 6888 6444 
f 1916 3649 6267 
f 2778 941 662 
f 3662 3009 2639 
f 3041 634 5078 
f 2149 1274 7113 
f 5026 113 5381 
f 66 5381 113 
f 6685 6942 188 
f 3258 3046 6549 
f 548 5052 6856 
f 195 466 645 
f 1335 5955 1344 
f 1561 3360 3200 
f 6568 3465 1285 
f 6997 1673 160 
f 4534 5621 6003 
f 4268 6440 766 
f 5765 229 402 
f 174 146 173 
f 675 633 2222 
f 5517 4370 6301 
f 6669 876 2839 
f 4929 4477 633 
f 5765 322 4255 
f 314 6174 3741 
f 205 2177 151 
f 173 172 200 
f 73 195 224 
f 2569 900 160 
f 200 2229 174 
f 5874 470 3418 
f 5881 2803 2852 
f 2214 5994 6709 
f 2103 2105 5937 
f 3143 700 3282 
f 5525 6718 2001 
f 6850 5525 4389 
f 5659 6462 1076 
f 3616 3966 1822 
f 6799 1460 5040 
f 6720 6684 6584 
f 3547 4920 5847 
f 6474 4653 2060 
f 2538 1621 1678 
f 207 4018 1651 
f 2607 2764 6753 
f 5972 250 4451 
f 3870 6296 2578 
f 791 2540 6518 
f 5926 6397 6053 
f 1380 3754 6585 
f 6887 3818 6818 
f 6503 2004 7130 
f 1807 2935 2015 
f 3336 1901 4109 
f 6808 6518 5063 
f 3742 1250 478 
f 220 4865 187 
f 5924 6180 1515 
f 2002 5200 3023 
f 6702 2014 6348 
f 3893 6065 2920 
f 3102 4686 62 
f 4843 3929 3589 
f 1572 1431 1604 
f 3033 7065 6752 
f 4675 6848 4777 
f 542 589 448 
f 5975 4335 4955 
f 3668 3605 5597 
f 4411 268 2708 
f 4500 2961 2607 
f 5619 841 439 
f 262 544 598 
f 1393 33 1419 
f 1190 5218 3144 
f 6161 3137 4214 
f 5771 777 1841 
f 3282 5913 3143 
f 1775 6344 2494 
f 113 222 66 
f 7047 5655 165 
f 2734 1271 2543 
f 4903 4987 5541 
f 4345 2491 6523 
f 1383 828 1247 
f 1862 808 6452 
f 82 441 35 
f 218 996 1658 
f 5619 2869 4738 
f 5207 7123 4414 
f 151 48 116 
f 3090 6886 297 
f 147 311 3694 
f 229 4255 230 
f 6511 4581 6510 
f 1342 324 6155 
f 402 2719 5765 
f 6543 6541 81 
f 6359 6362 6336 
f 5920 548 4291 
f 4049 16 48 
f 1362 3013 2791 
f 4322 4490 298 
f 1967 1631 2128 
f 1283 2801 2069 
f 5054 1446 5173 
f 1072 671 5909 
f 4651 5569 1512 
f 2051 5525 2001 
f 2413 3061 4193 
f 6031 5986 6029 
f 2683 5395 4861 
f 6592 4559 2245 
f 6015 4363 3553 
f 3132 4904 3240 
f 1068 6758 3614 
f 3159 5060 2157 
f 398 655 674 
f 2598 3145 2587 
f 6318 1744 7098 
f 1700 3239 4913 
f 3755 4704 3722 
f 6482 352 718 
f 2042 584 3723 
f 2330 875 2233 
f 3994 4293 6862 
f 1631 734 2126 
f 2158 5912 1465 
f 329 6283 2665 
f 5934 6322 6496 
f 5358 4598 4912 
f 277 5662 2366 
f 4272 1541 374 
f 187 6143 252 
f 762 758 4824 
f 5355 4954 2701 
f 504 4166 1949 
f 2149 6937 6444 
f 6965 6047 2945 
f 6352 2434 5912 
f 6697 855 4363 
f 353 3817 4107 
f 6921 5631 761 
f 1103 6579 385 
f 5282 4233 4023 
f 6375 2766 597 
f 5898 5896 5941 
f 4350 3548 3124 
f 5910 6786 6230 
f 6610 2151 1811 
f 229 200 402 
f 5121 2587 3159 
f 6042 2009 3970 
f 6685 6344 6805 
f 907 6255 6137 
f 1914 5636 3154 
f 675 2895 4929 
f 368 5207 4414 
f 297 4308 872 
f 553 1519 2792 
f 1490 5915 5067 
f 2558 462 6038 
f 4333 5611 2761 
f 649 689 5145 
f 3015 202 2229 
f 2177 88 151 
f 5729 1129 3565 
f 4386 1643 4139 
f 366 5107 576 
f 2476 2746 5281 
f 2245 1730 3926 
f 2761 1993 5190 
f 4899 4988 4040 
f 1905 3655 1079 
f 4015 3429 440 
f 1898 504 5216 
f 6739 10 1335 
f 1841 1150 1565 
f 78 4504 4618 
f 763 5854 4560 
f 5461 2561 6499 
f 5104 2326 4372 
f 4046 1353 3671 
f 2573 2563 5058 
f 1589 615 845 
f 563 2521 2057 
f 182 4339 6490 
f 3589 3929 3945 
f 5089 2674 5434 
f 6053 2326 5104 
f 5640 1340 1907 
f 845 7055 3687 
f 3443 1397 3020 
f 6591 7122 7021 
f 7075 3550 5018 
f 4566 6348 3338 
f 3549 3785 1824 
f 2885 2488 1271 
f 6514 5394 1031 
f 2525 2684 2527 
f 5332 5238 3744 
f 541 588 542 
f 44 46 43 
f 3125 6299 6944 
f 686 5828 4746 
f 4905 4970 4901 
f 987 7046 5240 
f 7071 7023 5141 
f 2962 732 6161 
f 4462 2906 1130 
f 104 242 1190 
f 2130 670 1102 
f 5 7047 5359 
f 6817 2943 568 
f 6819 6609 5224 
f 4677 4848 5719 
f 3527 3944 7028 
f 1407 1596 5576 
f 519 570 523 
f 180 311 147 
f 6690 2996 2437 
f 3084 3199 3034 
f 6659 6480 4418 
f 4041 2834 5656 
f 6942 6805 73 
f 3966 1084 3001 
f 229 230 2229 
f 6750 346 557 
f 88 48 151 
f 4606 4499 1623 
f 88 4049 48 
f 3101 6712 5223 
f 1487 446 2361 
f 2560 1066 1983 
f 4119 244 325 
f 2447 3297 5954 
f 4571 4271 4266 
f 2124 2332 1464 
f 3494 7 2554 
f 1788 110 2590 
f 1379 2213 6109 
f 2003 6718 3717 
f 1579 4179 2500 
f 2001 6272 2051 
f 2978 2832 3074 
f 1407 1440 389 
f 5947 6727 4678 
f 3144 2820 4498 
f 158 6040 191 
f 179 2446 2428 
f 6968 6853 1071 
f 6076 6737 1920 
f 6707 5452 282 
f 6998 603 3703 
f 2750 1677 5607 
f 18 2260 3061 
f 3597 5799 204 
f 6252 4575 4695 
f 3095 2597 6723 
f 4952 5007 5066 
f 1543 3673 1526 
f 268 4411 2096 
f 3271 122 1452 
f 724 6350 346 
f 6162 634 3041 
f 4881 2399 4989 
f 5050 6465 6424 
f 2310 2502 1923 
f 4907 1406 1964 
f 3852 1608 4605 
f 3794 3749 3707 
f 2573 3358 5276 
f 4978 4659 754 
f 542 448 541 
f 1917 5416 5382 
f 104 2400 242 
f 3669 4578 5981 
f 5641 989 7091 
f 5740 3262 1606 
f 697 1192 6572 
f 4488 1186 2501 
f 4187 3156 2421 
f 1276 2742 6830 
f 143 2569 1673 
f 6952 6594 3733 
f 1715 360 3306 
f 3999 192 3440 
f 2085 2883 3562 
f 2858 2525 2362 
f 5241 5389 6453 
f 900 2569 266 
f 640 3046 5665 
f 165 169 7047 
f 2587 44 489 
f 2199 5528 2666 
f 6469 7139 1598 
f 6755 5223 1105 
f 2627 1685 3718 
f 454 3016 455 
f 115 87 38 
f 3700 1975 7017 
f 1579 2500 254 
f 2449 3559 1550 
f 3304 1925 800 
f 2177 366 89 
f 6166 1524 323 
f 2922 3047 2852 
f 3616 6652 6442 
f 92 1236 1998 
f 4996 6884 933 
f 2492 655 164 
f 5028 530 3170 
f 6101 3187 4595 
f 4754 3008 5669 
f 44 43 489 
f 3008 4754 6873 
f 1977 963 3318 
f 6402 493 4642 
f 4193 2621 2256 
f 1100 5924 1515 
f 5224 1647 7020 
f 87 47 4356 
f 4802 1451 908 
f 3141 2028 4208 
f 6242 6678 5094 
f 5846 3166 1864 
f 6398 5375 6660 
f 243 435 652 
f 6211 3343 6322 
f 2338 4525 1653 
f 3876 4001 58 
f 6614 6594 2940 
f 6005 2422 2729 
f 1616 1551 2634 
f 2430 2342 2671 
f 2920 2111 4930 
f 4712 3499 4718 
f 243 290 537 
f 6349 3757 2711 
f 4786 5298 2117 
f 5656 1462 2548 
f 1820 5076 4337 
f 5561 6293 2941 
f 404 7033 925 
f 6352 5912 2158 
f 498 2411 599 
f 2519 5626 528 
f 187 2429 448 
f 501 1295 5706 
f 2659 538 4873 
f 6109 2213 2808 
f 4230 4479 2289 
f 4877 6472 1667 
f 403 2629 6214 
f 1760 4547 5008 
f 6208 1834 6464 
f 1154 2881 5776 
f 4884 4881 4989 
f 3232 709 4721 
f 323 5488 4604 
f 141 3751 3712 
f 5407 5680 241 
f 5949 5570 5860 
f 6443 1932 4295 
f 6528 4138 977 
f 1116 3778 3949 
f 1687 1477 4170 
f 1831 342 6497 
f 1435 1503 1437 
f 5943 5348 4919 
f 2150 6278 2541 
f 4591 4474 1942 
f 5636 4764 5635 
f 4729 6139 6135 
f 4712 1300 2893 
f 4075 4470 4367 
f 444 380 1852 
f 202 311 180 
f 276 3376 5379 
f 5505 6430 4411 
f 7129 1910 2093 
f 222 4684 1884 
f 89 88 2177 
f 5685 296 5900 
f 5813 1061 5777 
f 1976 2613 1441 
f 2451 5128 2036 
f 6342 4902 6147 
f 606 642 3394 
f 1792 5081 5286 
f 1691 6797 2062 
f 4162 3656 5350 
f 311 202 3015 
f 4356 4670 87 
f 2314 1336 3189 
f 3917 1872 6626 
f 6850 5220 5525 
f 5752 5713 5706 
f 2500 1299 254 
f 2350 1985 1857 
f 6890 6629 1411 
f 2334 2004 4807 
f 2263 1201 1997 
f 171 6011 2182 
f 2593 631 5065 
f 4794 4526 4562 
f 6439 6193 3050 
f 912 5334 3072 
f 4930 6680 2920 
f 3173 4530 4057 
f 3468 5733 5203 
f 624 5540 4045 
f 4671 4515 455 
f 4053 5849 269 
f 3178 6821 4306 
f 2465 2606 2925 
f 264 3992 6529 
f 6381 1069 429 
f 1677 2374 4780 
f 1392 6152 4587 
f 6921 761 472 
f 780 351 594 
f 291 4318 1046 
f 3551 1134 6022 
f 6851 3276 2736 
f 4213 2267 1156 
f 1587 2730 3609 
f 3657 3656 2282 
f 191 1643 893 
f 4904 1101 3723 
f 2513 6641 4081 
f 6536 1014 4765 
f 678 1161 5457 
f 194 2462 2269 
f 4683 4598 5358 
f 4236 1528 1915 
f 6212 6216 6393 
f 5518 2941 4858 
f 5561 1947 1695 
f 342 380 183 
f 2924 7122 6591 
f 445 187 380 
f 1953 1260 753 
f 2227 6546 2225 
f 5938 2111 6588 
f 125 835 6007 
f 1244 68 3739 
f 142 4366 2228 
f 3005 5540 5820 
f 5100 1693 1136 
f 922 4213 6567 
f 3792 6765 6922 
f 6119 2242 1608 
f 2380 1498 2024 
f 1930 5171 2118 
f 4664 2484 4108 
f 3043 1050 4196 
f 1058 6542 1056 
f 604 3209 606 
f 46 2485 40 
f 4964 3914 5983 
f 6510 4581 6452 
f 436 4922 432 
f 245 6330 178 
f 1635 1840 393 
f 834 3776 1174 
f 3451 5057 5689 
f 4218 3192 2284 
f 3485 3372 3445 
f 3767 3182 5700 
f 5790 355 1092 
f 4454 4767 5874 
f 147 116 115 
f 2177 205 361 
f 5789 502 1562 
f 4822 500 1130 
f 691 3841 1891 
f 6094 4476 413 
f 3896 3897 3899 
f 1984 4865 1734 
f 479 4581 3897 
f 7138 852 6839 
f 2626 5987 513 
f 720 968 5914 
f 6230 653 6339 
f 4846 2394 3518 
f 3761 1995 2710 
f 5451 3935 4544 
f 1793 6776 540 
f 6863 632 2971 
f 4073 4686 811 
f 6215 6812 6539 
f 1137 1207 4607 
f 5399 1220 2319 
f 2618 2290 2616 
f 5377 6376 5263 
f 5817 1234 1956 
f 5266 1132 5052 
f 1843 928 1423 
f 3469 4636 4521 
f 1715 5392 4383 
f 1453 1516 6559 
f 4616 4624 4346 
f 6574 355 5790 
f 4891 2698 1367 
f 2708 268 1354 
f 193 2950 3779 
f 237 312 1716 
f 319 198 318 
f 5688 5984 5127 
f 5593 1992 1731 
f 4694 6945 2322 
f 5740 4501 3262 
f 4229 2184 5055 
f 2621 3061 2260 
f 5712 849 5086 
f 5557 1380 984 
f 5686 3317 730 
f 821 4691 1182 
f 6736 4697 2372 
f 815 696 1102 
f 1125 6629 889 
f 4858 1898 5216 
f 4470 4075 4795 
f 2746 5815 5648 
f 530 130 6059 
f 5639 1217 3010 
f 4381 3610 588 
f 4501 5464 3610 
f 310 3170 3168 
f 6262 6672 4208 
f 604 1556 1826 
f 3612 3796 3801 
f 824 2990 5509 
f 5803 5800 5883 
f 4280 2661 1890 
f 3833 382 1370 
f 1166 1517 2110 
f 183 124 7077 
f 1775 2205 107 
f 5577 6484 5875 
f 172 165 6997 
f 296 137 5900 
f 6373 1861 4657 
f 5734 5703 3633 
f 2173 2299 5635 
f 2952 5198 3397 
f 7094 6657 108 
f 5311 3469 4521 
f 5765 4255 229 
f 2507 837 144 
f 4734 1652 337 
f 3015 2229 230 
f 188 2494 6685 
f 982 575 5107 
f 224 195 645 
f 2364 996 2499 
f 1374 3208 4199 
f 3694 275 205 
f 5410 4091 719 
f 5568 1300 6595 
f 3394 1585 606 
f 355 1090 1092 
f 5554 1709 2904 
f 532 6762 5822 
f 89 3640 4049 
f 2852 3004 5881 
f 4510 4326 1979 
f 4406 1251 4792 
f 1780 2155 2568 
f 3033 1810 3179 
f 2439 4602 1578 
f 2248 4930 7127 
f 607 511 599 
f 6184 6962 710 
f 5213 5214 5170 
f 2216 1525 5952 
f 6358 67 6285 
f 2966 4862 5006 
f 5683 2833 2824 
f 1114 870 6171 
f 4179 2830 4362 
f 5459 3504 6370 
f 2220 4948 1248 
f 1166 3779 2287 
f 4478 6480 4680 
f 6316 1582 2253 
f 6226 6233 6790 
f 213 243 1034 
f 4035 1595 1184 
f 830 6307 956 
f 5344 3557 1302 
f 521 4750 2927 
f 5946 6316 2253 
f 826 5455 2243 
f 6751 1333 5977 
f 1444 1304 1338 
f 6269 6108 6398 
f 6578 1222 6310 
f 2294 2973 2054 
f 5480 2899 3787 
f 2070 1971 2066 
f 3889 5400 2403 
f 391 1743 372 
f 1110 2146 5105 
f 249 2644 3715 
f 701 6400 680 
f 6480 6481 190 
f 5973 2713 4230 
f 1903 4200 4303 
f 3417 3611 3210 
f 2863 3695 1461 
f 1063 357 4255 
f 2192 6864 1849 
f 893 3324 2134 
f 1596 3296 461 
f 6455 5504 5351 
f 4865 220 64 
f 2565 6240 99 
f 882 2029 6885 
f 3781 3885 4335 
f 6623 153 2307 
f 3361 3200 3360 
f 5741 5738 5808 
f 6399 4625 3184 
f 1483 3980 1640 
f 6941 4824 1388 
f 331 89 366 
f 769 789 5359 
f 2234 5876 3276 
f 4592 112 896 
f 3941 345 765 
f 5352 7085 2316 
f 5002 331 366 
f 6038 3260 4256 
f 5882 6861 3076 
f 5219 5084 1002 
f 200 174 173 
f 1687 4170 3853 
f 6292 2074 1165 
f 6911 2930 3708 
f 331 368 6712 
f 5170 2959 5213 
f 151 3694 205 
f 5742 3507 1208 
f 776 1851 6996 
f 1538 4623 2747 
f 2626 3640 89 
f 2078 4276 4306 
f 43 46 40 
f 1954 1105 4414 
f 3951 2436 76 
f 1968 1320 3615 
f 1202 27 206 
f 1594 1813 6845 
f 618 2691 1256 
f 618 1520 2115 
f 2643 1345 3073 
f 2980 4105 470 
f 5750 1070 5748 
f 4979 1781 992 
f 1725 946 4788 
f 3582 2475 6420 
f 5109 5384 5971 
f 2508 6627 2214 
f 898 5542 1065 
f 4404 4392 5452 
f 781 3342 4146 
f 1318 326 6460 
f 4469 2019 6781 
f 1818 6950 2026 
f 3488 917 5685 
f 2926 6283 7069 
f 6620 4822 2008 
f 6540 1424 1333 
f 5668 2358 6985 
f 413 1075 958 
f 5065 6467 2593 
f 4562 4800 4794 
f 325 244 2731 
f 3964 1128 4390 
f 3638 5695 1332 
f 5587 1683 5449 
f 1314 3109 5326 
f 2364 2499 1187 
f 3644 4207 3827 
f 1319 5091 4498 
f 1825 1468 5492 
f 1568 2924 3892 
f 3439 3029 3619 
f 1619 2379 5429 
f 26 2271 921 
f 5685 917 3214 
f 1573 4935 964 
f 4988 4397 4398 
f 1331 2280 4329 
f 5982 6029 5986 
f 6481 6659 5453 
f 2709 363 3147 
f 1903 6143 4200 
f 589 542 3610 
f 3436 4501 3610 
f 2455 3659 1540 
f 4328 2793 706 
f 5856 2457 3565 
f 5042 4421 4949 
f 1332 5695 4944 
f 4753 3523 6826 
f 6941 770 831 
f 6207 175 1258 
f 2517 6545 43 
f 3976 185 3600 
f 2800 3260 5436 
f 185 1884 5791 
f 3140 3302 3303 
f 2089 2990 824 
f 4924 1276 1937 
f 3208 6370 1321 
f 601 70 73 
f 1288 587 1017 
f 4941 4669 2018 
f 2884 6062 6090 
f 6928 6914 3292 
f 5765 2719 161 
f 1619 1491 820 
f 7142 789 769 
f 165 1673 6997 
f 525 616 4000 
f 4255 357 230 
f 5359 169 769 
f 1027 2899 5689 
f 6825 6475 410 
f 3041 2982 6162 
f 1806 1017 3809 
f 1338 7015 1401 
f 1286 531 1299 
f 6326 1954 7123 
f 6712 3101 331 
f 3428 3837 1655 
f 2071 3109 1312 
f 2179 4088 6005 
f 4259 4405 3756 
f 1523 1909 1912 
f 5780 2910 6017 
f 1105 1954 6755 
f 6417 3354 4690 
f 6036 1082 286 
f 6709 6487 5876 
f 2740 2046 1926 
f 1756 5173 2110 
f 3482 5330 6413 
f 1591 5429 1755 
f 6161 6296 2962 
f 6608 1669 6463 
f 6909 2505 4144 
f 3500 4468 2266 
f 2498 2278 1816 
f 3305 1609 2552 
f 3018 3728 2810 
f 3733 2050 5465 
f 5361 1247 3762 
f 3157 6832 4010 
f 5436 5478 3892 
f 6263 2 2558 
f 1866 1035 3655 
f 121 808 3982 
f 5084 5345 1002 
f 3213 3212 4924 
f 5375 6540 6660 
f 2253 213 5946 
f 6959 1582 7070 
f 6646 7054 1697 
f 5977 211 120 
f 1633 376 2005 
f 6027 1922 5884 
f 1869 1202 206 
f 6522 1034 6082 
f 3031 4047 1389 
f 572 3388 3028 
f 99 364 710 
f 5909 544 632 
f 1222 6578 2377 
f 5409 4209 2998 
f 5033 1798 5100 
f 3565 7006 5856 
f 6374 5834 2084 
f 3353 4198 1363 
f 2396 5035 555 
f 619 3577 702 
f 2381 2814 5122 
f 3456 979 3313 
f 593 1346 496 
f 187 183 380 
f 1791 1795 1707 
f 3497 5559 781 
f 2944 3257 6894 
f 1415 492 4934 
f 5953 6092 6648 
f 5197 6424 6465 
f 1629 486 439 
f 215 1510 2397 
f 294 2039 6618 
f 5303 1759 6419 
f 6901 887 2211 
f 5728 5751 5731 
f 987 1383 1997 
f 69 222 195 
f 6309 2930 5205 
f 2004 4598 4807 
f 5070 6165 5772 
f 3969 3754 3207 
f 1921 463 263 
f 4000 674 982 
f 3784 2984 1188 
f 5733 3468 1120 
f 4734 2833 5683 
f 161 900 322 
f 519 271 357 
f 1822 6401 5191 
f 1063 412 519 
f 2792 1519 6999 
f 1778 714 724 
f 437 6275 3171 
f 3013 7014 450 
f 6300 2185 2348 
f 6784 4194 6625 
f 5144 658 509 
f 4603 615 1589 
f 1141 2258 3862 
f 5881 3791 6043 
f 4074 1875 4280 
f 3275 2868 5661 
f 1216 5596 6667 
f 1460 4417 2767 
f 2139 2061 4158 
f 1345 3279 3073 
f 2341 4639 2597 
f 4612 41 4198 
f 6216 6486 6599 
f 416 2759 2036 
f 5091 1319 2243 
f 6063 2772 6429 
f 5055 1432 3633 
f 488 6374 1629 
f 6820 2549 1352 
f 524 614 616 
f 4320 7145 5598 
f 3998 3078 5398 
f 6148 527 2003 
f 6683 5498 4536 
f 1534 1142 3793 
f 2602 7137 5499 
f 5375 6398 1424 
f 2322 6945 6316 
f 3235 5029 3236 
f 5713 5752 5737 
f 5680 537 290 
f 6561 932 2572 
f 1846 5563 3989 
f 739 759 858 
f 3654 5497 2904 
f 5091 2243 1853 
f 6688 443 4891 
f 1853 6545 4954 
f 120 156 4471 
f 4061 7124 3981 
f 6888 4615 3292 
f 1209 2083 1447 
f 4570 4744 4014 
f 6212 6393 5654 
f 6000 3810 5167 
f 187 4865 6143 
f 3299 3834 5811 
f 6328 1711 5963 
f 6611 4876 5201 
f 3184 3586 6399 
f 2799 2955 2848 
f 2200 1729 1727 
f 6060 2546 2461 
f 1412 1727 1574 
f 6516 6560 6655 
f 785 1633 2802 
f 1248 5181 5868 
f 3607 3884 5864 
f 262 1346 544 
f 802 1511 3448 
f 6624 5903 2736 
f 6369 5282 4358 
f 1647 3701 4016 
f 924 424 2208 
f 262 496 1346 
f 5083 2154 4732 
f 3470 803 3967 
f 1708 6926 6923 
f 5406 1411 5495 
f 2199 7059 5320 
f 4589 7034 6967 
f 1201 2263 1188 
f 3580 3665 5370 
f 1926 2046 3761 
f 5069 1202 3798 
f 3144 4498 5747 
f 6495 2558 3617 
f 853 104 5791 
f 6879 3766 3368 
f 6965 4892 2873 
f 3570 3797 6265 
f 2735 1890 4631 
f 7079 7002 7078 
f 4922 436 1376 
f 5530 7142 1660 
f 1807 5469 6943 
f 1564 707 2125 
f 745 266 645 
f 4475 1057 963 
f 512 480 511 
f 3348 3221 5778 
f 275 311 3015 
f 4123 4756 6232 
f 5207 368 5002 
f 5524 1279 5344 
f 6219 3516 4610 
f 7123 5207 6341 
f 1301 1347 5255 
f 6841 6604 291 
f 2107 3770 2038 
f 7000 1491 2898 
f 2931 2721 1123 
f 5942 2618 3105 
f 2126 1959 618 
f 472 761 5665 
f 3170 310 5028 
f 935 1163 3157 
f 6789 4084 4036 
f 1732 843 2065 
f 2597 3095 6205 
f 285 1851 996 
f 4818 6520 898 
f 5709 1978 5809 
f 1905 5472 2606 
f 2183 3335 6931 
f 4394 6012 912 
f 6959 6751 4471 
f 5576 4434 1754 
f 156 212 2253 
f 6353 5483 2989 
f 38 180 115 
f 6780 6959 7070 
f 120 6751 5977 
f 1034 652 6082 
f 936 6522 1134 
f 4825 1037 3236 
f 970 1370 3147 
f 4305 4455 4787 
f 7090 5950 3092 
f 6976 1964 6975 
f 4398 201 5474 
f 5373 556 3660 
f 5720 1295 2187 
f 2687 152 5029 
f 5938 2314 3189 
f 4166 504 2105 
f 4688 1060 5291 
f 187 448 220 
f 262 64 220 
f 1087 4008 6678 
f 2364 1718 996 
f 7090 4186 5950 
f 6488 5813 4592 
f 5957 5976 6001 
f 882 768 2029 
f 4875 4432 158 
f 1829 6908 4468 
f 1997 5376 2263 
f 2127 960 6411 
f 1305 5192 1271 
f 5179 5250 6281 
f 3138 1470 3117 
f 4771 1560 2892 
f 2305 5376 5361 
f 5737 5861 5807 
f 979 3456 4080 
f 5732 3603 2779 
f 155 2187 1297 
f 1443 4780 2374 
f 2266 4468 2853 
f 3324 893 1323 
f 4320 5598 1023 
f 2932 2209 6817 
f 3125 2087 5196 
f 2504 6620 2008 
f 3744 769 170 
f 6657 6544 6537 
f 2117 3458 5671 
f 3744 170 441 
f 575 621 4855 
f 5134 3702 5493 
f 4000 982 5107 
f 1457 1306 1454 
f 1777 5414 228 
f 1701 408 534 
f 845 4943 7055 
f 2779 5479 5732 
f 1164 2829 4947 
f 4787 4300 4305 
f 366 2177 361 
f 3088 286 5347 
f 361 205 275 
f 4667 5128 2451 
f 6257 6258 4560 
f 1243 1231 647 
f 616 5599 398 
f 549 5192 3256 
f 4902 2122 6147 
f 5079 1229 6564 
f 6689 5040 1536 
f 3781 6573 4488 
f 7014 5352 7087 
f 3649 3668 6267 
f 4565 5305 878 
f 1992 5593 126 
f 5937 1606 1593 
f 6880 5990 5593 
f 1896 2166 5481 
f 3205 2051 1648 
f 1394 126 2375 
f 2522 283 2345 
f 2084 452 3821 
f 348 1543 1526 
f 30 1848 4885 
f 2513 4081 5530 
f 2972 2897 6527 
f 227 1956 6863 
f 1497 6605 282 
f 4296 2120 1527 
f 2971 2658 6863 
f 2964 2816 2963 
f 2112 4457 5181 
f 5593 2818 6880 
f 5059 3274 1774 
f 6824 5568 1453 
f 3555 6824 1453 
f 726 2067 6736 
f 6255 5736 6141 
f 4867 2862 2776 
f 213 290 243 
f 6348 2014 3891 
f 4618 1816 2278 
f 7138 7144 7078 
f 2457 3397 3565 
f 5135 4826 4985 
f 3080 4941 2103 
f 5087 2660 6110 
f 2490 1543 348 
f 444 2711 2429 
f 4730 4633 605 
f 885 743 4934 
f 5130 320 407 
f 4850 2825 2913 
f 3309 1478 1960 
f 965 1094 1018 
f 2627 3324 1685 
f 4954 5355 1853 
f 4504 5115 4618 
f 2838 4614 3922 
f 4957 885 4646 
f 2595 2582 878 
f 1341 2357 382 
f 4925 2129 2814 
f 2747 1024 1538 
f 5462 866 7109 
f 374 2935 3642 
f 195 222 466 
f 3296 5016 4863 
f 5462 7109 6060 
f 3976 85 1921 
f 6397 6466 1871 
f 5160 6977 4631 
f 1687 5865 3277 
f 263 3976 1921 
f 4867 2776 3900 
f 1281 5475 4974 
f 6906 5966 4284 
f 575 2373 5107 
f 5173 2804 5054 
f 4263 224 266 
f 441 5332 3744 
f 6321 2184 4229 
f 275 271 361 
f 6604 4378 291 
f 5810 5852 4528 
f 5619 1165 841 
f 275 3015 271 
f 3881 3749 4827 
f 5768 3350 6987 
f 398 5599 164 
f 4786 5811 2794 
f 6341 5207 576 
f 4630 5098 5195 
f 6755 5395 5223 
f 3514 3444 2677 
f 3130 3206 3133 
f 413 6297 6094 
f 269 5849 6300 
f 6272 1648 2051 
f 4910 6578 3293 
f 6155 6067 939 
f 13 2621 2260 
f 6634 6838 6735 
f 613 1427 359 
f 629 851 5142 
f 2038 898 3693 
f 91 6047 124 
f 898 1065 4818 
f 1188 2263 6845 
f 5797 5728 5749 
f 4291 548 2114 
f 4906 2166 4793 
f 1401 1444 1338 
f 6897 6898 3231 
f 3384 685 4814 
f 1034 6522 5946 
f 928 383 1423 
f 6319 5446 2427 
f 6316 6945 1582 
f 7046 987 1688 
f 6587 217 5151 
f 212 290 213 
f 7081 1162 2402 
f 3285 1941 527 
f 5944 6191 1526 
f 1750 5824 6185 
f 3236 5721 6022 
f 916 1043 955 
f 743 1782 4934 
f 5065 4531 5458 
f 6962 6184 5823 
f 5732 7115 3692 
f 42 711 3567 
f 5116 6796 556 
f 2020 760 5226 
f 6794 7092 4024 
f 918 4101 5906 
f 207 2624 4738 
f 3233 3538 6507 
f 6425 96 1581 
f 1932 6443 6527 
f 3668 6437 1263 
f 1755 6425 1591 
f 544 671 598 
f 2622 1550 3559 
f 2483 1268 4720 
f 5965 6740 5337 
f 4569 5630 4021 
f 1289 3571 1358 
f 619 6446 5895 
f 5429 2537 1619 
f 1523 3717 1909 
f 262 598 1921 
f 2046 1755 2379 
f 4361 4197 4360 
f 6154 1434 5936 
f 1181 3631 758 
f 4146 5296 781 
f 598 463 1921 
f 444 4669 2711 
f 160 2719 6997 
f 1462 3790 2548 
f 2569 160 1673 
f 5449 3334 4363 
f 3144 5747 2368 
f 4814 4886 3384 
f 434 3279 6542 
f 194 335 1256 
f 69 66 222 
f 862 5312 71 
f 4242 4977 1402 
f 1209 1447 642 
f 5377 5263 3704 
f 6980 5736 5735 
f 245 7016 570 
f 1878 1560 2629 
f 2719 402 6997 
f 524 616 525 
f 2339 859 1155 
f 3799 2081 3983 
f 525 519 524 
f 1629 594 488 
f 569 412 266 
f 5370 2910 3580 
f 2789 3158 2131 
f 6906 269 3814 
f 845 6491 1589 
f 164 291 1046 
f 4090 5433 3308 
f 3893 5400 3889 
f 4874 5710 5707 
f 1367 5486 2180 
f 480 901 816 
f 1097 2709 3153 
f 1108 253 6495 
f 2127 1412 960 
f 5377 3704 1861 
f 470 2079 3418 
f 1661 2700 50 
f 127 126 338 
f 2017 692 1138 
f 7039 2752 1626 
f 4273 1990 5415 
f 6846 3782 6943 
f 5501 962 236 
f 901 480 6989 
f 2225 2161 4751 
f 1648 6880 2818 
f 5981 3301 3573 
f 48 47 116 
f 2945 4892 6965 
f 4682 4622 3363 
f 1652 561 337 
f 2157 2905 5121 
f 5262 5814 1126 
f 3771 2685 1445 
f 432 933 1144 
f 5931 5933 5950 
f 2386 1185 5894 
f 2112 4647 4457 
f 3439 3806 3440 
f 1429 362 4755 
f 34 3204 3297 
f 5042 5668 4421 
f 1056 5485 3035 
f 5602 712 2302 
f 1303 6388 6607 
f 4220 3786 2073 
f 3037 2732 2040 
f 5161 3248 5208 
f 1919 3100 657 
f 1037 5721 3236 
f 2412 6982 152 
f 4824 831 762 
f 563 4321 2521 
f 5300 5299 5850 
f 3553 779 1176 
f 5806 2698 663 
f 2734 2885 1271 
f 1367 6688 4891 
f 5834 6374 7071 
f 5735 3748 6980 
f 6807 4081 1773 
f 3839 2806 5642 
f 2466 6347 5894 
f 2200 1727 2367 
f 2911 5160 4631 
f 3481 2477 442 
f 4772 388 103 
f 391 4833 1468 
f 541 2711 3757 
f 4021 6032 4569 
f 6912 1584 1735 
f 1711 5921 5963 
f 5772 6165 4613 
f 4329 5621 4896 
f 1583 6458 5022 
f 4424 4870 4871 
f 2892 3837 4791 
f 1096 1018 1094 
f 6505 6500 1417 
f 3538 477 5919 
f 3902 4687 5082 
f 5740 2468 4501 
f 6369 5630 4569 
f 2012 5809 1920 
f 233 788 6885 
f 5295 6423 1828 
f 5203 3467 3468 
f 1311 683 5264 
f 5455 6545 1853 
f 1256 2126 618 
f 3423 6226 4894 
f 6752 2805 3033 
f 1706 5076 3512 
f 7134 4140 3344 
f 3105 2618 1882 
f 500 2647 1758 
f 6394 208 5848 
f 2089 3660 556 
f 1063 4255 322 
f 3010 1218 6340 
f 1329 4731 7026 
f 2406 3365 7111 
f 4202 4367 5367 
f 193 3741 940 
f 366 576 5002 
f 6290 4334 2745 
f 4855 1220 1804 
f 5 73 102 
f 6241 2394 5570 
f 772 1996 1994 
f 6742 1964 1406 
f 6140 4776 2384 
f 4022 5126 2321 
f 5866 5807 5861 
f 2000 1999 1394 
f 3346 3944 3152 
f 4732 5605 4026 
f 3585 5965 6118 
f 436 2102 1376 
f 692 79 55 
f 6016 5507 67 
f 1383 987 828 
f 1620 3323 2908 
f 5123 755 622 
f 652 1034 243 
f 5386 4473 6957 
f 4142 4148 295 
f 3425 3611 3612 
f 3019 428 5306 
f 7070 2112 6780 
f 1589 3173 6508 
f 3132 2205 2989 
f 4563 4034 240 
f 6959 6540 6751 
f 6503 5358 4912 
f 4198 4868 5684 
f 1146 512 607 
f 6884 4996 6900 
f 1857 1985 521 
f 6473 6249 1838 
f 6284 1259 5997 
f 4050 7128 7069 
f 2035 1929 2137 
f 3481 3234 7001 
f 6896 3875 1466 
f 2259 4476 1843 
f 1119 6631 6198 
f 5508 5435 6492 
f 2600 5276 127 
f 1724 178 641 
f 670 725 1102 
f 5646 2222 6797 
f 1647 2811 5308 
f 1852 1831 1255 
f 256 4209 6112 
f 4717 4268 1970 
f 6885 2029 233 
f 6443 6214 5146 
f 3080 7027 990 
f 6349 990 3757 
f 4391 3680 3679 
f 714 839 1323 
f 1096 1094 1133 
f 5061 5492 1468 
f 3127 4669 444 
f 5867 6200 1834 
f 4889 4812 5157 
f 3574 3122 5315 
f 2272 6033 6875 
f 1228 5376 2305 
f 5148 5292 1425 
f 1405 1306 1265 
f 2970 3380 4899 
f 4791 3837 3306 
f 5771 2204 3165 
f 6099 6100 2224 
f 2628 1718 1061 
f 1439 679 1398 
f 303 6899 3561 
f 2437 2652 6483 
f 6024 6023 6111 
f 2834 4041 1089 
f 442 5177 2943 
f 341 2104 3151 
f 412 570 519 
f 5322 5213 5302 
f 4239 3654 1709 
f 5956 5911 5910 
f 1293 6058 157 
f 4841 256 6112 
f 2318 1220 4855 
f 4759 6858 5794 
f 4231 6313 7067 
f 298 4490 6585 
f 4983 4663 4662 
f 5532 4144 4597 
f 5399 2319 2790 
f 6358 6285 1369 
f 621 982 674 
f 3162 2608 1278 
f 2977 2902 2826 
f 1266 4184 399 
f 2552 1609 1866 
f 3593 6562 6775 
f 6411 4762 5251 
f 2691 2441 5845 
f 1574 1735 1584 
f 4095 2577 5566 
f 1686 72 1763 
f 485 4936 5662 
f 8 3873 5886 
f 6339 653 3687 
f 1290 1253 1213 
f 1231 6041 647 
f 4090 1266 776 
f 5088 1234 5817 
f 5671 5111 6649 
f 3205 507 4273 
f 5153 6647 135 
f 4881 4848 4880 
f 1737 3994 5491 
f 3223 4562 4440 
f 2446 6641 2513 
f 4438 2292 1280 
f 5230 3824 6128 
f 5127 4981 4660 
f 212 213 2253 
f 3868 6991 1713 
f 4678 5781 5947 
f 344 1237 1282 
f 754 850 755 
f 4319 2882 1153 
f 251 6874 3804 
f 3174 2092 6500 
f 6033 4092 6875 
f 2253 1582 156 
f 4337 582 5760 
f 241 211 5977 
f 6719 6979 4172 
f 3555 4825 6982 
f 6103 1712 1845 
f 4001 5573 6104 
f 1037 6559 4784 
f 4825 5029 152 
f 847 2000 1394 
f 3212 1118 4074 
f 3979 6513 5078 
f 6082 652 2237 
f 2619 5768 1588 
f 6226 6790 5111 
f 1529 4080 1022 
f 3211 3012 4026 
f 2072 4553 4520 
f 1004 858 947 
f 339 5626 2215 
f 1764 6417 628 
f 3533 1178 2388 
f 6401 3001 2764 
f 5237 4279 4849 
f 3757 990 4381 
f 3436 4381 3262 
f 2964 2963 3055 
f 2833 867 2824 
f 5569 5404 5548 
f 6578 3935 6479 
f 315 3570 6265 
f 963 2349 4475 
f 6556 2270 75 
f 167 3686 2976 
f 6966 1531 2815 
f 5618 2039 6910 
f 541 448 2429 
f 3122 3574 7065 
f 2380 6188 5257 
f 234 7046 1688 
f 4771 2892 3835 
f 6135 5117 4640 
f 1762 2658 2972 
f 3683 3517 3563 
f 312 6385 1408 
f 4791 360 2479 
f 2479 3835 4791 
f 1904 3686 2385 
f 5550 640 3422 
f 2479 360 2737 
f 3272 6320 3672 
f 3396 370 1000 
f 1424 6105 1333 
f 6694 6792 4136 
f 466 463 645 
f 3322 4589 7101 
f 5817 1956 2737 
f 3357 3189 4596 
f 943 754 4168 
f 2161 5385 4751 
f 4728 1479 1031 
f 4530 1492 4057 
f 266 322 900 
f 5933 6684 5318 
f 3586 3459 1555 
f 4444 3530 6124 
f 1683 3851 5178 
f 3752 4323 605 
f 5233 3745 6101 
f 6793 2324 4578 
f 1048 6545 2517 
f 6424 6422 4258 
f 3977 3149 5624 
f 2374 4175 3077 
f 2121 790 1931 
f 711 3520 3993 
f 576 5107 2373 
f 3045 1666 795 
f 493 1544 4244 
f 361 271 519 
f 1471 4837 2592 
f 2319 5318 2790 
f 2417 5112 7099 
f 6841 5599 614 
f 6286 4733 1828 
f 576 2373 6341 
f 3562 1433 1010 
f 3655 2244 1079 
f 3420 552 4070 
f 4939 5673 1678 
f 772 126 1394 
f 1028 2531 1153 
f 4601 6617 2383 
f 2750 5607 1983 
f 6242 1480 6240 
f 4912 4598 2004 
f 3388 4491 336 
f 4477 5684 4868 
f 1051 6748 1131 
f 3326 2209 2932 
f 919 1058 6954 
f 5135 4668 4826 
f 2362 2032 3587 
f 2237 2250 6082 
f 4608 6144 3961 
f 7039 804 3940 
f 6847 1563 1567 
f 735 622 755 
f 156 120 211 
f 6908 1829 4909 
f 2375 847 1394 
f 799 4403 6333 
f 683 6399 1414 
f 5435 6215 6539 
f 1643 191 3920 
f 6595 2545 5568 
f 1637 1315 1277 
f 2100 3850 5531 
f 6608 1811 2707 
f 2304 5888 5697 
f 7000 2949 280 
f 6425 3862 96 
f 6559 3555 1453 
f 3503 6065 3893 
f 916 767 698 
f 5381 6344 5026 
f 562 1510 6169 
f 2743 470 5874 
f 2290 2618 5942 
f 340 5025 2035 
f 1641 1571 4027 
f 6925 4657 628 
f 6593 4139 5902 
f 4074 6917 3212 
f 2908 3323 3486 
f 3262 4381 7027 
f 3393 5141 6961 
f 7124 4224 5542 
f 3916 158 4432 
f 5147 5731 5706 
f 2212 15 246 
f 6900 1107 1162 
f 5830 942 2761 
f 2443 4698 5005 
f 3087 2947 2907 
f 1268 577 4720 
f 561 1652 6139 
f 6363 6186 4564 
f 98 3124 3579 
f 2085 1010 1031 
f 3552 5582 6876 
f 6231 975 3230 
f 3423 970 6512 
f 1204 6363 4514 
f 7070 1582 6945 
f 817 370 2161 
f 1761 892 857 
f 1194 6377 6151 
f 6220 2674 6253 
f 786 4607 189 
f 4734 337 2833 
f 3607 154 5166 
f 5941 6035 5963 
f 3210 4665 1865 
f 4974 6390 2915 
f 4937 484 3043 
f 1995 2045 2710 
f 2511 6525 471 
f 4466 4250 564 
f 4625 6399 1950 
f 4378 4318 291 
f 6752 7065 1129 
f 6699 2226 3056 
f 2747 2868 1024 
f 2857 2742 6168 
f 4292 6169 5991 
f 3585 5310 5243 
f 4491 5795 336 
f 1531 6389 708 
f 5920 3065 5266 
f 2480 4055 1355 
f 1819 293 7015 
f 4915 693 585 
f 2228 1483 142 
f 5497 5881 6043 
f 4244 2490 5662 
f 2605 5527 235 
f 870 705 6697 
f 4733 4552 4433 
f 337 3155 2833 
f 1042 2301 6734 
f 1928 2049 1163 
f 6997 402 172 
f 1144 1237 344 
f 2062 6797 5923 
f 5973 4230 1839 
f 4705 5901 4543 
f 4564 2879 3470 
f 3188 2333 5990 
f 1355 477 2480 
f 2221 2796 855 
f 6202 1675 1371 
f 1671 5863 1681 
f 1168 1430 2305 
f 836 4499 639 
f 2649 5115 2762 
f 7030 6619 6010 
f 780 841 1607 
f 2892 1560 1655 
f 5827 5984 5688 
f 6035 6070 6328 
f 509 3539 5144 
f 967 1090 355 
f 405 4504 78 
f 6563 4621 1820 
f 2217 6654 6419 
f 856 1033 947 
f 3555 1037 4825 
f 2032 6847 3587 
f 4863 5016 5129 
f 1716 1722 5682 
f 149 410 1180 
f 6642 3407 5234 
f 6082 2250 1134 
f 4421 5050 4949 
f 7091 989 4127 
f 3626 6245 4300 
f 1267 1307 1193 
f 5788 5787 921 
f 2893 698 749 
f 262 85 3600 
f 5389 5241 5346 
f 565 5774 228 
f 604 606 1585 
f 6222 6253 6254 
f 5671 3458 6526 
f 2200 2201 1729 
f 2246 98 430 
f 7109 1115 336 
f 2 1985 3829 
f 1678 3392 529 
f 1787 3686 2216 
f 1398 1437 1439 
f 572 4860 5757 
f 6365 3594 1877 
f 706 2793 707 
f 2029 1072 5088 
f 6427 7051 3980 
f 971 598 768 
f 2523 3587 2352 
f 2523 2858 2362 
f 5802 4740 4287 
f 676 1458 2109 
f 3745 1891 6101 
f 4184 1097 4094 
f 762 395 3676 
f 3256 4319 6916 
f 3547 3143 5917 
f 1386 1310 1351 
f 245 570 412 
f 3077 1680 4920 
f 2406 1927 328 
f 1950 6399 683 
f 1613 7136 1575 
f 4731 641 6330 
f 4746 4921 4629 
f 6205 3691 2597 
f 6802 2478 6014 
f 2959 6387 4466 
f 1756 1943 209 
f 5850 6004 6131 
f 2245 4559 4558 
f 3559 1417 2092 
f 1356 6422 5197 
f 2334 5669 753 
f 4758 2563 2616 
f 1638 6596 3071 
f 1035 1609 2145 
f 888 5155 5928 
f 3358 2065 843 
f 2395 3969 3207 
f 4433 4796 1828 
f 6651 6850 4389 
f 38 87 11 
f 3935 4910 4544 
f 2088 3187 3841 
f 578 1060 966 
f 6040 3920 191 
f 664 3366 721 
f 2185 6300 5849 
f 7145 873 6939 
f 3362 1977 4756 
f 1033 1230 947 
f 3369 6541 261 
f 3033 3179 5403 
f 290 287 5680 
f 7035 4463 307 
f 1127 2424 1322 
f 1134 3551 936 
f 1134 2250 6022 
f 1559 7103 4540 
f 1994 6182 469 
f 6522 6082 1134 
f 5103 1892 936 
f 4766 3911 3799 
f 3479 6334 924 
f 26 4196 2271 
f 6347 193 2386 
f 6468 2731 244 
f 6517 3499 2893 
f 938 2749 879 
f 2613 830 956 
f 5169 3142 4914 
f 3551 5103 936 
f 1913 6095 5535 
f 3302 5442 5460 
f 5508 2435 608 
f 3028 1141 3890 
f 1258 175 3789 
f 1817 5263 5336 
f 2668 3296 4863 
f 2123 2387 1926 
f 181 4158 89 
f 1981 5592 6743 
f 3287 4426 2377 
f 6056 3653 1913 
f 760 2020 6389 
f 407 5239 5130 
f 2673 3945 6140 
f 6962 5823 2565 
f 580 5459 3568 
f 4813 6198 2723 
f 4199 1321 316 
f 3202 4816 2879 
f 103 6546 6338 
f 945 602 2202 
f 1836 1835 1744 
f 768 671 1072 
f 768 598 671 
f 1143 5867 6665 
f 5237 1061 6488 
f 5442 5418 5460 
f 2874 1126 217 
f 1206 1207 1137 
f 5283 2156 6123 
f 1430 1228 2305 
f 1298 5373 3660 
f 5006 473 77 
f 6261 5862 1875 
f 2415 3549 6264 
f 3499 4712 2893 
f 1069 1733 429 
f 2779 3275 7080 
f 4294 3670 6749 
f 2098 3903 6391 
f 1095 4565 878 
f 786 189 2680 
f 6829 3656 2196 
f 3620 3107 1719 
f 3450 5620 1698 
f 189 5259 333 
f 1640 679 142 
f 795 794 911 
f 6138 3969 4318 
f 4334 453 4515 
f 245 412 569 
f 6497 7077 2338 
f 2544 3266 3057 
f 614 5599 616 
f 415 3764 4229 
f 848 2535 2528 
f 6985 3627 4152 
f 1144 344 432 
f 981 731 930 
f 2954 4087 5095 
f 3629 1616 1680 
f 5591 1161 5916 
f 4378 6604 7016 
f 280 694 6809 
f 3286 6809 304 
f 6570 731 981 
f 288 184 1488 
f 2352 3587 1894 
f 4838 4835 5343 
f 2768 2770 5364 
f 402 200 172 
f 6646 1697 3126 
f 612 6841 614 
f 2467 7096 7024 
f 2821 1489 5106 
f 4829 4668 5137 
f 6809 694 304 
f 5726 2886 4068 
f 2250 3235 6022 
f 6119 3884 5783 
f 5761 7108 6149 
f 2011 2006 2052 
f 6694 1620 583 
f 2858 2523 2856 
f 4775 1638 4377 
f 856 735 850 
f 5379 255 1930 
f 5555 5637 52 
f 6425 2740 3890 
f 947 858 856 
f 1402 1110 4242 
f 3229 3467 140 
f 1312 2751 3123 
f 539 6626 6086 
f 5123 5273 755 
f 5506 4147 2390 
f 782 351 780 
f 5598 7145 6583 
f 972 1466 2580 
f 2176 6304 862 
f 6175 5946 6522 
f 2987 937 5131 
f 2457 2246 6438 
f 652 435 377 
f 1117 1149 6925 
f 5954 6030 2447 
f 6987 1051 5768 
f 3248 6658 4261 
f 5201 3836 6870 
f 6481 6418 5470 
f 3397 6438 2952 
f 1774 3270 3942 
f 7013 2359 2316 
f 4782 5612 4776 
f 805 3165 2204 
f 4946 6688 1227 
f 794 2680 333 
f 173 35 172 
f 1408 451 221 
f 794 978 4371 
f 2651 3474 582 
f 4646 2015 4957 
f 6380 3284 3283 
f 773 2116 2794 
f 67 6358 6016 
f 1601 7121 5186 
f 5182 1784 6948 
f 2817 6627 4664 
f 5202 5398 5184 
f 1974 1138 692 
f 1432 5055 2184 
f 6308 1752 2849 
f 812 7110 2777 
f 4231 4768 6313 
f 5463 5534 6470 
f 1508 2146 1110 
f 5376 1247 5361 
f 2599 1475 2591 
f 4685 6129 3732 
f 3106 2269 2135 
f 4886 1540 133 
f 1102 1371 2130 
f 6681 5967 2072 
f 4836 4839 4679 
f 4033 5419 3411 
f 2022 1996 1999 
f 3860 6813 4028 
f 4211 3448 1511 
f 6557 6671 5167 
f 3688 3876 1047 
f 4869 389 1440 
f 535 5716 5617 
f 290 212 287 
f 4965 6954 1058 
f 6657 6121 5354 
f 729 689 649 
f 622 735 623 
f 4845 1706 3512 
f 1586 1006 5784 
f 759 735 856 
f 2448 1011 1504 
f 4600 2887 6360 
f 6982 2412 8 
f 1205 2655 2958 
f 2051 3205 5525 
f 6865 3054 2132 
f 733 1814 1455 
f 2703 3263 5594 
f 4675 4777 6711 
f 6277 6408 6279 
f 1305 6352 2158 
f 6504 1087 6240 
f 4762 1696 6871 
f 2249 375 749 
f 4107 3476 353 
f 5716 2433 5617 
f 6388 1044 1111 
f 4608 3961 3788 
f 695 1074 1043 
f 2771 3100 3011 
f 468 4969 6706 
f 6036 5618 774 
f 814 1004 695 
f 4989 1624 4884 
f 1083 5668 5042 
f 6752 1129 5729 
f 4863 5198 2952 
f 4558 6426 2245 
f 6461 4664 4108 
f 7112 2262 1743 
f 602 6433 3408 
f 5381 6805 6344 
f 862 2356 5312 
f 4945 4947 2829 
f 1731 2861 2818 
f 2224 5565 1121 
f 2174 233 610 
f 2432 1411 5406 
f 1185 409 1869 
f 5264 5546 1311 
f 788 233 2174 
f 902 1388 4824 
f 4771 5146 6214 
f 902 758 3631 
f 3302 3136 3303 
f 4824 758 902 
f 2537 2535 2898 
f 6863 1956 1234 
f 1607 3724 782 
f 1207 1206 1251 
f 1584 1581 1613 
f 1133 6543 1206 
f 1282 1840 344 
f 320 332 407 
f 6585 4490 1380 
f 6855 4995 3186 
f 1879 1788 1790 
f 221 3351 2628 
f 5480 6909 1698 
f 786 1137 4607 
f 3232 3895 3751 
f 4900 4 5086 
f 4032 81 3369 
f 795 1666 745 
f 1096 882 1018 
f 6368 5574 6509 
f 1062 2668 4863 
f 2137 4964 4605 
f 5795 1449 5270 
f 3014 369 640 
f 3046 6267 5665 
f 6065 4702 4703 
f 4047 7111 259 
f 5643 3502 923 
f 2901 3315 141 
f 6892 6890 6037 
f 2061 5554 4158 
f 4792 6543 81 
f 3512 4324 4845 
f 298 4803 4322 
f 3991 2948 5979 
f 5271 2291 3760 
f 4528 5336 6842 
f 6578 6479 2377 
f 4686 6346 62 
f 4067 6371 2506 
f 1240 6913 2276 
f 5494 6227 3509 
f 1730 6426 3549 
f 4536 6688 1175 
f 4677 190 5470 
f 2585 2219 2230 
f 4857 1353 4046 
f 6890 6892 6629 
f 5535 5337 6157 
f 2634 6785 3674 
f 287 241 5680 
f 34 3297 2447 
f 5720 5147 1295 
f 2830 4179 4010 
f 965 788 6941 
f 5407 5123 622 
f 3481 3238 3234 
f 6472 558 3912 
f 21 2117 6649 
f 212 211 287 
f 4318 2395 3387 
f 3692 7115 4974 
f 1153 595 4319 
f 5386 288 2156 
f 5342 2518 1311 
f 5563 3578 2780 
f 858 759 856 
f 5388 5267 3249 
f 435 759 739 
f 5001 6340 5524 
f 3136 5503 5526 
f 986 1694 2723 
f 3372 3314 1704 
f 5492 4682 1825 
f 4148 4142 1938 
f 6678 4008 6213 
f 1059 1802 7129 
f 3490 3679 3680 
f 1104 1413 2030 
f 2748 510 3511 
f 5297 4116 648 
f 6405 4375 234 
f 1434 531 1286 
f 5916 678 676 
f 7013 2316 7085 
f 894 3096 6178 
f 3926 2175 3746 
f 2405 2416 771 
f 4956 1720 2929 
f 3725 5291 1060 
f 6308 5582 5999 
f 3461 6054 787 
f 6434 2617 3734 
f 664 1627 3366 
f 3404 1441 2440 
f 7049 873 2012 
f 3670 4294 223 
f 5213 2959 6366 
f 4293 1737 6416 
f 2233 3185 2330 
f 6304 2356 862 
f 1133 1206 1096 
f 1137 971 1096 
f 3064 1207 1273 
f 6554 6189 2676 
f 3028 3388 1141 
f 3479 1667 6334 
f 5485 1056 6174 
f 911 5855 3045 
f 977 6159 1792 
f 3318 3226 1826 
f 4649 883 2670 
f 2920 5353 3893 
f 3144 2368 1190 
f 6115 2478 5514 
f 3263 7044 4047 
f 4620 6586 6558 
f 6635 6259 2425 
f 4323 4730 605 
f 4093 2239 7096 
f 2270 2498 2867 
f 6816 6656 4472 
f 2279 4599 1908 
f 1374 4199 1874 
f 872 4332 2744 
f 4535 3999 3806 
f 24 61 2610 
f 2636 688 2037 
f 7098 1744 3264 
f 5371 1481 2784 
f 5179 6281 6282 
f 458 4329 4896 
f 5436 6591 2800 
f 2799 2722 2847 
f 5402 1692 5987 
f 6366 4250 1742 
f 856 850 1030 
f 5556 3778 1116 
f 709 7000 4634 
f 5051 550 2052 
f 2923 3032 4925 
f 4990 6396 1325 
f 3340 7079 7082 
f 227 2658 4313 
f 1232 6242 5094 
f 6981 7048 2138 
f 1700 964 4914 
f 2210 144 3094 
f 3740 3129 1073 
f 6521 5782 2542 
f 560 5117 6135 
f 5696 3986 5517 
f 2114 3941 765 
f 5787 277 2366 
f 3211 4026 5605 
f 1727 1726 2032 
f 377 814 627 
f 557 1983 2363 
f 3757 588 541 
f 6631 986 6198 
f 4830 1258 1241 
f 536 3973 4716 
f 4745 991 3370 
f 4401 3081 5194 
f 5264 1414 6827 
f 5382 5322 5302 
f 1284 4811 33 
f 1597 3286 1860 
f 7000 727 820 
f 530 1120 130 
f 460 3194 2821 
f 3879 5792 5114 
f 1581 1591 6425 
f 406 968 2615 
f 2299 2173 6665 
f 1755 2046 6425 
f 248 734 1967 
f 4120 3780 931 
f 5253 6150 4155 
f 4042 133 7060 
f 5301 6949 5994 
f 2264 2001 2003 
f 5817 3972 5088 
f 1096 768 882 
f 817 6546 103 
f 3542 1672 6345 
f 971 768 1096 
f 3962 1467 2152 
f 5428 5862 5311 
f 972 2069 1399 
f 2570 1802 1036 
f 4680 4574 4482 
f 475 74 5188 
f 4406 868 1273 
f 651 3912 123 
f 2511 471 333 
f 720 2615 968 
f 6069 6946 1401 
f 4884 4185 3550 
f 1337 2838 3922 
f 4490 985 1380 
f 1613 1581 2258 
f 215 93 1510 
f 6602 1746 1789 
f 6051 4868 4621 
f 6529 3992 430 
f 3537 246 2142 
f 6336 6362 237 
f 6909 4144 5532 
f 2415 1287 1357 
f 2269 2462 2135 
f 949 1961 5368 
f 5845 2343 2430 
f 5903 6645 6616 
f 6080 2294 1702 
f 6317 7098 3508 
f 6542 1058 6187 
f 2230 2599 2591 
f 6588 4703 4046 
f 6579 1103 5821 
f 5327 2496 5170 
f 6285 5212 1369 
f 4250 3113 1742 
f 1444 1401 6946 
f 2739 4099 6194 
f 3799 6163 4766 
f 3000 1525 167 
f 4091 2515 4741 
f 1209 1211 1474 
f 4001 3876 5888 
f 1819 1230 1033 
f 6246 6248 3564 
f 3301 2786 1570 
f 3421 421 424 
f 3663 5412 1231 
f 3860 4028 2452 
f 3124 3548 1516 
f 1148 955 1043 
f 3649 1916 1710 
f 2116 5298 4786 
f 4049 3640 29 
f 620 4774 1049 
f 3216 3425 3381 
f 4623 1538 4431 
f 5774 452 226 
f 1592 2380 2690 
f 1391 1315 1275 
f 695 1004 1007 
f 6192 3536 1842 
f 1012 955 1148 
f 3411 2136 4033 
f 7075 3330 3550 
f 2703 2983 7045 
f 3733 5465 6952 
f 5145 5284 1279 
f 4515 2675 4334 
f 168 6040 5505 
f 2243 1319 826 
f 827 955 1012 
f 2508 4664 6627 
f 6217 1711 6077 
f 4586 3888 3889 
f 4732 2309 2960 
f 424 421 5516 
f 1316 33 1277 
f 1018 882 965 
f 5909 632 1234 
f 899 619 702 
f 5355 5091 1853 
f 6944 6055 5767 
f 3141 4458 2028 
f 1525 3000 14 
f 5206 7018 4648 
f 683 2650 1950 
f 5538 1770 6746 
f 4371 911 794 
f 6404 6668 6276 
f 4511 3915 3850 
f 479 3373 6452 
f 1113 2511 5259 
f 3703 603 1464 
f 239 276 1885 
f 1619 820 3315 
f 2281 2866 4017 
f 1695 1947 1042 
f 1684 318 1299 
f 4626 1318 6460 
f 1569 1943 4169 
f 3462 716 5764 
f 1965 2273 2462 
f 5212 13 1369 
f 5134 5493 6091 
f 2504 1502 6620 
f 6898 3645 1235 
f 1498 5257 6017 
f 3764 6321 4229 
f 7130 3191 1941 
f 4488 6573 3510 
f 405 6358 18 
f 4096 1464 2332 
f 4856 6262 6699 
f 4449 3345 1612 
f 6590 6949 4368 
f 3269 3060 3464 
f 3364 866 5462 
f 2942 5101 1157 
f 5764 1769 2095 
f 6923 1506 1708 
f 2324 6793 2646 
f 1033 856 1030 
f 575 982 621 
f 5677 5274 5272 
f 6686 6422 1356 
f 5221 6324 6010 
f 5805 1033 1030 
f 1009 712 1456 
f 858 1004 814 
f 7101 4589 6967 
f 638 4678 1842 
f 6274 1589 6491 
f 152 2687 2412 
f 2344 634 6162 
f 4950 6281 5250 
f 3823 3772 3859 
f 4573 240 3664 
f 1196 1012 1148 
f 3423 6233 6226 
f 4767 3333 2743 
f 2432 3052 2234 
f 1459 1457 1518 
f 6665 6018 6431 
f 2952 1062 4863 
f 6748 6987 2023 
f 1404 5499 7137 
f 113 5026 4684 
f 2602 4522 1233 
f 5201 998 3836 
f 1277 1012 1637 
f 4066 4790 4794 
f 6728 3107 3620 
f 4225 5232 1327 
f 2738 3642 2935 
f 939 6067 456 
f 1181 762 3676 
f 2956 2848 2955 
f 2804 2549 4558 
f 2900 2141 4811 
f 786 463 971 
f 3369 902 3631 
f 3303 4130 2460 
f 6067 6155 1518 
f 3778 5210 822 
f 786 971 1137 
f 2503 4202 5367 
f 430 6438 2246 
f 1906 6912 1735 
f 2939 4587 963 
f 6587 6239 217 
f 864 6094 6297 
f 4640 5877 4729 
f 4475 1025 1057 
f 1126 6741 5262 
f 2033 3118 6467 
f 3442 3359 4387 
f 1935 5129 5016 
f 981 930 2126 
f 6783 501 1723 
f 1204 2514 4590 
f 5554 5987 2626 
f 5815 597 1001 
f 5037 5324 4748 
f 1632 2197 1691 
f 1130 5966 4462 
f 6755 1954 6801 
f 248 5340 3164 
f 5818 4776 5612 
f 2193 248 3164 
f 5000 1475 2599 
f 7022 7071 6509 
f 6561 1482 3017 
f 4718 3025 264 
f 2552 1905 1868 
f 4142 5240 2189 
f 5225 1022 3456 
f 4886 133 6507 
f 2623 5008 5914 
f 3309 1960 4505 
f 1633 785 4701 
f 5948 2862 1621 
f 6628 90 2235 
f 5805 943 2659 
f 4557 2277 4636 
f 3404 1976 1441 
f 2662 3734 6519 
f 1958 660 327 
f 2988 6552 1378 
f 7049 6838 6939 
f 5351 1032 6455 
f 7073 6003 2699 
f 6304 5531 2356 
f 3088 5954 6532 
f 1272 1242 1195 
f 2443 6468 3983 
f 4896 5621 4534 
f 1304 1230 1819 
f 2583 5277 5634 
f 627 2687 2237 
f 1265 1230 1304 
f 4837 4832 5949 
f 1530 6902 4766 
f 6726 6868 5903 
f 6750 2801 1283 
f 3784 2027 903 
f 3896 425 4652 
f 7099 4226 301 
f 410 149 1208 
f 698 2893 5886 
f 562 2276 6913 
f 5700 3766 3767 
f 4814 3699 4886 
f 4910 5038 4544 
f 5341 3164 5340 
f 2611 3466 3409 
f 1300 4712 6595 
f 1720 7126 1233 
f 7126 2602 1233 
f 1720 1233 5776 
f 597 6755 1001 
f 6646 281 28 
f 6489 6486 6731 
f 3025 459 2668 
f 182 6490 5034 
f 4720 577 2023 
f 1414 1555 6827 
f 5499 7057 4522 
f 7040 1995 3761 
f 861 6072 688 
f 6969 4948 4963 
f 1745 1737 5491 
f 1530 1561 5307 
f 1560 3428 1655 
f 81 2706 4792 
f 46 44 2905 
f 1388 1094 965 
f 3777 6648 1023 
f 3014 1934 369 
f 4607 1207 3064 
f 6357 4511 1933 
f 3529 3459 1309 
f 399 4184 3849 
f 4947 5769 1164 
f 5651 529 784 
f 1717 4640 1570 
f 228 2566 2298 
f 5665 3422 640 
f 3269 3464 3437 
f 685 6260 3970 
f 4852 4599 3285 
f 3159 2090 6760 
f 2701 3600 5355 
f 6351 3250 3863 
f 6044 478 6327 
f 1974 51 5863 
f 6744 5289 1893 
f 986 4496 1694 
f 3409 4180 677 
f 3535 3575 3576 
f 1934 1798 5033 
f 2857 2816 2964 
f 587 1616 6859 
f 2583 3797 5277 
f 4496 4350 56 
f 5250 1375 3831 
f 5672 5677 4778 
f 1905 2606 1528 
f 6784 1168 4975 
f 495 3850 2026 
f 5945 1246 1986 
f 2317 286 6532 
f 2132 3054 5844 
f 3090 297 872 
f 3473 6429 6394 
f 50 5601 1661 
f 993 2159 6307 
f 4195 4876 4076 
f 532 3708 6314 
f 1549 1070 6883 
f 435 739 377 
f 6957 4473 3383 
f 1030 943 5805 
f 821 4003 378 
f 850 754 943 
f 6859 5940 1287 
f 1695 6493 6354 
f 946 3486 196 
f 4765 1949 4166 
f 1995 7040 2379 
f 905 5527 3252 
f 1637 1196 1275 
f 2653 6840 5035 
f 6253 6275 6254 
f 182 4225 2241 
f 3183 2669 5226 
f 5771 6447 2204 
f 1440 7063 4869 
f 3077 3547 1019 
f 1456 5602 3735 
f 1832 3209 3226 
f 5802 2204 4740 
f 1417 3559 2449 
f 4977 84 4190 
f 4088 764 6938 
f 3785 731 6570 
f 2428 3716 179 
f 6386 4464 6384 
f 4019 3879 3783 
f 2345 283 2612 
f 6392 3364 1963 
f 1088 2912 4764 
f 4598 4683 2561 
f 660 1406 6173 
f 5838 5858 5880 
f 3364 7136 5056 
f 2672 2773 334 
f 1589 6508 4603 
f 3499 459 3025 
f 83 7139 6469 
f 1705 6639 4401 
f 4371 5855 911 
f 6302 6258 6359 
f 4764 2912 1750 
f 1996 162 1994 
f 996 218 2499 
f 1831 1653 1255 
f 1447 644 3394 
f 522 2371 3949 
f 5879 705 870 
f 2576 5410 1886 
f 2310 992 4096 
f 4570 4014 4009 
f 6974 6975 1927 
f 5712 5086 4 
f 1861 628 4657 
f 4860 5120 3153 
f 6593 5902 2708 
f 4025 1865 3367 
f 7060 2586 4042 
f 3024 3980 3227 
f 6119 1608 3852 
f 6964 1496 5610 
f 5112 2417 6213 
f 5488 7132 1522 
f 2810 3728 5707 
f 2188 2082 4347 
f 2178 2614 6021 
f 3705 763 4182 
f 2846 1161 3936 
f 4212 5095 5573 
f 578 966 5413 
f 4777 2027 3784 
f 4343 4344 2716 
f 443 4890 4891 
f 4468 3500 1829 
f 6366 564 4250 
f 5628 5770 5266 
f 4203 6074 4432 
f 6792 6502 7146 
f 3884 315 6265 
f 3345 4449 5475 
f 4230 2289 6783 
f 535 6749 5716 
f 748 6462 3568 
f 5827 5552 5825 
f 3458 4620 6526 
f 4058 1982 6771 
f 3560 190 5719 
f 4858 5216 5518 
f 1691 2062 6563 
f 1267 1189 1306 
f 1267 1004 1189 
f 5155 2121 1931 
f 3255 3314 3288 
f 5953 6648 6779 
f 2178 4124 1135 
f 1030 850 943 
f 3803 3806 3619 
f 3724 1763 1803 
f 786 645 463 
f 3873 8 2412 
f 1193 1074 1267 
f 2854 3783 4275 
f 3262 4501 3436 
f 2539 427 1817 
f 1148 1043 1195 
f 4199 316 1874 
f 7016 1724 4378 
f 1267 1007 1004 
f 954 443 6028 
f 5583 6533 4506 
f 4573 3989 4706 
f 7067 4443 4231 
f 1580 7009 1758 
f 6803 510 2748 
f 5422 6910 2039 
f 1277 33 1045 
f 1436 1985 2 
f 7052 6506 387 
f 2642 1870 2831 
f 1284 1393 7121 
f 2601 711 3993 
f 7018 6953 7087 
f 5152 5300 6692 
f 2430 2332 5845 
f 802 3116 801 
f 7057 2619 4522 
f 5940 6785 5295 
f 5908 5553 5956 
f 1129 7006 3565 
f 2824 867 2082 
f 6362 6383 3964 
f 2737 1715 4383 
f 6752 5907 2805 
f 5827 5688 5552 
f 3586 1309 3459 
f 76 681 565 
f 2463 86 3396 
f 4149 6888 6937 
f 3768 3766 5700 
f 372 2262 3720 
f 1935 1407 389 
f 2638 3925 6992 
f 6735 6636 6634 
f 5580 4853 4009 
f 2429 445 444 
f 2838 2129 4614 
f 5606 1677 2714 
f 2218 3062 2254 
f 4047 6974 7111 
f 2423 2424 5093 
f 5947 2758 5832 
f 127 5276 843 
f 1603 1533 1571 
f 2130 1675 6451 
f 4359 4191 4524 
f 3266 3464 2855 
f 90 2524 5767 
f 1199 4316 4151 
f 6041 1231 5412 
f 5299 2378 6004 
f 4479 6075 2289 
f 3785 3549 2933 
f 6591 5436 2924 
f 5959 1029 3149 
f 2254 3062 1035 
f 4754 4598 132 
f 6463 6606 4041 
f 2600 1883 2274 
f 1736 2651 1403 
f 5876 2484 6709 
f 1569 680 209 
f 4596 2206 1874 
f 6425 2046 2740 
f 4635 4402 4320 
f 1699 1879 2057 
f 5129 4637 5907 
f 5200 5148 3023 
f 2429 187 445 
f 5019 3558 4951 
f 483 5796 1950 
f 1230 1189 947 
f 6842 3291 2481 
f 4886 3699 1540 
f 2823 5983 2614 
f 739 858 814 
f 7 6 2124 
f 5581 6767 6876 
f 3367 538 2659 
f 8 6824 6982 
f 6824 3555 6982 
f 3873 2412 916 
f 1419 1315 1391 
f 5949 5860 4837 
f 2460 3140 3303 
f 1275 1210 1391 
f 638 1471 2592 
f 4068 7005 4216 
f 1862 5374 3982 
f 6645 5903 6624 
f 5255 4112 6876 
f 3413 6395 6432 
f 4140 7134 1590 
f 5424 4774 620 
f 1045 1012 1277 
f 3334 870 6697 
f 1825 6605 4911 
f 4281 1838 3175 
f 2601 2929 5565 
f 5499 4522 2602 
f 286 6252 6036 
f 3734 3809 1017 
f 926 4413 6757 
f 596 1112 4029 
f 5779 5800 5803 
f 1181 4032 3631 
f 1573 964 1700 
f 2151 1263 6437 
f 1471 1122 6531 
f 1188 2984 1201 
f 4788 196 6044 
f 6243 5517 6301 
f 6584 6684 6534 
f 3036 3016 454 
f 6313 7026 1728 
f 7024 7097 6961 
f 989 5200 6436 
f 1585 3394 644 
f 592 3229 140 
f 4216 7005 927 
f 5800 5751 5816 
f 3651 6088 2114 
f 4892 91 1903 
f 2384 2431 2010 
f 4917 6448 4572 
f 1699 110 1879 
f 4423 4424 1494 
f 1133 1094 261 
f 3266 2991 3464 
f 5941 5939 6035 
f 25 1706 2588 
f 4974 2915 3692 
f 5036 2439 6877 
f 6848 4675 1203 
f 2630 2662 6519 
f 6415 1245 5869 
f 267 1768 6202 
f 1212 3571 1289 
f 4523 2049 4192 
f 3229 592 5108 
f 3210 6698 3417 
f 871 6934 670 
f 3216 3611 3425 
f 5472 2057 2231 
f 5513 1583 5022 
f 2011 5094 6678 
f 208 6394 6409 
f 3440 192 1553 
f 555 2220 1248 
f 2310 4096 2502 
f 3 1965 849 
f 2111 5938 3357 
f 2563 2303 2616 
f 2709 6325 3153 
f 4328 3991 2313 
f 650 571 6025 
f 3762 874 355 
f 3439 3619 3806 
f 3880 4491 572 
f 3359 4063 813 
f 890 2663 396 
f 886 1233 4522 
f 2962 6296 3331 
f 3110 4581 6511 
f 4913 4455 4459 
f 1331 285 3222 
f 2264 6272 2001 
f 499 4549 5186 
f 5645 7116 3763 
f 442 2633 3238 
f 3878 6934 871 
f 2575 1402 2516 
f 2867 2244 2290 
f 4996 440 3429 
f 1646 3020 3830 
f 3092 2319 2318 
f 3092 5318 2319 
f 3500 1968 1829 
f 1272 1074 1193 
f 5727 2974 2019 
f 3075 6813 5305 
f 90 6628 121 
f 2389 6797 1691 
f 880 2879 6186 
f 2993 299 6687 
f 3702 5396 5545 
f 1597 6809 3286 
f 1453 3579 1516 
f 1141 3862 3890 
f 5371 404 5369 
f 1195 1242 1196 
f 3282 4698 2081 
f 5252 5053 4625 
f 1857 2927 3003 
f 1322 2424 3692 
f 3644 2876 4065 
f 1148 1195 1196 
f 2602 7063 7137 
f 33 6748 1045 
f 1392 1250 3742 
f 6969 5366 3278 
f 2741 5254 7131 
f 577 1045 6748 
f 2101 2343 2441 
f 1432 923 3633 
f 7071 5141 5995 
f 5372 1514 636 
f 3928 2864 2886 
f 4112 4030 951 
f 363 6722 6695 
f 2929 5776 1121 
f 1256 2128 2126 
f 1076 2261 5659 
f 3695 2753 2277 
f 2242 247 4485 
f 4164 957 7118 
f 6512 6233 3423 
f 514 1158 5275 
f 6611 5201 6870 
f 2881 991 5828 
f 609 1854 5841 
f 2228 2961 4500 
f 3495 3904 299 
f 3184 5053 868 
f 3529 4406 4792 
f 2005 327 5775 
f 1806 3809 5847 
f 1161 678 5916 
f 2697 7034 7029 
f 4475 3249 5918 
f 5350 3656 6829 
f 4120 6782 4119 
f 5426 5839 5840 
f 5096 5325 5097 
f 4257 6369 7103 
f 2367 2032 2362 
f 2644 249 4274 
f 6854 323 4604 
f 3502 3942 3437 
f 3587 2523 2362 
f 260 2544 2140 
f 3221 4724 1981 
f 2086 350 3597 
f 4535 4679 4205 
f 5177 1504 1011 
f 4205 3999 4535 
f 4231 3530 4803 
f 77 6167 2966 
f 3907 6826 5794 
f 2275 4456 2830 
f 2743 3333 1936 
f 4109 2074 6292 
f 993 234 2159 
f 2865 6640 6432 
f 6929 3953 3519 
f 2030 4150 5244 
f 4284 1988 6906 
f 2774 5233 386 
f 2837 80 3884 
f 494 6021 2048 
f 4281 3019 1838 
f 4142 295 828 
f 1867 1842 37 
f 5145 689 5284 
f 3943 5616 5614 
f 6563 1820 1632 
f 3881 3675 3749 
f 2207 2377 4426 
f 4198 2701 4612 
f 7046 526 1221 
f 2657 1403 2651 
f 1839 4801 5973 
f 6271 5985 5984 
f 6541 6543 1133 
f 5103 3758 6739 
f 4850 4399 3795 
f 315 3884 80 
f 7016 245 178 
f 2091 2802 5775 
f 4702 6065 6172 
f 4348 4235 5999 
f 4566 2895 675 
f 1930 5482 5171 
f 259 7043 3973 
f 5597 5682 6199 
f 4439 2044 3533 
f 1168 6625 1430 
f 5611 5714 2761 
f 3840 3713 3802 
f 6845 3789 3608 
f 6252 286 2317 
f 293 5805 2659 
f 1272 1193 1239 
f 806 121 6628 
f 5105 6299 3125 
f 1518 2913 1459 
f 4016 2811 1647 
f 1195 1043 1074 
f 4737 4185 5280 
f 3590 893 4386 
f 693 3483 1136 
f 394 393 2807 
f 33 1131 6748 
f 7083 2557 3962 
f 459 3296 2668 
f 1330 3030 3244 
f 1877 3594 5856 
f 2761 5714 5830 
f 2072 5967 4516 
f 3244 3440 1553 
f 5671 6649 2117 
f 1410 5314 1078 
f 2601 5970 5529 
f 6569 6986 6988 
f 565 1618 5774 
f 2804 4559 5054 
f 6597 2961 2734 
f 1520 4169 1158 
f 6922 5226 760 
f 456 6600 939 
f 3716 2428 2042 
f 758 762 1181 
f 4916 2122 4902 
f 4607 2331 189 
f 639 946 4284 
f 840 2540 791 
f 2712 6814 3420 
f 2441 2370 2369 
f 2138 7048 4968 
f 3870 3813 225 
f 4510 1967 2128 
f 3149 1029 5697 
f 3579 2545 98 
f 5082 4687 6107 
f 2192 6515 5730 
f 2372 1499 613 
f 3666 5715 5092 
f 2490 348 2083 
f 485 1474 1886 
f 4933 2227 1641 
f 3571 359 1358 
f 4094 1097 3153 
f 5893 5939 5941 
f 1488 6123 288 
f 2732 4887 2040 
f 5560 1375 5623 
f 1042 1947 2301 
f 2196 7107 6829 
f 2856 2678 2855 
f 1726 1563 6847 
f 1055 2765 517 
f 3849 2871 399 
f 1908 6148 1881 
f 2096 4124 1354 
f 3495 3383 148 
f 491 2770 2768 
f 1354 268 2096 
f 4031 3952 4110 
f 3106 2135 3105 
f 3062 3655 1035 
f 7021 7122 6920 
f 1128 332 4390 
f 3889 5334 4586 
f 5415 2231 6651 
f 316 1403 6862 
f 4871 5477 6305 
f 6600 4851 1342 
f 5278 4412 2937 
f 1085 6925 2394 
f 3134 1052 6484 
f 2129 5122 2814 
f 5762 2308 4254 
f 3295 4237 3491 
f 2166 553 1524 
f 1830 2655 1805 
f 1084 944 3001 
f 2674 6220 5434 
f 2539 1009 427 
f 2299 2646 6793 
f 490 3187 2088 
f 4914 964 5169 
f 454 6290 5421 
f 3281 2361 6897 
f 5905 6510 2999 
f 3410 7121 1601 
f 3429 6900 4996 
f 6734 6838 6634 
f 2724 6201 2722 
f 5637 5555 672 
f 414 2541 1080 
f 589 3610 5464 
f 3150 2011 6678 
f 3952 3838 4077 
f 4720 4434 5576 
f 4846 5832 2394 
f 7121 1689 1284 
f 2705 248 1967 
f 6791 6812 6849 
f 5456 2998 6696 
f 6606 908 1451 
f 1771 2598 826 
f 4893 2825 4850 
f 3284 3287 3283 
f 226 5995 1777 
f 1891 3841 6101 
f 7071 6374 6368 
f 2361 3281 1487 
f 1014 1949 4765 
f 3457 2672 2311 
f 6201 2704 2722 
f 2692 6672 6787 
f 1124 7058 4415 
f 1376 4996 4922 
f 6964 5610 1607 
f 6733 145 5363 
f 2532 3454 5181 
f 6681 6405 3473 
f 3304 3094 1925 
f 4789 6991 3868 
f 6281 4950 6258 
f 6225 6251 1703 
f 3742 71 1392 
f 2979 2813 1703 
f 874 295 4148 
f 1274 4306 1343 
f 868 4406 1309 
f 4658 2461 2546 
f 1299 2500 1286 
f 3099 762 831 
f 5577 7133 2809 
f 2534 3366 1627 
f 6737 1335 6636 
f 4375 6834 2713 
f 6244 6806 4298 
f 5731 5779 5752 
f 4580 6889 5082 
f 4810 93 215 
f 2519 2562 6613 
f 6512 970 363 
f 2616 2303 2618 
f 6527 5740 1932 
f 1341 382 6983 
f 4273 507 1990 
f 4720 5576 2483 
f 6270 5393 2986 
f 1696 1963 4772 
f 4147 5506 1578 
f 4679 4535 4836 
f 1274 4508 2078 
f 3312 4617 5473 
f 1020 6202 1625 
f 1604 1645 1572 
f 4682 6415 3591 
f 6871 2067 5251 
f 7128 4050 1659 
f 4192 5465 807 
f 63 974 3612 
f 6433 869 3258 
f 1567 3093 1894 
f 325 4982 4119 
f 452 5834 5995 
f 469 6182 1990 
f 6285 6998 2594 
f 2827 3980 3024 
f 5550 1568 1294 
f 3656 3657 2196 
f 643 7038 421 
f 2061 4861 1709 
f 5864 2583 5634 
f 6589 4235 4348 
f 3377 6433 6549 
f 6288 6002 6284 
f 5104 4372 6654 
f 1662 2312 2579 
f 6151 5057 3451 
f 535 1721 1952 
f 7138 7078 7001 
f 4617 3312 3475 
f 1402 1508 1110 
f 5811 21 3299 
f 4910 3163 6449 
f 4359 4524 4829 
f 978 471 5744 
f 2154 1847 2309 
f 4760 520 31 
f 3053 5485 314 
f 6817 2209 2633 
f 4415 3263 3031 
f 1748 2227 2225 
f 4527 2960 2116 
f 3551 6022 3758 
f 1517 1166 2287 
f 6950 4044 2191 
f 1310 1272 1351 
f 1054 162 2465 
f 6582 565 681 
f 5881 6052 1998 
f 2679 1502 3636 
f 6127 6089 6087 
f 1210 1387 1459 
f 3067 3020 1646 
f 6139 5658 5926 
f 3885 3752 4955 
f 420 2562 528 
f 3350 5499 1404 
f 6588 3671 6622 
f 6917 1276 4924 
f 6987 3350 1404 
f 3782 1957 6943 
f 667 475 5188 
f 3083 6323 1553 
f 1817 3704 5263 
f 2737 360 1715 
f 7137 1440 1754 
f 4541 895 4752 
f 6603 6821 3178 
f 2630 1287 2415 
f 2693 6273 2248 
f 1713 3520 42 
f 4938 6291 6689 
f 4585 5541 4987 
f 5546 6827 2169 
f 537 759 435 
f 2350 6147 4082 
f 234 993 6405 
f 6746 2951 2572 
f 2225 4751 1748 
f 1614 5045 1650 
f 6411 3646 2127 
f 2858 2859 2525 
f 5580 5338 6136 
f 2855 2678 2851 
f 1290 1213 1289 
f 282 6605 3363 
f 5704 199 5705 
f 1630 1431 1395 
f 3806 3803 4535 
f 6267 3668 1263 
f 5327 6164 2496 
f 4833 6910 5422 
f 4720 2023 4434 
f 1620 2414 3323 
f 7111 3365 7043 
f 4059 6950 1818 
f 5097 5324 5037 
f 6647 5153 6580 
f 7107 2910 6829 
f 1322 5236 1127 
f 6735 6838 7049 
f 5461 4847 2561 
f 485 1886 484 
f 107 109 1775 
f 5867 6705 6200 
f 5104 6071 6053 
f 585 3768 5700 
f 31 3604 729 
f 2168 1770 5211 
f 3617 2558 1127 
f 2195 1856 1889 
f 6705 5867 1143 
f 3147 6325 2709 
f 557 2363 6750 
f 5927 1100 3063 
f 4913 3239 7037 
f 5971 5384 4012 
f 5399 2790 6720 
f 4550 5687 4039 
f 7101 6844 3365 
f 3824 6280 53 
f 3690 6946 6069 
f 6901 2211 3940 
f 4926 5694 4643 
f 1482 4814 685 
f 264 2668 1062 
f 1454 1405 2053 
f 704 2555 6266 
f 1182 4691 5844 
f 1004 947 1189 
f 2471 1013 516 
f 6102 6096 4575 
f 1275 1196 1242 
f 2446 6760 2428 
f 6416 1475 5000 
f 1821 4302 5360 
f 2700 3554 50 
f 1090 2603 2774 
f 6137 6255 6256 
f 690 1112 5248 
f 2713 4479 4230 
f 4226 1337 1339 
f 5376 1997 1247 
f 1854 609 2238 
f 2713 5973 4375 
f 5050 4258 1598 
f 872 4308 920 
f 1387 1386 1459 
f 1910 7129 1802 
f 4355 4832 4076 
f 2023 577 6748 
f 1694 2629 403 
f 178 1724 7016 
f 7118 913 4893 
f 1312 4767 2071 
f 5458 59 2033 
f 4070 4514 6363 
f 478 6044 3742 
f 4455 4305 3988 
f 6952 2049 1928 
f 7143 6110 3645 
f 1121 5776 2881 
f 4401 6639 3298 
f 1786 2188 3068 
f 849 1 3 
f 3155 867 2833 
f 1989 3161 4827 
f 3048 2894 6360 
f 2028 3933 4208 
f 6779 6648 3777 
f 6998 330 1850 
f 4724 3221 2401 
f 6303 4678 6727 
f 3109 1314 1313 
f 2210 2507 144 
f 4836 4535 3803 
f 3824 6359 6257 
f 2288 2970 12 
f 4161 6628 6381 
f 3687 7055 5908 
f 3275 5928 5155 
f 566 787 6054 
f 1005 4325 4761 
f 1603 1641 1748 
f 1016 6176 989 
f 4361 5290 4529 
f 3515 6701 5991 
f 2776 7034 2697 
f 1628 4229 5055 
f 7032 6929 5457 
f 5426 5702 5290 
f 1139 1212 1213 
f 1290 1289 1326 
f 5704 5705 5430 
f 1020 1253 267 
f 6698 4025 1226 
f 1437 1503 1473 
f 1973 1252 2276 
f 618 2370 2691 
f 419 4236 1915 
f 3982 84 121 
f 2746 5648 5281 
f 1656 4666 4705 
f 4732 203 5605 
f 6537 6535 108 
f 2213 1379 134 
f 6440 4268 1124 
f 5101 2402 1162 
f 2911 4631 1890 
f 3026 5235 4743 
f 4401 3298 3081 
f 3982 808 1862 
f 4247 4689 3666 
f 4873 3690 6069 
f 6446 899 778 
f 6757 5128 4667 
f 5221 6010 6619 
f 4234 5338 5580 
f 2183 6083 3020 
f 4855 1804 2373 
f 6599 4004 3433 
f 949 2773 1611 
f 1074 1007 1267 
f 6871 1696 4353 
f 3010 6340 2420 
f 2913 1210 1459 
f 2875 3082 3491 
f 4319 4018 2882 
f 2338 1831 6497 
f 3519 4627 6929 
f 5958 5861 5883 
f 3720 2262 2295 
f 6457 951 74 
f 6160 6227 2171 
f 2515 5388 6183 
f 6577 4140 1590 
f 6210 5486 1367 
f 3953 3299 6776 
f 4614 2129 3032 
f 4476 1772 413 
f 2756 2836 2947 
f 4084 2296 514 
f 2218 4758 2616 
f 4241 5013 5193 
f 1868 4341 3305 
f 148 3383 6765 
f 2323 1686 5610 
f 1078 5314 6335 
f 3093 6736 3584 
f 1075 413 1772 
f 7146 4136 6792 
f 6847 2032 1726 
f 6638 5417 5833 
f 5382 5441 5383 
f 4697 4933 4027 
f 5447 6645 6710 
f 3012 3211 2791 
f 3813 3909 429 
f 4637 2805 5907 
f 5004 5150 5152 
f 2084 1629 6374 
f 1469 1358 1427 
f 458 4896 3936 
f 3878 2371 6934 
f 5701 895 1264 
f 1988 4053 269 
f 2403 3073 3072 
f 7126 1720 4956 
f 440 4996 1376 
f 3797 378 5277 
f 2357 4782 3728 
f 5069 27 1202 
f 6613 2562 948 
f 65 6016 6358 
f 5883 5838 5880 
f 4182 5560 4104 
f 6661 5940 1828 
f 505 809 958 
f 6838 6734 6837 
f 2498 65 2278 
f 26 4937 3043 
f 4935 4616 4346 
f 6491 3137 2866 
f 6661 4796 2175 
f 6598 6750 771 
f 693 3377 6549 
f 4427 6435 5955 
f 2818 2861 507 
f 2906 2769 6048 
f 6117 5344 1302 
f 5311 6261 3469 
f 1310 1242 1272 
f 2365 4525 5650 
f 2167 690 5248 
f 3519 5851 4627 
f 2315 6435 257 
f 6087 6089 6090 
f 4449 5919 5102 
f 3668 5597 1053 
f 1211 757 6132 
f 1454 1306 1405 
f 6928 6050 6914 
f 4725 3387 4186 
f 6155 324 4968 
f 6271 5984 5827 
f 1239 1193 1307 
f 1136 3483 5033 
f 2196 3461 7107 
f 429 4161 6381 
f 5832 6607 6727 
f 1621 4815 5948 
f 1210 1275 1387 
f 4662 4168 4512 
f 1920 1892 6076 
f 4208 6672 1308 
f 4694 2360 4647 
f 2400 104 853 
f 4668 4829 4524 
f 713 4141 62 
f 6180 6772 2873 
f 4672 4359 4829 
f 2944 6894 4113 
f 578 2041 5722 
f 7131 5331 296 
f 5678 6334 4310 
f 4191 3796 3611 
f 2143 2867 2290 
f 6420 5845 3582 
f 5604 207 2869 
f 1832 3226 1025 
f 5665 1263 472 
f 4991 5137 5287 
f 1394 1996 772 
f 5287 5285 5564 
f 5662 2083 1765 
f 6998 6285 67 
f 2101 2099 2182 
f 3494 5712 4 
f 3030 1330 4641 
f 2932 7032 3326 
f 3049 2096 349 
f 2555 704 4516 
f 3061 2413 6708 
f 952 1295 1741 
f 2526 1790 1909 
f 4913 4459 1700 
f 2576 1474 1211 
f 6861 2286 3532 
f 771 2556 2405 
f 1919 341 3151 
f 700 2617 4698 
f 4192 2049 6952 
f 1567 1563 3646 
f 5271 3760 376 
f 1741 501 6075 
f 2434 3336 5912 
f 5895 818 2167 
f 4949 4567 365 
f 1971 2070 2148 
f 1603 1645 1604 
f 2074 4109 2148 
f 5723 4336 6602 
f 3836 998 7076 
f 6679 15 2212 
f 4933 6871 6338 
f 3371 1638 3678 
f 3571 1212 2612 
f 6048 2348 6822 
f 695 2412 627 
f 3543 1126 5814 
f 4871 4689 4247 
f 1868 1528 4341 
f 102 7047 5 
f 2045 1995 141 
f 5761 1132 117 
f 861 6432 6395 
f 1834 6200 6464 
f 775 6477 25 
f 2840 1771 6635 
f 3715 3368 1170 
f 1155 3798 1123 
f 2133 408 3424 
f 3985 1987 5755 
f 2373 1804 6341 
f 2688 3882 4405 
f 1824 1809 6264 
f 2283 3006 4265 
f 6048 2008 2906 
f 1802 7105 1036 
f 4684 5026 109 
f 1304 1819 7015 
f 2824 2082 305 
f 6813 3860 3672 
f 6652 3616 1036 
f 4873 3966 6442 
f 5147 5706 1295 
f 1819 5805 293 
f 41 2453 4868 
f 5739 5901 1945 
f 1937 1276 7007 
f 1701 534 1177 
f 2357 3018 382 
f 5503 3136 3302 
f 1715 3306 3574 
f 4892 3027 2873 
f 1149 6146 4445 
f 1459 1351 1457 
f 2556 2069 972 
f 6132 5267 105 
f 1952 440 438 
f 1239 1351 1272 
f 1195 1074 1272 
f 6836 6731 6729 
f 3923 6476 1485 
f 637 744 6034 
f 401 1389 2968 
f 7126 6990 7063 
f 97 6113 367 
f 1920 6737 6843 
f 3870 3909 3813 
f 126 127 2375 
f 6293 5561 1695 
f 1364 1965 3 
f 10 4784 447 
f 5915 2203 6450 
f 4589 3322 2472 
f 1 5712 2554 
f 2069 2801 3391 
f 5166 2242 543 
f 46 2596 2485 
f 692 2649 2762 
f 1877 1878 699 
f 4976 2611 3409 
f 1358 1630 1326 
f 2522 2345 2678 
f 3057 2851 2728 
f 2743 3460 2980 
f 1358 1469 1630 
f 1503 1435 1472 
f 1268 2483 461 
f 1885 6145 171 
f 3925 4789 6992 
f 3743 747 2267 
f 2053 1444 1059 
f 65 2498 6016 
f 582 4337 5076 
f 4953 515 5500 
f 2616 2290 2244 
f 834 1378 3776 
f 4671 455 689 
f 1655 3837 2892 
f 6169 3515 5991 
f 5337 5139 6157 
f 5984 5417 5279 
f 3381 3425 974 
f 4985 6638 5562 
f 5508 6492 4882 
f 513 905 3640 
f 4593 4416 4282 
f 3646 726 1567 
f 3801 63 3612 
f 3017 932 6561 
f 4181 3367 4168 
f 4957 374 1541 
f 3800 5690 876 
f 2378 5150 5705 
f 6806 1348 4114 
f 5057 6151 6223 
f 2079 1870 3418 
f 624 7035 5539 
f 2199 6823 5592 
f 1974 5863 1138 
f 6061 1359 2288 
f 3417 4191 3611 
f 4169 1943 5275 
f 6429 6307 830 
f 1812 3244 1553 
f 3025 4718 3499 
f 4826 4984 4985 
f 2650 1311 2518 
f 1084 3310 4722 
f 3998 3618 3078 
f 2167 818 690 
f 3690 7105 6946 
f 1812 1292 1361 
f 6645 6624 6710 
f 1481 1899 5518 
f 6474 1910 2570 
f 2510 3591 6415 
f 2093 1910 6474 
f 5750 426 1783 
f 1640 2828 679 
f 6917 2742 1276 
f 2053 1405 1444 
f 2066 1940 1939 
f 6710 6454 6930 
f 1454 456 1457 
f 487 184 6994 
f 5545 5396 5544 
f 3703 4096 13 
f 189 333 2680 
f 1351 1239 1307 
f 1377 3073 2403 
f 1457 1351 1306 
f 471 4757 5744 
f 1969 3522 1109 
f 1800 5045 1797 
f 5186 1419 1391 
f 2540 1218 1217 
f 1751 6030 6745 
f 938 1144 933 
f 4182 1478 3705 
f 824 5509 3217 
f 4084 514 381 
f 5427 2674 5089 
f 1601 4549 3410 
f 904 1974 55 
f 1699 2521 110 
f 893 1643 4386 
f 4342 4552 4733 
f 1183 2347 6318 
f 3799 3983 6163 
f 99 1480 364 
f 1103 5183 5366 
f 5467 790 4916 
f 310 5645 5733 
f 1995 2379 2901 
f 6253 2674 3171 
f 1681 51 6013 
f 5728 5147 5720 
f 1598 7139 4567 
f 2434 2251 1901 
f 1472 1395 1431 
f 5330 3482 4056 
f 3396 5769 2760 
f 4933 4697 6871 
f 5636 1088 4764 
f 1707 1603 1748 
f 3999 4205 192 
f 1553 192 3083 
f 5151 3543 176 
f 3504 5459 580 
f 4143 3915 4511 
f 6981 7114 7117 
f 2164 1165 2074 
f 5490 4088 5743 
f 1439 142 679 
f 6563 1632 1691 
f 2405 2556 2580 
f 4111 6379 5489 
f 6496 6852 1749 
f 4141 3380 3455 
f 6742 660 1958 
f 3498 4702 6172 
f 1824 6264 3549 
f 2762 6477 775 
f 1671 2157 5060 
f 85 262 1921 
f 4744 3006 6179 
f 3762 295 874 
f 352 6865 1379 
f 2005 376 3760 
f 3621 3825 3869 
f 889 5727 1125 
f 1897 1636 3584 
f 4030 74 951 
f 2674 437 3171 
f 4306 4276 3178 
f 4305 520 3988 
f 593 496 589 
f 3690 6442 6652 
f 717 6643 5470 
f 579 2209 3326 
f 6203 3176 4426 
f 5198 5729 3397 
f 5515 1948 1615 
f 3356 6786 3110 
f 4435 6209 1216 
f 6289 6569 6421 
f 6940 2132 5844 
f 6518 2540 3685 
f 6672 2692 1308 
f 305 2082 2188 
f 1783 6883 1070 
f 2950 940 5423 
f 32 3042 3241 
f 7071 5995 5834 
f 4608 6142 6144 
f 6700 5685 595 
f 4232 851 7038 
f 4936 485 484 
f 4979 2693 1781 
f 6 2285 5845 
f 4010 4179 1579 
f 4215 2007 6770 
f 2575 5759 1026 
f 2028 45 3933 
f 2263 5376 1228 
f 4351 4113 7080 
f 3041 5639 2420 
f 3856 3657 2282 
f 477 6245 2307 
f 3984 1749 5784 
f 5339 3395 4938 
f 6043 3791 1236 
f 4104 5764 4182 
f 1771 1319 6576 
f 4181 4168 4352 
f 2223 2389 968 
f 5872 6499 5793 
f 2157 5121 3159 
f 4524 3975 4668 
f 5132 5279 5417 
f 1360 1328 1395 
f 4489 1103 385 
f 1636 1894 3093 
f 6692 5004 5152 
f 1604 1533 1603 
f 1500 1630 1469 
f 1971 1901 2946 
f 2048 6021 2339 
f 4479 5814 5262 
f 2547 725 659 
f 7103 6369 3382 
f 2470 5232 6413 
f 89 331 3101 
f 5984 4981 5127 
f 2227 4933 6338 
f 2854 4275 3735 
f 1395 1326 1630 
f 4183 4025 4181 
f 4529 5290 4836 
f 5156 3219 1751 
f 254 4864 1579 
f 2387 3153 5120 
f 1572 1614 1503 
f 4571 4744 4570 
f 1901 1971 2148 
f 475 667 1757 
f 5151 4516 6587 
f 2491 4332 3811 
f 456 1454 2473 
f 2394 6925 1149 
f 1514 5239 1318 
f 7123 1954 4414 
f 1316 1277 1315 
f 3228 4746 5828 
f 5067 3623 1490 
f 5601 4324 3512 
f 5859 3863 3272 
f 4547 1321 6370 
f 2222 5923 6797 
f 746 533 5609 
f 3318 1057 3226 
f 6317 3051 6318 
f 4180 3409 3781 
f 4365 4753 2581 
f 4081 6641 1773 
f 4699 6553 2308 
f 1870 2079 2831 
f 155 2536 835 
f 994 2060 5191 
f 5692 5558 4778 
f 3374 4403 667 
f 4689 4056 4048 
f 1226 4025 4183 
f 4162 1429 4755 
f 4997 1624 2399 
f 2570 1910 1802 
f 31 520 4465 
f 3505 6700 2531 
f 2167 5248 619 
f 4870 4424 5536 
f 5356 2388 2655 
f 3139 4011 702 
f 5869 1245 5068 
f 1175 476 4536 
f 4726 465 1200 
f 4851 3577 619 
f 785 2802 2091 
f 6157 1913 5535 
f 2510 3412 3672 
f 6088 3035 2076 
f 2473 1454 3577 
f 5248 1342 4851 
f 6600 2473 3577 
f 2933 3549 6426 
f 1749 6852 5784 
f 4769 5692 4778 
f 2984 5099 1201 
f 1479 2866 2085 
f 3838 3840 3881 
f 7009 3442 4387 
f 4198 1734 2701 
f 6136 4710 4853 
f 6053 6071 6139 
f 276 6145 1885 
f 824 3660 2089 
f 1663 741 4272 
f 6762 2020 2669 
f 2648 6009 4136 
f 2425 2090 6635 
f 4520 6681 2072 
f 4069 4068 2886 
f 1973 937 1252 
f 854 4940 5269 
f 552 119 1021 
f 6487 6709 5994 
f 5200 2002 6436 
f 128 4895 1490 
f 349 573 3049 
f 2753 3695 2863 
f 1779 1901 2251 
f 2231 373 2925 
f 4057 6508 3173 
f 1273 868 3064 
f 6344 6685 2494 
f 2624 1676 3419 
f 629 474 5516 
f 7069 5682 3605 
f 1122 2536 6306 
f 6625 1168 6784 
f 4242 2408 4977 
f 2010 3583 1847 
f 5385 2161 370 
f 1358 359 1427 
f 7136 6907 5056 
f 2337 1966 4939 
f 3645 6897 2361 
f 2760 4947 1160 
f 1360 1292 1328 
f 1533 1500 1469 
f 4370 2181 6238 
f 6116 5836 5835 
f 5984 5985 5417 
f 1636 1897 283 
f 5132 4984 4983 
f 15 1650 1679 
f 3750 341 1919 
f 453 4334 6290 
f 2110 5173 1446 
f 2941 6293 2315 
f 4354 4352 4826 
f 4668 3975 4354 
f 5287 5137 5285 
f 4993 4361 4672 
f 5132 5417 6638 
f 2350 566 6147 
f 433 5825 5552 
f 4753 6826 4019 
f 5846 3651 3166 
f 1361 1292 1360 
f 3619 3029 2827 
f 246 15 1679 
f 4360 3801 3796 
f 4360 3796 4359 
f 4889 4713 5438 
f 1681 6013 2157 
f 4529 4197 4361 
f 722 3174 6500 
f 2635 1521 3234 
f 299 2694 2695 
f 241 433 5407 
f 6327 4788 6044 
f 7024 7023 2467 
f 668 6886 3090 
f 3512 1820 1661 
f 5875 7133 5577 
f 1512 1270 4769 
f 5288 5564 5992 
f 5137 4668 5135 
f 3545 6329 1814 
f 5363 474 4299 
f 4049 88 89 
f 2790 6684 6720 
f 5766 1373 4139 
f 5913 897 3527 
f 2590 1881 1788 
f 1106 1218 840 
f 5799 5622 1038 
f 3775 1535 1706 
f 4476 2690 1772 
f 5290 5702 199 
f 2163 1554 1794 
f 1289 1213 1212 
f 2247 1887 1160 
f 1015 4779 1870 
f 794 471 978 
f 2912 2252 5824 
f 5943 6178 5348 
f 432 344 1840 
f 928 1843 6094 
f 1701 3505 2531 
f 29 16 4049 
f 5589 1740 3193 
f 5222 3556 5319 
f 4923 3277 5865 
f 5543 5222 3167 
f 2283 5452 4392 
f 4772 103 1696 
f 3373 3510 1862 
f 3416 4870 5952 
f 846 2486 1557 
f 4716 2776 4817 
f 4318 3969 2395 
f 2544 1625 2140 
f 6042 6260 2300 
f 5186 2825 4893 
f 6600 3577 4851 
f 1055 4679 4839 
f 2295 5294 3720 
f 4159 6822 3320 
f 1596 1935 5016 
f 3628 1397 5229 
f 7026 4731 2870 
f 2913 1518 4399 
f 5067 4613 6165 
f 1966 1615 1948 
f 3480 5450 4866 
f 1210 2825 1391 
f 893 2134 191 
f 1386 1242 1310 
f 6981 7117 7048 
f 7092 6881 4024 
f 925 5369 404 
f 5791 4684 853 
f 5246 5725 3194 
f 5240 1221 3174 
f 281 6043 1236 
f 6366 2959 564 
f 3946 509 658 
f 3287 6479 5451 
f 931 3118 2033 
f 634 2344 545 
f 1223 6723 3399 
f 5809 1978 1418 
f 6674 3564 6097 
f 7076 2536 6218 
f 6203 4426 3284 
f 4178 3886 1086 
f 1016 989 5641 
f 5989 3264 1744 
f 3036 6933 3016 
f 6217 6923 6926 
f 3124 1516 3579 
f 565 6582 5604 
f 1381 2469 4483 
f 6614 278 4189 
f 954 5769 86 
f 7076 6218 952 
f 3378 1044 1262 
f 3223 1547 4562 
f 4975 1114 6171 
f 4121 6071 5104 
f 3441 1623 836 
f 2157 1671 1681 
f 2345 1212 2728 
f 5814 1091 176 
f 5559 4676 4723 
f 1199 5478 4316 
f 7136 3364 960 
f 3364 6392 960 
f 1894 3587 6847 
f 1897 2612 283 
f 521 1985 1436 
f 1472 1360 1395 
f 1435 1396 1472 
f 195 73 70 
f 1292 1253 1328 
f 3227 3619 3024 
f 494 592 2178 
f 5865 2990 4923 
f 6476 2179 306 
f 6352 4576 2142 
f 2564 6502 6792 
f 1499 2372 4027 
f 4772 1963 5462 
f 6016 2498 5507 
f 5668 6985 4421 
f 4660 4512 4659 
f 5280 2642 4737 
f 1081 7142 6807 
f 2193 6434 2662 
f 2543 3214 2734 
f 605 6113 97 
f 7023 7022 3237 
f 6269 6271 5827 
f 6670 6555 6764 
f 3627 3949 5711 
f 4868 6051 4477 
f 3723 3716 2042 
f 4303 6956 4714 
f 3367 2659 943 
f 6279 6120 5992 
f 4139 6593 5892 
f 904 50 3554 
f 1662 2590 2487 
f 6106 6108 5827 
f 6547 3729 2577 
f 1865 6698 3210 
f 4973 5675 5304 
f 6092 5953 3542 
f 4672 4360 4359 
f 5726 5092 5715 
f 7051 3381 974 
f 4877 1667 4480 
f 6940 3797 3570 
f 4812 6903 3342 
f 2946 1901 1779 
f 6972 6287 6670 
f 2184 6321 3934 
f 5153 3987 7004 
f 778 5254 2741 
f 4690 3354 4067 
f 3191 3188 1602 
f 4604 1522 1546 
f 4191 3417 3975 
f 1759 2075 4347 
f 1812 1361 1330 
f 6421 6569 6988 
f 1812 1330 3244 
f 1556 1585 1557 
f 5265 6722 363 
f 2009 6042 6915 
f 1100 5927 5924 
f 3274 3270 1774 
f 6537 6185 6535 
f 2846 3326 5457 
f 2711 4669 6349 
f 2465 2925 1054 
f 199 5997 1259 
f 2108 6173 1406 
f 2640 7019 7056 
f 1122 4376 6007 
f 5524 630 5145 
f 224 4263 73 
f 1438 895 5701 
f 806 808 121 
f 1000 370 817 
f 499 5186 4893 
f 2625 2638 6406 
f 6941 1388 965 
f 3842 3945 302 
f 3471 4561 3075 
f 1692 513 5987 
f 1632 1820 4337 
f 1105 368 4414 
f 2730 5695 656 
f 2838 1337 5122 
f 340 4485 5025 
f 6460 326 1128 
f 6944 2087 3125 
f 2936 5810 6936 
f 1661 4621 4868 
f 6440 1124 6367 
f 248 1809 2474 
f 1714 6874 881 
f 4040 4988 4398 
f 1767 3479 2208 
f 1924 1054 373 
f 2786 3301 5981 
f 1889 1887 2247 
f 4934 492 885 
f 8 1300 6824 
f 5838 5816 5858 
f 7056 3167 4021 
f 4807 4598 4754 
f 3605 3668 3649 
f 7131 5254 5331 
f 1288 1806 4920 
f 2352 2522 2523 
f 881 6874 251 
f 6577 5044 3817 
f 1102 696 371 
f 136 2190 3370 
f 5922 5921 1711 
f 5826 5010 6905 
f 4154 6574 518 
f 2974 744 2355 
f 3001 6753 2764 
f 5023 315 80 
f 4294 2102 436 
f 4448 1227 5498 
f 3570 134 1379 
f 3058 3524 2964 
f 2120 6103 1845 
f 5166 247 2242 
f 1739 1266 4090 
f 1605 1477 2559 
f 7083 4038 6331 
f 1112 596 324 
f 809 6361 958 
f 1417 2663 6505 
f 1247 295 3762 
f 3237 2467 7023 
f 2834 1219 1462 
f 3056 4815 5870 
f 1339 3320 6197 
f 4774 6178 5617 
f 5117 3875 1570 
f 881 6206 1714 
f 1258 1969 6207 
f 4636 2277 4521 
f 5105 2146 2414 
f 4534 6003 6219 
f 6574 4154 3762 
f 4336 4505 1960 
f 6158 6137 3624 
f 3760 328 2005 
f 2053 3577 1454 
f 1309 4406 3529 
f 4142 2189 1938 
f 6716 4715 7068 
f 1761 857 1008 
f 1265 1189 1230 
f 5254 778 994 
f 6849 829 5511 
f 4576 1305 2488 
f 3117 2967 3138 
f 3400 4497 891 
f 1787 3079 1428 
f 3214 595 5685 
f 5937 2105 3861 
f 2862 4817 2776 
f 6244 4298 28 
f 2648 1069 6009 
f 7140 1789 6337 
f 3502 5643 3942 
f 2110 3399 1166 
f 3497 5296 6904 
f 438 2102 6749 
f 1465 6445 3256 
f 2244 2867 2498 
f 2231 1951 373 
f 4560 4950 763 
f 574 1140 4577 
f 5327 5214 5215 
f 2645 6503 7130 
f 7122 5631 6921 
f 4556 6592 6811 
f 5117 1570 4640 
f 3573 3301 3138 
f 3565 3397 5729 
f 2611 4976 5759 
f 6960 4750 3634 
f 606 3209 757 
f 3877 1050 5971 
f 3780 4119 4982 
f 2731 5341 5340 
f 5135 5285 5137 
f 316 1321 1760 
f 4867 1244 3392 
f 6000 637 6034 
f 6029 5982 6046 
f 5426 4993 4992 
f 5030 4692 5798 
f 2760 5385 370 
f 3453 3446 3746 
f 4992 4829 4991 
f 5288 4991 5287 
f 6860 6539 6812 
f 5992 6120 5839 
f 2067 6871 4697 
f 4992 4991 5288 
f 817 2161 6546 
f 476 6683 4536 
f 4947 4945 1160 
f 613 359 3584 
f 1576 1473 1503 
f 1484 1118 3213 
f 1991 3204 186 
f 1779 2251 1679 
f 3467 5203 5897 
f 2371 522 6934 
f 5957 5857 5976 
f 6263 1436 2 
f 2195 2247 4945 
f 27 2466 206 
f 6022 3235 3236 
f 4361 4993 5290 
f 128 2238 3504 
f 1211 6132 2576 
f 874 4150 355 
f 2679 4643 5694 
f 1305 2158 5192 
f 1515 6956 662 
f 2965 3362 2486 
f 5258 1095 2582 
f 552 1021 4312 
f 36 4868 2453 
f 6043 281 5402 
f 107 4684 109 
f 2989 1775 6353 
f 6813 3075 4028 
f 2255 2256 2621 
f 2090 2425 6760 
f 1777 5995 5141 
f 1912 1909 1790 
f 2354 3162 860 
f 2748 6663 384 
f 3200 4120 2529 
f 3963 1257 125 
f 4975 6171 5449 
f 5699 4417 1980 
f 22 25 6477 
f 3864 2442 3908 
f 6340 1106 5524 
f 4895 6462 6125 
f 2031 1527 2120 
f 4640 1717 5877 
f 4031 3959 3956 
f 5958 5883 5935 
f 1059 7105 1802 
f 4094 2387 1815 
f 3043 719 1050 
f 883 4649 6114 
f 4011 899 702 
f 5613 2038 3693 
f 798 2165 838 
f 450 7014 7087 
f 5608 6743 5592 
f 3796 3612 3611 
f 1177 376 1633 
f 2427 5446 5451 
f 1549 6833 1070 
f 4210 4963 6840 
f 4832 4195 4076 
f 4561 3471 4409 
f 6666 6936 6842 
f 5305 4227 878 
f 6914 6444 6888 
f 2045 4600 3096 
f 369 1159 6549 
f 4743 5666 2331 
f 5019 6026 423 
f 6713 4037 1397 
f 1025 5918 1832 
f 4030 5255 1689 
f 2096 4411 6430 
f 3131 4916 1789 
f 2487 110 2521 
f 3748 5608 6823 
f 2516 2611 2575 
f 4602 5036 3876 
f 4346 3979 545 
f 3835 4313 4771 
f 828 295 1247 
f 5276 3358 843 
f 2630 6519 1287 
f 309 7035 307 
f 3188 5990 4971 
f 5142 4299 629 
f 6726 2681 4854 
f 6225 5615 6251 
f 5851 1793 1766 
f 185 101 3600 
f 6163 3983 6468 
f 2989 2205 1775 
f 4656 5804 6098 
f 5896 449 396 
f 3493 4619 3400 
f 2760 5769 4947 
f 86 2463 2461 
f 1298 4285 5373 
f 5023 736 3570 
f 2239 68 7096 
f 1499 1571 1533 
f 954 1164 5769 
f 954 86 5269 
f 4553 2072 176 
f 2049 5549 1163 
f 1933 1026 6357 
f 1640 2827 2828 
f 1640 3980 2827 
f 2829 1350 4945 
f 1596 5016 3296 
f 668 5119 6886 
f 425 6663 4652 
f 3063 6729 6630 
f 2567 5667 5653 
f 3 4958 1364 
f 7008 2232 7084 
f 1379 6109 352 
f 2971 593 2972 
f 1375 4632 5623 
f 1542 1778 346 
f 507 3205 1648 
f 6631 4350 4496 
f 1526 6191 846 
f 3891 3338 6348 
f 2278 78 4618 
f 1448 1587 6439 
f 581 5087 5871 
f 5287 5564 5288 
f 1246 710 364 
f 5634 5277 3740 
f 3957 5188 957 
f 2213 426 2808 
f 1809 2662 2630 
f 3966 3616 6442 
f 4624 5159 3979 
f 5277 378 3129 
f 5058 2254 2145 
f 81 6541 3369 
f 6410 6675 6412 
f 6200 6705 6537 
f 6408 6407 6673 
f 2047 6832 3157 
f 5562 5564 5285 
f 5919 477 5102 
f 1090 967 2603 
f 5144 3539 834 
f 2234 3276 6851 
f 4093 2467 3237 
f 2598 1771 2840 
f 5836 6116 6277 
f 7082 7084 2232 
f 5723 2144 4336 
f 4565 4572 6448 
f 3440 3244 3439 
f 222 113 4684 
f 7043 7041 3973 
f 5254 994 5331 
f 4581 3110 3897 
f 665 5840 5839 
f 4408 4357 2034 
f 3237 5974 4093 
f 3127 444 1852 
f 157 6058 5841 
f 3795 4893 4850 
f 2514 1204 4514 
f 4191 4359 3796 
f 2700 2596 3554 
f 1175 1496 476 
f 217 6239 2874 
f 5115 2649 2550 
f 6765 6133 148 
f 6018 1834 5926 
f 1616 587 273 
f 929 1184 1595 
f 4506 1198 3019 
f 6527 6443 5146 
f 3938 4060 3939 
f 6234 2872 1476 
f 3284 4426 3287 
f 1911 4446 567 
f 5178 4194 6784 
f 3652 2578 6161 
f 635 6193 7012 
f 5659 6125 6462 
f 4143 807 2050 
f 638 5781 4678 
f 3297 3204 2035 
f 935 741 1663 
f 1866 1609 1035 
f 4698 3282 700 
f 2496 6156 5170 
f 6813 4227 5305 
f 3826 714 1323 
f 5568 6824 1300 
f 5385 1160 1887 
f 5484 866 3364 
f 5404 5547 783 
f 3060 2856 2855 
f 1396 1361 1360 
f 2760 370 3396 
f 658 1610 7119 
f 1676 1465 5912 
f 3443 3020 3067 
f 1801 1800 1895 
f 1324 2560 1485 
f 2048 1155 1123 
f 6164 713 2496 
f 6248 5792 3947 
f 5020 2488 2885 
f 740 2657 1745 
f 6065 3503 3501 
f 5086 2475 3582 
f 3017 1482 2009 
f 6330 611 5074 
f 1410 1078 6456 
f 1864 1577 738 
f 3104 603 1850 
f 3738 1324 6476 
f 2135 5942 3105 
f 5063 6513 5159 
f 3327 7025 7097 
f 1773 1101 4904 
f 3516 6219 7132 
f 7074 2745 5638 
f 317 742 4194 
f 1835 1836 6747 
f 3994 1737 4293 
f 5932 5933 5931 
f 4617 3475 3581 
f 4051 4132 3971 
f 2940 2411 6614 
f 6629 6706 4969 
f 6734 6634 1042 
f 6017 5257 4290 
f 1127 3829 2424 
f 6948 1858 3932 
f 6428 5925 2771 
f 3574 770 1715 
f 5628 5266 5297 
f 1795 1856 1797 
f 4165 1357 6661 
f 3785 701 731 
f 6452 808 6510 
f 2557 2577 4095 
f 1883 2303 2274 
f 2774 379 1090 
f 79 775 25 
f 5390 4483 2026 
f 2741 4701 778 
f 6355 2794 1064 
f 6576 6259 6635 
f 3191 7130 2334 
f 176 4516 5151 
f 5015 5084 5085 
f 6682 6872 6986 
f 2062 5923 4621 
f 23 1620 6694 
f 6967 7034 1238 
f 3568 6462 580 
f 749 827 2249 
f 25 22 1706 
f 114 5889 2551 
f 187 252 183 
f 5108 1120 3468 
f 3306 360 4791 
f 677 4135 3978 
f 1166 3399 409 
f 2634 2459 4283 
f 1890 2735 6168 
f 177 1719 750 
f 296 3505 1701 
f 4613 5722 5772 
f 5962 5961 6031 
f 4904 2989 5483 
f 3656 4755 2282 
f 2030 5244 650 
f 6704 5869 5071 
f 5432 4127 3402 
f 1745 1706 1535 
f 6212 5927 6216 
f 4900 5845 2285 
f 2241 4339 182 
f 5030 5202 4692 
f 1943 1756 2110 
f 5127 4660 4978 
f 287 211 241 
f 1648 6272 6880 
f 3396 86 5769 
f 5045 1572 1797 
f 1940 1801 1895 
f 4984 4663 4983 
f 5705 1259 2378 
f 5982 5961 5890 
f 5992 5564 5836 
f 2142 1679 2251 
f 3145 3159 2587 
f 5009 661 4907 
f 3514 2677 411 
f 6397 1834 6208 
f 778 6474 994 
f 4810 6201 3111 
f 5127 5273 5552 
f 4902 6337 1789 
f 5143 1260 1953 
f 6670 6287 1409 
f 5552 5407 433 
f 3310 4873 538 
f 6565 6288 6284 
f 384 3218 2748 
f 4983 5279 5132 
f 3623 5067 4232 
f 4983 4662 4821 
f 3132 2989 4904 
f 4489 5183 1103 
f 1803 4374 782 
f 1367 2698 6210 
f 59 6927 2529 
f 4489 3714 313 
f 6279 5836 6277 
f 490 2088 3578 
f 3581 3622 3662 
f 6558 6526 4620 
f 3871 4705 4666 
f 35 1173 165 
f 4259 2688 4405 
f 123 3912 558 
f 55 50 904 
f 4266 4271 7036 
f 6850 2526 5220 
f 1292 267 1253 
f 2402 809 505 
f 5415 6182 1951 
f 3060 2859 2858 
f 1328 1290 1326 
f 2423 2122 2121 
f 5088 1072 5909 
f 4839 5004 1055 
f 6897 3231 3281 
f 1398 2828 3030 
f 6426 4558 2549 
f 3294 3295 3491 
f 2037 3161 1989 
f 2927 4750 2811 
f 6219 4610 2077 
f 989 6176 5200 
f 5901 959 2509 
f 3678 1638 4775 
f 4434 6987 1404 
f 2574 4859 697 
f 3275 2779 238 
f 5596 737 6206 
f 3777 558 4877 
f 4293 2153 6862 
f 5747 101 5791 
f 4510 2128 2210 
f 5661 7080 3275 
f 5402 281 1692 
f 5607 1470 3391 
f 4188 422 5079 
f 328 1927 1958 
f 6626 539 4998 
f 4071 2688 4259 
f 3433 5519 6393 
f 1320 3257 865 
f 2675 4515 100 
f 3079 6084 6478 
f 5507 2498 2270 
f 4095 5566 6696 
f 6107 4687 3185 
f 6998 67 330 
f 1026 1933 1317 
f 1706 22 3775 
f 354 2996 6690 
f 3423 6983 3833 
f 1689 5255 1347 
f 1927 7111 6974 
f 2007 4909 6770 
f 1958 6975 6742 
f 4907 4029 2108 
f 4658 854 5269 
f 1350 1939 2195 
f 6388 6727 6607 
f 158 347 4875 
f 1396 1360 1472 
f 6495 253 462 
f 4940 4890 443 
f 1566 1125 5727 
f 2550 1816 5115 
f 1808 1179 1747 
f 841 780 439 
f 4197 4529 3803 
f 2946 1801 1940 
f 2527 2200 2367 
f 5759 2575 2611 
f 1830 5245 5356 
f 4967 4927 4903 
f 1760 1321 4547 
f 6570 1824 3785 
f 3926 6592 2245 
f 6375 2852 2766 
f 74 4030 499 
f 6298 6849 6812 
f 2099 2101 6295 
f 544 1346 2971 
f 2498 5060 1079 
f 4407 4289 386 
f 913 7118 957 
f 1706 1745 2656 
f 734 981 2126 
f 3116 6762 2669 
f 1352 1756 6621 
f 2929 1121 5565 
f 6148 1523 1881 
f 5220 6718 5525 
f 5989 6693 3264 
f 6961 7025 3393 
f 6061 2288 12 
f 6943 1957 1807 
f 3012 6875 4374 
f 6859 1287 6519 
f 6333 3374 6440 
f 2323 1175 2180 
f 2579 1836 1662 
f 6523 4503 4321 
f 6275 437 5735 
f 195 70 69 
f 3821 452 5774 
f 2860 372 3720 
f 1990 507 2861 
f 6073 5640 4638 
f 6325 5757 3153 
f 105 5410 2576 
f 1269 6321 3764 
f 6877 2439 5506 
f 7127 2219 2585 
f 3237 7018 5206 
f 4193 22 2413 
f 4796 5227 3746 
f 5709 4402 7010 
f 5460 5418 5441 
f 2136 1976 6848 
f 930 680 1569 
f 4867 3900 6738 
f 4 6 3494 
f 3111 3115 2746 
f 252 91 124 
f 792 6391 3903 
f 909 518 5633 
f 1194 4311 5313 
f 5080 4266 6324 
f 6013 46 2905 
f 5863 51 1681 
f 383 574 1423 
f 5640 1907 3614 
f 2190 2619 1588 
f 6338 6546 2227 
f 6411 6392 4762 
f 1939 1350 4448 
f 5273 5127 4978 
f 6189 6554 6343 
f 6028 443 4946 
f 5269 2461 4658 
f 5426 4992 5288 
f 1576 1650 15 
f 1800 1801 1779 
f 5688 5127 5552 
f 2281 4017 3331 
f 3872 3892 1199 
f 622 5680 5407 
f 3419 6292 2624 
f 1707 1795 1645 
f 4151 812 4153 
f 444 445 380 
f 3593 5997 6122 
f 270 1492 4530 
f 5075 3905 2194 
f 5791 104 2368 
f 590 4706 3913 
f 1741 3836 7076 
f 5316 4152 5711 
f 4961 2359 7084 
f 4017 2866 732 
f 2431 6558 6586 
f 2709 1097 5265 
f 6058 406 2615 
f 6965 5650 1426 
f 1245 6415 4682 
f 3242 4768 4803 
f 2926 5179 6283 
f 4806 6692 5300 
f 2228 4500 1483 
f 4197 3801 4360 
f 4714 6956 1515 
f 2264 4971 6272 
f 66 69 601 
f 4725 4186 7090 
f 5349 3828 3827 
f 1313 2751 1312 
f 3235 2687 5029 
f 4870 3416 5477 
f 1318 5239 407 
f 122 118 1617 
f 6206 6667 5596 
f 4114 4783 7054 
f 6375 2727 2850 
f 4352 4168 4662 
f 6094 864 214 
f 3273 6114 6835 
f 253 4449 2162 
f 2622 3677 2685 
f 5753 6520 1093 
f 4970 5533 1792 
f 1544 1543 2490 
f 1332 5690 3800 
f 1152 7099 5112 
f 2095 5664 1960 
f 1986 364 1480 
f 4510 1979 1967 
f 6380 3480 3678 
f 3076 6861 278 
f 3623 4232 7038 
f 1165 4738 6292 
f 4539 4441 5328 
f 244 3361 6468 
f 1293 3908 2442 
f 4116 5297 3065 
f 2342 2182 6011 
f 272 1485 1833 
f 6501 5175 5393 
f 3489 3930 6179 
f 478 1250 301 
f 3466 2611 2516 
f 5214 5213 5322 
f 2671 2342 4649 
f 5758 1423 2813 
f 924 5670 424 
f 6839 5493 3702 
f 2145 2147 5058 
f 2967 3573 3138 
f 613 3584 2372 
f 1937 390 4924 
f 2238 609 6370 
f 4697 6736 2067 
f 6274 9 3173 
f 1350 2195 4945 
f 392 1227 4448 
f 4808 4938 3395 
f 1000 388 2463 
f 3461 825 7107 
f 5129 5198 4863 
f 2276 2994 1973 
f 4599 4543 2509 
f 2946 1940 1971 
f 1763 6810 5083 
f 3519 3953 6776 
f 2714 3117 5606 
f 3419 5912 3336 
f 2228 2212 3537 
f 6832 2830 4010 
f 6583 7145 414 
f 5088 5909 1234 
f 6661 1357 5940 
f 1487 2921 446 
f 3095 6811 3446 
f 4426 3176 2207 
f 6393 5519 5654 
f 2111 2920 6588 
f 1874 2206 1374 
f 2509 7130 1941 
f 1152 5112 6213 
f 1716 312 1722 
f 3614 4638 5640 
f 5789 6989 502 
f 2490 2083 5662 
f 1495 5682 1722 
f 1839 6403 4801 
f 3174 2189 5240 
f 6753 3001 944 
f 4821 5279 4983 
f 1731 1992 2861 
f 5577 2809 4067 
f 1994 1992 772 
f 4971 1602 3188 
f 3213 1118 3212 
f 4992 4672 4829 
f 1330 1361 4641 
f 5542 2038 3770 
f 4750 521 3634 
f 2625 5403 3925 
f 1058 1056 4965 
f 6848 3404 2027 
f 3821 5774 1618 
f 6182 162 1924 
f 6143 1984 4200 
f 5234 3181 4935 
f 2332 2124 5845 
f 1800 1797 1856 
f 5806 6210 2698 
f 2586 1296 1098 
f 5390 5384 20 
f 4567 7139 1140 
f 4066 4746 3228 
f 2296 1158 514 
f 2126 2119 1959 
f 618 2115 2370 
f 4671 5501 4515 
f 4 2285 6 
f 5131 3787 2899 
f 2484 3052 6615 
f 585 3182 4915 
f 2194 854 5075 
f 4362 2830 4456 
f 2873 3027 6180 
f 6113 4456 2275 
f 6198 5138 1119 
f 6775 6414 3593 
f 6662 4217 1425 
f 4940 443 954 
f 4109 1901 2148 
f 5835 5562 5833 
f 3901 6670 5998 
f 1856 1795 1889 
f 2365 1365 925 
f 1160 5385 2760 
f 3538 2043 6245 
f 2886 4072 4069 
f 4985 5285 5135 
f 6329 2707 1455 
f 3580 3289 2749 
f 1139 1213 1020 
f 2832 2785 2902 
f 634 545 3979 
f 2254 1035 2145 
f 5407 5552 5123 
f 1352 2549 2804 
f 1256 335 837 
f 5273 5123 5552 
f 6562 3593 6122 
f 6820 3785 2933 
f 184 5386 6957 
f 1781 13 4096 
f 6004 6289 6421 
f 2378 6002 6289 
f 2272 3013 450 
f 6972 6670 6764 
f 4821 4981 5279 
f 4069 4413 2875 
f 2064 2022 2000 
f 5836 5564 5835 
f 4121 561 6071 
f 5929 880 4590 
f 6284 5997 3593 
f 6502 3442 1580 
f 630 840 649 
f 6055 6944 6788 
f 2065 4341 1732 
f 347 2134 2627 
f 3886 4178 5334 
f 1443 5917 7028 
f 5359 7047 169 
f 3090 2744 668 
f 4341 1528 4236 
f 6005 5490 2422 
f 2044 3985 1382 
f 6951 5274 1145 
f 4916 790 2122 
f 2999 4161 3909 
f 2533 5394 4739 
f 1881 2346 1908 
f 7098 6317 6318 
f 6326 6720 5281 
f 1261 1876 5746 
f 302 2620 3905 
f 847 2064 2000 
f 789 188 6942 
f 5411 6238 5974 
f 2111 2219 7127 
f 1223 3399 1446 
f 2641 4358 5282 
f 1461 2202 2797 
f 938 3432 3665 
f 144 837 1925 
f 3094 3304 4510 
f 4183 3975 1226 
f 4955 4335 3885 
f 2705 1967 1979 
f 2097 6066 1336 
f 5738 5713 5737 
f 5239 1514 5372 
f 282 5452 5080 
f 1317 5531 6304 
f 506 4261 6658 
f 4009 4014 4736 
f 5656 5224 4041 
f 20 5109 6183 
f 1816 5060 2498 
f 2317 810 4575 
f 3988 520 4760 
f 1994 469 1992 
f 5871 100 581 
f 5396 5261 1368 
f 1080 6278 651 
f 2784 5216 1949 
f 1431 1630 1500 
f 5579 5711 4806 
f 6792 583 2564 
f 374 1663 4272 
f 2463 388 6060 
f 895 4541 1095 
f 1576 1614 1650 
f 1939 4448 2066 
f 1939 1856 2195 
f 473 1262 1303 
f 5993 2418 462 
f 537 5680 623 
f 1669 6608 6329 
f 5518 2784 1481 
f 1679 2142 246 
f 3546 3826 2391 
f 4880 2399 4881 
f 4997 1015 2642 
f 5710 4843 5795 
f 2176 196 3323 
f 6899 6176 3561 
f 2797 602 3408 
f 2818 5593 1731 
f 1852 342 1831 
f 1882 3106 3105 
f 6859 2634 3674 
f 5885 1343 4306 
f 2837 3049 573 
f 4303 4892 1903 
f 7130 2509 2645 
f 133 581 7060 
f 5445 4513 712 
f 6654 5303 6419 
f 4440 1298 6471 
f 2690 2380 177 
f 5292 5245 1830 
f 3642 1421 1663 
f 1625 2544 3057 
f 3897 3110 2819 
f 167 1525 2216 
f 5722 4613 3667 
f 316 1736 1403 
f 500 4387 813 
f 5362 2082 867 
f 1578 5506 2439 
f 6163 3361 1530 
f 5498 2066 4448 
f 4523 1799 884 
f 651 6278 274 
f 2961 2228 5020 
f 2485 41 40 
f 1809 2630 6264 
f 6422 6686 5014 
f 7054 6646 4298 
f 6168 2735 2816 
f 4370 5411 5206 
f 2614 2178 1135 
f 2193 2662 1809 
f 1153 6700 595 
f 6143 4865 1984 
f 2282 4755 2497 
f 6886 4670 297 
f 3305 2065 2147 
f 6477 24 22 
f 608 2435 3509 
f 6844 7041 3365 
f 2064 847 1732 
f 5784 1006 3984 
f 6960 3260 2800 
f 3925 5403 3179 
f 4130 3303 3136 
f 698 5886 3873 
f 3064 868 5053 
f 1748 4751 1791 
f 1889 2247 2195 
f 476 2164 6683 
f 1165 5619 4738 
f 4034 2186 3664 
f 1686 1763 3724 
f 4197 3803 3801 
f 166 4008 6504 
f 6554 3901 6343 
f 1044 6221 1111 
f 6292 3419 4109 
f 5833 5988 5835 
f 2307 153 2480 
f 3901 6866 6768 
f 1766 6312 2113 
f 1605 6223 1477 
f 2868 1931 5468 
f 7065 3574 3306 
f 3720 3114 2860 
f 1071 5183 313 
f 2529 4120 931 
f 2036 5128 5278 
f 1410 5401 2016 
f 1982 464 3861 
f 6358 405 65 
f 6412 6562 6122 
f 6264 2630 2415 
f 3785 6820 6400 
f 5776 1233 1154 
f 1357 1287 5940 
f 4103 2980 2557 
f 2446 2513 1905 
f 4703 6588 2920 
f 5997 665 6122 
f 1351 1307 1306 
f 4806 5300 5579 
f 6826 3523 4759 
f 540 6649 5111 
f 4665 3210 3216 
f 1322 2915 3595 
f 6760 2425 2428 
f 2971 1346 593 
f 165 172 35 
f 1079 2446 1905 
f 7006 1129 3428 
f 5850 5579 5300 
f 5415 1990 6182 
f 1602 1941 3191 
f 2302 1384 5602 
f 2443 3983 2081 
f 1306 1189 1265 
f 3628 5229 1067 
f 4339 2314 5938 
f 6596 6351 4380 
f 1521 3516 6999 
f 5416 5964 5526 
f 3893 3889 3503 
f 4278 7088 4747 
f 2639 3009 6317 
f 4182 3831 5560 
f 3671 6490 6622 
f 4302 1794 4188 
f 1990 2861 469 
f 2895 5684 4929 
f 4316 6038 2418 
f 4624 6808 5159 
f 1307 1267 1306 
f 5328 5047 3846 
f 2715 2197 1888 
f 492 615 6730 
f 4845 79 2588 
f 1046 3387 4725 
f 5990 6880 4971 
f 5304 4039 5687 
f 1833 724 272 
f 3828 5349 4052 
f 1275 1242 1386 
f 4491 3880 5707 
f 2315 6354 5955 
f 1679 1650 1779 
f 3687 653 845 
f 4538 4228 5603 
f 5484 3364 5056 
f 6916 4319 595 
f 1850 330 6556 
f 6502 2564 3968 
f 5674 2644 4274 
f 3552 4692 5582 
f 6136 5338 4207 
f 5760 1888 4337 
f 3988 4459 4455 
f 3967 1150 303 
f 1507 305 300 
f 3746 2175 4796 
f 1727 2032 2367 
f 979 4080 2814 
f 1809 1824 2474 
f 6039 6019 2037 
f 1951 2231 5415 
f 1827 335 3106 
f 5917 1019 3547 
f 6921 6920 7122 
f 6191 2486 846 
f 5492 1245 4682 
f 2891 1708 3112 
f 1923 5353 2310 
f 4487 6840 2653 
f 3494 6 7 
f 557 346 6350 
f 5027 6858 3614 
f 6789 2841 1532 
f 1634 6688 4536 
f 2343 2182 2430 
f 4471 6751 120 
f 6192 2781 1511 
f 4864 3807 1579 
f 3318 1826 6232 
f 285 6996 1851 
f 5610 1686 1607 
f 2637 1786 4875 
f 4884 5280 4185 
f 5716 1187 2433 
f 6811 3095 6723 
f 4402 873 4320 
f 3549 4165 1730 
f 4481 1294 3059 
f 6276 6407 6277 
f 6789 4219 2841 
f 7011 4036 381 
f 5516 7038 851 
f 5612 2357 1341 
f 6400 701 3785 
f 6542 1345 2118 
f 4331 2942 1047 
f 3335 1067 4218 
f 2950 193 940 
f 6799 1980 4417 
f 1923 2502 2667 
f 4901 4970 5572 
f 899 6446 619 
f 4867 3392 1678 
f 5669 631 753 
f 4798 3793 3800 
f 4196 1564 2271 
f 5985 6551 6404 
f 1965 6420 2475 
f 503 7011 381 
f 2203 5915 6125 
f 2534 654 3366 
f 4632 4557 716 
f 3568 1374 2206 
f 1319 1771 826 
f 4523 114 5549 
f 1682 5754 6932 
f 95 2107 2645 
f 3813 1758 2647 
f 3803 3227 3801 
f 5290 4993 5426 
f 2628 3222 1718 
f 588 3757 4381 
f 2606 1915 1528 
f 6116 5835 5988 
f 6555 6768 6407 
f 6879 6804 1461 
f 1165 2164 1496 
f 1236 3791 1998 
f 6972 6664 6971 
f 1716 329 2665 
f 1549 6074 4203 
f 6562 6774 6775 
f 2323 2180 5486 
f 2148 2164 2074 
f 2392 932 3017 
f 6606 1451 1089 
f 3317 590 3913 
f 1734 4865 2701 
f 2313 3991 4044 
f 4525 925 7033 
f 3873 916 698 
f 1970 4164 2025 
f 2274 2563 2573 
f 6700 1153 2531 
f 1883 1827 1882 
f 5088 3972 2029 
f 5426 5288 5839 
f 2088 2780 3578 
f 6146 77 4445 
f 251 135 552 
f 6741 1126 2874 
f 5054 1223 1446 
f 5732 5479 7115 
f 999 4463 2928 
f 1320 2844 3257 
f 6484 3783 5875 
f 5430 4836 5704 
f 6776 3299 540 
f 5312 1381 1552 
f 7135 2427 5038 
f 4284 4063 639 
f 2298 76 228 
f 6284 3593 6414 
f 5086 849 2475 
f 3776 6249 6473 
f 3137 6491 6134 
f 33 4811 1131 
f 5055 3633 659 
f 2174 6941 788 
f 1349 6613 948 
f 1584 1613 1575 
f 5039 4540 6027 
f 2800 6591 3919 
f 6546 2161 2225 
f 809 5101 2942 
f 2691 5845 6420 
f 2670 2430 2671 
f 4932 5534 751 
f 3557 5344 1279 
f 5700 3182 585 
f 4730 6166 4633 
f 289 696 5703 
f 1197 2444 3378 
f 4277 3598 5433 
f 3849 914 2871 
f 3625 2444 3434 
f 1250 7099 301 
f 4381 990 7027 
f 2256 2591 3775 
f 3062 2244 3655 
f 6312 6790 6233 
f 4463 7035 5283 
f 2624 207 1651 
f 4536 5498 1634 
f 4569 6032 2073 
f 5617 2433 1049 
f 4435 119 5641 
f 5579 5316 5711 
f 5988 5833 5831 
f 926 3294 3082 
f 4571 4265 3006 
f 133 1540 5087 
f 1741 6870 3836 
f 4366 6679 2212 
f 1895 1800 1856 
f 3732 6045 4685 
f 7065 3306 1129 
f 6450 4613 5915 
f 5767 6055 2235 
f 6636 6735 6737 
f 6964 841 1165 
f 3888 3501 3503 
f 1234 632 6863 
f 2541 7042 2150 
f 6477 2762 24 
f 2059 2729 6286 
f 5488 1522 4604 
f 6339 5956 5910 
f 854 4658 1449 
f 2064 1732 4341 
f 883 5400 3893 
f 1375 5969 5968 
f 1120 530 5028 
f 1808 1769 5676 
f 52 1261 5647 
f 1079 2244 2498 
f 4502 5163 5165 
f 4586 5334 4178 
f 3461 2196 3657 
f 34 1751 3219 
f 1626 2751 804 
f 528 2562 2519 
f 6927 4397 4988 
f 3899 2997 3896 
f 405 2278 65 
f 1615 5231 5515 
f 61 5115 4504 
f 2985 2738 1668 
f 2854 2581 4019 
f 6132 757 2106 
f 642 1211 1209 
f 5232 2470 5291 
f 1881 2590 2346 
f 4599 2509 3285 
f 4290 3112 5780 
f 2496 713 6346 
f 1639 5979 2948 
f 1503 1614 1576 
f 2985 3642 2738 
f 4670 6886 11 
f 5912 3419 1676 
f 1365 5369 925 
f 7073 2699 6154 
f 6058 1293 406 
f 5806 3525 6810 
f 6491 1479 6274 
f 76 2436 2882 
f 5022 4687 3902 
f 6482 718 887 
f 540 3299 21 
f 1014 7033 404 
f 51 1974 904 
f 3915 4656 3850 
f 307 5209 2311 
f 3313 979 166 
f 5979 5390 5164 
f 4378 976 6138 
f 2554 3104 1850 
f 6081 1303 6607 
f 4058 4813 1982 
f 2348 6048 2769 
f 3542 5953 1672 
f 6494 6789 1532 
f 2369 2296 2101 
f 2550 2017 5060 
f 5988 5831 6404 
f 1198 428 3019 
f 1158 2296 2115 
f 5564 5562 5835 
f 6807 5483 1081 
f 4826 4352 4984 
f 6269 6550 6271 
f 2444 1197 2445 
f 115 116 47 
f 965 882 6885 
f 4512 754 4659 
f 4852 1908 4599 
f 5285 4985 5562 
f 4993 4672 4992 
f 1476 6461 5406 
f 1982 1898 6771 
f 1144 938 879 
f 4799 4563 240 
f 4975 1039 1114 
f 5048 5596 2396 
f 1793 540 5111 
f 2981 3407 3768 
f 2559 1477 1687 
f 6782 3200 3361 
f 1158 4169 5275 
f 483 1728 6525 
f 476 1496 2164 
f 5418 5345 5323 
f 4152 3627 5711 
f 4773 730 4493 
f 2175 1730 6661 
f 1676 1651 1465 
f 4738 2869 207 
f 2780 4493 5563 
f 1592 2973 6080 
f 1465 3256 5192 
f 6851 6037 6890 
f 5831 5985 6404 
f 4836 3803 4529 
f 2717 3033 5403 
f 2105 1982 3861 
f 6550 6664 6763 
f 2708 5897 6593 
f 1785 2203 2261 
f 2194 3905 4890 
f 6184 710 1657 
f 4258 6469 1598 
f 560 1652 4734 
f 4372 5303 6654 
f 5682 7069 329 
f 2269 3106 335 
f 1352 2804 5173 
f 1914 4130 1088 
f 5275 503 381 
f 1460 2767 6744 
f 97 367 5889 
f 606 757 642 
f 4093 5974 6951 
f 117 5294 5761 
f 3419 3336 4109 
f 2939 1977 3150 
f 3932 4323 5182 
f 2207 6459 1222 
f 2589 991 4745 
f 1654 1422 5717 
f 4326 3304 1753 
f 3130 3133 3038 
f 7004 6580 5153 
f 5311 4521 6970 
f 5451 5450 3283 
f 2794 2116 4786 
f 1738 1905 2513 
f 4233 5282 4257 
f 3501 6172 6065 
f 1950 5796 4625 
f 2525 2367 2362 
f 4220 2073 6032 
f 6214 1560 4771 
f 4097 6201 4810 
f 4286 3489 3844 
f 2197 1632 1888 
f 6915 2392 2009 
f 3741 279 417 
f 5489 1109 4111 
f 2897 589 5464 
f 6877 2390 6297 
f 5439 4413 4071 
f 6852 6322 3343 
f 782 4770 351 
f 960 6392 6411 
f 2594 5212 6285 
f 2987 2899 1027 
f 3851 3290 5176 
f 2222 5646 6702 
f 1385 397 5178 
f 2820 5218 584 
f 3966 3001 1822 
f 6054 6342 566 
f 4149 4615 6888 
f 4741 5971 1050 
f 3755 3722 897 
f 1374 3568 5459 
f 2147 1609 3305 
f 2788 2185 5849 
f 918 5906 6057 
f 2765 1055 5004 
f 6901 3940 3706 
f 1194 6151 3451 
f 1084 4873 3310 
f 6947 5060 2017 
f 3966 4873 1084 
f 6209 6831 2653 
f 2128 2507 2210 
f 3354 6484 5577 
f 4961 823 5657 
f 6401 2764 6597 
f 7069 6283 329 
f 912 3279 4394 
f 4921 4066 4270 
f 3525 5083 6810 
f 1718 3222 285 
f 3058 3055 3281 
f 3605 3649 4050 
f 6671 6557 6666 
f 3608 175 4777 
f 4697 4027 2372 
f 3371 3678 3867 
f 3613 3650 3696 
f 3022 4801 526 
f 7143 446 308 
f 324 596 4968 
f 5336 4528 6761 
f 2784 1014 404 
f 1603 1571 1641 
f 1527 834 1174 
f 5785 710 1246 
f 5866 5861 5958 
f 1241 1813 742 
f 3692 2424 2426 
f 6474 2570 4653 
f 3671 6588 4046 
f 5890 5808 5866 
f 179 3716 1101 
f 6296 2647 4643 
f 4310 6334 6472 
f 2230 2256 2255 
f 736 134 3570 
f 3322 7101 2725 
f 5910 6230 6339 
f 4600 5348 3096 
f 333 471 794 
f 4648 7087 5352 
f 6665 2646 2299 
f 6817 568 2932 
f 5962 5939 5961 
f 5336 6761 1817 
f 4347 3068 2188 
f 2950 4727 2287 
f 1618 5629 3821 
f 335 194 2269 
f 1609 2147 2145 
f 1374 5459 3208 
f 5198 5129 5907 
f 759 623 735 
f 5833 5417 5831 
f 2101 2182 2343 
f 1827 837 335 
f 4018 681 2882 
f 850 735 755 
f 6550 6551 6271 
f 4985 4984 5132 
f 3377 693 4915 
f 5126 3592 2321 
f 552 3420 119 
f 4837 4156 4832 
f 5056 6907 1115 
f 5000 2599 2111 
f 4978 755 5273 
f 2449 2663 1417 
f 6695 6233 6512 
f 5825 433 6105 
f 2446 179 6641 
f 5942 2135 1364 
f 4650 5593 5990 
f 2918 4117 75 
f 1602 4971 2264 
f 2289 6075 501 
f 706 4196 6995 
f 2526 2057 1879 
f 2003 527 2264 
f 7073 1522 7132 
f 1260 5143 800 
f 6190 5891 396 
f 2208 3479 924 
f 5212 2594 13 
f 1096 1206 1137 
f 5225 6703 1022 
f 3930 3097 4014 
f 6114 4649 6835 
f 2931 4639 2341 
f 4638 4759 3955 
f 4083 17 5378 
f 5464 4501 2468 
f 1941 3285 2509 
f 5014 4258 6422 
f 2270 330 67 
f 5100 1798 4481 
f 4828 5567 5870 
f 365 5042 4949 
f 6597 2607 2961 
f 6644 3083 517 
f 5093 2424 3829 
f 2898 1491 1619 
f 3460 1936 2152 
f 1381 5312 2356 
f 5106 1984 460 
f 6328 6070 6095 
f 6145 3273 6011 
f 1411 468 5495 
f 517 192 4205 
f 2270 67 5507 
f 2846 579 3326 
f 491 6778 7030 
f 2300 4215 3883 
f 1482 6561 4814 
f 1825 3974 1468 
f 3745 5233 4474 
f 1739 997 6722 
f 775 692 2762 
f 6139 4729 5658 
f 3547 3077 4920 
f 1876 5745 5746 
f 1845 1712 2383 
f 1535 3775 2591 
f 3827 5338 5349 
f 753 3191 2334 
f 4313 2658 1762 
f 518 5361 4154 
f 6870 6075 6611 
f 3684 528 339 
f 2290 5942 2143 
f 6912 1906 5429 
f 2506 6371 6167 
f 1399 3391 1470 
f 3021 334 39 
f 1252 2987 5391 
f 5474 12 2970 
f 4841 4309 3178 
f 3600 64 262 
f 5353 1923 3893 
f 2721 2931 2341 
f 6197 6822 2348 
f 1712 216 2383 
f 4758 2218 2254 
f 5294 117 6745 
f 305 2637 300 
f 3721 3637 3847 
f 6713 3490 3680 
f 6374 488 6368 
f 1606 4295 1932 
f 772 1992 126 
f 5877 6431 4729 
f 5942 4958 2143 
f 4747 6804 4278 
f 346 6750 1542 
f 3092 4725 7090 
f 4328 6995 2948 
f 2904 1709 3654 
f 806 2999 6510 
f 4307 6566 7104 
f 186 5770 5628 
f 1337 4226 5122 
f 6517 459 3499 
f 7030 5878 591 
f 3804 6874 1254 
f 3083 6644 6451 
f 1314 468 6706 
f 1209 1765 2083 
f 2391 6938 764 
f 162 2022 419 
f 4175 2374 1677 
f 4718 6595 4712 
f 338 126 150 
f 5115 1816 4618 
f 284 509 3946 
f 6621 209 6400 
f 2821 3194 2778 
f 4074 1118 5378 
f 5852 6761 4528 
f 3121 5574 6368 
f 1967 734 1631 
f 930 731 701 
f 75 2270 2918 
f 4209 5043 2998 
f 5784 2930 1586 
f 4682 3591 4622 
f 6701 93 2476 
f 6347 2466 3053 
f 2182 2342 2430 
f 2993 6957 3495 
f 3789 6845 1813 
f 4968 4399 6155 
f 2411 2940 600 
f 2937 2456 5180 
f 582 3474 5760 
f 4087 3895 3232 
f 2945 91 4892 
f 6079 447 1119 
f 2271 5788 921 
f 4171 961 4980 
f 5895 6446 3572 
f 6511 6510 5905 
f 6198 986 2723 
f 437 2996 354 
f 2445 1197 3513 
f 804 7039 1626 
f 4294 1840 1635 
f 3406 3218 384 
f 4433 4552 5227 
f 95 2645 2509 
f 2123 5424 914 
f 1186 3510 3373 
f 4341 4236 2064 
f 3086 3377 4915 
f 2670 883 2667 
f 1997 1383 1247 
f 2809 2966 6167 
f 2474 734 248 
f 3407 2981 5234 
f 4170 6378 5509 
f 194 2691 6420 
f 6295 6789 6494 
f 2273 1364 2135 
f 6001 5976 5996 
f 862 71 3742 
f 3331 4017 2962 
f 1766 1458 5851 
f 737 1714 6206 
f 2509 4543 5901 
f 5591 3598 458 
f 6556 2554 1850 
f 6473 1174 3776 
f 1369 13 2260 
f 1217 6513 3685 
f 811 5642 4073 
f 6439 2702 1448 
f 2940 6594 1668 
f 503 2110 1517 
f 1245 5492 5061 
f 6887 6868 4854 
f 2729 2179 6005 
f 1484 4083 1118 
f 1901 3336 2434 
f 5929 4590 1904 
f 2691 194 1256 
f 4969 468 1411 
f 1121 686 2224 
f 3978 1844 4976 
f 1401 293 6069 
f 429 3909 4161 
f 6445 1465 1651 
f 3870 3990 3909 
f 3687 5908 6339 
f 5390 4012 5384 
f 3163 3293 3477 
f 6562 6412 6773 
f 2386 409 1185 
f 807 1799 4192 
f 1641 2227 1748 
f 1456 6417 1764 
f 5526 5824 2252 
f 6004 2378 6289 
f 5963 6035 6328 
f 5426 5840 5702 
f 6786 2819 3110 
f 199 5704 5290 
f 845 6134 6491 
f 5896 396 5891 
f 3272 3672 163 
f 6746 932 5538 
f 1999 1996 1394 
f 6632 708 6389 
f 3968 5571 1623 
f 5091 101 5747 
f 4679 1055 4205 
f 2231 2057 2526 
f 806 4161 2999 
f 1580 3442 7009 
f 3978 4143 1844 
f 4499 4606 3486 
f 3200 5085 5219 
f 2629 699 1878 
f 1811 6609 6610 
f 864 4147 3764 
f 6164 5327 5062 
f 6814 2763 303 
f 4427 10 447 
f 3149 3688 5624 
f 4600 3712 2887 
f 4073 2098 4686 
f 3285 6148 4852 
f 5105 2414 1620 
f 5986 5961 5982 
f 3382 2073 3786 
f 6204 6893 1179 
f 817 103 388 
f 5692 4584 6895 
f 3617 5236 6495 
f 7131 1701 1177 
f 2002 3402 6436 
f 4699 554 5691 
f 6545 1048 4954 
f 5080 4571 4266 
f 5278 738 2036 
f 6083 4931 339 
f 3490 6713 3844 
f 608 5435 5508 
f 4393 4561 4391 
f 5005 4698 2617 
f 5632 2098 4073 
f 6023 6024 5935 
f 5505 4411 168 
f 1994 162 6182 
f 5233 6101 4407 
f 1385 4333 317 
f 6873 4531 5065 
f 4854 2681 2757 
f 1250 1392 2417 
f 4745 3370 5581 
f 6500 2092 1417 
f 4139 5892 5766 
f 2531 408 1701 
f 2052 5094 2011 
f 2574 697 4446 
f 306 2179 2729 
f 822 725 6934 
f 6573 5374 3510 
f 6592 3446 6811 
f 5409 4309 6112 
f 3176 5543 4749 
f 491 7030 591 
f 5873 6027 5884 
f 4570 4271 4571 
f 1502 6754 1390 
f 657 3100 5638 
f 2849 3228 1400 
f 1702 1278 2608 
f 482 4583 4227 
f 5015 3389 515 
f 4788 946 196 
f 6086 7031 539 
f 4926 500 4822 
f 5747 5791 2368 
f 1665 5488 323 
f 6996 4329 4277 
f 2633 442 6817 
f 338 150 1925 
f 4641 1435 1437 
f 1 4117 3 
f 4299 7004 5363 
f 2180 6688 1367 
f 2796 4140 6577 
f 3732 7075 2078 
f 4305 1296 520 
f 4166 4941 4765 
f 6306 6531 1122 
f 2197 2715 968 
f 1199 3892 5478 
f 4588 4188 1794 
f 19 3406 5778 
f 1753 3780 4326 
f 3372 3415 3314 
f 2640 2641 1690 
f 2594 6998 3703 
f 6873 132 4847 
f 974 63 3227 
f 2999 3909 3990 
f 3974 7031 7112 
f 201 4531 4847 
f 2119 930 1569 
f 1595 4035 1107 
f 1560 6214 2629 
f 2149 5632 5745 
f 1377 3273 6332 
f 258 6249 6552 
f 5601 50 4324 
f 5643 694 280 
f 6526 6558 6983 
f 456 2473 6600 
f 930 701 680 
f 6856 4484 1577 
f 4472 6891 6816 
f 721 4626 664 
f 75 4117 1 
f 5845 4900 3582 
f 1376 2102 438 
f 5025 4485 247 
f 5067 5915 4613 
f 1574 1584 1575 
f 4150 4148 5244 
f 2332 2502 4096 
f 7063 6990 4869 
f 2393 2025 7117 
f 4609 4685 3292 
f 1959 1520 618 
f 223 1635 5813 
f 6976 3263 2703 
f 3670 5777 1187 
f 1452 6881 3271 
f 1553 6323 1171 
f 209 1943 1569 
f 2861 1992 469 
f 6985 5556 1116 
f 4541 4565 1095 
f 6599 3433 6393 
f 5278 2937 5180 
f 6759 6398 6660 
f 4563 4373 4582 
f 4092 4770 6875 
f 695 627 814 
f 6853 6756 6963 
f 5494 2581 2854 
f 2653 5035 6209 
f 4064 2288 6958 
f 3307 127 843 
f 1996 2022 162 
f 6034 3810 6000 
f 1463 2124 1464 
f 4257 4003 4233 
f 6924 2839 876 
f 5251 3646 6411 
f 4821 4512 4660 
f 2554 75 1 
f 3228 2584 1400 
f 3945 3842 3589 
f 4833 1900 5061 
f 2185 4823 6197 
f 4784 10 3758 
f 6540 5375 1424 
f 5265 363 2709 
f 2585 1372 2248 
f 4347 2075 3068 
f 5997 5840 665 
f 2255 1372 2585 
f 6869 6773 6867 
f 6239 6241 6237 
f 617 203 4527 
f 2715 5914 968 
f 1988 4284 1725 
f 739 814 377 
f 6978 3901 1918 
f 138 2186 2221 
f 5790 6575 6574 
f 4165 3549 2415 
f 6277 6116 6276 
f 6412 6675 6773 
f 5065 2033 6467 
f 6131 6004 6421 
f 6002 1259 6284 
f 2664 937 1973 
f 451 4390 332 
f 1871 6466 2577 
f 1532 239 1885 
f 1316 1315 1419 
f 6594 6952 1668 
f 1528 1868 1905 
f 5530 6807 7142 
f 1934 3014 1294 
f 1762 6527 5146 
f 1486 403 4295 
f 3950 6278 2150 
f 2983 7114 7045 
f 692 775 79 
f 1423 574 2568 
f 9 6274 1479 
f 1999 2000 2022 
f 5308 2800 3919 
f 5983 2339 6021 
f 1050 3877 4196 
f 2917 2954 3048 
f 4958 2918 2143 
f 5039 1900 4833 
f 4236 2022 2064 
f 2389 2223 5646 
f 5652 5924 5927 
f 5656 3701 5224 
f 1762 5146 4313 
f 3446 6592 3926 
f 4124 2096 3049 
f 4042 3233 6507 
f 2254 5058 4758 
f 4165 6661 1730 
f 6859 6519 587 
f 1951 1924 373 
f 3890 3862 6425 
f 1959 1569 4169 
f 4341 2065 3305 
f 1713 42 5342 
f 3537 5020 2228 
f 2377 6479 3287 
f 4117 2918 4958 
f 1983 6350 1833 
f 2964 3524 2857 
f 5723 1789 7140 
f 6227 6766 3509 
f 6631 4496 986 
f 3231 3058 3281 
f 121 84 90 
f 4046 4703 4702 
f 4558 4559 2804 
f 6951 1145 4325 
f 2588 79 25 
f 636 743 60 
f 2456 5439 4259 
f 2880 2477 3481 
f 2619 136 886 
f 2610 2413 24 
f 6518 6808 4459 
f 3554 2696 904 
f 346 1778 724 
f 5843 3902 3328 
f 3974 7112 1468 
f 3104 1463 603 
f 2591 2256 2230 
f 2691 2370 2441 
f 7125 1475 6416 
f 1372 1781 2693 
f 2035 5025 3297 
f 5472 2925 2606 
f 7032 3953 6929 
f 209 6621 1756 
f 1297 952 6218 
f 1703 6251 4507 
f 753 2333 3191 
f 7017 1693 5100 
f 7065 2717 3122 
f 1220 2318 2319 
f 399 776 1266 
f 4374 1803 4026 
f 4834 6191 5944 
f 4339 5938 6622 
f 3062 2218 2244 
f 6877 4331 5036 
f 6877 6297 4364 
f 7033 1014 6536 
f 1827 1883 2600 
f 7001 7002 3481 
f 3239 3700 7037 
f 5350 2353 4162 
f 6486 5927 6630 
f 2551 2275 2047 
f 4821 4662 4512 
f 6651 4273 5415 
f 85 3976 3600 
f 3813 429 1733 
f 2441 2343 5845 
f 2124 1463 7 
f 2105 504 1982 
f 6557 2936 6936 
f 4036 983 4219 
f 2285 4 4900 
f 4320 1023 4635 
f 4387 500 7009 
f 6789 6295 4084 
f 2841 5423 3376 
f 3494 2554 5712 
f 3510 1186 4488 
f 6095 6070 5535 
f 5099 2984 903 
f 3376 239 2841 
f 426 5551 1783 
f 1516 3548 1837 
f 1861 208 6409 
f 1201 987 1997 
f 5211 3524 3058 
f 6879 3715 2644 
f 3291 2772 6063 
f 4130 1914 3152 
f 3376 5423 417 
f 5060 1816 2550 
f 1882 1827 3106 
f 2050 3733 5804 
f 5481 6091 5493 
f 6625 4194 742 
f 6420 2462 194 
f 2159 956 6307 
f 5815 2746 3115 
f 510 6335 1784 
f 6352 1305 4576 
f 1828 4796 6661 
f 1837 4784 6559 
f 6638 4985 5132 
f 39 334 801 
f 2464 801 5586 
f 6572 6648 6092 
f 2111 7127 4930 
f 3933 2021 3056 
f 2426 3603 3692 
f 3041 5078 5639 
f 5977 6105 433 
f 2026 2191 5164 
f 6968 6660 6853 
f 2220 4963 4948 
f 6265 5864 3884 
f 5110 4568 2672 
f 1184 2894 4035 
f 385 250 54 
f 23 6299 1620 
f 4781 5037 5046 
f 3481 7002 2880 
f 2111 2153 5000 
f 4138 5616 5603 
f 1975 3239 4914 
f 3624 6137 5854 
f 1575 1412 1574 
f 5728 5731 5147 
f 644 1526 846 
f 5545 823 7144 
f 6966 6177 6133 
f 2788 4226 1339 
f 5586 3183 2464 
f 6046 6087 6029 
f 1008 449 1873 
f 794 786 2680 
f 5654 5369 1365 
f 782 3724 1803 
f 148 6133 3904 
f 4641 1437 1398 
f 6687 2695 6653 
f 105 5267 5388 
f 4317 4269 4222 
f 5630 7056 4021 
f 1293 157 2131 
f 2025 2265 7117 
f 1587 3609 6439 
f 876 6669 3805 
f 3048 6360 2917 
f 705 3186 855 
f 5468 4083 2868 
f 6570 981 1824 
f 5095 4721 5573 
f 6077 1711 6475 
f 5570 5832 2758 
f 3147 1370 2686 
f 1297 2187 1295 
f 2792 5488 1665 
f 96 3862 2258 
f 7059 4724 5553 
f 2340 747 3743 
f 3609 7012 6439 
f 184 487 635 
f 1837 3548 1119 
f 5050 6424 4258 
f 2132 1379 6865 
f 2848 2850 2799 
f 7056 1859 2640 
f 4527 773 1011 
f 1485 2560 1833 
f 6704 5071 5873 
f 6961 7023 7024 
f 6534 5991 6701 
f 331 5002 368 
f 679 2828 1398 
f 4333 2761 6612 
f 2867 2143 2918 
f 2237 2687 3235 
f 2440 1441 956 
f 3509 6766 608 
f 753 631 2593 
f 3359 813 4387 
f 2692 3078 799 
f 1507 2416 467 
f 691 1891 1285 
f 3846 6195 927 
f 1461 6804 4747 
f 3231 6898 5211 
f 5003 4960 5653 
f 774 1082 6036 
f 5093 3829 2423 
f 6977 5160 5674 
f 31 6518 4760 
f 5865 3853 2990 
f 4102 919 5846 
f 6294 5538 7007 
f 4374 6875 4770 
f 3037 5674 2732 
f 6015 1176 3163 
f 2606 2465 419 
f 2026 6950 2191 
f 1295 501 1741 
f 3888 4178 3498 
f 5609 533 6093 
f 4337 1888 1632 
f 515 3389 6927 
f 1683 5587 3851 
f 3633 923 5734 
f 4399 1518 6155 
f 1750 6185 6705 
f 334 2773 980 
f 3919 7021 7020 
f 875 3426 2233 
f 977 5603 6159 
f 4888 4555 5041 
f 2619 2190 136 
f 6240 2565 6504 
f 294 4695 3592 
f 6046 5960 6024 
f 2931 1869 4639 
f 6310 1222 1385 
f 3775 22 4193 
f 3753 4966 7066 
f 1595 4015 929 
f 7081 111 6884 
f 5586 801 3116 
f 5551 6883 1783 
f 3119 1867 3812 
f 3092 5950 5933 
f 995 1979 4982 
f 2792 6999 3516 
f 5098 5325 4349 
f 5940 6859 6785 
f 1968 1612 1320 
f 2404 1452 122 
f 553 1896 852 
f 624 4045 4473 
f 1723 5706 5713 
f 7047 102 143 
f 1015 4368 6142 
f 4390 1408 6385 
f 5455 1853 2243 
f 123 6583 1080 
f 1091 6834 4553 
f 5968 4632 1375 
f 5955 1335 4427 
f 674 4000 616 
f 176 1091 4553 
f 1489 4200 5106 
f 3608 4777 3784 
f 3890 4860 572 
f 5149 2695 2785 
f 2902 2783 2826 
f 975 3089 3133 
f 261 6541 1133 
f 4842 6864 2192 
f 6988 3465 6568 
f 3084 2835 2878 
f 2878 2877 3084 
f 1516 1837 6559 
f 7030 159 3917 
f 5462 6060 388 
f 2993 6994 6957 
f 4338 4251 4252 
f 3323 2414 1317 
f 1039 4975 1168 
f 3125 5196 1110 
f 6827 5546 5264 
f 3050 4844 6439 
f 2464 5420 3005 
f 5348 4600 6360 
f 4783 4503 6523 
f 3241 3091 3268 
f 3599 6213 2417 
f 6763 6668 6551 
f 584 3240 3723 
f 6385 3964 4390 
f 745 645 786 
f 767 955 827 
f 1949 1014 2784 
f 2686 2810 3203 
f 6194 2826 6725 
f 6105 5977 1333 
f 442 2943 6817 
f 1100 1515 3063 
f 4487 1501 4210 
f 1474 485 1765 
f 2646 6665 6431 
f 1449 3842 5075 
f 1332 4944 5690 
f 6736 3093 726 
f 3148 3146 3215 
f 6052 798 92 
f 277 2533 5662 
f 2957 2922 2956 
f 5079 422 1229 
f 4310 5763 2789 
f 1416 3764 415 
f 5229 4037 4409 
f 1233 886 1154 
f 437 2674 5427 
f 4062 3550 3330 
f 2724 3111 6201 
f 1259 5705 199 
f 5074 611 745 
f 2848 2922 2852 
f 1448 6924 876 
f 5618 6910 391 
f 6869 6867 6978 
f 1488 5082 6889 
f 6768 6555 6670 
f 1470 1622 1399 
f 3877 5971 4012 
f 3425 3612 974 
f 5724 2407 1550 
f 861 1340 6072 
f 2306 4897 5124 
f 4113 3478 2944 
f 5251 2067 726 
f 961 4171 4062 
f 6569 6288 6682 
f 5657 2571 6243 
f 776 6996 4277 
f 6986 7095 934 
f 218 1658 2871 
f 3882 4071 4072 
f 6087 6046 6127 
f 3138 3301 2953 
f 6013 2596 46 
f 4760 6518 4459 
f 2825 5186 1391 
f 2241 2314 4339 
f 2432 5406 6615 
f 2014 6702 3864 
f 2315 6293 6354 
f 2863 1461 4747 
f 1293 2131 3908 
f 933 6728 938 
f 4351 7080 5661 
f 4472 3818 2757 
f 390 1024 3213 
f 249 6117 4887 
f 4909 2007 6908 
f 2013 4747 7088 
f 580 128 3504 
f 5472 5119 2057 
f 1294 4481 1798 
f 60 4272 3807 
f 2363 2801 6750 
f 1386 1351 1459 
f 53 6128 3824 
f 6806 6747 2579 
f 5614 5616 5136 
f 1462 5656 2834 
f 1418 1892 1920 
f 3747 6740 3585 
f 5911 4724 2401 
f 6209 5035 2396 
f 2663 2407 6190 
f 1154 3370 991 
f 5175 2351 2986 
f 1964 6976 5009 
f 6777 6215 6766 
f 4059 4656 6098 
f 2929 1720 5776 
f 6382 1823 5024 
f 5829 6470 5256 
f 6302 6336 6282 
f 1555 1414 3586 
f 2215 803 6566 
f 1099 2238 128 
f 400 7119 1610 
f 5976 5857 131 
f 4466 6391 6716 
f 2617 3809 3734 
f 4060 4137 4061 
f 4227 3672 6320 
f 922 6567 1325 
f 2452 3591 3860 
f 4151 4153 1199 
f 3388 572 4491 
f 5347 6030 3088 
f 2390 864 6297 
f 803 6613 3967 
f 482 6320 6049 
f 1894 1636 2352 
f 1482 685 3970 
f 2520 2993 6687 
f 1872 6086 6626 
f 4095 4103 2557 
f 7012 6193 6439 
f 2092 526 3677 
f 3701 2548 4016 
f 6957 3383 3495 
f 1896 6839 852 
f 2786 1717 1570 
f 3074 3220 2978 
f 6836 6732 6731 
f 2086 204 6658 
f 904 2696 51 
f 2695 2783 2902 
f 6497 183 7077 
f 2270 6556 330 
f 2520 6687 6653 
f 6397 1871 2326 
f 3050 2520 5510 
f 635 487 6193 
f 1517 7011 503 
f 796 797 5443 
f 1826 1556 6232 
f 6186 2879 4564 
f 3031 1389 401 
f 10 6739 3758 
f 2756 2702 2755 
f 1930 255 5482 
f 5931 4292 5932 
f 2146 1026 1317 
f 5701 6236 3533 
f 6300 2769 3814 
f 2655 1178 2958 
f 970 3833 1370 
f 7140 2497 5723 
f 6669 2839 2914 
f 876 3805 3800 
f 2197 968 2389 
f 3034 3087 2907 
f 1905 2552 3655 
f 3800 3793 1332 
f 3697 6184 1657 
f 6788 6299 23 
f 5109 4741 6183 
f 6218 2536 155 
f 719 4091 1050 
f 291 164 5599 
f 2872 3109 2071 
f 2302 6298 6777 
f 2402 5101 809 
f 4633 4456 6113 
f 2955 2847 2995 
f 2476 5281 6584 
f 5573 4721 6104 
f 436 432 1840 
f 6720 6584 5281 
f 3002 3091 3042 
f 5980 5388 3249 
f 4170 1477 265 
f 3811 6523 2491 
f 4966 5749 1040 
f 1127 2558 2 
f 6105 1424 6106 
f 597 5815 6375 
f 6376 3291 6842 
f 61 24 2762 
f 6756 6660 6540 
f 2850 2852 6375 
f 7043 3365 7041 
f 5211 6898 2168 
f 1218 2540 840 
f 1969 1109 5489 
f 529 4897 4939 
f 3571 2612 1897 
f 1409 6287 2080 
f 754 755 4978 
f 3766 6879 3767 
f 393 4802 2807 
f 3641 3490 3489 
f 5279 4981 5984 
f 1612 5919 4449 
f 6867 6866 6978 
f 1260 2333 753 
f 998 6306 2536 
f 6277 6407 6408 
f 5087 581 133 
f 2699 6003 5621 
f 3967 6613 1349 
f 6168 6917 1890 
f 2040 6428 3037 
f 889 6270 5727 
f 361 519 525 
f 4214 3652 6161 
f 5158 4048 4056 
f 216 2454 2383 
f 6668 6404 6551 
f 3294 3085 3295 
f 278 2411 498 
f 1177 1633 2741 
f 6956 4303 4200 
f 4493 2780 4773 
f 5962 6068 6035 
f 3595 253 1108 
f 6994 184 6957 
f 2168 3659 4819 
f 5472 1738 5119 
f 1311 6992 5342 
f 1898 1982 504 
f 6796 5559 3497 
f 906 7110 812 
f 5414 7029 2566 
f 1658 1851 399 
f 5373 5116 556 
f 2457 6438 3397 
f 3366 654 1415 
f 2754 2718 2787 
f 2050 807 5465 
f 1803 1763 5083 
f 1627 6128 5011 
f 4827 3161 4492 
f 5818 6558 2431 
f 4930 2248 6273 
f 5775 2802 2005 
f 2438 38 82 
f 5981 3573 358 
f 5603 4228 6159 
f 4650 150 5593 
f 3226 1057 1025 
f 5731 5752 5706 
f 2935 1807 1957 
f 3330 7075 3732 
f 4628 3426 6904 
f 4263 143 102 
f 4401 5194 5034 
f 2584 5581 5335 
f 6101 3841 3187 
f 1946 1674 647 
f 5018 2689 4841 
f 309 5539 7035 
f 6153 6089 6127 
f 5584 4778 5558 
f 5538 2392 7007 
f 112 1495 896 
f 5652 2365 6772 
f 333 5259 2511 
f 3283 3480 6380 
f 4450 3947 6758 
f 6765 3383 2172 
f 3626 2307 6245 
f 2871 1658 399 
f 760 3792 6922 
f 1709 4861 4239 
f 5149 2718 5510 
f 7019 7119 3167 
f 5911 3899 2819 
f 5762 1646 3661 
f 2520 6653 5510 
f 243 537 435 
f 3315 820 727 
f 2755 2754 2835 
f 787 3790 3461 
f 3038 2909 2947 
f 2756 2755 2836 
f 2836 2755 2835 
f 2063 6889 4580 
f 4100 5172 362 
f 4135 5975 884 
f 3577 2053 702 
f 635 5268 1488 
f 1403 2657 740 
f 3539 509 2988 
f 3071 3167 5319 
f 2666 6823 2199 
f 3737 3696 3822 
f 521 1436 3634 
f 2640 1859 2641 
f 345 27 129 
f 6666 6557 6936 
f 1845 2383 819 
f 2631 4879 1534 
f 4972 5948 2968 
f 4813 464 1982 
f 5083 4732 4026 
f 6201 4097 2704 
f 6837 6836 7141 
f 123 1080 651 
f 1674 1946 5131 
f 1016 4533 3561 
f 2752 352 6109 
f 5546 6406 2638 
f 5955 6435 2315 
f 2847 2955 2799 
f 4737 2831 5043 
f 5801 969 6524 
f 6366 5302 5213 
f 1426 4525 2338 
f 4527 2116 773 
f 6356 3910 6948 
f 1169 5070 2041 
f 6363 4564 2712 
f 5352 2316 6243 
f 1562 277 5787 
f 6694 6788 23 
f 2957 3146 3148 
f 646 5294 2295 
f 3640 905 29 
f 5527 513 1692 
f 857 5730 5247 
f 6771 4858 2941 
f 2852 3047 3004 
f 6828 6825 2353 
f 6958 1359 5578 
f 2373 575 4855 
f 1411 6629 4969 
f 780 1607 782 
f 2803 2766 2852 
f 1836 2347 1662 
f 6177 3904 6133 
f 5948 4817 2862 
f 6739 6737 6076 
f 7072 6540 6959 
f 3899 3897 2819 
f 4888 5041 5046 
f 3756 4405 6012 
f 1303 6081 473 
f 217 3543 5151 
f 4899 4040 2970 
f 3055 2104 3281 
f 5118 3493 3400 
f 2360 1978 6268 
f 5366 5183 3278 
f 2532 5181 4457 
f 3211 5605 617 
f 3181 964 4935 
f 6108 6106 1424 
f 2510 3860 3591 
f 5998 1409 2080 
f 3925 2638 2625 
f 2952 6438 3992 
f 6398 6108 1424 
f 4821 4660 4981 
f 4867 1621 2862 
f 4489 6287 3714 
f 526 6403 3677 
f 6685 6805 6942 
f 6675 6410 6673 
f 3901 6978 6866 
f 2867 2918 2270 
f 6287 6972 6971 
f 3414 704 6266 
f 762 3099 395 
f 7019 3167 7056 
f 2059 306 2729 
f 2954 2917 4087 
f 389 4869 2975 
f 5358 6503 4681 
f 1478 4182 5764 
f 6565 6414 6775 
f 1323 3590 3826 
f 6276 6116 6404 
f 5662 1765 485 
f 6675 6673 6866 
f 2487 2312 1662 
f 5457 1161 2846 
f 6206 4312 6667 
f 1083 5042 2160 
f 5869 6704 5585 
f 5959 4035 2894 
f 2780 934 4773 
f 6530 6085 2493 
f 2140 1625 6202 
f 4717 7114 2983 
f 4313 3835 227 
f 4261 3867 3248 
f 5705 5150 5430 
f 157 106 3421 
f 4958 3 4117 
f 5197 6465 4152 
f 3582 4900 5086 
f 3856 6337 6054 
f 5077 4994 5046 
f 5172 1208 3507 
f 901 707 4128 
f 591 4710 4207 
f 2075 1759 5748 
f 2621 1781 1372 
f 4826 4668 4354 
f 1888 5760 2623 
f 5693 197 219 
f 7128 1659 1422 
f 1403 740 6862 
f 4843 3589 1449 
f 877 6882 1359 
f 4405 1086 6012 
f 414 6939 6837 
f 753 2593 1953 
f 675 6348 4566 
f 6837 6939 6838 
f 6295 2296 4084 
f 1740 5589 6102 
f 2118 1345 2643 
f 2634 6859 1616 
f 5480 5620 2899 
f 6337 4902 6342 
f 6758 3947 5027 
f 1978 5709 2376 
f 5572 5575 4901 
f 1623 5571 4606 
f 5545 7144 6839 
f 5176 5178 3851 
f 2103 4941 4166 
f 5071 6027 5873 
f 5228 1511 292 
f 5729 5198 5907 
f 6369 4358 5630 
f 1942 4474 1413 
f 1555 3459 2706 
f 1976 2297 2613 
f 2694 3904 6177 
f 3074 2832 2902 
f 550 5094 2052 
f 1721 5943 929 
f 2685 6403 4230 
f 2909 2839 2756 
f 5309 3374 667 
f 6851 6868 6037 
f 3198 3316 3199 
f 3667 6450 2203 
f 792 5885 6821 
f 3175 6781 4281 
f 6786 3356 7062 
f 2453 41 2485 
f 1588 4811 2141 
f 1723 1445 6783 
f 5945 5051 5944 
f 1443 2374 1019 
f 1596 1407 1935 
f 5205 6852 3343 
f 204 2595 6658 
f 2757 2681 6539 
f 4866 5446 6319 
f 1206 6543 1251 
f 5347 286 1082 
f 842 626 2704 
f 6489 6732 2301 
f 2842 145 6733 
f 2034 4357 5819 
f 2317 5166 154 
f 801 2464 39 
f 2291 2406 328 
f 1028 1153 2436 
f 2631 5090 626 
f 1238 7034 2776 
f 3947 5792 3907 
f 2727 2722 2799 
f 4765 1255 6536 
f 3245 3215 3243 
f 1331 3222 3351 
f 2188 1786 2637 
f 3914 4964 1929 
f 1998 3791 5881 
f 3076 4128 5882 
f 7116 5645 6455 
f 2829 392 1350 
f 2957 3047 2922 
f 1317 6304 2176 
f 3280 3431 3312 
f 6000 457 637 
f 6637 4005 3832 
f 4429 4307 5333 
f 5882 2286 6861 
f 3752 97 4955 
f 1046 4725 2492 
f 4047 259 1389 
f 157 1854 106 
f 5018 4185 2689 
f 5650 6965 2873 
f 2241 1336 2314 
f 6662 5360 4217 
f 5870 5567 4673 
f 1978 4694 1418 
f 5828 2589 3228 
f 6386 5541 4464 
f 6756 7072 6963 
f 7072 6959 6780 
f 2670 2671 4649 
f 5449 6784 4975 
f 2282 2497 7140 
f 2857 6830 2742 
f 630 5524 1106 
f 2749 3665 3580 
f 3385 6373 2555 
f 454 453 6290 
f 6533 3743 1198 
f 1644 4906 1858 
f 1493 2960 2896 
f 24 2413 22 
f 5998 54 6343 
f 5258 5799 1038 
f 4431 3254 4623 
f 1951 6182 1924 
f 6273 2693 4979 
f 4519 2112 5181 
f 2775 5842 3825 
f 3011 2104 3055 
f 1486 464 2723 
f 6773 6675 6867 
f 6407 6276 6555 
f 2718 5149 2787 
f 5951 3077 1066 
f 4549 499 3410 
f 6279 5992 5836 
f 1078 6803 5522 
f 1966 1948 4898 
f 5839 5288 5992 
f 5686 6978 1918 
f 6410 6279 6408 
f 6576 6635 1771 
f 5215 5062 5327 
f 2034 5819 4210 
f 6768 6670 3901 
f 1425 3023 5148 
f 831 770 3574 
f 1827 2600 127 
f 6116 5988 6404 
f 2257 2919 1243 
f 6978 5686 6869 
f 3545 908 1669 
f 4066 3228 4735 
f 665 5839 6120 
f 1081 2494 188 
f 1969 1258 3522 
f 191 2134 158 
f 1159 369 1934 
f 2704 626 2798 
f 7043 259 7111 
f 1041 3743 6533 
f 4874 3728 4782 
f 6632 6309 6211 
f 4290 5257 6188 
f 2246 56 98 
f 2335 2336 1615 
f 2142 2434 6352 
f 6018 5926 5658 
f 6178 4774 894 
f 5260 3695 4632 
f 4708 5860 5947 
f 5567 4828 5673 
f 4258 5014 6469 
f 5937 1593 2103 
f 7097 7025 6961 
f 6567 5489 4990 
f 3123 5750 5748 
f 5227 4796 4433 
f 4041 5224 6463 
f 1570 3875 6896 
f 3123 2751 1626 
f 2694 299 3904 
f 6679 1439 1473 
f 6415 5869 3412 
f 2020 6762 532 
f 5930 5957 5978 
f 6818 3818 5175 
f 4936 4937 2366 
f 1492 502 1146 
f 2586 1098 3233 
f 1700 4459 4616 
f 150 126 5593 
f 6553 4252 2308 
f 1256 837 2507 
f 1842 3536 638 
f 2579 6747 1836 
f 4612 40 41 
f 3746 3446 3926 
f 4219 983 4727 
f 2907 2835 3084 
f 3771 551 5724 
f 1496 2323 5610 
f 2836 2835 2907 
f 7020 6819 5224 
f 4082 2122 910 
f 4736 5580 4009 
f 4588 1590 7134 
f 4135 677 4180 
f 5281 6801 6326 
f 300 347 2627 
f 4358 1859 5630 
f 494 130 5108 
f 6743 19 5778 
f 6294 3524 1770 
f 1107 4035 3149 
f 3531 3534 3463 
f 2847 2798 2995 
f 1972 3531 3379 
f 3135 3180 3091 
f 2847 2722 2798 
f 2722 2704 2798 
f 2914 2839 2909 
f 1215 3206 3225 
f 5090 2795 626 
f 1363 4198 5684 
f 6372 4097 215 
f 5146 4771 4313 
f 596 2138 4968 
f 6779 4877 4480 
f 3973 7041 431 
f 1045 1268 827 
f 4005 5793 6499 
f 6486 6489 6599 
f 3004 6052 5881 
f 1879 110 1788 
f 7119 400 4749 
f 6076 1892 5103 
f 3147 363 970 
f 3146 3044 32 
f 5561 1899 1947 
f 915 723 5972 
f 662 6956 2782 
f 4495 4486 4542 
f 3414 1085 6239 
f 5989 1744 1835 
f 3148 3047 2957 
f 5733 5645 5766 
f 2985 1928 1421 
f 1766 1793 6790 
f 6213 3150 6678 
f 6215 5435 6766 
f 4569 3382 6369 
f 6426 2549 2933 
f 4924 390 3213 
f 6341 1804 7123 
f 5925 6006 5638 
f 1942 7050 3736 
f 2963 2889 2771 
f 5657 6243 2316 
f 2015 2935 374 
f 5511 6791 6849 
f 2045 3712 4600 
f 6770 4909 4442 
f 5804 3915 2050 
f 1859 4358 2641 
f 3911 2081 3799 
f 3188 3191 2333 
f 451 332 320 
f 4860 2740 5120 
f 6540 7072 6756 
f 6228 4591 1942 
f 3813 2647 225 
f 3731 7072 6780 
f 4876 4195 5201 
f 6008 6886 1738 
f 2119 1569 1959 
f 4408 4451 6579 
f 3337 3430 3280 
f 2776 2697 3900 
f 2080 6287 385 
f 3193 5634 5589 
f 2093 4011 3139 
f 744 637 2355 
f 5315 3122 2717 
f 2729 2422 1032 
f 6470 5829 5466 
f 5821 1103 5366 
f 3915 5804 4656 
f 2056 5512 139 
f 5972 4451 2325 
f 5725 3338 2778 
f 1152 4226 7099 
f 4112 951 4693 
f 4607 3026 2331 
f 6548 6759 6857 
f 3071 4380 5317 
f 4987 4888 4994 
f 3572 818 5895 
f 6963 3731 6853 
f 6598 2416 343 
f 6670 1409 5998 
f 2840 2090 3159 
f 4373 422 4582 
f 1104 1942 1413 
f 1171 267 1292 
f 742 317 6130 
f 3735 1052 1456 
f 4135 4180 4335 
f 5679 5801 4418 
f 6081 4445 77 
f 3552 4693 4692 
f 7050 5730 6515 
f 6879 2644 6804 
f 3435 5437 321 
f 5050 4421 6465 
f 6122 665 6412 
f 1108 5236 3595 
f 4030 3410 499 
f 5003 4673 5567 
f 2652 2293 5064 
f 6972 6764 6763 
f 1146 4057 1492 
f 5186 4549 1601 
f 4961 7082 823 
f 2780 3465 6988 
f 2103 1593 3080 
f 1479 2085 1031 
f 708 6632 2815 
f 2902 2785 2695 
f 2783 2694 6177 
f 4145 3513 1197 
f 1711 3160 6475 
f 3664 240 4034 
f 4801 4375 5973 
f 1759 4347 5362 
f 7141 2541 414 
f 6966 6725 6177 
f 4741 1050 4091 
f 2041 5413 1169 
f 906 4151 2418 
f 2236 7008 1362 
f 2005 2802 1633 
f 2520 487 6994 
f 6937 5745 4149 
f 2054 2979 1849 
f 5510 2755 2702 
f 1022 6703 1529 
f 3858 3737 3822 
f 4077 4020 4106 
f 2914 2909 2992 
f 5337 6740 5140 
f 975 3206 1215 
f 4767 4454 3961 
f 305 2188 2637 
f 505 1075 7081 
f 3576 3698 3658 
f 2638 6992 5546 
f 1215 3225 3325 
f 6655 6560 6590 
f 1120 5028 5733 
f 1081 789 7142 
f 6372 2397 4410 
f 4867 1678 1621 
f 5328 3846 4223 
f 2553 4942 1617 
f 2015 5469 1807 
f 149 3653 5742 
f 6002 6288 6289 
f 5473 6052 3004 
f 2347 2590 1662 
f 3774 5262 6741 
f 1463 3104 7 
f 6747 838 1835 
f 3812 1867 833 
f 1836 6318 2347 
f 4759 3523 3955 
f 7140 6337 3856 
f 2286 4044 6950 
f 1136 2604 693 
f 5053 5235 3064 
f 1232 1480 6242 
f 6771 257 4058 
f 2147 3358 5058 
f 6665 2173 1143 
f 3239 1975 3700 
f 791 729 840 
f 3659 2168 1235 
f 1142 2559 3793 
f 2086 3248 5161 
f 4462 5966 6906 
f 1 849 5712 
f 669 1282 1237 
f 2960 2309 2896 
f 3279 912 3072 
f 734 2474 981 
f 6679 1473 1576 
f 1957 2738 2935 
f 4695 6096 3592 
f 7065 3033 2717 
f 1815 2387 2123 
f 6669 2795 5090 
f 5511 2936 6791 
f 5431 5249 2328 
f 1933 2100 1317 
f 5387 2306 4155 
f 6081 4846 4445 
f 10 4427 1335 
f 5533 4905 6589 
f 3646 5251 726 
f 5709 1214 2376 
f 3056 4673 4856 
f 1418 2322 1892 
f 125 6007 3963 
f 6227 5494 2171 
f 6634 6493 1042 
f 1937 7007 2392 
f 3009 1656 3051 
f 3925 3179 4789 
f 2398 4253 6800 
f 1551 1616 3629 
f 6395 1907 861 
f 3590 1323 893 
f 5473 2165 798 
f 201 4398 4531 
f 5935 5930 5978 
f 6601 3449 1714 
f 4715 6603 3178 
f 1938 650 5244 
f 5604 5629 1618 
f 1010 1291 1031 
f 3604 31 4465 
f 2810 1370 3018 
f 5497 2803 5881 
f 5793 4005 1249 
f 3381 7100 3216 
f 3731 6780 2112 
f 4481 153 6623 
f 1223 5054 4556 
f 4019 3783 2854 
f 89 3101 181 
f 760 1531 3792 
f 4357 5821 5819 
f 1109 3522 6935 
f 299 2695 6687 
f 5205 3343 6309 
f 3069 3074 2977 
f 7057 5499 3350 
f 6296 6161 2578 
f 1772 750 1075 
f 5394 2533 277 
f 2410 3069 2409 
f 54 2080 385 
f 2909 2756 2947 
f 6548 6269 6398 
f 622 623 5680 
f 2139 181 2683 
f 6275 6253 3171 
f 3198 3199 3084 
f 207 5604 6582 
f 1599 2330 6458 
f 6555 6668 6764 
f 1514 1782 636 
f 5890 5891 5808 
f 6288 6565 6682 
f 6673 6407 6768 
f 3038 3087 3130 
f 1448 4944 1587 
f 6412 665 6120 
f 1993 216 1712 
f 1504 2236 2450 
f 3247 7025 3327 
f 4844 5510 2702 
f 270 4728 1031 
f 2992 2909 3039 
f 5704 4836 5290 
f 2580 2556 972 
f 3130 3225 3206 
f 3230 1215 3379 
f 5090 2631 3805 
f 6872 6682 6565 
f 4879 832 4410 
f 2780 6988 934 
f 5699 1980 547 
f 6070 6068 5535 
f 2294 6864 1003 
f 601 5381 66 
f 1470 5607 5606 
f 3044 3042 32 
f 5598 123 558 
f 3312 5473 3004 
f 206 5894 1185 
f 1513 6505 890 
f 5402 5987 2904 
f 5717 4101 918 
f 2678 2345 2728 
f 1104 6025 571 
f 3652 6230 6786 
f 4158 181 2139 
f 3194 3353 5246 
f 4196 26 3043 
f 7074 5638 5421 
f 2131 3158 3908 
f 2265 2025 7118 
f 3081 3298 2864 
f 3805 1534 4798 
f 5161 5208 4866 
f 4329 6996 1331 
f 912 3886 5334 
f 2735 4631 6977 
f 5505 3916 6074 
f 3694 151 116 
f 3029 3030 2828 
f 2488 3537 4576 
f 3412 2510 6415 
f 5674 5160 4278 
f 4726 1200 5154 
f 3362 2965 2006 
f 5378 1118 4083 
f 6179 2283 3641 
f 829 4513 5445 
f 231 1285 703 
f 4722 3310 4665 
f 7082 7079 823 
f 5481 4906 1644 
f 4652 1186 3373 
f 6885 788 965 
f 5031 4932 5032 
f 321 4551 5195 
f 2097 1327 1785 
f 6627 5301 2214 
f 159 6778 6538 
f 6137 6158 907 
f 6170 4692 5202 
f 6241 1085 2394 
f 1725 4788 1988 
f 4746 4629 686 
f 5833 5562 6638 
f 5631 7122 2924 
f 7133 4862 2966 
f 3408 3377 1224 
f 4748 4987 4994 
f 5350 3112 1506 
f 255 3376 279 
f 6511 3356 3110 
f 6860 6791 6891 
f 222 3976 263 
f 2846 3936 497 
f 6918 6643 6590 
f 5614 2055 5162 
f 484 1886 719 
f 6114 3273 5400 
f 2880 7079 3340 
f 4261 506 6049 
f 3103 6902 6250 
f 6818 5175 6501 
f 4022 5634 3740 
f 2208 1537 145 
f 2150 7042 941 
f 2056 2055 4959 
f 4851 619 5248 
f 6656 2351 4472 
f 4402 2012 873 
f 1960 5664 4336 
f 416 1577 4484 
f 1510 3515 6169 
f 4138 5603 977 
f 101 185 5791 
f 3383 4045 2172 
f 5785 4763 1544 
f 619 5895 2167 
f 6194 4099 2826 
f 3661 5357 5762 
f 4944 5695 2730 
f 1961 4555 5368 
f 6348 675 6702 
f 2902 2977 3074 
f 5071 1900 6027 
f 3758 5103 3551 
f 3220 3314 3255 
f 3050 487 2520 
f 983 1517 2287 
f 5690 4944 1448 
f 6939 873 7049 
f 3089 975 3135 
f 5259 5666 1113 
f 201 12 5474 
f 4715 6716 6603 
f 2060 994 6474 
f 1993 942 2454 
f 549 3256 6916 
f 1747 6602 4336 
f 2360 4694 1978 
f 480 502 6989 
f 4622 4404 3363 
f 6117 249 2982 
f 1064 5811 3834 
f 5827 6108 6269 
f 2782 6956 4200 
f 2845 2798 2795 
f 1142 1534 4879 
f 1236 28 281 
f 2956 3044 2957 
f 3622 3581 3475 
f 2428 2425 2042 
f 4639 409 3399 
f 4291 765 129 
f 4192 1799 4523 
f 3430 3431 3280 
f 673 4591 6228 
f 4963 5773 6969 
f 1452 3070 6881 
f 3049 3852 1135 
f 5183 3731 3278 
f 1512 4769 4651 
f 6904 6093 4628 
f 3260 6038 5478 
f 4763 5785 1246 
f 5635 4578 7086 
f 5756 2325 5432 
f 6969 4013 4948 
f 2610 405 6708 
f 7068 4466 6716 
f 3500 3384 3538 
f 4795 4075 4444 
f 5719 190 4677 
f 1024 1484 3213 
f 1944 4156 6531 
f 2816 2735 2889 
f 6516 6655 1015 
f 3957 766 3374 
f 6830 2857 3524 
f 3151 3011 3100 
f 6986 6569 6682 
f 2911 7088 5160 
f 6886 5119 1738 
f 3991 4328 2948 
f 6044 862 3742 
f 3708 5822 1191 
f 2778 3338 2150 
f 2939 963 1977 
f 1049 2433 218 
f 3162 892 1761 
f 2934 5515 797 
f 6856 1864 3166 
f 6014 2478 3948 
f 6307 6405 993 
f 782 4374 4770 
f 705 5879 3186 
f 6213 2939 3150 
f 2015 4646 5469 
f 610 5392 2174 
f 5970 7067 5718 
f 5964 5824 5526 
f 1390 3697 1657 
f 5335 1400 2584 
f 5360 6662 1821 
f 3821 5629 2084 
f 2686 3880 6325 
f 5438 5110 5521 
f 1017 1806 1288 
f 5711 3949 4806 
f 2572 1540 3699 
f 1734 5049 1984 
f 5199 6365 699 
f 6544 6200 6537 
f 6437 2707 1811 
f 5886 1300 8 
f 5033 3483 1159 
f 3032 1796 4614 
f 949 481 2773 
f 4057 5469 4646 
f 2749 938 3665 
f 6017 5370 1498 
f 6077 6828 6923 
f 4973 5304 5687 
f 5521 2329 4889 
f 75 2554 6556 
f 6311 5176 3290 
f 3998 5202 5030 
f 5625 2320 4502 
f 728 3311 6794 
f 5218 1190 242 
f 5820 5540 5539 
f 6796 3426 875 
f 6290 7074 5421 
f 2566 7034 2472 
f 6217 6926 2354 
f 3401 1197 1262 
f 298 6585 3969 
f 2978 3196 3120 
f 669 508 1089 
f 3403 210 6121 
f 4240 4611 4172 
f 2092 1221 526 
f 3121 488 351 
f 3524 5211 1770 
f 4388 4340 4385 
f 2577 3729 5566 
f 4775 4377 3556 
f 3201 3034 3199 
f 1157 1047 2942 
f 2139 2683 4861 
f 1975 3142 1693 
f 2783 2695 2694 
f 3892 2924 5436 
f 3054 6482 258 
f 1462 1219 825 
f 1187 5716 3670 
f 5516 851 629 
f 2586 236 962 
f 4639 1869 409 
f 5342 42 2518 
f 4648 7018 7087 
f 1661 4868 36 
f 2835 2754 2878 
f 5941 5963 5898 
f 4621 6563 2062 
f 3849 1815 914 
f 1645 1603 1707 
f 3658 3496 3576 
f 2860 1082 372 
f 3044 3146 2957 
f 1187 5777 2364 
f 2644 5674 4278 
f 2914 2795 6669 
f 1240 5391 7053 
f 154 3607 1740 
f 1186 3511 2501 
f 3454 2532 5073 
f 885 6730 4646 
f 6360 4919 5348 
f 6572 1192 6648 
f 811 5899 5642 
f 150 800 1925 
f 1449 4658 5270 
f 2077 4534 6219 
f 6125 1490 4895 
f 28 92 6244 
f 838 2165 5989 
f 7046 234 3022 
f 4525 2365 925 
f 6650 1547 3544 
f 2866 1479 6491 
f 6208 6547 6466 
f 6268 4647 2360 
f 1589 6274 3173 
f 3685 6513 5063 
f 1416 2358 5668 
f 1140 7139 4577 
f 5011 6128 53 
f 7070 6945 4647 
f 3483 693 1159 
f 3151 3100 1919 
f 1849 4507 356 
f 5934 2815 6632 
f 6160 2302 6227 
f 5366 5773 5821 
f 2396 1216 6209 
f 1919 5133 3750 
f 3037 6977 5674 
f 2436 3951 3424 
f 1962 3129 4003 
f 4178 3888 4586 
f 5825 6105 6106 
f 3731 2112 4519 
f 2113 3308 2109 
f 1458 4627 5851 
f 1678 5673 4828 
f 3919 1647 5308 
f 1770 5538 6294 
f 4175 1677 2750 
f 6915 1937 2392 
f 6272 4971 6880 
f 6883 6074 1549 
f 5183 6853 3731 
f 2002 5756 3402 
f 5223 5395 2683 
f 769 3744 5238 
f 5281 5648 6801 
f 58 4001 1172 
f 6971 3714 6287 
f 2805 1810 3033 
f 5687 1270 4973 
f 4226 2381 5122 
f 2998 5043 2079 
f 2975 3179 1810 
f 2900 1301 2141 
f 5982 5890 5960 
f 2500 5936 1286 
f 5191 5900 137 
f 6343 3901 5998 
f 1529 4925 4080 
f 319 1684 3351 
f 6020 201 4847 
f 632 544 2971 
f 1627 5230 6128 
f 5433 2109 3308 
f 3522 1258 4830 
f 4373 6769 1229 
f 1710 5906 4101 
f 2268 4146 3342 
f 835 125 1040 
f 3989 5563 4706 
f 2866 3137 732 
f 3374 5309 3957 
f 6100 2601 5565 
f 4773 934 7095 
f 3053 1366 5485 
f 6569 6289 6288 
f 594 1629 780 
f 3689 3759 3650 
f 3410 1689 7121 
f 6565 6284 6414 
f 6984 6774 6869 
f 6889 2063 6123 
f 6988 6568 6878 
f 3949 6692 4806 
f 5189 5387 5405 
f 5352 5242 4648 
f 4108 2484 6615 
f 3949 3627 1116 
f 236 2586 7060 
f 1302 3557 7093 
f 6834 1091 4479 
f 5162 793 5185 
f 3405 723 5853 
f 7064 641 1329 
f 1270 1512 4973 
f 7116 6455 1032 
f 3408 988 2797 
f 6842 6936 4528 
f 3558 5019 423 
f 4030 4112 5255 
f 5804 4447 6098 
f 6166 323 6854 
f 6123 2156 288 
f 6276 6668 6555 
f 2928 533 746 
f 2284 1382 4218 
f 1866 3655 2552 
f 6102 5589 6096 
f 1442 728 4024 
f 2645 2107 5613 
f 5303 7083 1759 
f 3314 3169 2410 
f 3583 2010 6919 
f 2739 6496 4206 
f 3069 2410 3169 
f 799 3078 3618 
f 1843 4476 6094 
f 2878 2787 2877 
f 6229 5330 6305 
f 4654 1380 5557 
f 3948 2478 703 
f 3067 1646 4707 
f 4333 6130 317 
f 6478 4423 5013 
f 5349 5338 4234 
f 5450 3480 3283 
f 5118 5745 1876 
f 6764 6668 6763 
f 5298 2116 2960 
f 3196 2978 3220 
f 4510 2210 3094 
f 6495 5236 1108 
f 4456 6854 4362 
f 6639 4405 3882 
f 3255 3316 3120 
f 3038 2947 3087 
f 1438 4752 895 
f 877 5872 5793 
f 3095 3446 6441 
f 3427 3390 3332 
f 3089 2992 3039 
f 2176 3323 1317 
f 4077 4106 4238 
f 6913 1240 7053 
f 4007 1649 3857 
f 6263 6038 4256 
f 1592 2690 1147 
f 3433 4004 1947 
f 5725 4566 3338 
f 5156 117 1132 
f 190 3560 6480 
f 3520 2929 3993 
f 6165 5142 851 
f 6534 5933 5991 
f 2296 6295 2101 
f 2512 1513 5247 
f 3811 4332 2605 
f 5252 1113 5666 
f 2705 995 2731 
f 1254 3765 3804 
f 7094 6121 6657 
f 6197 3320 6822 
f 4224 4137 4098 
f 3615 4442 4909 
f 7049 6843 6735 
f 1263 5665 6267 
f 4480 3479 1767 
f 4671 3604 5501 
f 6649 540 21 
f 3929 4874 6140 
f 5153 3804 3765 
f 4457 6268 2532 
f 1028 2436 3424 
f 6751 6540 1333 
f 3281 2104 1487 
f 980 2773 481 
f 2687 627 2412 
f 3011 3055 2963 
f 5792 6248 5113 
f 1780 4577 5514 
f 5467 4916 3131 
f 6068 5962 6031 
f 713 6164 4141 
f 2469 2356 495 
f 5657 1368 2571 
f 3765 1151 5153 
f 4108 6615 5406 
f 3804 5153 135 
f 3665 2024 1498 
f 6168 2816 2857 
f 5798 951 6457 
f 2504 2008 4159 
f 656 1583 5513 
f 481 949 1545 
f 4064 3102 3455 
f 6550 6269 6548 
f 4966 131 5749 
f 2455 4819 3659 
f 4563 2186 4034 
f 3457 5521 2672 
f 5844 3797 6940 
f 3911 3103 3755 
f 2044 1382 1438 
f 752 6724 5837 
f 5858 5797 5857 
f 1755 5429 2379 
f 636 1782 743 
f 5868 3454 5048 
f 5024 5021 5408 
f 188 789 1081 
f 6021 494 2178 
f 57 556 875 
f 6969 5773 5366 
f 6089 6118 2884 
f 4156 1944 4195 
f 6120 6279 6410 
f 3473 6405 6307 
f 1087 6504 4008 
f 336 1115 3388 
f 6770 4431 3883 
f 5944 1526 3673 
f 756 3119 1191 
f 6703 6184 3697 
f 1400 5335 6308 
f 4914 3142 1975 
f 358 3573 2967 
f 6988 6986 934 
f 6869 5686 6984 
f 6445 1651 4018 
f 2056 1863 2055 
f 1332 3793 3638 
f 6568 5014 6878 
f 746 4146 999 
f 7044 6976 6975 
f 3128 4349 5443 
f 6774 6773 6869 
f 4215 6770 3883 
f 2572 932 6746 
f 2021 4815 3056 
f 6324 4266 7036 
f 6375 3115 2727 
f 108 3113 7094 
f 3892 3872 1568 
f 6837 6732 6836 
f 1666 5074 745 
f 2810 2686 1370 
f 2815 6194 6725 
f 3412 5869 5585 
f 4982 1979 4326 
f 3169 3220 3074 
f 2819 5910 5911 
f 5690 1448 876 
f 599 511 498 
f 2878 2754 2787 
f 430 3992 6438 
f 6915 3883 1538 
f 5566 3729 5663 
f 6653 5149 5510 
f 7139 83 6115 
f 3316 3198 3120 
f 5323 5382 5383 
f 6875 3012 2272 
f 3201 3199 3316 
f 3224 3034 3201 
f 6112 4209 5409 
f 5354 6547 6464 
f 1420 2495 5365 
f 2108 1112 690 
f 4962 2797 988 
f 4392 4404 2452 
f 6659 6481 6480 
f 4265 4571 5452 
f 3133 3039 3038 
f 6482 6078 4545 
f 2702 2756 6924 
f 6195 5092 927 
f 1015 6655 4368 
f 3888 3498 3501 
f 3793 2559 3638 
f 4410 7053 4879 
f 626 832 2631 
f 5611 1385 5496 
f 1241 742 4830 
f 559 7037 3626 
f 4203 3068 6833 
f 101 5091 5355 
f 5224 3701 1647 
f 628 6417 4690 
f 3311 728 5701 
f 2955 2995 3091 
f 1568 5631 2924 
f 888 2121 5155 
f 1470 3138 1622 
f 3431 3541 3621 
f 1490 3623 128 
f 1213 1253 1020 
f 767 827 749 
f 2259 5758 2813 
f 4124 3049 1135 
f 2635 3238 2633 
f 5501 100 4515 
f 1309 3586 3184 
f 2745 7074 6290 
f 1009 2539 5445 
f 4833 391 6910 
f 1260 800 150 
f 4811 1347 1301 
f 2880 3340 2726 
f 5902 4139 1643 
f 4859 7010 1192 
f 4004 6599 6489 
f 1532 1885 6494 
f 6150 6153 6127 
f 6727 5947 5832 
f 6006 7093 3557 
f 5293 1257 5228 
f 4526 4794 4831 
f 145 1537 5363 
f 1798 1934 1294 
f 4143 2050 3915 
f 1017 6519 3734 
f 5809 4402 5709 
f 7026 4395 4757 
f 6572 4446 697 
f 5575 4835 4593 
f 1028 3424 408 
f 1832 5918 2106 
f 4480 1767 6779 
f 3810 2351 6656 
f 4837 4708 2592 
f 1415 721 3366 
f 5466 5444 5454 
f 5253 4579 5310 
f 4238 4297 4110 
f 545 2344 6642 
f 5456 6696 3927 
f 2948 3877 1639 
f 2429 2711 541 
f 4978 4660 4659 
f 5695 3638 656 
f 1248 5868 555 
f 4693 3552 4112 
f 5089 5431 5427 
f 4889 6903 4812 
f 3271 6881 7092 
f 6831 4435 5641 
f 4457 4647 6268 
f 4422 4644 4482 
f 5306 428 1325 
f 6853 6660 6756 
f 6440 3374 766 
f 6871 4353 6338 
f 2325 3341 5972 
f 5976 6384 5996 
f 5310 3585 6118 
f 3561 6176 1016 
f 5583 6781 2019 
f 5837 5972 752 
f 5819 5821 5773 
f 40 2517 43 
f 5756 915 3341 
f 6763 6551 6550 
f 3069 3169 3074 
f 6162 1170 2344 
f 3979 4346 4624 
f 5702 5840 5997 
f 3224 3201 3259 
f 3710 3630 3709 
f 6483 5064 6456 
f 2943 6355 1064 
f 3120 2877 2978 
f 4986 5292 5148 
f 6557 5167 2936 
f 2048 2339 1155 
f 2832 2877 2785 
f 5111 4894 6226 
f 6567 1855 5489 
f 2420 2982 3041 
f 845 653 6134 
f 5819 4963 4210 
f 4845 55 79 
f 5641 7091 6831 
f 3619 2827 3024 
f 831 3574 5315 
f 6986 6872 7095 
f 2839 6924 2756 
f 1555 3676 6827 
f 6492 5447 4882 
f 2965 2486 6191 
f 3040 2992 3089 
f 917 6597 2734 
f 7077 124 6047 
f 1448 2702 6924 
f 3809 2617 700 
f 3337 3245 3243 
f 2845 2795 2914 
f 2377 2207 1222 
f 3180 3268 3091 
f 3379 3352 3230 
f 1637 1012 1196 
f 167 2216 3686 
f 3879 4019 3907 
f 418 1155 859 
f 3773 5842 2775 
f 3215 3146 3243 
f 4187 490 138 
f 2073 3382 4569 
f 6878 6421 6988 
f 5233 2774 4474 
f 4276 4841 3178 
f 5514 4577 6115 
f 1061 2364 5777 
f 4332 872 920 
f 6115 83 2478 
f 2822 3472 3355 
f 5509 3853 4170 
f 6539 6860 2757 
f 2136 1203 4033 
f 236 100 5501 
f 7028 5917 3527 
f 5087 6110 5871 
f 3927 4715 863 
f 3227 3980 7051 
f 676 678 4627 
f 5421 6006 3036 
f 1235 2660 3659 
f 687 2534 5528 
f 53 6280 6980 
f 1168 2305 1039 
f 5894 206 2466 
f 3689 3816 3759 
f 641 178 6330 
f 6754 6703 3697 
f 2518 1664 2650 
f 5786 1664 3567 
f 4819 1770 2168 
f 4442 3254 4431 
f 3294 2770 3085 
f 5663 5600 6696 
f 4237 7003 7005 
f 2975 1810 389 
f 5534 2058 6470 
f 419 1915 2606 
f 5863 6947 1138 
f 4601 2383 2454 
f 1719 2024 3620 
f 6459 5496 1222 
f 4952 4953 5500 
f 4351 5661 2747 
f 3363 6605 1825 
f 6802 2155 1780 
f 5360 4188 5079 
f 6903 6815 3342 
f 1611 1961 949 
f 3805 6669 5090 
f 7113 1274 1343 
f 4184 4094 1815 
f 4962 988 3086 
f 3401 1262 473 
f 2159 987 5099 
f 4375 3022 234 
f 6088 4965 3035 
f 3238 2635 3234 
f 1347 1284 1689 
f 797 796 5072 
f 1486 4295 1606 
f 1831 2338 1653 
f 3013 1362 7014 
f 2330 3185 6458 
f 498 511 816 
f 5544 5396 1368 
f 1599 1583 3277 
f 6671 6666 5419 
f 5339 6689 5681 
f 4554 4820 4593 
f 1703 4507 2979 
f 5165 5163 1167 
f 4582 3344 4563 
f 4979 6680 6273 
f 4225 2097 2241 
f 228 76 565 
f 946 639 3486 
f 4595 2421 1013 
f 4582 4588 3344 
f 3343 6211 6309 
f 45 3031 401 
f 2318 621 655 
f 1577 416 2036 
f 4471 1582 6959 
f 6733 1672 2842 
f 386 4289 3190 
f 3300 3224 3259 
f 4430 3454 5073 
f 4773 7095 730 
f 3447 3347 3288 
f 3733 4447 5804 
f 3261 3225 3224 
f 5855 5744 4757 
f 5171 6542 2118 
f 250 6579 4451 
f 3089 3039 3133 
f 3130 3087 3034 
f 2834 3289 1219 
f 393 1840 1282 
f 2743 2980 470 
f 163 3672 3412 
f 7077 6047 1426 
f 990 4669 4941 
f 6435 6079 5138 
f 597 5395 6755 
f 6857 6968 3714 
f 6623 2307 3626 
f 2822 3540 3472 
f 3971 3937 3858 
f 6664 6550 6548 
f 4129 1649 4007 
f 4721 3906 1597 
f 3981 5739 1945 
f 6994 2993 2520 
f 3390 3534 3575 
f 5808 5812 5724 
f 1372 2255 2621 
f 1499 1427 613 
f 6866 6673 6768 
f 459 461 3296 
f 388 1000 817 
f 4563 4799 4373 
f 2202 602 2797 
f 4325 1005 6951 
f 3172 6059 6205 
f 3977 5624 1157 
f 2631 832 4879 
f 6969 3278 4013 
f 4217 6564 6955 
f 3872 1294 1568 
f 1846 3578 5563 
f 1225 1501 4487 
f 3405 5972 723 
f 4408 2034 4451 
f 2034 4210 1501 
f 193 3779 2386 
f 3899 2401 2997 
f 4351 3478 4113 
f 1123 2721 130 
f 3116 802 3448 
f 100 236 581 
f 2421 490 4187 
f 5284 689 3016 
f 3750 308 2921 
f 486 5619 439 
f 5248 1112 1342 
f 1433 1390 844 
f 1597 3906 6809 
f 231 6469 5014 
f 4706 4493 3913 
f 477 2162 5102 
f 5627 3921 516 
f 3502 3437 3506 
f 6954 3651 5846 
f 516 1642 3866 
f 4757 4395 5855 
f 4407 386 5233 
f 4749 400 4719 
f 802 801 334 
f 655 621 674 
f 4881 4980 4848 
f 4124 140 1354 
f 4856 5625 4502 
f 691 2780 2088 
f 5841 6058 2615 
f 5089 5139 5140 
f 1780 2568 574 
f 3168 3453 5504 
f 6855 3921 5627 
f 4721 1597 6104 
f 109 5026 6344 
f 4818 4317 4344 
f 3123 5748 3333 
f 2472 2298 2566 
f 3420 6363 2712 
f 3761 2046 7040 
f 4284 946 1725 
f 664 2890 1627 
f 3749 3675 3707 
f 414 6837 7141 
f 5749 131 5797 
f 4441 3827 3828 
f 3166 2114 548 
f 2287 4727 983 
f 1563 1412 2127 
f 6586 4620 6919 
f 3598 676 2109 
f 3595 2915 6390 
f 1743 2262 372 
f 2661 5862 5428 
f 4052 4240 4241 
f 56 2246 6365 
f 5567 4960 5003 
f 4508 1274 6914 
f 7079 7078 7144 
f 3132 242 2400 
f 6636 1344 6493 
f 1797 1572 1795 
f 3290 3851 3293 
f 512 502 480 
f 6964 1607 841 
f 633 675 4929 
f 3486 4606 2908 
f 321 5195 3435 
f 4626 1782 1514 
f 5919 3500 3538 
f 1727 1412 1726 
f 4763 3673 1543 
f 422 4373 1229 
f 687 5320 5553 
f 5350 6829 5780 
f 4732 2154 2309 
f 4626 1514 1318 
f 1622 3138 2953 
f 5954 3297 5025 
f 6937 2149 5745 
f 6194 5934 2739 
f 949 5368 1545 
f 5991 5933 5932 
f 1962 1559 1073 
f 3120 3198 2877 
f 6131 6421 6686 
f 1228 1594 6845 
f 1594 1228 1430 
f 2487 2521 4321 
f 3291 6063 2609 
f 3725 1060 578 
f 1237 879 2682 
f 3039 2909 3038 
f 648 4116 418 
f 3040 2914 2992 
f 558 3777 5598 
f 1439 6679 4366 
f 2248 1372 2693 
f 3091 3040 3135 
f 3703 13 2594 
f 2399 6560 6516 
f 3321 3349 3492 
f 1649 3820 3857 
f 5462 1963 3364 
f 3421 643 421 
f 1887 1791 4751 
f 3427 3332 3352 
f 2812 4430 1548 
f 936 1892 6175 
f 6737 6735 6843 
f 3774 6741 6611 
f 1660 5238 5332 
f 7118 4893 2265 
f 3772 4246 3540 
f 561 4121 337 
f 7007 1276 6830 
f 455 3016 689 
f 4190 6573 3466 
f 2322 1418 4694 
f 4430 5073 1548 
f 186 3204 5770 
f 4566 5246 2895 
f 3535 3576 3496 
f 2940 1668 2738 
f 2545 3579 5568 
f 4365 3523 4753 
f 254 5372 636 
f 38 2438 180 
f 219 125 1257 
f 2329 6815 6903 
f 2532 6268 5125 
f 6635 2090 2840 
f 2550 2649 2017 
f 39 3005 5820 
f 6857 6664 6548 
f 3469 5676 4636 
f 2325 4451 2094 
f 5143 6467 3118 
f 6831 4487 2653 
f 6968 6857 6759 
f 915 5972 3341 
f 1773 4904 6807 
f 2125 901 6989 
f 2521 1699 2057 
f 6644 2765 871 
f 2956 2922 2848 
f 4114 4298 6806 
f 6248 3947 4450 
f 1627 5011 2534 
f 5673 4939 1966 
f 5432 2325 4594 
f 1893 5289 5681 
f 3590 6938 3826 
f 1664 483 2650 
f 3050 6193 487 
f 4594 2325 2094 
f 6673 6410 6408 
f 700 5847 3809 
f 3348 5778 3406 
f 6552 6249 1378 
f 5329 5437 1600 
f 6501 6629 6892 
f 472 2151 6610 
f 5647 5555 52 
f 6188 6080 2891 
f 6984 6775 6774 
f 2421 4595 490 
f 877 5793 1249 
f 1092 1090 379 
f 3663 985 2503 
f 1139 1625 3057 
f 2357 5612 4782 
f 620 2871 914 
f 5178 6784 1683 
f 5024 5081 5021 
f 4713 4889 5081 
f 5068 1900 5071 
f 3812 6911 1191 
f 1550 2622 3771 
f 2889 3037 6428 
f 1891 3745 703 
f 5975 5889 114 
f 2646 6431 5877 
f 1631 2126 2128 
f 910 1985 2350 
f 1471 638 3536 
f 3045 5855 4395 
f 553 852 1519 
f 3762 355 6574 
f 1246 364 1986 
f 783 7061 5404 
f 3385 5967 5848 
f 6014 2482 6802 
f 5818 1341 6983 
f 3500 2266 3384 
f 4280 5862 2661 
f 4230 6403 1839 
f 1669 6329 3545 
f 4717 2983 2703 
f 4364 6361 6877 
f 2524 2087 5767 
f 2578 3652 6786 
f 3207 1380 4654 
f 2661 2911 1890 
f 3927 863 5409 
f 4038 4372 2326 
f 3867 4261 3251 
f 3255 3196 3220 
f 2986 2351 3810 
f 3929 4843 5710 
f 5578 3647 5647 
f 5907 6752 5729 
f 6676 308 5133 
f 6167 6371 2809 
f 1110 5196 4242 
f 3851 3477 3293 
f 3061 2621 4193 
f 6305 5477 2470 
f 4292 5991 5932 
f 3816 3730 3854 
f 3492 3528 1972 
f 3073 1377 2643 
f 4207 3644 591 
f 1115 1141 3388 
f 709 3232 727 
f 4755 362 2497 
f 750 1772 177 
f 921 5787 2366 
f 1216 6667 1021 
f 5713 5741 551 
f 2938 6753 944 
f 2887 3712 3895 
f 68 7097 7096 
f 4849 221 2628 
f 6485 1917 1742 
f 203 617 5605 
f 3210 3611 3216 
f 3698 3576 3737 
f 5241 1002 5346 
f 3030 4641 1398 
f 5548 1512 5569 
f 5240 828 987 
f 2113 1458 1766 
f 3859 3937 4908 
f 983 7011 1517 
f 3002 2955 3091 
f 5133 657 6676 
f 4153 812 3059 
f 6701 2476 6584 
f 4874 3929 5710 
f 2579 1348 6806 
f 210 3403 3398 
f 1627 2890 5230 
f 5699 1682 4417 
f 4790 5448 4554 
f 7013 4645 7008 
f 6064 5535 6068 
f 857 4842 5730 
f 6031 5961 5986 
f 6406 2717 2625 
f 3794 5826 1989 
f 1377 6332 2643 
f 4015 1952 1721 
f 1890 6917 4074 
f 4184 1266 1097 
f 6037 6868 6887 
f 3112 1708 1506 
f 1911 2812 1548 
f 6941 5392 770 
f 593 2897 2972 
f 6316 5946 6175 
f 567 5204 1151 
f 2036 2759 2451 
f 5048 4430 6601 
f 4709 1214 7010 
f 795 745 794 
f 4652 3373 479 
f 1180 410 3160 
f 4134 4054 4133 
f 6256 6141 6280 
f 6619 7030 3917 
f 1214 5709 7010 
f 5539 309 5820 
f 2134 3324 2627 
f 6594 6614 4447 
f 4474 2774 2603 
f 5125 1214 4709 
f 6159 4228 5081 
f 573 5551 5023 
f 1746 6602 1747 
f 6560 4880 6918 
f 4800 4562 1547 
f 440 1376 438 
f 3462 5623 4632 
f 2923 1796 3032 
f 7091 5432 4594 
f 1071 6853 5183 
f 5815 3115 6375 
f 4848 6918 4880 
f 2094 1501 4594 
f 166 979 2381 
f 1905 1738 5472 
f 1044 3378 6221 
f 2094 4451 2034 
f 6074 3916 4432 
f 3936 1161 5591 
f 2106 5267 6132 
f 2420 5639 3010 
f 2396 5596 1216 
f 5653 4960 4898 
f 2535 848 2898 
f 5337 6064 5965 
f 4592 5813 684 
f 2163 1794 4302 
f 4570 4853 4271 
f 4987 4748 5487 
f 3021 309 2311 
f 6412 6120 6410 
f 6199 733 5597 
f 5283 533 2928 
f 6073 1340 5640 
f 385 6579 250 
f 5340 248 2705 
f 3506 3437 2991 
f 1275 1315 1637 
f 6525 4757 471 
f 5817 610 3972 
f 303 1150 6899 
f 6632 6211 6322 
f 2425 6259 2042 
f 5294 3114 3720 
f 6420 1965 2462 
f 2441 2369 2101 
f 5168 1580 1733 
f 5353 992 2310 
f 4065 2876 3085 
f 1598 4567 5050 
f 5167 3810 6656 
f 383 365 1140 
f 5457 3326 7032 
f 5034 1353 4857 
f 4289 2471 3190 
f 3225 3034 3224 
f 3198 3084 2877 
f 3300 3259 3319 
f 2587 5121 44 
f 6163 1530 4766 
f 3898 3816 3854 
f 3569 3528 3606 
f 2986 3810 744 
f 6706 1125 2720 
f 2030 967 4150 
f 6258 4950 4560 
f 2696 3554 2596 
f 3156 4187 4995 
f 630 649 5145 
f 3352 3386 3427 
f 4078 294 1073 
f 3958 3887 3713 
f 6975 1958 1927 
f 5486 6210 5806 
f 4065 491 591 
f 1041 637 2340 
f 1838 4545 6078 
f 5846 1864 738 
f 5800 5731 5751 
f 5575 5572 4835 
f 2141 1301 6767 
f 2355 1041 6533 
f 32 625 3243 
f 1347 4811 1284 
f 4887 6117 1302 
f 28 1236 92 
f 2632 4615 4542 
f 2553 118 2733 
f 4441 5193 5328 
f 1541 4272 60 
f 3243 625 3355 
f 3701 5656 2548 
f 4321 563 4345 
f 2778 3996 1489 
f 5707 3203 2810 
f 3320 1796 4159 
f 1255 1653 6536 
f 6975 6974 7044 
f 3498 4178 1705 
f 4321 4345 6523 
f 3863 5859 6351 
f 1038 5622 1264 
f 357 1063 519 
f 409 3779 1166 
f 4316 5478 6038 
f 2626 89 4158 
f 527 6148 3285 
f 3755 3103 4704 
f 1009 1764 427 
f 804 2751 2720 
f 3045 2870 1666 
f 5397 5677 5660 
f 2815 1531 708 
f 4809 3099 5315 
f 5560 5623 4104 
f 4532 6762 3116 
f 2159 5099 956 
f 5936 2500 4179 
f 3999 3440 3806 
f 6585 3754 3969 
f 1176 779 3476 
f 489 43 6545 
f 5533 4970 4905 
f 3903 2098 7113 
f 4872 5448 2849 
f 5404 7061 5261 
f 6081 6607 4846 
f 42 3520 711 
f 1420 5365 3625 
f 3912 651 1670 
f 4445 4846 3518 
f 4310 2789 5678 
f 3250 6351 6596 
f 822 659 725 
f 5231 5437 3435 
f 5670 924 5678 
f 1064 568 2943 
f 5663 6121 210 
f 5125 5073 2532 
f 835 1040 2187 
f 5397 5660 5651 
f 567 4446 6196 
f 2322 6316 6175 
f 2724 2722 2727 
f 737 5048 6601 
f 3052 5876 2234 
f 1445 551 3771 
f 2047 3157 1163 
f 567 1151 3765 
f 4842 857 892 
f 6999 1519 7001 
f 5022 6458 4687 
f 5874 3788 4454 
f 567 3765 1254 
f 6268 1978 2376 
f 5953 6779 2842 
f 2419 4537 1539 
f 1779 1650 1800 
f 1757 667 4403 
f 1703 2155 6225 
f 5010 411 1539 
f 1378 3539 2988 
f 6579 5821 4357 
f 5636 5635 7086 
f 6496 2739 5934 
f 4514 6647 2514 
f 5378 6204 6261 
f 1733 1069 5168 
f 3487 3347 3447 
f 2644 4278 6804 
f 250 5837 54 
f 1392 4587 3599 
f 6759 6660 6968 
f 1773 6641 179 
f 3225 3261 3325 
f 5348 6178 3096 
f 160 161 2719 
f 5972 5837 250 
f 3485 3563 3447 
f 5612 1341 5818 
f 3349 3300 3319 
f 47 16 4356 
f 5995 226 452 
f 3365 2291 2133 
f 4951 4138 5019 
f 3985 2044 4439 
f 6823 6980 3748 
f 6703 6754 2923 
f 5748 1759 7083 
f 956 5099 2440 
f 6181 1066 1324 
f 6532 286 3088 
f 2995 2914 3040 
f 3816 3689 3730 
f 3265 3332 3267 
f 154 1740 6102 
f 5905 7062 6511 
f 3531 3352 3379 
f 2170 6724 5853 
f 3818 4854 2757 
f 2240 214 1083 
f 5589 5634 4022 
f 6984 5686 7095 
f 4120 4119 3780 
f 691 2088 3841 
f 4531 4398 5458 
f 6526 6983 4894 
f 4573 3664 5698 
f 4706 2676 2170 
f 611 6330 245 
f 2632 3292 4615 
f 1735 1574 1729 
f 4706 2170 4573 
f 3535 3241 3268 
f 3546 2391 3923 
f 571 5247 5730 
f 3337 3355 3430 
f 1092 379 3190 
f 4789 3179 2975 
f 3258 6267 3046 
f 110 2487 2590 
f 4362 1546 4179 
f 4464 5541 4551 
f 826 2587 489 
f 1573 1700 4616 
f 490 586 138 
f 5412 2503 2505 
f 906 5993 4055 
f 4776 4874 4782 
f 3781 4335 4180 
f 6896 1399 1622 
f 948 1565 1349 
f 4282 5373 4285 
f 4898 6800 5653 
f 1429 2353 6825 
f 662 3063 1515 
f 73 6805 601 
f 744 3810 6034 
f 4790 4831 4794 
f 1056 5482 6174 
f 5039 1559 4540 
f 11 82 38 
f 920 29 905 
f 1552 2349 6152 
f 5349 5590 4251 
f 1048 4612 2701 
f 4841 2689 256 
f 6985 4152 6465 
f 6355 2943 5177 
f 749 698 767 
f 5877 2324 2646 
f 1471 4156 4837 
f 2506 1117 4067 
f 4955 5889 5975 
f 992 5353 6680 
f 5875 5114 5113 
f 861 688 2865 
f 5130 5372 1299 
f 6383 5230 1334 
f 6380 3556 3284 
f 7093 2040 1302 
f 1638 5319 4377 
f 2351 5175 3818 
f 5483 6353 1081 
f 3839 5647 2806 
f 159 6538 2759 
f 761 5631 3422 
f 4370 5517 3986 
f 5520 5165 1167 
f 6623 7037 4481 
f 3353 1363 5246 
f 4321 4503 2312 
f 2293 5401 5064 
f 3832 4818 4344 
f 1539 411 2419 
f 2103 4166 2105 
f 1600 5437 5405 
f 4155 5124 5588 
f 3856 6054 3657 
f 1194 5502 4311 
f 6432 6097 3413 
f 6940 1379 2132 
f 2300 3883 6042 
f 6389 1531 760 
f 585 693 2981 
f 2677 2419 411 
f 3752 5182 4323 
f 4896 497 3936 
f 6019 4106 4020 
f 4827 3794 1989 
f 4968 7048 2265 
f 5522 6483 6456 
f 327 2005 328 
f 6476 1324 1485 
f 3645 6898 6897 
f 2131 157 3421 
f 6648 4635 1023 
f 650 6025 2030 
f 6581 7028 3944 
f 6019 3161 2037 
f 5073 5125 2574 
f 567 6196 5204 
f 3152 3527 2460 
f 3449 6601 2812 
f 5935 5978 6023 
f 3872 4153 3059 
f 2947 2836 2907 
f 4776 6140 4874 
f 4879 7053 1142 
f 5406 5326 6234 
f 6056 6222 3653 
f 3601 3721 3602 
f 3160 1711 6328 
f 3126 235 6646 
f 3218 3406 7106 
f 2781 1842 1867 
f 2995 2845 2914 
f 967 355 4150 
f 4122 4163 4125 
f 2822 625 3496 
f 1911 1254 3449 
f 4675 747 1203 
f 495 2026 2469 
f 3268 3180 3267 
f 5048 3454 4430 
f 3042 3091 3241 
f 129 3065 4291 
f 5049 4198 3353 
f 4533 1016 119 
f 3982 6573 84 
f 3842 3905 5075 
f 54 5998 2080 
f 1493 6919 4620 
f 1426 6047 6965 
f 3278 3731 4013 
f 4517 1169 5413 
f 1525 14 5952 
f 5634 3193 5864 
f 1225 7091 4594 
f 6773 6774 6562 
f 2150 941 2778 
f 6485 6535 1917 
f 5727 2019 4469 
f 6724 752 3405 
f 3337 3243 3355 
f 6806 6244 6747 
f 3621 3541 2775 
f 3859 4908 3823 
f 4137 4060 4098 
f 5819 5773 4963 
f 5989 2165 6693 
f 5014 6686 6878 
f 6189 6343 54 
f 2002 3023 6955 
f 4646 4157 4057 
f 5748 1936 3333 
f 6942 5359 789 
f 1423 2568 2813 
f 3009 3662 4666 
f 92 798 6244 
f 3884 3607 5783 
f 4373 4799 6769 
f 4204 4079 4115 
f 5512 5163 4502 
f 3058 2964 3055 
f 4673 5625 4856 
f 586 490 1846 
f 3274 2530 2684 
f 3291 2609 2481 
f 2056 5163 5512 
f 842 2704 4097 
f 2020 532 6314 
f 4104 5623 3462 
f 247 2382 5025 
f 5667 2320 5003 
f 4458 4415 45 
f 859 5983 3914 
f 4568 5110 5438 
f 6384 6235 6386 
f 4187 138 4995 
f 670 6934 725 
f 6484 3354 3134 
f 3065 5920 4291 
f 1757 3618 5030 
f 6228 6014 3948 
f 482 6049 506 
f 3257 2944 865 
f 5781 2592 4708 
f 2180 1175 6688 
f 1255 4765 3127 
f 5807 5738 5737 
f 1527 2031 5144 
f 764 4088 2179 
f 4706 5563 4493 
f 6518 31 791 
f 710 5785 1657 
f 4256 3260 6960 
f 681 76 2882 
f 729 649 840 
f 5672 4778 5584 
f 4667 6538 5364 
f 688 6072 6633 
f 5946 213 1034 
f 7061 783 5696 
f 3013 2272 3012 
f 6319 2086 5161 
f 1600 6530 2493 
f 5194 3928 4883 
f 6553 4611 4338 
f 6056 5434 6220 
f 3843 4707 5762 
f 4271 4853 4710 
f 3807 741 4010 
f 7002 7001 7078 
f 6192 1842 2781 
f 2817 4664 6461 
f 5292 4986 3165 
f 3861 1486 5937 
f 2677 4206 2419 
f 4206 2677 1704 
f 6905 4537 1749 
f 3675 3630 2916 
f 2706 81 4032 
f 4873 6069 2659 
f 417 279 3376 
f 2832 2978 2877 
f 716 5471 1769 
f 3288 3314 3415 
f 4033 1203 4288 
f 5550 3014 640 
f 4936 2366 5662 
f 2739 2409 4099 
f 3517 3487 3447 
f 5468 1931 790 
f 3034 3225 3130 
f 3319 3375 3521 
f 1551 2459 2634 
f 5100 4481 3700 
f 5526 5503 5416 
f 4115 4201 4204 
f 4163 4122 4245 
f 1227 1634 5498 
f 2237 652 377 
f 6575 5633 518 
f 5843 3328 5268 
f 6884 1162 7081 
f 6658 2595 506 
f 3265 3267 3180 
f 4173 4129 4007 
f 7016 6604 570 
f 5364 926 4667 
f 3129 378 4003 
f 2639 3508 3581 
f 2956 3002 3044 
f 458 4277 4329 
f 1611 2773 2672 
f 6230 4214 653 
f 6893 6204 17 
f 2030 6025 1104 
f 2139 4861 2061 
f 1483 6427 3980 
f 5073 2574 1548 
f 7054 4298 4114 
f 3449 2812 1911 
f 2063 4580 533 
f 3598 4277 458 
f 2193 1809 248 
f 3987 1151 5204 
f 4190 84 6573 
f 6345 7004 3987 
f 784 529 3392 
f 77 2966 5006 
f 5487 4655 4630 
f 3175 1838 887 
f 5081 1823 4713 
f 1733 1758 3813 
f 6268 2376 5125 
f 3396 1000 2463 
f 1182 6552 2988 
f 4593 4820 5575 
f 6874 1714 3449 
f 2466 27 345 
f 703 2478 231 
f 746 5296 4146 
f 4678 37 1842 
f 1111 6303 6388 
f 1248 4519 5181 
f 4756 1977 3318 
f 92 1998 6052 
f 3422 1568 5550 
f 6963 7072 3731 
f 5663 6696 5566 
f 3595 5236 1322 
f 6222 6056 6220 
f 4809 2717 6406 
f 4594 1501 1225 
f 4566 5725 5246 
f 1599 57 2330 
f 2548 3790 2927 
f 5423 2841 4219 
f 1501 2094 2034 
f 2649 692 2017 
f 4300 6245 2043 
f 5476 3054 258 
f 6763 6664 6972 
f 4922 4996 933 
f 3823 5842 3773 
f 3069 4099 2409 
f 1590 4588 1554 
f 3023 1425 6955 
f 3444 3514 3630 
f 6532 2382 2317 
f 5292 6224 1425 
f 3288 3415 3447 
f 6724 2676 6189 
f 730 7095 5686 
f 4532 5822 6762 
f 2515 105 5388 
f 5891 5893 5896 
f 1867 756 4211 
f 3452 3319 3521 
f 54 5837 6724 
f 2035 3204 1991 
f 6872 6775 6984 
f 4867 6738 1244 
f 4462 6906 3814 
f 5933 6534 6684 
f 2599 2230 2219 
f 7095 6872 6984 
f 3526 3349 3601 
f 4324 50 55 
f 6223 6151 6377 
f 5578 1359 6882 
f 6637 4343 1280 
f 1013 2421 3156 
f 7045 7114 5009 
f 3379 1215 3325 
f 2769 6300 2348 
f 3869 3981 1945 
f 2267 922 3743 
f 2822 3496 3658 
f 2471 4289 1013 
f 3389 2529 6927 
f 3044 3002 3042 
f 3241 625 32 
f 4040 5474 2970 
f 2197 2389 1691 
f 2013 2911 2661 
f 6393 6216 6599 
f 235 1692 281 
f 4908 3938 3823 
f 4623 3254 3478 
f 5103 6739 6076 
f 3264 6693 3508 
f 2347 2346 2590 
f 1845 2031 2120 
f 2312 4503 1348 
f 5283 7035 624 
f 2930 6911 1420 
f 5243 4579 4494 
f 132 4598 2561 
f 6244 798 838 
f 5023 80 573 
f 1431 1500 1604 
f 6303 1111 37 
f 232 2209 579 
f 274 3950 3891 
f 6265 2583 5864 
f 2118 2643 1930 
f 2004 2334 7130 
f 6413 5232 4225 
f 5759 4976 1844 
f 648 418 859 
f 2497 2144 5723 
f 1314 5495 468 
f 4654 4292 5931 
f 5757 6325 3880 
f 5691 6553 4699 
f 1781 2621 13 
f 3832 1093 6520 
f 6528 5019 4138 
f 177 2024 1719 
f 1985 910 3829 
f 636 4864 254 
f 4308 4356 16 
f 3943 4538 5616 
f 733 1053 5597 
f 5260 2202 1461 
f 4862 4145 5006 
f 6760 2446 1079 
f 477 1355 2162 
f 4239 597 2766 
f 3401 5006 4145 
f 6048 4159 2008 
f 6858 5027 3947 
f 6012 3886 912 
f 6575 518 6574 
f 4350 6631 3548 
f 6199 1495 112 
f 6174 5482 279 
f 2660 1235 6110 
f 6133 6765 3792 
f 5189 5231 2336 
f 5072 2398 6800 
f 6252 2317 4575 
f 5167 457 6000 
f 4300 4787 559 
f 2884 6090 6089 
f 719 1886 5410 
f 2545 6595 6529 
f 2133 2291 5271 
f 4522 2619 886 
f 298 3242 4803 
f 2589 4745 2584 
f 2456 434 6187 
f 4206 2409 2739 
f 1732 847 3307 
f 3984 7052 387 
f 2275 367 6113 
f 5470 6643 4677 
f 1080 2541 6278 
f 1254 1911 567 
f 4665 538 1865 
f 2787 2785 2877 
f 4379 6379 5174 
f 6900 1162 6884 
f 6723 1223 6811 
f 6733 6345 1672 
f 4111 2903 5174 
f 6621 6400 6820 
f 4525 7033 1653 
f 3070 1452 3476 
f 3314 2410 1704 
f 3589 3842 1449 
f 5980 3249 4475 
f 3149 4035 5959 
f 1886 1474 2576 
f 961 3560 5719 
f 2778 3194 5725 
f 1521 6999 3234 
f 6099 4443 94 
f 3566 3602 3721 
f 3332 3535 3268 
f 3091 2995 3040 
f 7010 4402 4635 
f 555 5035 2220 
f 3576 3575 3737 
f 5436 3260 5478 
f 6840 4963 2220 
f 4750 5308 2811 
f 2461 2463 6060 
f 1412 1575 960 
f 4045 5540 3005 
f 5008 2623 3474 
f 3053 193 6347 
f 824 6471 3660 
f 5598 6583 123 
f 5128 4412 5278 
f 6579 4357 4408 
f 2995 2798 2845 
f 6601 1714 737 
f 6698 1226 3417 
f 2007 4215 2300 
f 1693 2604 1136 
f 3369 3631 4032 
f 3658 3859 3772 
f 5119 563 2057 
f 6577 1590 973 
f 313 3714 1071 
f 1825 4682 3363 
f 6894 7115 5479 
f 2605 235 3126 
f 6224 1805 6662 
f 6690 6743 5608 
f 4141 3455 62 
f 1401 7015 293 
f 2444 3625 5365 
f 5653 6800 4253 
f 3714 6971 6857 
f 4839 5150 5004 
f 2472 3322 2725 
f 3402 5756 5432 
f 6564 2002 6955 
f 6926 2608 2354 
f 4308 16 29 
f 1674 937 2664 
f 3957 957 4164 
f 4731 5074 1666 
f 4797 4066 4794 
f 7108 3917 6149 
f 5475 6390 4974 
f 2281 2085 2866 
f 999 4146 2268 
f 2280 1684 531 
f 4686 6387 6346 
f 4074 5378 1875 
f 1033 5805 1819 
f 4507 6251 356 
f 3237 7022 7018 
f 4846 6607 5832 
f 5934 6194 2815 
f 2564 583 5571 
f 860 5898 5922 
f 5076 2656 582 
f 5997 199 5702 
f 7116 1032 2422 
f 3654 2766 2803 
f 4474 4591 673 
f 3708 1191 6911 
f 656 2559 1583 
f 5107 366 4000 
f 1443 7028 6581 
f 4369 4804 4597 
f 6437 1053 2707 
f 6461 1476 3961 
f 1269 1860 304 
f 6527 2468 5740 
f 1180 1913 149 
f 2328 4494 4550 
f 3219 5770 34 
f 5892 5203 5766 
f 130 1120 5108 
f 4144 2505 5367 
f 5758 1843 1423 
f 6938 3590 5743 
f 3003 566 2350 
f 6136 4207 4710 
f 4172 6478 5013 
f 6181 3629 5951 
f 2409 4206 2410 
f 5864 3193 1740 
f 1704 3444 3372 
f 4707 3843 3067 
f 1464 603 1463 
f 4616 4935 1573 
f 117 1751 6745 
f 2837 3884 6119 
f 3615 4909 1829 
f 2880 7002 7079 
f 1953 6467 5143 
f 2787 5149 2785 
f 5045 1614 1572 
f 4365 547 3523 
f 3630 3596 3445 
f 3319 3259 3375 
f 2706 4032 1181 
f 3947 5794 6858 
f 3288 3201 3316 
f 3075 4393 4028 
f 442 3238 3481 
f 3521 3375 3487 
f 3357 4596 1874 
f 6390 253 3595 
f 3325 3321 1972 
f 1197 3378 1262 
f 3601 3452 3521 
f 1701 7131 296 
f 63 3801 3227 
f 2771 2889 6428 
f 3325 3261 3321 
f 6020 5461 5872 
f 486 2869 5619 
f 6299 6788 6944 
f 4854 3818 6887 
f 5362 867 2217 
f 3134 3354 6417 
f 1972 3379 3325 
f 5622 7120 1264 
f 4632 2277 4557 
f 6234 5326 3109 
f 2237 3235 2250 
f 5951 1066 6181 
f 5918 1025 4475 
f 1268 1045 577 
f 6772 5924 5652 
f 3859 3658 3698 
f 4807 4754 5669 
f 4928 4676 5559 
f 1843 5758 2259 
f 4094 3153 2387 
f 3575 3534 3613 
f 5678 2789 5670 
f 871 2765 3878 
f 1268 2249 827 
f 2842 1672 5953 
f 2024 177 2380 
f 2386 3779 409 
f 137 5331 994 
f 4446 1548 2574 
f 3100 2771 5925 
f 1048 40 4612 
f 6196 6092 5204 
f 7038 643 3623 
f 1062 3992 264 
f 2324 1717 2786 
f 5409 863 4309 
f 5518 1899 5561 
f 4908 3937 4054 
f 5125 2376 1214 
f 3182 3767 4962 
f 3865 5842 3939 
f 6472 6334 1667 
f 6381 2235 4661 
f 6493 1344 6354 
f 5140 5431 5089 
f 3520 4956 2929 
f 4737 2642 2831 
f 3558 546 4951 
f 4219 6789 4036 
f 6895 5558 5692 
f 1577 1864 6856 
f 4425 457 5167 
f 1437 1473 1439 
f 6604 6841 612 
f 3592 6096 2321 
f 2788 6327 301 
f 4018 207 6582 
f 4410 832 6372 
f 1471 6192 4918 
f 6126 4155 6150 
f 5444 796 5443 
f 4508 6050 6045 
f 1375 5250 5969 
f 5931 2888 4654 
f 7058 2703 5594 
f 5008 3474 1736 
f 1001 6755 6801 
f 4186 3387 2395 
f 4484 5761 416 
f 2849 1752 4872 
f 3694 116 147 
f 4637 5129 1935 
f 2458 6624 6487 
f 7086 4578 3154 
f 2844 1612 3345 
f 385 6287 4489 
f 2002 6564 1450 
f 4986 777 5771 
f 2366 4937 921 
f 3341 2325 5756 
f 2303 1883 1882 
f 4791 3835 2892 
f 5085 5084 5219 
f 2221 2186 4140 
f 313 5183 4489 
f 998 2536 7076 
f 4195 1944 5201 
f 5053 4743 5235 
f 3781 3466 6573 
f 5449 1683 6784 
f 1918 590 3317 
f 252 124 183 
f 7146 6502 1580 
f 4550 4584 5687 
f 7134 3344 4588 
f 4765 4941 2018 
f 4010 1579 3807 
f 4706 590 2676 
f 2013 2753 4747 
f 1406 660 6742 
f 2884 6064 6062 
f 6753 6315 2607 
f 6695 6512 363 
f 6032 3071 5317 
f 4595 4407 6101 
f 1727 1729 1574 
f 5777 3670 223 
f 2505 4700 5412 
f 3683 3563 3682 
f 887 1838 6078 
f 3906 4721 4634 
f 1907 1340 861 
f 3630 3514 2916 
f 3259 3347 3375 
f 4279 1722 312 
f 5892 5897 5203 
f 4808 6633 4938 
f 6493 6634 6636 
f 3409 3466 3781 
f 2194 4890 4940 
f 4857 4401 5034 
f 2266 6260 685 
f 3515 93 6701 
f 4719 400 3639 
f 4204 4297 4419 
f 177 1772 2690 
f 5338 3827 4207 
f 2301 4004 6489 
f 4268 4717 7058 
f 5013 4423 5012 
f 4085 4118 4122 
f 4157 6730 4603 
f 3321 3300 3349 
f 3334 6697 4363 
f 3566 3726 3643 
f 1556 1557 4123 
f 3156 4995 6855 
f 654 4943 1415 
f 2658 2971 2972 
f 3230 975 1215 
f 6259 6576 2820 
f 4292 4654 5557 
f 6203 5222 5543 
f 2153 3357 1874 
f 3689 3648 3730 
f 1617 4726 122 
f 3251 6596 3371 
f 5585 6704 5884 
f 6886 82 11 
f 3133 3206 975 
f 103 4353 1696 
f 4616 4459 6808 
f 3622 4666 3662 
f 4159 1796 2504 
f 3866 5633 6575 
f 3386 3352 3531 
f 6940 3570 1379 
f 614 524 523 
f 6647 4070 135 
f 6100 5970 2601 
f 5685 3505 296 
f 4620 3458 1493 
f 142 1439 4366 
f 1661 1820 4621 
f 6011 171 6145 
f 4587 6152 2349 
f 2356 2469 1381 
f 176 3543 5814 
f 3215 3246 3148 
f 6261 5311 5862 
f 112 1814 733 
f 1326 1395 1328 
f 3613 3534 3650 
f 2267 747 1156 
f 5225 6184 6703 
f 3264 3508 7098 
f 5398 5202 3998 
f 6470 5466 5463 
f 3455 6247 4064 
f 1749 387 6905 
f 2682 669 1237 
f 5204 6092 3542 
f 6009 1069 4661 
f 4312 6206 881 
f 1049 218 620 
f 1667 3479 4480 
f 3969 3242 298 
f 6214 4295 403 
f 6863 2658 227 
f 7053 5391 1142 
f 1767 145 2842 
f 4608 3418 4779 
f 2313 4044 2286 
f 4200 3996 2782 
f 1192 4635 6648 
f 785 3572 4701 
f 6196 6572 6092 
f 1973 2257 2664 
f 5816 5728 5797 
f 5048 555 5868 
f 2891 3112 4290 
f 4232 5067 6165 
f 1777 3393 5414 
f 3408 1224 988 
f 3458 2117 5298 
f 5664 2095 1808 
f 6523 1697 4783 
f 1893 5681 1536 
f 5952 1787 2216 
f 3399 2110 1446 
f 3838 4492 4077 
f 2150 3338 3950 
f 6187 434 6542 
f 2368 104 1190 
f 3308 2113 997 
f 108 6657 6537 
f 557 6350 1983 
f 454 455 453 
f 823 7079 7144 
f 2788 1339 4823 
f 2791 2450 1362 
f 2199 5320 5528 
f 931 3780 1753 
f 4976 677 3978 
f 5968 1422 1654 
f 4824 6941 831 
f 4739 4642 493 
f 334 980 802 
f 6282 6283 5179 
f 548 5920 5052 
f 6496 4537 2419 
f 5681 6524 3395 
f 6662 1425 6224 
f 3913 730 3317 
f 4003 4257 1962 
f 3715 1170 249 
f 3485 3445 3596 
f 2163 682 5887 
f 3709 3630 3675 
f 590 1918 6554 
f 5504 3453 4696 
f 3802 3675 3881 
f 1450 1229 6769 
f 4419 4297 4418 
f 3521 3487 3635 
f 3180 6231 3265 
f 4115 4031 4201 
f 6496 6322 6852 
f 4364 6297 413 
f 3726 3815 3727 
f 3349 3452 3601 
f 3513 6246 6674 
f 2894 3048 1029 
f 3381 7051 2938 
f 3352 3332 3265 
f 376 1177 534 
f 68 2239 3739 
f 884 3978 4135 
f 4407 4595 4289 
f 1635 393 394 
f 6283 6282 2665 
f 3218 5522 6803 
f 2982 249 1170 
f 3869 3865 4061 
f 5105 3125 1110 
f 3755 3808 3911 
f 3777 4877 6779 
f 4054 4134 3938 
f 362 2144 2497 
f 3859 3698 3769 
f 1126 3543 217 
f 995 325 2731 
f 3246 3004 3148 
f 4012 5390 1639 
f 6712 368 1105 
f 3772 3540 3658 
f 1036 3616 4653 
f 2159 234 1688 
f 4523 884 114 
f 3871 4666 3622 
f 4877 558 6472 
f 3869 3871 3622 
f 4420 6195 3846 
f 6318 1836 1744 
f 6019 4020 4492 
f 3066 2910 7107 
f 1163 5549 2047 
f 2001 6718 2003 
f 5645 310 5504 
f 1964 5009 4907 
f 2359 7008 7084 
f 6049 6320 3251 
f 4689 6305 5330 
f 5824 1750 2912 
f 3691 6205 6059 
f 98 2545 430 
f 1176 3476 5154 
f 5856 3594 2457 
f 4021 3167 3071 
f 3946 658 1690 
f 6662 1805 1821 
f 732 2962 4017 
f 674 616 398 
f 2280 1434 2699 
f 2614 1135 3852 
f 4251 6795 4254 
f 728 2958 6236 
f 6212 5654 1365 
f 2669 5586 3116 
f 1053 733 1455 
f 4630 4655 5098 
f 6734 6732 6837 
f 5609 6093 6904 
f 3240 242 3132 
f 12 201 6020 
f 6361 4331 6877 
f 4165 2415 1357 
f 6432 6640 3984 
f 5138 6198 4813 
f 957 1077 913 
f 5020 3537 2488 
f 2297 2136 3411 
f 1382 5755 4218 
f 1641 4027 4933 
f 2151 472 1263 
f 3251 4261 6049 
f 2054 6864 2294 
f 6280 6257 6256 
f 5520 1167 546 
f 431 4716 3973 
f 4890 663 2698 
f 5768 1051 1131 
f 1564 2125 5788 
f 3516 7132 2792 
f 5914 4547 720 
f 2730 5513 5843 
f 4364 413 958 
f 4244 1544 2490 
f 6973 1068 3413 
f 1940 2066 1971 
f 5847 4920 1806 
f 3927 5409 5456 
f 3517 3447 3563 
f 5363 7004 6733 
f 1938 2189 722 
f 2295 7031 6086 
f 3421 106 643 
f 5204 3542 3987 
f 3632 3485 3596 
f 6799 4417 1460 
f 6413 4225 6571 
f 326 407 332 
f 3375 3347 3487 
f 3630 3445 3444 
f 1841 1565 5771 
f 2574 4709 4859 
f 3728 3018 2357 
f 4450 6973 3564 
f 3259 3201 3288 
f 84 2408 90 
f 2752 2808 1626 
f 5113 5114 5792 
f 3487 3517 3683 
f 3601 3521 3635 
f 4243 3866 5790 
f 1742 1917 5302 
f 3643 3528 3566 
f 1895 1856 1939 
f 1481 5371 5519 
f 1542 5904 1778 
f 3261 3224 3300 
f 6396 4990 2120 
f 3601 3635 3637 
f 4633 6113 605 
f 4189 4447 6614 
f 2286 5882 2313 
f 3789 175 3608 
f 4443 6124 3530 
f 3135 975 6231 
f 2723 464 4813 
f 6364 894 5424 
f 3186 4742 2221 
f 3721 3847 3960 
f 2557 2980 1467 
f 3390 3463 3534 
f 6695 6722 997 
f 3050 5510 4844 
f 6680 4930 6273 
f 6332 276 5379 
f 3442 6502 3441 
f 3848 3924 3815 
f 589 496 448 
f 6499 3681 1093 
f 3869 3825 3865 
f 4666 1656 3009 
f 2053 7129 3139 
f 3317 5686 1918 
f 4246 3472 3540 
f 263 466 222 
f 1847 2673 2010 
f 2392 5538 932 
f 4799 5853 723 
f 1262 1044 6388 
f 4246 3773 2775 
f 4302 682 2163 
f 3344 2186 4563 
f 4461 953 4437 
f 3865 3825 5842 
f 899 4011 778 
f 3861 464 1486 
f 142 1483 1640 
f 5421 5638 6006 
f 4614 1796 3922 
f 7081 1075 750 
f 5363 1537 474 
f 3556 6380 4775 
f 3713 3682 3711 
f 5607 1677 5606 
f 4135 4335 5975 
f 5675 2327 2016 
f 5422 5039 4833 
f 6387 2959 6156 
f 781 5559 3108 
f 5032 4781 6382 
f 1792 5343 4970 
f 5874 4767 2743 
f 797 5187 5443 
f 6627 4368 5301 
f 3567 2518 42 
f 6754 3697 1390 
f 6926 5644 2608 
f 2395 3207 2888 
f 4643 2679 6296 
f 6070 6035 6068 
f 5332 441 82 
f 792 3903 1343 
f 710 6962 99 
f 3753 4555 4967 
f 5896 5893 5941 
f 4866 6319 5161 
f 2925 5472 2231 
f 1922 6351 5859 
f 686 4629 2224 
f 6394 5848 3473 
f 3756 2456 4259 
f 4692 6170 5582 
f 153 2777 7110 
f 198 319 221 
f 447 4784 1837 
f 6041 7089 1946 
f 502 1492 1562 
f 5708 1942 3736 
f 6312 6233 6695 
f 5828 991 2589 
f 395 4809 2169 
f 5536 6084 5952 
f 7005 7003 4223 
f 5908 7055 687 
f 5166 543 3607 
f 1027 6223 1605 
f 3827 4441 3644 
f 3619 3227 3803 
f 2849 4735 3228 
f 3615 1320 865 
f 6478 6084 5536 
f 7089 5480 3787 
f 2876 4441 4539 
f 6228 3948 673 
f 3897 3896 479 
f 4827 4492 3881 
f 227 3835 2479 
f 1712 6103 4379 
f 1506 6828 2353 
f 7080 4113 5479 
f 3445 3372 3444 
f 4055 5993 1355 
f 5779 5731 5800 
f 4186 2888 5950 
f 6451 871 2130 
f 5861 5737 5803 
f 5113 6246 4862 
f 3352 3265 3230 
f 474 1537 5516 
f 3880 3203 5707 
f 3361 3360 1530 
f 651 274 1670 
f 3730 3648 3727 
f 3261 3300 3321 
f 5142 5440 6580 
f 3180 3135 6231 
f 1115 7109 5056 
f 2349 963 4587 
f 6901 6781 3175 
f 2782 3996 662 
f 3815 3726 3848 
f 1063 266 412 
f 4681 6503 5613 
f 547 4365 6521 
f 2076 3941 6088 
f 5056 7109 5484 
f 5265 1739 6722 
f 3643 3648 3528 
f 6383 6359 3824 
f 1086 1705 4178 
f 673 3745 4474 
f 3726 3721 3960 
f 6398 6759 6548 
f 5041 4711 4568 
f 5871 7143 308 
f 3541 3431 3430 
f 7010 4635 1192 
f 4222 4267 2716 
f 816 4128 3076 
f 3430 3355 3472 
f 3355 625 2822 
f 6612 5425 6130 
f 1173 169 165 
f 3496 3241 3535 
f 1436 4256 3634 
f 1656 4705 4543 
f 3472 3541 3430 
f 4474 2603 1413 
f 1445 1723 5713 
f 5517 6243 2571 
f 3051 2279 1183 
f 4202 4490 4327 
f 5131 2899 2987 
f 5544 1368 823 
f 810 6102 4575 
f 2893 1300 5886 
f 6369 4257 5282 
f 793 2058 5185 
f 3209 604 1826 
f 6980 2666 53 
f 1536 5040 1460 
f 642 1447 3394 
f 6121 5663 3729 
f 806 6628 4161 
f 5479 2779 7080 
f 3092 5933 5318 
f 5631 1568 3422 
f 4275 3783 1052 
f 5192 549 1271 
f 4254 4252 4251 
f 2433 1187 2499 
f 2987 1605 5391 
f 650 722 2512 
f 1082 2860 5347 
f 6776 1793 5851 
f 2763 2712 3967 
f 4848 4677 6918 
f 4713 4568 5438 
f 2407 5724 5812 
f 6798 6291 1509 
f 3984 6640 7052 
f 4639 3399 2597 
f 2808 5750 3007 
f 836 639 4063 
f 4483 2469 2026 
f 4404 3591 2452 
f 6769 723 915 
f 2361 7143 3645 
f 4832 4355 5949 
f 3103 4766 6902 
f 6848 1976 3404 
f 720 609 2615 
f 5969 2926 1422 
f 6086 1872 646 
f 4376 1122 4918 
f 3350 5768 7057 
f 6394 6429 2772 
f 1260 150 4650 
f 3432 3620 2024 
f 5556 2358 4382 
f 1173 35 441 
f 3288 3316 3255 
f 4674 7018 7022 
f 3887 3683 3682 
f 5010 2916 411 
f 4827 3749 3794 
f 2316 2359 5657 
f 2131 3421 5670 
f 2107 95 3770 
f 3794 3707 5826 
f 3485 3632 3563 
f 5681 3395 5339 
f 5586 2669 3183 
f 193 3053 314 
f 6337 6342 6054 
f 6840 2220 5035 
f 633 5923 2222 
f 2237 377 627 
f 72 1686 2323 
f 3710 3802 3711 
f 4076 2874 4355 
f 6012 1086 3886 
f 6196 4446 6572 
f 3259 3288 3347 
f 3601 3637 3721 
f 3003 2350 1857 
f 5592 7059 2199 
f 4994 5077 4748 
f 2931 1123 3798 
f 3447 3415 3485 
f 4064 5899 811 
f 1972 3528 3569 
f 6447 948 715 
f 1972 3321 3492 
f 6311 1385 5178 
f 3894 3854 3924 
f 3496 625 3241 
f 4009 4853 4570 
f 2961 2885 2734 
f 447 6079 4427 
f 4504 405 2610 
f 3620 938 6728 
f 6856 5052 4484 
f 4079 4204 4118 
f 6606 6463 1669 
f 3601 3602 3526 
f 3349 3319 3452 
f 3208 5459 6370 
f 493 4244 4739 
f 654 7055 4943 
f 4973 4805 5675 
f 5085 3200 2529 
f 489 5455 826 
f 3790 1462 825 
f 3819 3650 3759 
f 3917 7108 1872 
f 4346 5234 4935 
f 4007 3857 3931 
f 3246 3245 3280 
f 4234 4736 5590 
f 2501 5182 3885 
f 1146 502 512 
f 6446 4701 3572 
f 2408 84 4977 
f 3472 4246 3541 
f 5753 3681 4683 
f 3677 3559 2092 
f 6166 6854 4633 
f 1408 4849 312 
f 4198 41 4868 
f 4493 730 3913 
f 5930 5880 5957 
f 2809 6371 4067 
f 5094 550 1232 
f 609 720 4547 
f 5916 676 3598 
f 5883 5880 5930 
f 6315 2938 6427 
f 3136 2252 2912 
f 2901 141 1995 
f 7133 2966 2809 
f 4797 4470 4795 
f 691 1285 3465 
f 119 4435 1021 
f 6890 2234 6851 
f 853 107 2400 
f 5108 592 494 
f 637 457 2340 
f 1873 860 3162 
f 6828 1506 6923 
f 4067 3354 5577 
f 5810 5511 829 
f 4397 5458 4398 
f 4973 1512 5548 
f 2423 910 2122 
f 7008 2236 2232 
f 1244 3739 4761 
f 3141 1308 6367 
f 2443 2081 4698 
f 6848 2027 4777 
f 427 1764 628 
f 6376 5336 5263 
f 3252 920 905 
f 36 2596 2700 
f 1931 2868 3275 
f 681 4018 6582 
f 3864 3908 3158 
f 6395 3413 1068 
f 4669 3127 2018 
f 6971 6664 6857 
f 4999 4467 4554 
f 5523 6382 4781 
f 4849 1408 221 
f 2294 1278 1702 
f 5807 5866 5808 
f 2881 686 1121 
f 5286 5343 1792 
f 294 3592 1073 
f 869 945 918 
f 4530 9 4728 
f 259 536 1389 
f 417 5423 940 
f 2381 1152 166 
f 2872 4767 3961 
f 776 4277 4090 
f 3735 4275 1052 
f 2679 3636 2883 
f 5405 6530 1600 
f 2102 4294 6749 
f 4499 3486 639 
f 3485 3415 3372 
f 2468 6527 2897 
f 3596 3710 3632 
f 4027 1571 1499 
f 2133 3424 2725 
f 2478 6802 5514 
f 5595 3874 5534 
f 1762 2972 6527 
f 4425 5419 4033 
f 4582 422 4588 
f 3952 4031 3956 
f 6169 2994 562 
f 1869 206 1185 
f 5741 5713 5738 
f 1124 4415 4458 
f 7085 7014 7013 
f 2676 590 6554 
f 3829 1127 2 
f 2002 915 5756 
f 4217 5360 5079 
f 3845 3635 3683 
f 2170 2676 6724 
f 586 3989 4573 
f 3635 3487 3683 
f 1450 6769 915 
f 3845 3637 3635 
f 2289 501 6783 
f 138 586 5698 
f 3682 3563 3632 
f 1865 4025 6698 
f 1846 3989 586 
f 2506 6146 1149 
f 3960 3847 3918 
f 5199 699 2629 
f 6391 792 6821 
f 3606 3528 3648 
f 6255 6254 5736 
f 1335 1344 6636 
f 1784 5182 2501 
f 426 5023 5551 
f 1342 6155 939 
f 1550 2407 2449 
f 5537 2068 353 
f 3965 3894 3924 
f 3086 1224 3377 
f 2767 6930 3197 
f 2577 6466 6547 
f 7056 5630 1859 
f 4083 1484 2868 
f 5770 3219 5266 
f 3650 3534 3689 
f 4894 6983 3423 
f 6946 7105 1059 
f 5420 4248 3005 
f 7108 5294 646 
f 6782 244 4119 
f 684 5813 394 
f 2448 1504 2450 
f 4254 2308 4252 
f 3534 3531 3606 
f 5935 5883 5930 
f 6729 6486 6630 
f 1945 3871 3869 
f 4747 2753 2863 
f 5795 5707 5710 
f 3380 2970 6247 
f 819 2383 6617 
f 5271 376 534 
f 4237 4068 3491 
f 3614 1907 1068 
f 1453 5568 3579 
f 3622 3431 3621 
f 266 224 645 
f 2019 2355 5583 
f 5173 1756 1352 
f 6588 6622 5938 
f 5545 6839 3702 
f 5632 7113 2098 
f 750 3107 7081 
f 1513 857 5247 
f 1874 316 6862 
f 936 6175 6522 
f 5045 1800 1650 
f 4505 2144 5172 
f 5191 2060 950 
f 2205 2400 107 
f 3705 1478 3309 
f 1016 5641 119 
f 4997 5280 1624 
f 5644 1702 2608 
f 1494 4424 4420 
f 6909 4700 2505 
f 4840 4416 4838 
f 418 3798 1155 
f 3168 6441 3453 
f 1708 5644 6926 
f 6417 1456 3134 
f 2358 1416 4382 
f 6332 3273 276 
f 2264 527 1602 
f 4481 2777 153 
f 1083 214 1416 
f 6454 6710 2458 
f 5274 6238 5272 
f 6067 1457 456 
f 3398 7068 210 
f 6629 6501 5393 
f 1916 6057 5906 
f 1538 3883 4431 
f 5606 3117 1470 
f 7029 7025 3247 
f 270 5394 277 
f 6652 1036 7105 
f 1402 4977 2516 
f 2481 5419 6842 
f 6204 1179 5676 
f 1179 1808 5676 
f 505 958 1075 
f 1138 6947 2017 
f 6400 209 680 
f 269 6906 1988 
f 2313 2793 4328 
f 754 4512 4168 
f 4213 922 2267 
f 3564 6248 4450 
f 2123 914 1815 
f 4077 4492 4020 
f 4201 4297 4204 
f 6640 2636 6506 
f 2682 2749 508 
f 1661 36 2700 
f 3847 3637 3845 
f 80 2837 573 
f 3682 3632 3711 
f 2172 4248 6922 
f 5139 5089 5434 
f 3463 3427 3386 
f 1908 2346 1183 
f 4922 933 432 
f 2399 4880 6560 
f 2397 6372 215 
f 2340 4288 747 
f 6207 6711 175 
f 3721 3726 3566 
f 4342 5351 4552 
f 6825 4100 1429 
f 302 1847 3525 
f 6418 5453 5289 
f 3673 1246 5945 
f 6406 5546 2169 
f 3526 3566 3528 
f 5772 2041 5070 
f 5539 5540 624 
f 3532 4059 6098 
f 5730 7050 571 
f 4733 4433 1828 
f 3778 822 522 
f 4956 6990 7126 
f 4208 1308 3141 
f 4567 4949 5050 
f 6738 68 1244 
f 4002 3894 3965 
f 6533 1198 4506 
f 17 5468 6893 
f 5076 1706 2656 
f 4264 4176 4314 
f 1555 2706 3676 
f 336 5795 5270 
f 1317 2414 2146 
f 1441 2613 956 
f 4315 4264 4314 
f 2578 6786 7062 
f 351 4092 3121 
f 483 5786 5718 
f 3102 62 3455 
f 3534 3606 3689 
f 1370 382 3018 
f 4799 723 6769 
f 4368 6655 6590 
f 7061 1368 5261 
f 2553 350 4942 
f 1393 1284 33 
f 4136 6009 6788 
f 4499 836 1623 
f 5707 5795 4491 
f 6618 6036 6252 
f 3312 3004 3246 
f 3823 3938 3939 
f 4246 3772 3773 
f 3586 1414 6399 
f 5006 3401 473 
f 5277 3129 3740 
f 2515 4091 5410 
f 6147 2122 4082 
f 2994 6169 2919 
f 3365 2406 2291 
f 2950 5423 4727 
f 2279 3051 1656 
f 4939 1678 529 
f 232 579 4610 
f 2642 5280 4997 
f 5225 3456 3313 
f 2666 5011 53 
f 3607 5864 1740 
f 4013 3731 4519 
f 535 5617 1721 
f 3919 7020 1647 
f 2675 100 5871 
f 763 4950 3831 
f 2791 3013 3012 
f 5978 5957 6001 
f 4080 3456 1022 
f 6078 6482 887 
f 3428 1878 7006 
f 5162 2055 793 
f 3136 5526 2252 
f 6474 778 4011 
f 2257 2994 2919 
f 966 4517 5413 
f 3248 3678 5208 
f 4753 4019 2581 
f 6266 6373 4657 
f 459 6517 461 
f 4755 3656 4162 
f 3073 3279 3072 
f 802 980 292 
f 6514 1031 1291 
f 6778 491 2768 
f 1325 6567 4990 
f 5622 2733 7120 
f 1343 3903 7113 
f 5644 1708 2891 
f 5096 5097 751 
f 740 3994 6862 
f 2903 6935 4830 
f 693 6549 1159 
f 4605 4485 2137 
f 467 305 1507 
f 48 16 47 
f 6181 1551 3629 
f 2258 6907 1613 
f 3770 5739 7124 
f 6179 3006 2283 
f 4779 1015 6142 
f 3891 2014 1670 
f 1390 3562 3636 
f 4927 4555 4888 
f 479 3896 4652 
f 5444 4349 5454 
f 1984 5049 460 
f 5041 4781 5046 
f 4295 6214 6443 
f 1980 3955 3523 
f 1156 6711 6207 
f 6930 6932 5447 
f 3881 3840 3802 
f 2486 3362 4123 
f 2916 3514 411 
f 3492 3349 3526 
f 4031 4115 4079 
f 397 4194 5178 
f 4053 1988 4788 
f 230 271 3015 
f 499 4893 913 
f 1835 838 5989 
f 4127 989 6436 
f 4122 4086 3997 
f 5818 6983 6558 
f 4765 2018 3127 
f 4475 2349 20 
f 1060 14 3000 
f 1216 1021 4435 
f 7014 7085 5352 
f 1972 3569 3531 
f 1243 2664 2257 
f 5177 442 2477 
f 3048 2954 1776 
f 6620 1502 5694 
f 161 160 900 
f 2155 2482 6225 
f 1066 2750 1983 
f 5806 663 2620 
f 1252 1240 2276 
f 3390 3427 3463 
f 3162 1761 1873 
f 4719 3176 4749 
f 4788 6327 4053 
f 1629 2084 486 
f 270 277 1562 
f 3268 3267 3332 
f 4309 863 3178 
f 2456 6187 5180 
f 4132 4051 4176 
f 6176 6899 777 
f 4422 4204 4419 
f 3243 3146 32 
f 3051 6317 3009 
f 6130 4333 6612 
f 2780 691 3465 
f 3670 5716 6749 
f 2697 3247 6738 
f 3215 3245 3246 
f 1130 2906 4822 
f 4232 6165 851 
f 3812 833 4330 
f 2843 2016 2327 
f 1858 3910 1644 
f 1804 1220 5399 
f 2261 6066 2097 
f 818 5775 6173 
f 6690 5608 354 
f 2910 5370 6017 
f 458 3936 5591 
f 944 1084 4722 
f 1508 1402 2575 
f 387 5826 6905 
f 5240 7046 1221 
f 5380 5466 5829 
f 4560 6256 6257 
f 3758 6022 5721 
f 6213 3599 2939 
f 4875 1786 4432 
f 4326 3780 4982 
f 6440 6367 6333 
f 2061 1709 5554 
f 2692 6367 1308 
f 3530 4322 4803 
f 4066 4797 4795 
f 2076 3035 1366 
f 1173 170 169 
f 5260 4632 5968 
f 29 920 4308 
f 301 4226 2788 
f 5509 6378 3217 
f 2311 2672 3021 
f 2176 862 6044 
f 2114 6088 3941 
f 6126 6111 6530 
f 4302 1821 682 
f 3879 5114 3783 
f 1594 1430 1813 
f 829 5852 5810 
f 2568 2155 1703 
f 3994 740 5491 
f 5425 742 6130 
f 2563 2274 2303 
f 3249 5267 5918 
f 583 4606 5571 
f 4140 2186 3344 
f 439 780 1629 
f 1114 5633 3866 
f 5064 5401 1410 
f 6630 5927 3063 
f 5380 2398 796 
f 5965 6064 2884 
f 3706 3940 2720 
f 1742 5302 6366 
f 3441 3968 1623 
f 5452 4571 5080 
f 5753 898 6520 
f 6313 1329 7026 
f 3567 5529 5786 
f 4285 1298 4999 
f 2783 6177 6725 
f 1671 5060 6947 
f 2075 1070 6833 
f 6923 6217 6077 
f 3220 3169 3314 
f 6457 74 475 
f 5010 4537 6905 
f 2865 6432 861 
f 6506 2636 1989 
f 2318 4855 621 
f 2840 3159 3145 
f 3528 3492 3526 
f 1610 819 6617 
f 4208 2226 6699 
f 1604 1500 1533 
f 1513 722 6500 
f 3960 3918 3995 
f 5305 6448 3075 
f 4041 6606 1089 
f 4160 4122 4118 
f 846 1557 644 
f 1171 1292 1553 
f 6846 607 3782 
f 3386 3531 3463 
f 1373 5743 4386 
f 598 971 463 
f 5068 5071 5869 
f 320 198 451 
f 2979 2054 2973 
f 3557 6933 3036 
f 667 5188 5309 
f 2641 4023 1690 
f 610 4383 5392 
f 2126 930 2119 
f 4143 3978 1799 
f 3828 5193 4441 
f 976 4378 1724 
f 82 6008 5332 
f 4222 4098 4221 
f 3769 3737 3858 
f 6221 5365 2495 
f 3666 4048 5715 
f 3820 3650 3819 
f 3153 5757 4860 
f 1711 6217 5922 
f 203 2960 4527 
f 5863 1671 6947 
f 4604 1546 4362 
f 4739 6514 4642 
f 1534 3805 2631 
f 159 6149 3917 
f 4617 2165 5473 
f 3540 2822 3658 
f 292 481 5228 
f 3245 3337 3280 
f 3363 6707 282 
f 3772 3823 3773 
f 7127 2585 2248 
f 1099 106 1854 
f 2775 3825 3621 
f 643 128 3623 
f 4919 6360 2894 
f 6482 6865 352 
f 868 1309 3184 
f 5841 1854 157 
f 6980 6141 5736 
f 5256 793 5829 
f 4696 3453 5227 
f 1537 2208 424 
f 3674 6785 6859 
f 5404 4805 5548 
f 6134 4214 3137 
f 337 4121 3155 
f 4925 3032 2129 
f 5940 5295 1828 
f 6845 3608 3784 
f 4490 4202 985 
f 3367 943 4168 
f 5996 4464 5329 
f 977 5533 6528 
f 3763 1373 5766 
f 1149 1117 2506 
f 2954 4212 2304 
f 1764 1009 1456 
f 4362 6854 4604 
f 1749 4537 6496 
f 940 3741 417 
f 747 4675 1156 
f 6134 653 4214 
f 2967 3117 4780 
f 5774 226 228 
f 2656 2651 582 
f 3136 1088 4130 
f 237 2665 6336 
f 4734 1466 560 
f 3667 1785 1327 
f 4389 4273 6651 
f 5694 1502 2679 
f 962 5501 4465 
f 4630 5195 4551 
f 3037 2889 2735 
f 1506 2353 5350 
f 2335 1615 1966 
f 6471 5313 4440 
f 5523 4781 5041 
f 6323 3083 6451 
f 1599 3277 4923 
f 4344 6637 3832 
f 6617 4601 1610 
f 5529 3567 711 
f 4074 4280 1890 
f 139 1863 2056 
f 283 2522 2352 
f 2342 6835 4649 
f 1539 4537 5010 
f 3429 1107 6900 
f 1827 338 837 
f 777 4986 5200 
f 2450 2236 1362 
f 3726 3727 3643 
f 4670 11 87 
f 5939 5891 5890 
f 596 661 2138 
f 4708 5947 5781 
f 6746 1770 4819 
f 6676 657 2745 
f 1112 2108 4029 
f 864 3764 1416 
f 3918 3847 3845 
f 6508 4057 4603 
f 3678 3248 3867 
f 1455 2707 1053 
f 6730 885 492 
f 3606 3531 3569 
f 2725 3424 3951 
f 3035 4965 1056 
f 3854 3815 3924 
f 2397 1510 562 
f 2874 4876 6741 
f 5813 6488 1061 
f 3855 3759 3816 
f 281 6646 235 
f 4262 953 4176 
f 4340 4436 4043 
f 163 6691 5859 
f 2650 483 1950 
f 6423 2059 6286 
f 2302 4513 6298 
f 276 3273 6145 
f 4319 3256 6445 
f 4995 138 4742 
f 4461 2292 4438 
f 757 3209 1832 
f 2692 799 6367 
f 1908 1183 2279 
f 5851 3519 6776 
f 4910 3293 3163 
f 1076 748 4596 
f 6487 3276 5876 
f 490 4595 3187 
f 7117 7114 2393 
f 5389 5346 5442 
f 615 492 4943 
f 3866 6575 5790 
f 1561 3200 5219 
f 5761 4484 1132 
f 3748 354 5608 
f 656 5513 2730 
f 7046 3022 526 
f 2745 657 5638 
f 4926 4643 2647 
f 111 3107 6728 
f 6663 3511 1186 
f 2557 7083 6331 
f 5854 3705 3624 
f 28 4298 6646 
f 2747 3478 4351 
f 3309 3624 3705 
f 4901 5575 4820 
f 3688 5888 3876 
f 4866 5208 3480 
f 1497 282 5080 
f 3477 6015 3163 
f 3572 785 2091 
f 3495 299 2993 
f 1008 890 449 
f 6891 4472 2757 
f 6766 6227 6777 
f 462 2418 6038 
f 6677 284 2654 
f 6167 77 6146 
f 3553 1176 6015 
f 1684 319 318 
f 3413 6097 6973 
f 654 2534 687 
f 6075 6870 1741 
f 2640 1690 658 
f 4794 4804 4797 
f 2951 4819 2455 
f 2110 503 1943 
f 686 2881 5828 
f 1354 5897 2708 
f 7110 4055 2480 
f 1219 3289 3580 
f 3754 1380 3207 
f 5078 634 3979 
f 6053 6139 5926 
f 5365 3378 2444 
f 6061 12 6020 
f 669 2682 508 
f 4367 4327 4075 
f 2987 1252 937 
f 6106 5827 5825 
f 533 5283 2063 
f 6204 3469 6261 
f 2154 5083 3525 
f 4704 3140 2460 
f 1006 1586 6097 
f 6094 214 2240 
f 4110 3952 4077 
f 3710 3709 3802 
f 3959 3887 3958 
f 3958 3956 3959 
f 4063 3359 836 
f 4201 4110 4297 
f 5208 3678 3480 
f 4465 5501 3604 
f 3568 2206 748 
f 1139 1020 1625 
f 5980 6183 5388 
f 2169 6827 3676 
f 5394 6514 4739 
f 7133 5875 5113 
f 3855 3931 3857 
f 6980 6823 2666 
f 1076 6462 748 
f 4136 6788 6694 
f 6298 4513 829 
f 1527 5144 834 
f 5906 1710 1916 
f 5099 903 2440 
f 5386 2156 4473 
f 6340 5001 2420 
f 2927 4016 2548 
f 4267 4221 4177 
f 3894 4006 3898 
f 3769 3698 3737 
f 4314 953 7102 
f 1089 1451 669 
f 4952 4899 3380 
f 511 607 512 
f 4777 175 6711 
f 3706 6781 6901 
f 6460 664 4626 
f 5421 3036 454 
f 2640 658 7019 
f 3059 2777 4481 
f 4133 4054 4132 
f 4343 4315 4438 
f 4221 4267 4222 
f 3965 4089 4002 
f 6874 3449 1254 
f 798 6052 5473 
f 5708 6251 5615 
f 1280 4343 4438 
f 1945 5901 4705 
f 128 580 4895 
f 2927 3790 3003 
f 3789 1241 1258 
f 896 5237 6488 
f 1416 5668 1083 
f 1065 4224 4818 
f 2883 3331 2679 
f 5188 74 1077 
f 5830 2454 942 
f 5966 4063 4284 
f 839 1778 5904 
f 1957 3782 600 
f 5140 5249 5431 
f 5627 3156 6855 
f 5794 3947 3907 
f 371 1371 1102 
f 6353 2494 1081 
f 7036 4710 5878 
f 5019 6528 6026 
f 3732 6129 3330 
f 6645 5447 6492 
f 4560 5854 6256 
f 3451 5502 1194 
f 4869 6991 2975 
f 5509 2990 3853 
f 1390 3636 1502 
f 4578 5635 6793 
f 1405 1265 1444 
f 5891 5939 5893 
f 1928 1163 935 
f 6213 4008 1152 
f 7031 2295 2262 
f 2799 2850 2727 
f 3147 2686 6325 
f 5782 2581 5494 
f 1814 684 3545 
f 4893 3795 2265 
f 5653 5667 5003 
f 2153 6416 5000 
f 2792 1665 1524 
f 6141 6256 6255 
f 1073 1559 4078 
f 728 6236 5701 
f 4325 1145 5397 
f 5111 6790 1793 
f 5193 5013 5012 
f 1553 1292 1812 
f 2720 3438 3706 
f 4884 3550 4171 
f 2778 1489 2821 
f 6026 6528 5533 
f 6063 830 2613 
f 6147 566 6342 
f 6676 2675 308 
f 3675 2916 3707 
f 93 4810 2476 
f 1011 617 4527 
f 6097 1586 3434 
f 6429 830 6063 
f 3361 6163 6468 
f 516 4243 2471 
f 3727 3648 3643 
f 1642 3921 5879 
f 1006 6097 6432 
f 888 2424 2423 
f 5826 6506 1989 
f 6098 4447 4189 
f 4793 2166 4730 
f 2808 426 5750 
f 6524 6659 5801 
f 3845 3887 3959 
f 6466 6397 6208 
f 4477 4929 5684 
f 4546 4453 4495 
f 2448 2450 3211 
f 3756 4394 434 
f 3185 4628 6107 
f 6361 809 2942 
f 4245 4384 4163 
f 5266 3219 5156 
f 4546 4495 4542 
f 3689 3606 3648 
f 721 4934 1782 
f 2187 155 835 
f 4548 2198 4437 
f 1157 5101 3977 
f 4276 7075 4841 
f 4132 4264 4133 
f 2356 5531 495 
f 3471 3075 6448 
f 4726 5154 2404 
f 434 2456 3756 
f 6437 1811 2151 
f 3820 3819 3857 
f 3855 3816 3898 
f 7118 2025 4164 
f 3737 3575 3613 
f 5058 3358 2573 
f 5561 2941 5518 
f 742 5425 4830 
f 4424 4423 5536 
f 3535 3332 3390 
f 1962 4257 7103 
f 6812 6791 6860 
f 5637 672 2198 
f 4681 3693 5753 
f 2936 6816 6791 
f 2538 4828 5870 
f 434 4394 3279 
f 5055 659 5210 
f 6846 4057 1146 
f 1913 3653 149 
f 2618 2303 1882 
f 864 2390 4147 
f 5397 1145 5677 
f 5163 2056 4959 
f 6835 6011 3273 
f 5621 4329 2280 
f 562 6913 2397 
f 2564 5571 3968 
f 4749 5543 7119 
f 6452 3373 1862 
f 1321 4199 3208 
f 5454 5463 5466 
f 4959 5136 1167 
f 1119 5138 6079 
f 1757 5030 6457 
f 1752 4235 4872 
f 192 517 3083 
f 1874 6862 2153 
f 1854 2238 1099 
f 3116 4211 4532 
f 7063 2602 7126 
f 2697 7029 3247 
f 2148 2070 6683 
f 5494 3509 5782 
f 5882 4128 2793 
f 3789 1813 1241 
f 3955 6717 6073 
f 6808 4624 4616 
f 6739 1335 6737 
f 5025 2382 6532 
f 5754 5699 6521 
f 2581 5782 4365 
f 3134 1456 1052 
f 140 3467 1354 
f 6266 4657 6925 
f 2003 1523 6148 
f 5534 3874 2058 
f 2733 7092 6794 
f 2672 1961 1611 
f 6356 5314 2843 
f 3108 3342 781 
f 387 6506 5826 
f 5260 1654 2202 
f 145 1767 2208 
f 2720 1313 1314 
f 7045 5009 6976 
f 1713 4956 3520 
f 460 2821 5106 
f 741 3157 4010 
f 5010 5826 3707 
f 1092 3190 4243 
f 1529 6703 2923 
f 4940 854 2194 
f 4743 5053 5252 
f 5775 818 2091 
f 835 2536 6007 
f 3713 3840 3954 
f 4111 6935 2903 
f 6681 5848 5967 
f 5047 1494 3846 
f 2973 2294 6080 
f 4543 4599 2279 
f 3937 3859 3769 
f 4098 4060 3938 
f 6666 6842 5419 
f 6526 4894 5671 
f 3965 4086 4089 
f 3866 4243 516 
f 523 570 612 
f 6215 6777 6812 
f 909 5361 518 
f 6657 5354 6544 
f 52 1876 1261 
f 4911 3974 1825 
f 1663 374 3642 
f 3857 3819 3855 
f 4943 845 615 
f 6517 749 375 
f 4683 4681 5753 
f 6310 1385 6311 
f 959 5901 5739 
f 4033 4288 4425 
f 1620 6299 5105 
f 6499 1093 4005 
f 6790 6312 1766 
f 608 6766 5435 
f 6549 3046 369 
f 2095 1769 1808 
f 5753 3693 898 
f 356 3736 1849 
f 3508 2639 6317 
f 5672 5660 5677 
f 4155 6126 5387 
f 4518 1590 1554 
f 3609 5843 7012 
f 6632 6389 6309 
f 4511 1844 4143 
f 2974 2355 2019 
f 2755 5510 2718 
f 1993 2903 5190 
f 5101 1107 3977 
f 5548 4805 4973 
f 2537 2898 1619 
f 3186 4995 4742 
f 3714 6968 1071 
f 4701 2741 1633 
f 4645 7013 7014 
f 4289 4595 1013 
f 3663 1231 984 
f 3866 870 1114 
f 1469 1499 1533 
f 5537 855 2068 
f 859 2339 5983 
f 2729 1032 4733 
f 4327 4322 4075 
f 793 5256 2058 
f 3921 1642 516 
f 1956 227 2479 
f 421 7038 5516 
f 717 5470 6418 
f 6930 4417 1682 
f 6702 675 2222 
f 6312 6695 997 
f 2060 4653 950 
f 5495 5326 5406 
f 2689 4185 3339 
f 6246 4145 4862 
f 3694 311 275 
f 7006 1878 1877 
f 1860 3286 304 
f 1385 1222 5496 
f 6671 4425 5167 
f 4023 3946 1690 
f 2484 2214 6709 
f 6112 4309 4841 
f 166 6504 3313 
f 5269 4940 954 
f 5877 1717 2324 
f 4641 1361 1435 
f 3071 6032 4021 
f 697 4859 1192 
f 5843 3609 2730 
f 6458 1583 1599 
f 2384 2673 6140 
f 2672 4711 1961 
f 3874 5595 6498 
f 2236 1504 1505 
f 1268 461 375 
f 2549 6820 2933 
f 5521 5110 2672 
f 2896 3583 6919 
f 351 488 594 
f 1257 3963 5228 
f 7110 906 4055 
f 1818 2026 3850 
f 2546 7109 336 
f 2571 1368 5696 
f 1250 2417 7099 
f 2880 2726 2477 
f 1068 6973 6758 
f 5344 5001 5524 
f 2229 200 229 
f 171 2182 6494 
f 5228 3963 4376 
f 3711 3632 3710 
f 511 480 816 
f 6519 1017 587 
f 1509 6717 6798 
f 4938 6689 5339 
f 1006 6432 3984 
f 6640 2865 2636 
f 1754 4434 1404 
f 5580 4736 4234 
f 3695 2277 4632 
f 1757 6457 475 
f 4545 258 6482 
f 1760 1736 316 
f 3845 3959 3918 
f 2238 6370 3504 
f 2083 348 1447 
f 3140 3719 3302 
f 4452 4249 4384 
f 4478 4680 4644 
f 3932 1858 4793 
f 5428 2753 2013 
f 3526 3602 3566 
f 4419 4418 4478 
f 4160 4204 4301 
f 3858 3937 3769 
f 1660 5332 6008 
f 6121 7094 3403 
f 3854 3730 3815 
f 4526 4467 4440 
f 4173 4007 4043 
f 1336 6066 3189 
f 4314 7102 4315 
f 1754 1440 1407 
f 2834 508 3289 
f 4267 4315 2716 
f 4541 4572 4565 
f 4948 4519 1248 
f 185 3976 1884 
f 1172 4001 6104 
f 6228 5615 6014 
f 6904 5296 5609 
f 3086 988 1224 
f 3775 4193 2256 
f 2430 2502 2332 
f 2292 6882 877 
f 6513 3979 5159 
f 401 2968 4785 
f 4415 3031 45 
f 3477 3851 6015 
f 54 6724 6189 
f 6483 2652 5064 
f 3692 3603 5732 
f 1852 380 342 
f 5169 964 3181 
f 5234 545 6642 
f 6839 7144 7138 
f 6026 6589 4348 
f 615 4603 6730 
f 1542 6750 6598 
f 5693 7066 197 
f 5420 2464 3183 
f 3104 2554 7 
f 6158 3624 3507 
f 2553 2733 5622 
f 3003 787 566 
f 6767 5581 3370 
f 2231 2526 6850 
f 4285 4999 4554 
f 6385 6362 3964 
f 2587 826 2598 
f 4990 5489 6379 
f 7084 7082 4961 
f 5175 2986 5393 
f 2991 260 3506 
f 408 2133 5271 
f 5009 7114 661 
f 6782 4120 3200 
f 3368 6642 2344 
f 5934 6632 6322 
f 5954 5025 6532 
f 4247 3666 6195 
f 3497 3426 6796 
f 4889 5157 5081 
f 1660 6008 1738 
f 833 6221 4330 
f 3346 3154 3669 
f 6948 3932 5182 
f 5960 5866 5958 
f 3072 5334 2403 
f 2720 1125 1566 
f 4274 249 4887 
f 969 6039 4808 
f 6357 1844 4511 
f 5453 6659 6524 
f 2661 5428 2013 
f 6039 6633 4808 
f 6917 6168 2742 
f 3101 2683 181 
f 4915 3182 4962 
f 5323 5217 5215 
f 3713 3954 3958 
f 2482 6014 5615 
f 1278 2294 1003 
f 3218 7106 5522 
f 3150 2006 2011 
f 4680 6129 4609 
f 4118 4204 4160 
f 3956 3954 3952 
f 3190 379 386 
f 4281 6781 6993 
f 447 1837 1119 
f 3711 3802 3713 
f 4437 4460 4548 
f 3603 5928 238 
f 2603 2030 1413 
f 4154 5361 3762 
f 3995 3997 3960 
f 3866 1642 870 
f 3960 3848 3726 
f 2394 5832 5570 
f 2305 5361 909 
f 4534 497 4896 
f 5038 1200 7135 
f 6 5845 2124 
f 169 170 769 
f 4437 4400 4460 
f 2078 4306 1274 
f 2435 5508 4882 
f 3696 3650 3820 
f 3924 3848 3965 
f 992 6680 4979 
f 3307 2375 127 
f 4174 4262 4176 
f 3819 3759 3855 
f 2204 5802 805 
f 960 1575 7136 
f 4763 1543 1544 
f 203 4732 2960 
f 4241 5193 3828 
f 6566 3484 2215 
f 4756 4123 3362 
f 3653 6222 5742 
f 599 600 3782 
f 3855 3898 3931 
f 7102 4438 4315 
f 3938 4908 4054 
f 5265 1097 1266 
f 3823 3939 5842 
f 6952 5465 4192 
f 228 5414 2566 
f 2777 3059 812 
f 1934 5033 1159 
f 1147 2259 2973 
f 1912 1788 1881 
f 3418 3788 5874 
f 4769 5272 4651 
f 4653 1822 950 
f 3558 423 5202 
f 4904 5483 6807 
f 1863 793 2055 
f 4630 4585 5487 
f 1073 3129 1962 
f 4064 811 3102 
f 4820 4554 5448 
f 5179 5969 5250 
f 2171 2854 3735 
f 1325 428 922 
f 4903 6386 666 
f 1024 390 6915 
f 5543 3176 6203 
f 2283 4392 3641 
f 2612 1212 2345 
f 117 5156 1751 
f 5487 4585 4987 
f 6038 6263 2558 
f 924 6334 5678 
f 5195 3128 5187 
f 5316 5579 5850 
f 134 426 2213 
f 1729 2201 1735 
f 2979 4507 1849 
f 3544 4311 6650 
f 1142 5391 1605 
f 6409 6394 2772 
f 5659 2261 2203 
f 5420 5226 4248 
f 1817 6761 2539 
f 1285 1891 703 
f 3771 2622 2685 
f 5181 3454 5868 
f 3002 2956 2955 
f 6245 477 3538 
f 5504 310 3168 
f 6821 6716 6391 
f 3450 5502 3451 
f 3404 2440 903 
f 4144 5367 4369 
f 6154 1522 7073 
f 4787 4455 4913 
f 5581 6876 5582 
f 5689 5620 3450 
f 6148 1908 4852 
f 4369 4797 4804 
f 4367 4369 5367 
f 2293 4039 5401 
f 3922 1339 1337 
f 2815 6725 6966 
f 391 774 5618 
f 5931 5950 2888 
f 5410 105 2515 
f 2465 162 419 
f 6064 6068 6031 
f 3103 3719 3140 
f 2984 3784 903 
f 3677 2622 3559 
f 6696 4105 4103 
f 1844 6357 5759 
f 3021 2672 334 
f 3561 4533 6814 
f 5306 6473 3019 
f 4110 4077 4238 
f 2093 6474 4011 
f 4677 6643 6918 
f 3887 3845 3683 
f 4574 4486 4482 
f 4453 4452 4495 
f 891 4497 4546 
f 1862 3510 5374 
f 1814 6329 1455 
f 5513 3902 5843 
f 4553 6834 4520 
f 5321 5044 973 
f 4546 4542 4615 
f 5637 2198 4548 
f 1377 5400 3273 
f 6241 6239 1085 
f 568 3834 3953 
f 543 6119 5783 
f 5493 6839 1896 
f 5154 1200 5038 
f 5879 6855 3186 
f 3822 3696 3820 
f 3404 903 2027 
f 1820 3512 5076 
f 1325 6396 5306 
f 2006 1977 3362 
f 3941 2076 345 
f 5315 2717 4809 
f 4379 5174 1993 
f 3834 568 1064 
f 379 2774 386 
f 4977 4190 2516 
f 2039 294 4078 
f 5887 4518 2163 
f 3858 3822 3820 
f 4098 3938 4134 
f 2198 672 4461 
f 2645 5613 6503 
f 5891 6190 5812 
f 2786 4578 2324 
f 2556 771 1283 
f 6080 6188 1592 
f 4628 2233 3426 
f 5853 240 2170 
f 5154 5038 6449 
f 2149 7113 5632 
f 4276 2078 7075 
f 4363 855 5537 
f 4548 4619 3493 
f 5822 3708 532 
f 1728 5718 6313 
f 1848 30 973 
f 5206 5242 4370 
f 6142 4368 6627 
f 6832 2275 2830 
f 7026 2870 4395 
f 6954 4965 6088 
f 513 5527 905 
f 347 158 2134 
f 4730 2166 6166 
f 3406 384 3348 
f 1238 7041 6967 
f 1984 5106 4200 
f 2891 4290 6188 
f 6023 5978 6001 
f 2495 6911 4330 
f 6463 5224 6715 
f 3883 6915 6042 
f 5555 3647 672 
f 6247 2970 2288 
f 1039 909 5633 
f 6930 2767 4417 
f 2307 2480 477 
f 1503 1472 1572 
f 6109 2808 2752 
f 3143 5913 5917 
f 2752 7039 352 
f 5226 2669 2020 
f 4998 5221 6626 
f 4736 4014 3097 
f 4052 5349 4251 
f 5626 2519 803 
f 5904 1685 839 
f 6359 6258 6257 
f 2240 2160 928 
f 4380 3071 6596 
f 49 923 1432 
f 2905 2157 6013 
f 6178 5943 5617 
f 6007 2536 1122 
f 3284 3556 6203 
f 2702 6439 4844 
f 3353 460 5049 
f 6310 3290 6578 
f 1863 4253 5829 
f 455 4515 453 
f 4557 4636 5471 
f 579 2846 497 
f 5137 4991 4829 
f 465 4942 350 
f 5468 790 5467 
f 5871 308 2675 
f 2797 4962 6879 
f 3788 3418 4608 
f 4297 4238 5679 
f 2873 6772 5650 
f 5971 4741 5109 
f 523 612 614 
f 3596 3630 3710 
f 5289 5453 6524 
f 3954 3840 3952 
f 3309 3507 3624 
f 3887 3682 3713 
f 4301 4245 4160 
f 6220 6253 6222 
f 833 1867 37 
f 1099 128 643 
f 552 4312 251 
f 112 733 6199 
f 4487 6831 1225 
f 2541 7141 6836 
f 2153 4293 6416 
f 1541 885 4957 
f 4078 5039 5422 
f 210 5600 5663 
f 6223 1027 5057 
f 1408 4390 451 
f 6197 4823 1339 
f 5119 668 4345 
f 4023 4233 284 
f 2919 6169 4292 
f 1255 3127 1852 
f 687 5528 5320 
f 5002 576 5207 
f 2217 6419 5362 
f 3333 1312 3123 
f 4043 4436 4173 
f 2251 2434 2142 
f 2775 3541 4246 
f 4096 992 1781 
f 3996 4200 1489 
f 4174 4051 4129 
f 2166 1524 6166 
f 1186 4652 6663 
f 3712 2045 141 
f 5447 6932 4882 
f 3933 2226 4208 
f 1249 1280 2292 
f 2447 6030 1751 
f 3475 3312 3431 
f 3868 6992 4789 
f 3770 95 5739 
f 1897 3584 359 
f 2609 2613 2297 
f 959 95 2509 
f 5739 3981 7124 
f 5461 6020 4847 
f 6139 6071 561 
f 3324 1323 839 
f 6953 2489 450 
f 3507 3309 4505 
f 7023 7071 7022 
f 1317 2100 5531 
f 5463 5454 5325 
f 4800 4804 4794 
f 2896 2309 3583 
f 5148 5200 4986 
f 6967 6844 7101 
f 4830 5425 2903 
f 325 995 4982 
f 1040 125 197 
f 4450 6758 6973 
f 4966 1040 197 
f 6158 5742 6222 
f 5432 7091 4127 
f 3258 869 6057 
f 2388 4439 3533 
f 6379 4111 5174 
f 3703 1464 4096 
f 1231 2919 984 
f 5180 4102 5278 
f 6223 265 1477 
f 4830 6935 3522 
f 6781 5583 6993 
f 890 1008 1513 
f 3784 1188 6845 
f 2613 2609 6063 
f 5209 999 2268 
f 2975 6991 4789 
f 2772 3291 6376 
f 6507 3538 3384 
f 1964 6742 6975 
f 5967 2555 4516 
f 1746 1179 6893 
f 5115 61 2762 
f 5451 5446 5450 
f 2893 749 6517 
f 5698 586 4573 
f 6787 4509 3078 
f 2422 3763 7116 
f 1929 2035 1991 
f 2408 2524 90 
f 1980 3523 547 
f 5231 3435 5515 
f 3488 5900 5191 
f 2217 3155 4121 
f 5937 1486 1606 
f 2021 5948 4815 
f 3476 2404 5154 
f 1345 6542 3279 
f 784 3392 4761 
f 7124 4061 4224 
f 5316 6131 1356 
f 6235 5976 131 
f 4256 1436 6263 
f 2403 5334 3889 
f 461 6517 375 
f 2305 909 1039 
f 225 6296 3870 
f 4300 559 3626 
f 5887 1442 1848 
f 1949 5216 504 
f 3804 135 251 
f 6067 1518 1457 
f 3952 3840 3838 
f 6301 5352 6243 
f 804 2720 3940 
f 4384 4245 4301 
f 408 2531 1028 
f 6059 130 2721 
f 5068 1245 5061 
f 2980 3460 1467 
f 4053 6327 5849 
f 2152 1467 3460 
f 3441 836 3359 
f 5637 3493 1876 
f 3997 3848 3960 
f 2913 2825 1210 
f 1002 5345 5346 
f 163 3412 5585 
f 2012 1920 6843 
f 2198 4461 4437 
f 1497 5221 4998 
f 4006 3894 4002 
f 6745 6030 3114 
f 4152 1356 5197 
f 5727 3438 1566 
f 1710 4050 3649 
f 4709 7010 4859 
f 857 1513 1008 
f 4422 4419 4478 
f 2431 2384 4776 
f 3334 5449 6171 
f 4886 6507 3384 
f 1005 2239 6951 
f 5370 3665 1498 
f 4690 6925 628 
f 2688 4071 3882 
f 5698 3664 2186 
f 3535 3390 3575 
f 4177 4221 4134 
f 2283 4265 5452 
f 4024 728 6794 
f 672 3647 6882 
f 5647 3839 5899 
f 4224 4098 4269 
f 4263 102 73 
f 3693 4681 5613 
f 4036 4084 381 
f 2416 1507 343 
f 3681 2561 4683 
f 6187 4102 5180 
f 5138 4813 4058 
f 1474 1765 1209 
f 6464 6200 6544 
f 1344 5955 6354 
f 668 2744 2491 
f 6580 5440 6647 
f 5149 6653 2695 
f 5130 1299 318 
f 2504 2923 6754 
f 5603 5616 4538 
f 523 524 519 
f 3774 6075 4479 
f 578 5413 2041 
f 5171 5482 1056 
f 1947 1899 3433 
f 6710 6930 5447 
f 2514 4517 4590 
f 5343 5286 4723 
f 2405 5683 467 
f 1264 1095 1038 
f 607 599 3782 
f 5794 6826 4759 
f 6099 94 6100 
f 2191 4044 5164 
f 3914 186 5628 
f 892 1003 4842 
f 7096 2467 4093 
f 726 3093 1567 
f 2540 1217 3685 
f 5936 4179 1546 
f 1191 4532 756 
f 2726 5177 2477 
f 1585 1556 604 
f 256 2689 3339 
f 6423 6785 2634 
f 3359 3442 3441 
f 3951 2298 2725 
f 5343 4723 4840 
f 4597 1547 5532 
f 6883 349 6074 
f 4220 5317 4380 
f 1981 7059 5592 
f 4980 4881 4884 
f 6291 6633 6072 
f 4079 3959 4031 
f 4483 20 2349 
f 2614 5983 6021 
f 4181 4352 4183 
f 4665 3310 538 
f 6743 6690 19 
f 990 6349 4669 
f 4110 4201 4031 
f 5333 3202 3588 
f 4492 3838 3881 
f 5365 6221 3378 
f 4374 4026 3012 
f 1855 4213 1969 
f 1366 345 2076 
f 4592 1814 112 
f 4452 4385 4304 
f 4085 3997 3995 
f 3016 6933 5284 
f 4125 4086 4122 
f 4245 4122 4160 
f 4611 5691 1880 
f 4384 4301 4428 
f 3652 4214 6230 
f 2938 944 7100 
f 3931 3898 4006 
f 1993 2454 216 
f 1805 1205 1821 
f 1876 52 5637 
f 137 994 5191 
f 2390 6877 5506 
f 4314 4176 953 
f 5445 2539 5852 
f 1659 4101 1422 
f 1564 4196 706 
f 5283 624 2156 
f 4260 4174 4173 
f 834 3539 1378 
f 3007 3123 1626 
f 2843 3910 6356 
f 2160 2240 1083 
f 4206 1704 2410 
f 1421 1928 935 
f 5629 486 2084 
f 4177 4134 4133 
f 3331 2883 2281 
f 7081 2402 505 
f 4924 3212 6917 
f 1093 3832 4005 
f 3647 5578 6882 
f 1273 1207 1251 
f 991 2881 1154 
f 1713 5342 3868 
f 4818 4224 4269 
f 5809 1418 1920 
f 5703 696 815 
f 1680 3077 5951 
f 6581 2967 4780 
f 779 3553 353 
f 3817 5044 5321 
f 6251 5708 356 
f 7132 5488 2792 
f 2214 2484 2508 
f 3914 648 859 
f 1848 1442 4885 
f 1334 3964 6383 
f 6943 5469 6846 
f 2433 2499 218 
f 6536 1653 7033 
f 6767 1301 6876 
f 3729 6547 5354 
f 7006 1877 5856 
f 3233 1098 2043 
f 3045 4395 2870 
f 3511 6663 2748 
f 3792 1531 6966 
f 4597 4144 4369 
f 1373 3763 5490 
f 2138 661 6981 
f 5095 4087 3232 
f 2998 2079 470 
f 6681 4520 6405 
f 3654 4239 2766 
f 583 6792 6694 
f 4263 2569 143 
f 3597 350 2553 
f 1494 5012 4423 
f 1089 508 2834 
f 1032 5351 4342 
f 4650 5990 2333 
f 6266 6925 1085 
f 878 4227 4583 
f 3641 3489 6179 
f 700 3143 5847 
f 787 3003 3790 
f 4552 5351 4696 
f 878 4583 2595 
f 2875 4413 3082 
f 1349 1565 1150 
f 4195 4832 4156 
f 1962 7103 1559 
f 6538 2451 2759 
f 1077 74 499 
f 5999 4235 1752 
f 4106 6019 969 
f 3811 3126 1697 
f 6659 4418 5801 
f 6731 6732 6489 
f 3817 2068 2796 
f 4274 4887 2732 
f 4590 880 6186 
f 6266 2555 6373 
f 1497 4998 6605 
f 5683 2824 467 
f 4106 5017 5679 
f 3805 4798 3800 
f 2736 3276 6624 
f 7044 3263 6976 
f 491 4065 3085 
f 2427 4544 5038 
f 3704 1817 427 
f 6247 2288 4064 
f 4875 347 2637 
f 5682 1495 6199 
f 3997 4085 4122 
f 3140 4704 3103 
f 4638 3955 6073 
f 4647 6945 4694 
f 6475 6828 6077 
f 5923 6051 4621 
f 4086 3965 3848 
f 7125 1737 1535 
f 4701 6446 778 
f 7102 953 4461 
f 5070 1169 5440 
f 2122 790 2121 
f 317 397 1385 
f 629 4299 474 
f 4340 4043 4126 
f 4225 1327 2097 
f 3069 2977 2826 
f 4006 4002 4126 
f 4436 4340 4388 
f 257 6771 2941 
f 4644 4422 4478 
f 953 4262 4400 
f 4260 4400 4262 
f 4060 4061 3865 
f 3704 427 6714 
f 2976 1904 4590 
f 4221 4098 4134 
f 6057 869 918 
f 6637 4344 4343 
f 3420 6814 4533 
f 5546 6992 1311 
f 5952 6084 1787 
f 3858 3820 3971 
f 2442 3864 6702 
f 3820 1649 3971 
f 4264 4315 4267 
f 4061 4137 4224 
f 5754 2542 4882 
f 4802 669 1451 
f 4554 4831 4790 
f 1542 6598 343 
f 6282 6281 6302 
f 1754 1404 7137 
f 2969 6719 3588 
f 4078 1559 5039 
f 2327 6091 1644 
f 3488 6401 917 
f 1902 3588 3202 
f 1131 4811 5768 
f 484 4937 4936 
f 4311 3195 6650 
f 1273 1251 4406 
f 7104 2879 4816 
f 3676 2706 1181 
f 2260 18 1369 
f 219 5293 5693 
f 711 2601 5529 
f 3830 3020 6083 
f 873 7145 4320 
f 4108 5406 6461 
f 3914 1991 186 
f 119 3420 4533 
f 745 786 794 
f 2849 1400 6308 
f 339 5357 3661 
f 4901 4820 5448 
f 2953 1570 6896 
f 2655 1830 5356 
f 5253 4155 4878 
f 889 5393 6270 
f 1987 4287 5755 
f 5191 6401 3488 
f 2100 4511 3850 
f 3197 6454 6744 
f 6447 4740 2204 
f 3217 5313 824 
f 2406 7111 1927 
f 2757 6860 6891 
f 1867 3119 756 
f 2382 5166 2317 
f 3544 3223 5313 
f 3473 5848 6681 
f 1892 2322 6175 
f 240 5853 4799 
f 5081 5157 5286 
f 5788 2271 1564 
f 3328 5082 1488 
f 5286 5157 4723 
f 3916 5505 6040 
f 4363 5537 3553 
f 2472 2725 2298 
f 4416 4840 4676 
f 2037 688 6039 
f 6610 6920 472 
f 1509 1340 6073 
f 240 4573 2170 
f 4438 7102 4461 
f 6311 3290 6310 
f 5164 4044 3991 
f 6717 3955 1980 
f 1907 6395 1068 
f 2169 4809 6406 
f 3070 4107 5321 
f 2660 5087 3659 
f 2807 3545 684 
f 4667 926 6757 
f 6123 1488 6889 
f 5326 5495 1314 
f 4302 4188 5360 
f 973 30 5321 
f 3318 6232 4756 
f 4428 4486 4384 
f 6625 1813 1430 
f 4167 4304 4340 
f 5582 5335 5581 
f 1736 1760 5008 
f 712 4513 2302 
f 4043 3931 4006 
f 1861 6373 208 
f 7030 6010 5878 
f 7086 3154 5636 
f 6609 6608 6715 
f 5847 3143 3547 
f 2553 5622 5799 
f 6464 6544 5354 
f 4126 4002 4167 
f 1642 5879 870 
f 1776 2954 2304 
f 4260 4173 4436 
f 3098 5590 4736 
f 3898 3854 3894 
f 1963 1696 4762 
f 4923 57 1599 
f 3271 118 122 
f 3078 4509 5398 
f 1618 565 5604 
f 317 4194 397 
f 7119 5543 3167 
f 6899 1150 1841 
f 4249 4125 4163 
f 5298 1493 3458 
f 4768 7064 1329 
f 6324 5221 5080 
f 4437 953 4400 
f 47 87 115 
f 3786 7103 3382 
f 2039 6036 6618 
f 31 729 791 
f 7123 1804 5399 
f 5853 6724 3405 
f 5012 1494 5047 
f 357 271 230 
f 6692 3949 2371 
f 3681 5753 1093 
f 3971 4129 4051 
f 6205 6441 3172 
f 5872 877 6061 
f 4719 6459 2207 
f 2369 2370 2115 
f 3937 3971 4132 
f 6138 3242 3969 
f 493 6402 5785 
f 1656 4543 2279 
f 3407 3368 3766 
f 3172 3170 6059 
f 118 7092 2733 
f 4917 4572 4541 
f 4067 1117 4690 
f 6781 3706 3438 
f 489 6545 5455 
f 2746 2476 3111 
f 3553 5537 353 
f 362 1429 4100 
f 6003 7073 6219 
f 2449 2407 2663 
f 1227 392 4946 
f 584 2042 6259 
f 2492 4725 3092 
f 4663 4984 4352 
f 4322 3530 4444 
f 1076 6066 2261 
f 3027 4892 4303 
f 7030 6778 159 
f 4080 4925 2814 
f 1468 7112 1743 
f 1680 1616 273 
f 887 718 2211 
f 336 5270 2546 
f 1324 1066 2560 
f 6256 5854 6137 
f 6057 1916 6267 
f 4473 4045 3383 
f 2505 2503 5367 
f 5744 4371 978 
f 309 307 2311 
f 5448 4735 2849 
f 1147 2973 1592 
f 3817 2796 6577 
f 3253 2320 5667 
f 6946 1059 1444 
f 2652 2996 5427 
f 3564 6674 6246 
f 114 2551 5549 
f 774 372 1082 
f 5536 5952 4870 
f 6019 4492 3161 
f 37 4678 6303 
f 3699 6561 2572 
f 6586 6919 2010 
f 238 5928 3275 
f 3830 3661 1646 
f 4931 6931 3684 
f 556 57 2089 
f 1122 1471 4918 
f 4283 306 2059 
f 3351 221 319 
f 658 7119 7019 
f 3484 4429 5691 
f 1067 3192 4218 
f 1940 1895 1939 
f 3470 2879 7104 
f 1467 3962 2557 
f 2308 5762 5357 
f 5798 6457 5030 
f 4047 7044 6974 
f 2284 4752 1438 
f 6643 717 6721 
f 3686 1787 2385 
f 6639 1086 4405 
f 3202 880 1902 
f 2763 6814 2712 
f 4486 4428 4482 
f 2367 2525 2527 
f 728 1442 2958 
f 1805 2655 1205 
f 4412 4413 5439 
f 1847 302 2673 
f 4304 4249 4452 
f 896 6488 4592 
f 324 1342 1112 
f 4542 4486 4609 
f 4126 4167 4340 
f 1326 1289 1358 
f 4418 6480 4478 
f 2686 3203 3880 
f 5356 805 4439 
f 322 266 1063 
f 4304 4125 4249 
f 4167 4002 4089 
f 5879 3921 6855 
f 4484 5052 1132 
f 2068 3817 353 
f 2287 3779 2950 
f 4089 4086 4125 
f 6564 4217 5079 
f 4644 4680 4482 
f 650 1938 722 
f 4728 270 4530 
f 4505 5172 3507 
f 4460 4400 4619 
f 4807 5669 2334 
f 870 3334 6171 
f 318 320 5130 
f 2292 877 1249 
f 2561 4847 132 
f 4370 5242 6301 
f 1872 7108 646 
f 1410 2843 5314 
f 2533 4739 4244 
f 3398 3403 4250 
f 6970 5428 5311 
f 1460 6744 1893 
f 3094 144 1925 
f 5174 2903 1993 
f 1200 465 7135 
f 6891 6791 6816 
f 2887 3895 2917 
f 3293 6578 3290 
f 273 1288 4920 
f 4735 5448 4790 
f 5822 4532 1191 
f 2212 2228 4366 
f 1576 15 6679 
f 4746 4066 4921 
f 3708 2930 6309 
f 5300 5152 5299 
f 478 301 6327 
f 716 3462 4632 
f 2152 1936 5748 
f 6967 7041 6844 
f 6335 510 6803 
f 4336 2144 4505 
f 2811 4016 2927 
f 6539 2681 5435 
f 2099 6494 2182 
f 2097 1336 2241 
f 93 3515 1510 
f 5844 3054 5476 
f 1617 118 2553 
f 3128 5098 4349 
f 1301 5255 6876 
f 378 4691 821 
f 4440 4467 4999 
f 685 3384 2266 
f 5719 4848 4980 
f 724 3546 272 
f 2281 2883 2085 
f 1534 3793 4798 
f 5936 1546 6154 
f 5757 3880 572 
f 5749 5720 1040 
f 3014 5550 1294 
f 5041 4555 1961 
f 4655 4748 5324 
f 2093 3139 7129 
f 2592 5781 638 
f 984 985 3663 
f 3149 5697 3688 
f 3922 3320 1339 
f 916 2412 695 
f 839 1685 3324 
f 5925 5638 3100 
f 3395 6524 969 
f 6286 1828 6423 
f 2936 5167 6656 
f 2628 1061 4849 
f 6949 6643 6721 
f 161 322 5765 
f 4439 2388 5356 
f 4028 4393 2452 
f 536 259 3973 
f 2155 6802 2482 
f 2397 6913 4410 
f 7115 1281 4974 
f 3956 3958 3954 
f 3905 3842 302 
f 1959 4169 1520 
f 6987 6748 1051 
f 4865 3600 2701 
f 4069 2875 4068 
f 3753 4967 4966 
f 4548 4460 4619 
f 4685 6928 3292 
f 3667 2203 1785 
f 6172 3501 3498 
f 3482 6571 4883 
f 1024 6915 1538 
f 6035 5939 5962 
f 4029 661 596 
f 3162 2354 2608 
f 3068 2075 6833 
f 105 2576 6132 
f 1095 1264 895 
f 2108 1406 4907 
f 3997 4086 3848 
f 1958 327 328 
f 752 5972 3405 
f 4089 4125 4304 
f 661 7114 6981 
f 2442 5646 2223 
f 4497 4385 4453 
f 3588 1902 2969 
f 4590 6186 1204 
f 204 5258 2582 
f 2620 663 3905 
f 2584 3228 2589 
f 4043 4006 4126 
f 5536 4423 6478 
f 4121 5104 6654 
f 1688 987 2159 
f 4396 4619 4400 
f 5749 5728 5720 
f 2466 345 1366 
f 5333 3588 4429 
f 4267 4177 4264 
f 2716 4315 4343 
f 4307 7104 4816 
f 4897 529 5651 
f 4818 4269 4317 
f 6367 1124 3141 
f 5960 5958 6024 
f 7093 5925 6428 
f 5229 4409 1067 
f 4071 4069 4072 
f 2597 3399 6723 
f 1001 5648 5815 
f 6973 6097 3564 
f 2328 2293 5431 
f 4990 4379 6103 
f 5396 5134 5261 
f 2328 3747 4494 
f 6586 2010 2431 
f 1422 2926 7128 
f 5136 5616 4138 
f 5658 6431 6018 
f 1349 1150 3967 
f 4287 1558 6931 
f 2348 2185 6197 
f 5671 4894 5111 
f 6056 5139 5434 
f 4409 3471 3192 
f 5743 1373 5490 
f 4951 546 5136 
f 693 2604 2981 
f 5628 5297 648 
f 3391 2801 2363 
f 2781 1867 4211 
f 6089 6153 6118 
f 1505 1504 3340 
f 4911 539 3974 
f 410 6475 3160 
f 2338 7077 1426 
f 6845 2263 1228 
f 2958 1178 6236 
f 1281 6894 3257 
f 1382 2284 1438 
f 6796 5116 5559 
f 6445 4018 4319 
f 5866 5960 5890 
f 6581 4780 1443 
f 3853 5865 1687 
f 2232 1505 7082 
f 5576 1596 2483 
f 6180 5924 6772 
f 329 1716 5682 
f 3663 2503 5412 
f 3613 3696 3737 
f 5331 137 296 
f 6227 2302 6777 
f 2365 5652 1365 
f 3109 2872 6234 
f 1546 1522 6154 
f 7131 1177 2741 
f 1963 4762 6392 
f 2344 1170 3368 
f 3753 7066 5693 
f 1583 2559 1687 
f 1928 2985 6952 
f 891 4149 5118 
f 745 569 266 
f 4504 2610 61 
f 3604 4671 689 
f 5289 6744 6418 
f 717 6744 6454 
f 1693 3142 2604 
f 955 767 916 
f 4808 3395 969 
f 2072 4516 176 
f 3814 2769 2906 
f 4209 256 4737 
f 3371 3867 3251 
f 1197 3401 4145 
f 5409 2998 5456 
f 5922 5898 5921 
f 3995 3918 4079 
f 3831 4182 763 
f 6460 1334 2890 
f 2079 5043 2831 
f 6093 4580 6107 
f 5724 551 5741 
f 4333 1385 5611 
f 6464 6547 6208 
f 3860 2510 3672 
f 1983 1833 2560 
f 3896 2997 425 
f 647 1674 1243 
f 4684 5791 1884 
f 1876 3493 5118 
f 3471 6448 4917 
f 795 911 3045 
f 2353 1429 4162 
f 1773 179 1101 
f 5245 3165 805 
f 4174 4129 4173 
f 4043 4007 3931 
f 4167 4089 4304 
f 6055 6009 4661 
f 1673 165 5655 
f 5746 5745 5632 
f 3367 4181 4025 
f 3263 4047 3031 
f 4681 4683 5358 
f 6107 4580 5082 
f 3407 3766 3768 
f 1291 4642 6514 
f 1705 1086 6639 
f 1328 1253 1290 
f 938 3620 3432 
f 5650 6772 2365 
f 2953 3301 1570 
f 5139 5337 5140 
f 5532 1547 6650 
f 738 4102 5846 
f 6271 6551 5985 
f 1606 3262 1593 
f 7070 4647 2112 
f 1407 5576 1754 
f 958 6361 4364 
f 6107 4628 6093 
f 706 707 1564 
f 3022 4375 4801 
f 5843 5268 7012 
f 4356 4308 297 
f 4888 4987 4927 
f 2301 6732 6734 
f 771 2416 6598 
f 1702 2891 6080 
f 4225 182 6571 
f 520 1296 4465 
f 5142 6580 7004 
f 549 6916 2543 
f 1769 5764 716 
f 4790 4066 4735 
f 5195 5187 3435 
f 6117 5001 5344 
f 4838 5343 4840 
f 2459 3738 306 
f 6654 2217 4121 
f 3158 2789 5763 
f 4212 5573 4001 
f 5784 5205 2930 
f 2265 3795 4968 
f 2258 1141 1115 
f 2771 3011 2963 
f 6463 6715 6608 
f 5963 5921 5898 
f 2173 4764 1750 
f 571 7050 1104 
f 2329 5521 3457 
f 2329 6903 4889 
f 2312 1348 2579 
f 2542 2435 4882 
f 1925 837 338 
f 5041 1961 4711 
f 6291 6072 1509 
f 1684 2280 3351 
f 5333 4816 3202 
f 6805 5381 601 
f 4429 3484 6566 
f 6852 5205 5784 
f 3533 6236 1178 
f 3831 4950 5250 
f 3967 2712 3470 
f 1929 1991 3914 
f 7109 866 5484 
f 3400 4619 4497 
f 3059 1294 3872 
f 497 2077 579 
f 6125 5659 2203 
f 1695 1042 6493 
f 1942 1104 7050 
f 2010 2673 2384 
f 6241 5570 5949 
f 4615 4149 891 
f 3067 3843 3177 
f 2354 860 5922 
f 5771 1565 6447 
f 6050 6928 4685 
f 4436 4396 4260 
f 3732 2078 4508 
f 4384 4249 4163 
f 2275 2551 367 
f 3700 7017 5100 
f 4946 392 6028 
f 4177 4133 4264 
f 6958 2288 1359 
f 3391 1399 2069 
f 517 4205 1055 
f 5138 257 6435 
f 884 5975 114 
f 6149 159 416 
f 1280 1249 6637 
f 3558 5184 5520 
f 2829 1164 954 
f 6740 5249 5140 
f 5003 2320 5625 
f 4854 6868 6726 
f 6708 405 18 
f 4872 4235 4905 
f 2202 1654 945 
f 6260 2853 2300 
f 1111 833 37 
f 2404 3476 1452 
f 6460 2890 664 
f 3787 1946 7089 
f 1162 1107 5101 
f 6614 2411 278 
f 5789 5787 5788 
f 3346 3669 3944 
f 1069 2648 5168 
f 30 3070 5321 
f 2109 5433 3598 
f 6907 2258 1115 
f 4802 393 1282 
f 3603 238 2779 
f 1519 852 7138 
f 436 1840 4294 
f 5718 1728 483 
f 5284 6933 1279 
f 4428 4301 4422 
f 6142 2817 6144 
f 546 3558 5520 
f 1813 6625 742 
f 6529 430 2545 
f 3852 2837 6119 
f 221 451 198 
f 5970 6100 94 
f 5677 4769 4778 
f 716 4557 5471 
f 1745 1535 1737 
f 5448 4872 4901 
f 6117 2420 5001 
f 6890 1411 2234 
f 6633 6291 4938 
f 7041 1238 431 
f 2875 3491 4068 
f 3976 222 1884 
f 1698 5620 5480 
f 3250 3251 6320 
f 2418 5993 906 
f 5336 6376 6842 
f 1074 695 1007 
f 5993 253 1355 
f 6938 2391 3826 
f 3591 4404 4622 
f 167 966 3000 
f 1929 4964 2137 
f 7062 5905 3990 
f 6658 3248 2086 
f 5330 4056 4689 
f 927 4223 3846 
f 1562 5787 5789 
f 2707 6329 6608 
f 5952 14 3416 
f 2814 2381 979 
f 2651 1736 3474 
f 5939 5890 5961 
f 4079 3918 3959 
f 4147 1269 3764 
f 3446 3453 6441 
f 3972 233 2029 
f 969 6019 6039 
f 891 4546 4615 
f 6041 4700 7089 
f 4680 6480 4131 
f 3168 3172 6441 
f 103 6338 4353 
f 5372 254 1299 
f 4680 4609 4574 
f 4085 3995 4079 
f 5155 1931 3275 
f 2632 4609 3292 
f 5979 5164 3991 
f 2280 2699 5621 
f 5424 2123 6364 
f 1356 4152 5316 
f 2724 2727 3115 
f 2908 583 1620 
f 4262 4174 4260 
f 6125 5915 1490 
f 3971 1649 4129 
f 2919 1231 1243 
f 1356 6131 6686 
f 2563 4758 5058 
f 1098 4305 4300 
f 5647 3647 5555 
f 6688 1634 1227 
f 5190 2903 5425 
f 5735 354 3748 
f 4661 2235 6055 
f 5196 2524 4242 
f 5726 4068 4216 
f 4131 6480 3560 
f 4590 4517 2976 
f 1428 1955 1787 
f 257 2941 2315 
f 1746 3131 1789 
f 6084 3079 1787 
f 450 7087 6953 
f 246 3537 2212 
f 6161 732 3137 
f 5249 6740 3747 
f 1718 2364 1061 
f 158 3916 6040 
f 5544 823 5545 
f 5597 3605 5682 
f 6800 2934 5072 
f 1440 7137 7063 
f 5504 4696 5351 
f 2969 1955 1428 
f 2442 2223 1293 
f 2183 6931 4931 
f 5746 5642 2806 
f 4268 7058 1124 
f 3158 5763 2014 
f 1320 1612 2844 
f 4274 2732 5674 
f 2636 2037 1989 
f 2276 562 2994 
f 1449 5075 854 
f 3484 554 5357 
f 4838 4416 4593 
f 5976 6235 6384 
f 1926 5120 2740 
f 4303 4714 3027 
f 3843 3844 3177 
f 82 6886 6008 
f 4699 2308 5357 
f 945 5717 918 
f 6222 907 6158 
f 3604 689 729 
f 4444 4921 4270 
f 4800 1547 4597 
f 1535 2591 1475 
f 6286 2729 4733 
f 4241 3828 4052 
f 501 5706 1723 
f 2823 4605 4964 
f 6436 3402 4127 
f 304 6321 1269 
f 4229 4382 1416 
f 338 1827 127 
f 252 6143 1903 
f 4972 4716 4817 
f 383 5042 365 
f 1657 844 1390 
f 2997 3348 425 
f 7083 5303 4372 
f 1077 499 913 
f 6884 111 933 
f 2910 5780 6829 
f 467 2824 305 
f 3560 961 4131 
f 3729 5354 6121 
f 1023 5598 3777 
f 6320 3863 3250 
f 4495 4452 4486 
f 1635 223 4294 
f 3817 5321 4107 
f 4453 4546 4497 
f 4022 6096 5589 
f 5578 5647 5899 
f 1229 1450 6564 
f 6835 2342 6011 
f 5271 534 408 
f 610 5817 4383 
f 5642 5899 3839 
f 779 353 3476 
f 7092 118 3271 
f 4176 4051 4174 
f 2949 848 5059 
f 2296 2369 2115 
f 4062 6129 4680 
f 3681 6499 2561 
f 6876 4112 3552 
f 4340 4304 4385 
f 1143 1750 6705 
f 7107 825 3066 
f 3184 4625 5053 
f 6237 6241 4355 
f 208 6373 3385 
f 1545 5368 5693 
f 4658 2546 5270 
f 2173 5635 4764 
f 531 1434 2280 
f 1918 3901 6554 
f 4054 3937 4132 
f 2146 1508 1026 
f 2932 568 7032 
f 4290 5780 6017 
f 2987 1027 1605 
f 3367 1865 538 
f 6057 6267 3258 
f 4905 4235 6589 
f 3907 5792 3879 
f 662 3996 2778 
f 4048 3666 4689 
f 2919 5557 984 
f 5188 1077 957 
f 3434 1586 2930 
f 6435 4427 6079 
f 3043 484 719 
f 6091 2327 4805 
f 4958 5942 1364 
f 3753 5693 5368 
f 887 6901 3175 
f 4382 5210 5556 
f 4403 3374 6333 
f 4100 1208 5172 
f 2215 3484 5357 
f 6378 4170 265 
f 2120 4990 6103 
f 2596 2453 2485 
f 1694 4496 5199 
f 3438 4469 6781 
f 2009 2392 3017 
f 1970 2025 2393 
f 6935 4111 1109 
f 3824 5230 6383 
f 20 4483 5390 
f 2720 2751 1313 
f 5318 6684 2790 
f 5766 5645 3763 
f 1838 6249 4545 
f 3509 2435 2542 
f 1557 2486 4123 
f 6138 976 3242 
f 636 60 4864 
f 3672 4227 6813 
f 5654 5519 5371 
f 6010 6324 7036 
f 6296 225 2647 
f 6595 4718 6529 
f 6483 5522 7106 
f 4046 4702 4857 
f 6618 4695 294 
f 4883 4056 3482 
f 6979 2969 1428 
f 6571 5034 5194 
f 5034 6571 182 
f 2969 1902 1955 
f 1880 6719 4172 
f 4688 14 1060 
f 1808 1747 5664 
f 5325 5098 5324 
f 5306 6396 4296 
f 2854 2171 5494 
f 2041 5772 5722 
f 2820 6576 4498 
f 2793 2313 5882 
f 2311 5209 3457 
f 2843 1644 3910 
f 4792 2706 3529 
f 4479 2713 6834 
f 4251 5590 6795 
f 3667 3725 5722 
f 2355 6533 5583 
f 2131 5670 2789 
f 4955 97 5889 
f 5762 6795 3843 
f 5217 5084 5066 
f 6918 6590 6560 
f 4606 583 2908 
f 4736 3097 3098 
f 6643 6949 6590 
f 1845 819 2031 
f 1904 2385 5929 
f 2748 3218 6803 
f 1955 1902 2385 
f 5691 554 3484 
f 6301 5242 5352 
f 1955 2385 1787 
f 6046 6024 6111 
f 5599 6841 291 
f 1416 415 4229 
f 4663 4352 4662 
f 4534 2077 497 
f 4561 3680 4391 
f 5739 95 959 
f 1041 2340 3743 
f 5528 2534 5011 
f 4400 4260 4396 
f 4680 4131 4062 
f 4100 6825 410 
f 5918 5267 2106 
f 715 2562 420 
f 19 6690 2437 
f 6377 1194 3217 
f 4497 4619 4388 
f 3844 3843 4286 
f 5264 683 1414 
f 3318 963 1057 
f 495 5531 3850 
f 6379 4379 4990 
f 320 318 198 
f 6941 2174 5392 
f 5628 648 3914 
f 7128 2926 7069 
f 6612 2761 5190 
f 2277 2753 6970 
f 5462 388 4772 
f 2355 637 1041 
f 865 4442 3615 
f 1922 4540 4220 
f 2605 3252 5527 
f 4653 3616 1822 
f 871 6451 6644 
f 1369 18 6358 
f 3450 3195 5502 
f 4551 5541 4585 
f 1554 2163 4518 
f 4542 4609 2632 
f 4396 4436 4619 
f 183 6497 342 
f 4468 6908 2853 
f 6087 6090 6029 
f 1480 1232 1986 
f 2574 5125 4709 
f 5587 6015 3851 
f 751 5534 5096 
f 6822 4159 6048 
f 6787 3078 2692 
f 2803 5497 3654 
f 2665 6282 6336 
f 6613 803 2519 
f 130 2048 1123 
f 2551 2047 5549 
f 3434 6674 6097 
f 6578 4910 3935 
f 2818 507 1648 
f 5017 969 5801 
f 168 5902 3920 
f 1785 2261 2097 
f 1738 2513 1660 
f 5614 3874 3943 
f 45 401 3933 
f 1689 3410 4030 
f 2667 3893 1923 
f 3722 2460 3527 
f 7057 5768 2619 
f 935 3157 741 
f 500 1758 7009 
f 2318 2492 3092 
f 500 813 1130 
f 3634 4256 6960 
f 3829 910 2423 
f 1419 5186 7121 
f 245 569 611 
f 3295 3085 2876 
f 2988 509 6677 
f 642 757 1211 
f 6426 1730 2245 
f 3900 2697 6738 
f 4689 4871 6305 
f 4834 5944 5051 
f 5068 5061 1900 
f 3340 7082 1505 
f 6181 3738 1551 
f 1977 2006 3150 
f 6509 5574 7022 
f 5850 5299 6004 
f 4713 1823 5523 
f 6954 5846 919 
f 3429 1595 1107 
f 5609 5296 746 
f 5357 339 2215 
f 4617 3581 6693 
f 389 4637 1935 
f 1945 4705 3871 
f 6589 6026 5533 
f 509 284 6677 
f 4311 5502 3195 
f 2374 3077 1019 
f 1387 1275 1386 
f 3527 3152 3944 
f 2039 4078 5422 
f 3645 6110 1235 
f 1536 5681 6689 
f 4183 4354 3975 
f 5118 3400 891 
f 738 5278 4102 
f 4118 4085 4079 
f 3308 1739 4090 
f 6355 1011 773 
f 6991 6990 1713 
f 4385 4497 4388 
f 821 6677 2654 
f 4131 961 4062 
f 4286 3097 3930 
f 5679 4238 4106 
f 6609 6715 5224 
f 261 1094 1388 
f 5158 4056 4883 
f 5313 3217 1194 
f 6821 5885 4306 
f 4503 4783 4114 
f 6894 5479 4113 
f 263 463 466 
f 4685 6045 6050 
f 2012 4402 5809 
f 1169 4517 2514 
f 3562 2883 3636 
f 6111 6023 6085 
f 2816 2889 2963 
f 5252 5666 4743 
f 1841 777 6899 
f 4653 2570 1036 
f 6719 2969 6979 
f 5440 5142 5070 
f 751 5032 4932 
f 3927 5600 4715 
f 5691 4611 6553 
f 528 3684 420 
f 4216 5092 5726 
f 1359 6061 877 
f 783 5547 2181 
f 3020 1397 3628 
f 5013 4241 4240 
f 4967 4903 666 
f 3098 3097 4286 
f 3957 5309 5188 
f 1670 4310 6472 
f 1397 4037 5229 
f 3277 1583 1687 
f 3967 303 2763 
f 5583 4506 6993 
f 3684 6931 420 
f 5377 6409 2772 
f 4278 5160 7088 
f 2716 4317 4222 
f 6051 5923 633 
f 5999 1752 6308 
f 3511 510 2501 
f 202 180 2438 
f 5755 4287 6931 
f 1987 5802 4287 
f 2796 2221 4140 
f 5184 3558 5202 
f 5234 2981 3181 
f 4550 2293 2328 
f 5755 6931 3335 
f 872 2744 3090 
f 2721 2341 3691 
f 5581 2584 4745 
f 6370 609 4547 
f 6849 6298 829 
f 1067 2183 3628 
f 5296 3497 781 
f 6566 803 7104 
f 4475 20 5980 
f 709 727 7000 
f 4416 4676 4928 
f 4932 5408 5595 
f 2665 237 1716 
f 272 3923 1485 
f 2089 57 4923 
f 2518 3567 1664 
f 2921 341 3750 
f 2106 757 1832 
f 2629 1694 5199 
f 4748 5077 5037 
f 2484 4664 2508 
f 2715 2623 5914 
f 4752 2284 4917 
f 4070 6647 4514 
f 1434 6154 2699 
f 6368 488 3121 
f 4784 5721 1037 
f 3414 6266 1085 
f 855 2796 2068 
f 2733 6794 7120 
f 1693 7017 1975 
f 1548 4446 1911 
f 4521 2277 6970 
f 2781 4211 1511 
f 4107 3070 3476 
f 4942 465 1617 
f 2476 4810 3111 
f 3418 1870 4779 
f 5852 829 5445 
f 6850 6651 2231 
f 2652 2437 2996 
f 5525 3205 4389 
f 4575 6096 4695 
f 4540 1922 6027 
f 404 5371 2784 
f 5587 5449 4363 
f 2823 2614 3852 
f 714 3826 3546 
f 18 3061 6708 
f 3088 6030 5954 
f 1795 1791 1889 
f 4834 2006 2965 
f 707 2793 4128 
f 5453 6418 6481 
f 5259 189 2331 
f 6818 6501 6892 
f 6005 4088 5490 
f 7022 5574 4674 
f 5694 4822 6620 
f 4853 5580 6136 
f 2363 1983 5607 
f 5117 560 3875 
f 2654 4233 4003 
f 4506 3019 6993 
f 6878 6686 6421 
f 3490 3641 3679 
f 5979 1639 5390 
f 6237 2874 6239 
f 3930 3489 4286 
f 470 4105 2998 
f 5092 6195 3666 
f 506 4583 482 
f 5109 20 5384 
f 5748 3962 2152 
f 3006 4744 4571 
f 4482 4428 4422 
f 5222 6203 3556 
f 1509 6073 6717 
f 94 4443 7067 
f 220 496 262 
f 5451 6479 3935 
f 2235 6381 6628 
f 2543 1271 549 
f 7011 983 4036 
f 308 446 2921 
f 537 623 759 
f 5994 6949 6721 
f 3882 4072 3298 
f 6270 744 2974 
f 824 5313 6471 
f 6149 416 5761 
f 4488 2501 3885 
f 3917 6626 6619 
f 3808 3755 3282 
f 2401 3899 5911 
f 6246 3513 4145 
f 5232 5291 3725 
f 6413 6571 3482 
f 6174 314 5485 
f 2681 6616 5435 
f 6656 6816 2936 
f 5780 3112 5350 
f 14 4688 3416 
f 6819 6920 6610 
f 672 6882 2292 
f 1540 3659 5087 
f 3416 4688 2470 
f 2951 1540 2572 
f 7115 6894 1281 
f 4871 4870 5477 
f 2217 867 3155 
f 3546 724 714 
f 2514 5440 1169 
f 1130 813 5966 
f 6795 3098 3843 
f 4926 4822 5694 
f 2470 6413 6229 
f 3335 4218 5755 
f 1796 3320 3922 
f 5193 5012 5047 
f 3633 5703 2547 
f 4223 927 7005 
f 4216 927 5092 
f 5013 4240 4172 
f 3846 1494 4420 
f 5166 2382 247 
f 7101 3365 2133 
f 6566 4307 4429 
f 1397 3443 6713 
f 4816 5333 4307 
f 420 6931 1558 
f 3244 3030 3439 
f 5066 5084 4953 
f 4397 6927 59 
f 2453 2596 36 
f 3192 3471 4917 
f 4252 6553 4338 
f 3739 2239 1005 
f 3830 6083 339 
f 4037 4561 4409 
f 6726 6616 2681 
f 6919 1493 2896 
f 4389 3205 4273 
f 6364 2710 894 
f 6150 6111 6126 
f 1565 948 6447 
f 5518 5216 2784 
f 4345 563 5119 
f 3443 3067 3177 
f 869 602 945 
f 4037 3680 4561 
f 2111 3357 2153 
f 5457 6929 678 
f 3614 6858 4638 
f 1156 1969 4213 
f 5185 2058 3874 
f 2226 3933 3056 
f 1523 2003 3717 
f 5910 2819 6786 
f 6347 2386 5894 
f 4912 2004 6503 
f 4579 6895 4494 
f 2388 1178 2655 
f 4093 6951 2239 
f 30 6881 3070 
f 1666 2870 4731 
f 6192 1471 3536 
f 136 3370 1154 
f 3108 5559 4723 
f 1426 5650 4525 
f 2951 2455 1540 
f 4742 138 2221 
f 4676 4840 4723 
f 5715 4048 5158 
f 3660 6471 1298 
f 3831 1375 5560 
f 3081 2864 3928 
f 2604 3142 5169 
f 4282 4285 4593 
f 389 1810 4637 
f 6697 705 855 
f 5451 4544 2427 
f 3262 7027 1593 
f 406 1293 2223 
f 2214 5301 5994 
f 1673 5655 143 
f 232 2635 2633 
f 2378 1259 6002 
f 921 4937 26 
f 5657 823 1368 
f 4934 721 1415 
f 4918 1511 4376 
f 2084 5834 452 
f 3115 3111 2724 
f 350 2086 7135 
f 2166 1896 553 
f 2445 3434 2444 
f 71 1552 6152 
f 2184 3934 1432 
f 4062 4171 3550 
f 3990 3870 2578 
f 1039 5633 1114 
f 1624 5280 4884 
f 2527 2684 2530 
f 4518 973 1590 
f 496 220 448 
f 146 174 202 
f 4486 4574 4609 
f 2346 2347 1183 
f 3131 1746 6893 
f 4619 4436 4388 
f 2843 1410 2016 
f 6170 4348 5582 
f 7121 1393 1419 
f 154 810 2317 
f 1113 6525 2511 
f 2960 1493 5298 
f 6909 5480 7089 
f 6248 6246 5113 
f 1932 5740 1606 
f 5024 1823 5081 
f 4693 951 5798 
f 6455 5645 5504 
f 2141 2190 1588 
f 6633 6039 688 
f 4412 5128 6757 
f 838 6747 6244 
f 5027 3614 6758 
f 7003 2876 4539 
f 3020 3628 2183 
f 4317 2716 4344 
f 4811 1588 5768 
f 5136 4138 4951 
f 7100 944 4722 
f 6388 1303 1262 
f 1019 5917 1443 
f 2850 2848 2852 
f 2336 2335 5189 
f 3304 5143 3118 
f 2529 5015 5085 
f 6490 1353 5034 
f 6531 4156 1471 
f 4071 4259 5439 
f 6331 2577 2557 
f 5322 5323 5214 
f 3503 3889 3888 
f 6413 5330 6229 
f 800 5143 3304 
f 244 6782 3361 
f 6186 6363 1204 
f 4869 6990 6991 
f 3741 6174 279 
f 1875 5378 6261 
f 5929 1902 880 
f 5762 4707 1646 
f 5317 4220 6032 
f 1610 4601 400 
f 6478 4172 3079 
f 4223 4539 5328 
f 349 6883 5551 
f 1535 1475 7125 
f 4282 4928 5116 
f 5295 6785 6423 
f 4883 6571 5194 
f 3223 3544 1547 
f 6207 1969 1156 
f 2327 1644 2843 
f 4254 6795 5762 
f 2882 2436 1153 
f 5471 4636 5676 
f 5922 6217 2354 
f 3877 4012 1639 
f 5607 3391 2363 
f 4610 2635 232 
f 1012 1045 827 
f 4931 3684 339 
f 3247 3327 68 
f 4172 6979 3079 
f 3661 3830 339 
f 4640 4729 6135 
f 3530 4231 4443 
f 1384 2171 5602 
f 5237 4849 1061 
f 4416 4928 4282 
f 2483 1596 461 
f 6405 4520 4375 
f 4264 4132 4176 
f 1987 805 5802 
f 39 5820 3021 
f 4919 929 5943 
f 4338 4240 4052 
f 696 289 3506 
f 2043 1098 4300 
f 1880 4172 4611 
f 4740 715 1558 
f 4838 4593 4835 
f 5116 4928 5559 
f 3192 1067 4409 
f 5496 6459 3639 
f 2117 21 4786 
f 5297 5266 3065 
f 1799 807 4143 
f 1038 1095 5258 
f 6524 5681 5289 
f 1225 6831 7091 
f 6433 3377 3408 
f 4024 6881 4885 
f 948 2562 715 
f 2399 6516 4997 
f 4447 3733 6594 
f 5913 3527 5917 
f 3066 3580 2910 
f 2872 3961 1476 
f 4422 4301 4204 
f 7062 3356 6511 
f 5785 6402 1657 
f 855 3186 2221 
f 6028 392 2829 
f 6449 3163 1176 
f 449 5896 3329 
f 3311 5701 7120 
f 2958 1442 1205 
f 5722 3725 578 
f 2696 6013 51 
f 2458 5994 6454 
f 690 6173 2108 
f 4588 1794 1554 
f 350 7135 465 
f 3084 3034 2907 
f 5728 5816 5751 
f 2255 2585 2230 
f 1617 465 4726 
f 2595 4583 506 
f 6593 5897 5892 
f 1129 3837 3428 
f 3607 543 5783 
f 5664 1747 4336 
f 2736 6868 6851 
f 4510 3304 4326 
f 2404 122 4726 
f 6650 3195 5532 
f 2141 6767 2190 
f 3807 4272 741 
f 4793 4730 4323 
f 5693 5293 1545 
f 5587 4363 6015 
f 3156 5627 1013 
f 4905 4901 4872 
f 5714 3639 400 
f 5767 2087 6944 
f 3107 750 1719 
f 5272 4769 5677 
f 4577 1780 574 
f 5814 4479 1091 
f 6615 3052 2432 
f 6140 3945 3929 
f 4856 4502 6262 
f 1128 326 332 
f 7005 4068 4237 
f 94 7067 5970 
f 3380 5007 4952 
f 441 170 1173 
f 1838 3019 6473 
f 498 3076 278 
f 1076 4596 3189 
f 702 2053 3139 
f 3783 5114 5875 
f 2604 3181 2981 
f 1098 1296 4305 
f 6622 6490 4339 
f 5158 3928 2886 
f 1331 3351 2280 
f 7037 559 4913 
f 6313 4768 1329 
f 607 6846 1146 
f 5823 6184 5225 
f 5969 5179 2926 
f 6335 5314 6356 
f 1311 2650 683 
f 3108 5157 4812 
f 3202 2879 880 
f 3752 605 97 
f 6961 5141 7023 
f 4871 4247 4420 
f 2768 5364 6778 
f 2095 1478 5764 
f 5748 1070 2075 
f 6767 3370 2190 
f 2647 500 4926 
f 654 687 7055 
f 7020 7021 6819 
f 6942 5 5359 
f 4871 4420 4424 
f 2385 1902 5929 
f 4467 4831 4554 
f 4488 3885 3781 
f 5328 5193 5047 
f 6403 2685 3677 
f 3079 6979 1428 
f 1331 6996 285 
f 3532 6098 4189 
f 4296 1527 1174 
f 3085 2770 491 
f 5220 1909 3717 
f 5887 1205 1442 
f 3007 5750 3123 
f 4287 4740 1558 
f 4890 3905 663 
f 3844 3489 3490 
f 3641 4392 4391 
f 418 4116 3798 
f 6363 3420 4070 
f 5691 4429 1880 
f 4803 4768 4231 
f 3177 3844 6713 
f 5717 1422 4101 
f 2817 6142 6627 
f 1558 715 420 
f 5679 4418 4297 
f 926 2770 3294 
f 5816 5797 5858 
f 2092 3174 1221 
f 1106 6340 1218 
f 2258 1581 96 
f 6621 6820 1352 
f 3113 3403 7094 
f 3680 4037 6713 
f 715 4740 6447 
f 3080 1593 7027 
f 777 5200 6176 
f 1140 574 383 
f 4376 1511 5228 
f 2183 4931 6083 
f 1728 7026 4757 
f 1811 6608 6609 
f 1515 6180 4714 
f 5701 3533 1438 
f 5357 554 4699 
f 1466 972 6896 
f 5471 5676 1769 
f 265 6223 6377 
f 5766 5203 5733 
f 3707 2916 5010 
f 1545 5228 481 
f 1561 1530 3360 
f 5244 4148 1938 
f 5584 5124 5672 
f 4270 4795 4444 
f 5763 4310 1670 
f 3409 677 4976 
f 4228 5021 5081 
f 5651 5649 4897 
f 5799 3597 2553 
f 3950 3338 3891 
f 4227 6320 482 
f 392 4448 1350 
f 2069 2556 1283 
f 5675 4805 2327 
f 828 5240 4142 
f 3311 7120 6794 
f 7058 5594 4415 
f 1532 2841 239 
f 5830 5714 2454 
f 5945 5944 3673 
f 6319 2427 7135 
f 2452 4393 4392 
f 302 3945 2673 
f 4988 4899 5500 
f 5154 6449 1176 
f 5707 3728 4874 
f 4243 5790 1092 
f 2328 5249 3747 
f 2888 3207 4654 
f 5165 5520 4509 
f 600 2940 2738 
f 2493 5329 1600 
f 2494 6353 1775 
f 766 4164 1970 
f 2286 4059 3532 
f 5926 1834 6397 
f 6308 5335 5582 
f 2823 3852 4605 
f 5813 1635 394 
f 2085 3562 1010 
f 6502 3968 3441 
f 2448 617 1011 
f 3170 3172 3168 
f 5408 4932 5031 
f 6033 3121 4092 
f 1067 3335 2183 
f 1849 6864 2054 
f 1202 2931 3798 
f 4785 2968 5948 
f 1368 7061 5696 
f 1502 2504 6754 
f 559 4787 4913 
f 2111 2599 2219 
f 6281 6258 6302 
f 4369 4367 4470 
f 1661 5601 3512 
f 6086 646 2295 
f 4076 4876 2874 
f 569 745 611 
f 3451 5689 3450 
f 4338 4611 4240 
f 5590 3098 6795 
f 4413 4412 6757 
f 5291 2470 4688 
f 4244 5662 2533 
f 2514 6647 5440 
f 3928 5194 3081 
f 2318 655 2492 
f 4883 3928 5158 
f 6719 1880 4429 
f 1371 371 2140 
f 4539 4223 7003 
f 2577 6331 1871 
f 5715 2886 5726 
f 985 984 1380 
f 4237 3295 7003 
f 4360 4672 4361 
f 6744 2767 3197 
f 6601 4430 2812 
f 7003 3295 2876 
f 4299 5142 7004 
f 6596 3251 3250 
f 2458 6487 5994 
f 1261 2806 5647 
f 4610 1521 2635 
f 5470 190 6481 
f 2731 5340 2705 
f 5522 6456 1078 
f 6505 1513 6500 
f 6938 5743 4088 
f 803 3470 7104 
f 2439 5036 4602 
f 6402 844 1657 
f 2023 6987 4434 
f 5157 3108 4723 
f 3700 4481 7037 
f 3486 3323 196 
f 6729 941 7042 
f 1125 6706 6629 
f 3422 5665 761 
f 4065 591 3644 
f 5615 6225 2482 
f 1334 1128 3964 
f 3411 2481 2609 
f 671 544 5909 
f 4234 5590 5349 
f 3177 6713 3443 
f 3735 5602 2171 
f 6494 2099 6295 
f 1877 699 6365 
f 6537 6705 6185 
f 2189 3174 722 
f 4072 2864 3298 
f 4917 2284 3192 
f 2603 967 2030 
f 6798 5040 6689 
f 916 695 1043 
f 588 3610 542 
f 6262 4509 6787 
f 3790 825 3461 
f 5532 1698 6909 
f 4633 6854 4456 
f 2871 620 218 
f 4645 1362 7008 
f 2915 1322 3692 
f 5512 2320 139 
f 7093 6006 5925 
f 1685 5904 3718 
f 1049 4774 5617 
f 2487 4321 2312 
f 4775 6380 3678 
f 2351 3818 4472 
f 59 5458 4397 
f 6819 6610 6609 
f 5859 3272 163 
f 4052 4251 4338 
f 1334 5230 2890 
f 5385 1887 4751 
f 2321 6096 4022 
f 4923 2990 2089 
f 4998 4911 6605 
f 3283 3287 5451 
f 644 1447 1526 
f 2813 2568 1703 
f 1156 4675 6711 
f 7135 2086 6319 
f 4715 5600 210 
f 3556 4377 5319 
f 1476 5406 6234 
f 886 136 1154 
f 2114 765 4291 
f 4458 45 2028 
f 4684 107 853 
f 3736 7050 6515 
f 3843 3098 4286 
f 5095 4212 2954 
f 2171 1384 6160 
f 2470 5477 3416 
f 4330 6911 3812 
f 6170 423 6026 
f 2009 1482 3970 
f 4593 4285 4554 
f 3141 1124 4458 
f 2423 2121 888 
f 6170 5202 423 
f 3544 5313 4311 
f 4835 5572 5343 
f 4738 2624 6292 
f 2593 6467 1953 
f 4487 4210 6840 
f 6336 6302 6359 
f 2211 718 352 
f 3217 6378 6377 
f 6362 6385 237 
f 72 6810 1763 
f 1435 1361 1396 
f 6977 3037 2735 
f 6998 1850 603 
f 6142 4608 4779 
f 6419 1759 5362 
f 2229 202 174 
f 2538 5870 4815 
f 2826 2783 6725 
f 156 211 212 
f 1027 5689 5057 
f 450 6033 2272 
f 6696 2998 4105 
f 6124 4629 4921 
f 5585 5884 6691 
f 6652 7105 3690 
f 3114 6030 5347 
f 6351 1922 4220 
f 3599 4587 2939 
f 6255 907 6254 
f 2575 1026 1508 
f 4578 2786 5981 
f 2447 1751 34 
f 3597 204 2086 
f 3462 5764 4104 
f 424 5516 1537 
f 3392 1244 4761 
f 2685 6783 1445 
f 6046 6111 6127 
f 4386 5743 3590 
f 4471 156 1582 
f 6442 3690 4873 
f 4885 1442 4024 
f 1160 4945 2247 
f 3328 3902 5082 
f 2460 4130 3152 
f 1029 5959 2894 
f 657 5133 1919 
f 2014 5763 1670 
f 1682 5699 5754 
f 3371 6596 1638 
f 6702 5646 2442 
f 1607 1686 3724 
f 414 1080 6583 
f 2657 2651 2656 
f 5443 4349 5444 
f 6074 349 6430 
f 1948 2934 4898 
f 2052 2006 4834 
f 6123 2063 5283 
f 348 1526 1447 
f 5408 5021 5595 
f 6476 2391 764 
f 1786 3068 4203 
f 4556 6811 1223 
f 808 806 6510 
f 3327 7097 68 
f 4401 4857 1705 
f 2306 4939 4897 
f 5021 4228 4538 
f 3298 6639 3882 
f 2726 1504 5177 
f 5974 3237 5411 
f 35 146 82 
f 5549 2049 4523 
f 5118 4149 5745 
f 6728 933 111 
f 433 241 5977 
f 387 1749 3984 
f 3082 4413 926 
f 2853 6260 2266 
f 4972 4817 5948 
f 2399 1624 4989 
f 5458 2033 5065 
f 321 4464 4551 
f 2274 2573 2600 
f 1377 2403 5400 
f 5880 5857 5957 
f 2968 536 4972 
f 384 425 3348 
f 4661 1069 6381 
f 658 819 1610 
f 4655 5324 5098 
f 274 3891 1670 
f 6300 3814 269 
f 3457 5209 2329 
f 1833 6350 724 
f 6115 4577 7139 
f 2800 5308 6960 
f 83 231 2478 
f 2517 40 1048 
f 4470 4797 4369 
f 5557 2919 4292 
f 4948 4013 4519 
f 2148 6683 2164 
f 7100 3381 2938 
f 1965 1364 2273 
f 5614 5162 3874 
f 1249 4005 6637 
f 129 765 345 
f 5803 5752 5779 
f 5044 6577 973 
f 6624 3276 6487 
f 3736 6515 2192 
f 3185 2233 4628 
f 5742 6158 3507 
f 6888 3292 6914 
f 2755 2718 2754 
f 7039 3940 2211 
f 4541 4752 4917 
f 2959 4466 564 
f 3389 5015 2529 
f 931 59 2529 
f 4459 3988 4760 
f 3961 6144 6461 
f 1829 1968 3615 
f 6958 5899 4064 
f 2721 3691 6059 
f 3923 2391 6476 
f 6798 6717 6799 
f 4988 5500 515 
f 3752 3885 5182 
f 3639 5714 5496 
f 3505 5685 6700 
f 383 928 2160 
f 884 1799 3978 
f 3026 4743 2331 
f 805 3985 4439 
f 3872 1199 4153 
f 2982 2420 6117 
f 6714 628 1861 
f 5184 4509 5520 
f 4318 3387 1046 
f 2965 6191 4834 
f 6059 3170 530 
f 351 4770 4092 
f 5733 5028 310 
f 2690 4476 1147 
f 2923 2504 1796 
f 3498 1705 4857 
f 4348 6170 6026 
f 4322 4327 4490 
f 5620 5689 2899 
f 72 2323 5486 
f 321 5437 5329 
f 4189 278 6861 
f 5004 3878 2765 
f 5615 6228 5708 
f 5523 4568 4713 
f 6240 1087 6242 
f 5698 2186 138 
f 5958 5935 6024 
f 129 27 5069 
f 5199 4496 56 
f 6689 6291 6798 
f 6893 5468 5467 
f 3330 6129 4062 
f 1079 3159 6760 
f 1826 3226 3209 
f 4524 4191 3975 
f 4842 1003 6864 
f 7025 5414 3393 
f 6677 821 1182 
f 5914 5008 4547 
f 597 4861 5395 
f 2395 2888 4186 
f 4795 4270 4066 
f 3970 6260 6042 
f 5380 5829 4253 
f 6985 1116 3627 
f 1481 5519 1899 
f 5503 5460 5441 
f 4837 5860 4708 
f 1581 1584 6912 
f 2224 4629 6099 
f 3258 6549 6433 
f 6027 1900 5039 
f 6356 6948 1784 
f 1789 4916 4902 
f 5565 2224 6100 
f 5011 2666 5528 
f 5169 3181 2604 
f 5439 2937 4412 
f 4026 1803 5083 
f 1562 1492 270 
f 6787 6672 6262 
f 4247 6195 4420 
f 3066 825 1219 
f 4548 3493 5637 
f 844 6402 4642 
f 4203 6833 1549 
f 253 6390 4449 
f 4809 395 3099 
f 1479 4728 9 
f 5916 3598 5591 
f 3120 3196 3255 
f 3583 2309 1847 
f 1873 3329 860 
f 1257 5293 219 
f 2928 4463 5283 
f 481 292 980 
f 3233 4042 2586 
f 2828 2827 3029 
f 5831 5417 5985 
f 4601 5714 400 
f 5429 1591 6912 
f 1906 2201 2535 
f 4819 2951 6746 
f 2656 1745 2657 
f 1986 1232 550 
f 5534 5463 5096 
f 4957 2015 374 
f 2542 5782 3509 
f 2493 5996 5329 
f 2923 4925 1529 
f 6433 602 869 
f 2268 2329 5209 
f 2973 2259 2979 
f 3621 3869 3622 
f 6867 6675 6866 
f 4097 4810 215 
f 2979 2259 2813 
f 2667 2502 2670 
f 888 5928 2426 
f 6247 3455 3380 
f 5911 5956 4724 
f 5719 4980 961 
f 6868 2736 5903 
f 3878 5004 6692 
f 5313 3223 4440 
f 4627 678 6929 
f 6075 3774 6611 
f 4903 5541 6386 
f 6013 2696 2596 
f 941 6729 3063 
f 6567 4213 1855 
f 1191 3119 3812 
f 6992 3868 5342 
f 5031 6382 5024 
f 3434 2930 1420 
f 5661 2868 2747 
f 976 1724 7064 
f 1264 7120 5701 
f 4845 2588 1706 
f 572 3028 3890 
f 5529 5970 5718 
f 5136 546 1167 
f 2982 1170 6162 
f 2601 3993 2929 
f 1718 285 996 
f 4072 2886 2864 
f 3313 6504 5823 
f 4083 5468 17 
f 929 4015 1721 
f 2776 4716 431 
f 5419 4425 6671 
f 7054 4783 1697 
f 5015 4953 5084 
f 5898 860 3329 
f 4398 5474 4040 
f 5594 3263 4415 
f 4038 2326 1871 
f 1753 3304 3118 
f 1795 1572 1645 
f 2036 738 1577 
f 4825 152 6982 
f 6498 3943 3874 
f 6506 7052 6640 
f 3460 2743 1936 
f 5956 6339 5908 
f 5626 803 2215 
f 5030 3618 3998 
f 7024 7096 7097 
f 6062 6064 6031 
f 7106 19 2437 
f 7146 5168 2648 
f 1704 2677 3444 
f 6382 5523 1823 
f 5999 5582 4348 
f 159 2759 416 
f 4103 4095 6696 
f 5849 6327 2788 
f 6387 6391 4466 
f 5362 4347 2082 
f 2443 5341 6468 
f 1329 641 4731 
f 6228 1942 5708 
f 2460 3722 4704 
f 1780 5514 6802 
f 5844 5476 6552 
f 746 999 2928 
f 5487 4748 4655 
f 4464 5996 6384 
f 2580 5683 2405 
f 6318 3051 1183 
f 5368 4555 3753 
f 3216 7100 4665 
f 5880 5858 5857 
f 4545 6249 258 
f 4786 21 5811 
f 5454 4349 5325 
f 4625 5796 5252 
f 548 6856 3166 
f 5077 5046 5037 
f 1941 1602 527 
f 2400 2205 3132 
f 6031 6029 6062 
f 3197 6930 6454 
f 5542 898 2038 
f 3339 4737 256 
f 5218 242 3240 
f 3770 7124 5542 
f 6504 2565 5823 
f 2246 3594 6365 
f 1581 6912 1591 
f 1217 5639 5078 
f 1608 2242 4485 
f 5486 5806 72 
f 1053 6437 3668 
f 5081 1792 6159 
f 4580 6093 533 
f 2100 1933 4511 
f 897 3282 3755 
f 1960 1478 2095 
f 4116 5069 3798 
f 1015 4997 6516 
f 4526 4831 4467 
f 5534 4932 5595 
f 4864 60 3807 
f 5862 4280 1875 
f 5080 5221 1497 
f 414 7145 6939 
f 3121 6033 5574 
f 721 1782 4626 
f 405 78 2278 
f 1001 6801 5648 
f 2703 7045 6976 
f 5066 5007 5062 
f 5411 3237 5206 
f 4885 6881 30 
f 5227 3453 3746 
f 358 3944 3669 
f 5748 7083 3962 
f 4953 5015 515 
f 5062 5007 6164 
f 5217 5062 5215 
f 5066 5062 5217 
f 6434 2193 5005 
f 926 5364 2770 
f 4588 422 4188 
f 5481 5493 1896 
f 6065 4703 2920 
f 6037 6818 6892 
f 589 2897 593 
f 3189 3357 5938 
f 1735 2201 1906 
f 4090 4277 5433 
f 339 528 5626 
f 3557 3036 6006 
f 1777 5141 3393 
f 2445 3513 6674 
f 1184 4919 2894 
f 2949 2898 848 
f 7036 5878 6010 
f 3581 3508 6693 
f 1291 1010 1433 
f 4440 4562 4526 
f 6788 6009 6055 
f 4597 4804 4800 
f 6793 5635 2299 
f 1483 4500 6427 
f 2291 328 3760 
f 6095 1180 3160 
f 849 1965 2475 
f 4814 6561 3699 
f 2070 5498 6683 
f 962 1296 2586 
f 4780 2714 1677 
f 990 4941 3080 
f 6313 5718 7067 
f 6377 6378 265 
f 3240 584 5218 
f 3475 3431 3622 
f 2976 3686 1904 
f 2411 600 599 
f 390 1937 6915 
f 3467 5897 1354 
f 2242 6119 543 
f 4540 3786 4220 
f 307 999 5209 
f 4999 1298 4440 
f 4959 5614 5136 
f 5379 2643 6332 
f 7042 6836 6729 
f 6231 3230 3265 
f 5965 3585 6740 
f 341 2921 1487 
f 5808 5738 5807 
f 5427 2996 437 
f 2512 571 650 
f 2466 1366 3053 
f 5184 5398 4509 
f 7007 6830 6294 
f 6847 1567 1894 
f 914 5424 620 
f 4151 4316 2418 
f 4516 704 6587 
f 6775 6872 6565 
f 1438 3533 2044 
f 219 197 125 
f 2652 5427 5431 
f 2675 6676 4334 
f 5007 3380 4141 
f 2526 1909 5220 
f 2543 6916 595 
f 2528 2535 2201 
f 2944 3254 865 
f 2911 2013 7088 
f 6095 1913 1180 
f 1261 5746 2806 
f 2393 4717 1970 
f 5883 5861 5803 
f 3704 6714 1861 
f 5066 4953 4952 
f 3167 5222 5319 
f 2137 4485 340 
f 2723 1694 403 
f 628 6714 427 
f 1140 365 4567 
f 4391 4392 4393 
f 4895 580 6462 
f 2156 624 4473 
f 1524 553 2792 
f 5134 5396 3702 
f 4342 4733 1032 
f 5416 1917 5964 
f 3739 1005 4761 
f 2489 4674 6033 
f 5660 5649 5651 
f 3253 1863 139 
f 3376 255 5379 
f 493 5785 1544 
f 1863 5829 793 
f 5883 5800 5838 
f 6542 5171 1056 
f 1830 6224 5292 
f 2826 4099 3069 
f 5569 5547 5404 
f 2502 2430 2670 
f 2672 4568 4711 
f 280 2949 5059 
f 2140 371 260 
f 1139 2728 1212 
f 3057 2728 1139 
f 1869 2931 1202 
f 2522 2856 2523 
f 4674 5574 6033 
f 60 743 1541 
f 5380 5444 5466 
f 131 4967 666 
f 3270 2859 3269 
f 1157 5624 1047 
f 2379 7040 2046 
f 6396 2120 4296 
f 3221 3348 2997 
f 848 2528 2530 
f 813 4063 5966 
f 1561 5219 5307 
f 5405 5231 5189 
f 6815 2329 2268 
f 1466 3875 560 
f 7012 5268 635 
f 197 7066 4966 
f 3469 6204 5676 
f 5256 6470 2058 
f 266 2569 4263 
f 1062 2952 3992 
f 4856 6699 3056 
f 58 1578 4602 
f 381 514 5275 
f 1669 908 6606 
f 5165 4509 4502 
f 908 3545 2807 
f 3434 2445 6674 
f 2337 2306 5189 
f 4651 2181 5569 
f 6238 5411 4370 
f 4000 361 525 
f 5683 2580 4734 
f 196 2176 6044 
f 640 369 3046 
f 2948 6995 3877 
f 4391 3679 3641 
f 6707 3363 4404 
f 5452 6707 4404 
f 3930 4744 6179 
f 4702 3498 4857 
f 5307 1002 5241 
f 4073 5746 5632 
f 3306 3837 1129 
f 7125 6416 1737 
f 2109 1458 2113 
f 3933 4785 2021 
f 2985 1421 3642 
f 5251 4762 6871 
f 168 4411 2708 
f 5435 6616 6492 
f 5048 737 5596 
f 4911 4998 539 
f 5767 2235 90 
f 1288 273 587 
f 822 6934 522 
f 5642 5746 4073 
f 5070 5142 6165 
f 302 3525 2620 
f 3464 2991 3437 
f 1269 4147 1578 
f 6401 6597 917 
f 2162 1355 253 
f 5133 308 3750 
f 3057 3266 2851 
f 2906 4462 3814 
f 3282 897 5913 
f 3669 3154 4578 
f 1879 1790 2526 
f 6807 5530 4081 
f 6296 2679 3331 
f 2961 5020 2885 
f 2323 1496 1175 
f 1505 2232 2236 
f 6064 5337 5535 
f 132 6873 4754 
f 71 5312 1552 
f 5735 437 354 
f 2304 5697 1776 
f 362 5172 2144 
f 5888 2304 4212 
f 2668 264 3025 
f 4667 2451 6538 
f 5857 5797 131 
f 6328 6095 3160 
f 2474 1824 981 
f 3723 3240 4904 
f 7089 4700 6909 
f 3640 2626 513 
f 2340 457 4288 
f 3808 3282 2081 
f 3414 6587 704 
f 3340 1504 2726 
f 6118 5965 2884 
f 3432 2024 3665 
f 6729 6731 6486 
f 5558 4579 4878 
f 1450 915 2002 
f 3358 2147 2065 
f 6473 5306 1174 
f 4719 2207 3176 
f 6962 2565 99 
f 1219 3580 3066 
f 2712 4564 3470 
f 2007 2853 6908 
f 424 5670 3421 
f 3254 2944 3478 
f 5072 796 2398 
f 5306 4296 1174 
f 3195 3450 1698 
f 6718 5220 3717 
f 5424 894 4774 
f 6423 4283 2059 
f 2292 4461 672 
f 5652 5927 6212 
f 3029 3439 3030 
f 99 6240 1480 
f 1203 2136 6848 
f 977 1792 5533 
f 5162 5185 3874 
f 2976 966 167 
f 1993 1712 4379 
f 6451 1768 6323 
f 2297 1976 2136 
f 1946 3787 5131 
f 7001 1519 7138 
f 626 842 832 
f 3227 7051 974 
f 1889 1791 1887 
f 2530 5059 848 
f 5345 5217 5323 
f 6331 4038 1871 
f 6250 5442 3719 
f 1742 3113 6485 
f 4164 766 3957 
f 304 3934 6321 
f 2855 3464 3060 
f 6309 6314 3708 
f 260 2991 2544 
f 1774 280 5059 
f 1521 4610 3516 
f 6156 2496 6387 
f 812 4151 906 
f 62 6346 713 
f 4243 3190 2471 
f 5341 5005 2193 
f 4847 4531 6873 
f 5604 2869 5629 
f 2503 985 4202 
f 922 428 1198 
f 2535 2537 1906 
f 6188 2380 1592 
f 2379 1619 2901 
f 908 2807 4802 
f 1107 3149 3977 
f 3618 1757 4403 
f 3145 2598 2840 
f 6444 1274 2149 
f 5217 5345 5084 
f 5324 5097 5325 
f 3743 922 1198 
f 4279 896 1495 
f 4959 1167 5163 
f 5405 5387 6530 
f 5170 5214 5327 
f 3474 2623 5760 
f 2306 2337 4939 
f 1946 647 6041 
f 2480 153 7110 
f 5968 5969 1422 
f 3342 6815 2268 
f 1930 2643 5379 
f 5948 2021 4785 
f 7036 4271 4710 
f 2999 3990 5905 
f 6619 6626 5221 
f 55 1974 692 
f 5329 4464 321 
f 3738 6476 306 
f 4004 2301 1947 
f 3246 3280 3312 
f 7015 1338 1304 
f 2648 4136 7146 
f 6581 358 2967 
f 5515 2934 1948 
f 6212 1365 5652 
f 5031 5024 5408 
f 6960 5308 4750 
f 865 3254 4442 
f 431 1238 2776 
f 6173 5775 660 
f 1011 6355 5177 
f 3747 5243 4494 
f 462 253 5993 
f 5878 4710 591 
f 5588 5124 5584 
f 2492 164 1046 
f 6778 5364 6538 
f 6932 5754 4882 
f 5672 5649 5660 
f 2234 1411 2432 
f 6183 5980 20 
f 6254 6275 5736 
f 4435 6831 6209 
f 4685 4609 6129 
f 56 6365 5199 
f 626 2795 2798 
f 1299 531 1684 
f 6453 6902 1530 
f 6164 5007 4141 
f 879 1237 1144 
f 5382 5302 1917 
f 2481 3411 5419 
f 5218 2820 3144 
f 560 6135 1652 
f 1768 6451 1675 
f 902 261 1388 
f 6126 6530 5387 
f 6980 6280 6141 
f 2571 5696 5517 
f 4793 1858 4906 
f 3093 3584 1636 
f 2337 5189 2335 
f 6985 2358 5556 
f 1327 5232 3667 
f 1545 5293 5228 
f 5703 815 2547 
f 3274 2684 3270 
f 5798 4692 4693 
f 5139 1913 6157 
f 2684 2859 3270 
f 7008 2359 7013 
f 4960 5567 5673 
f 2851 2678 2728 
f 2528 2201 2200 
f 4190 3466 2516 
f 3423 3833 970 
f 3060 2858 2856 
f 4964 5983 2823 
f 1499 1469 1427 
f 4332 3252 2605 
f 815 1102 725 
f 5021 4538 6498 
f 2133 2725 7101 
f 2206 4596 748 
f 2491 4345 668 
f 4105 2980 4103 
f 2306 5387 5189 
f 1805 6224 1830 
f 5239 5372 5130 
f 4634 7000 280 
f 1993 2761 942 
f 1710 1659 4050 
f 5899 6958 5578 
f 1665 323 1524 
f 3718 343 1507 
f 7076 952 1741 
f 6985 6465 4421 
f 1449 5795 4843 
f 2620 3525 5806 
f 6726 5903 6616 
f 5919 1612 3500 
f 6085 5996 2493 
f 279 5482 255 
f 1070 5750 1783 
f 973 4518 1848 
f 5274 5677 1145 
f 6953 7018 4674 
f 2012 6843 7049 
f 1271 2488 1305 
f 1274 6444 6914 
f 5392 1715 770 
f 1702 5644 2891 
f 4466 7068 3398 
f 4919 1184 929 
f 59 931 2033 
f 5382 5323 5322 
f 1496 6964 1165 
f 2837 3852 3049 
f 4432 1786 4203 
f 4715 210 7068 
f 4952 5500 4899 
f 5124 4897 5649 
f 3863 6320 3272 
f 521 2927 1857 
f 349 2096 6430 
f 4039 5304 5675 
f 1136 5033 5100 
f 2302 6160 1384 
f 2053 1059 7129 
f 1552 4483 2349 
f 6667 4312 1021 
f 5675 5401 4039 
f 1861 6409 5377 
f 5176 6311 5178 
f 5065 631 3008 
f 403 1486 2723 
f 4372 4038 7083 
f 2595 204 2582 
f 4638 6858 4759 
f 2925 373 1054 
f 4889 5438 5521 
f 273 4920 1680 
f 4483 1552 1381 
f 6383 6362 6359 
f 6351 4220 4380 
f 818 6173 690 
f 3064 5235 3026 
f 4058 257 5138 
f 6314 6389 2020 
f 6218 155 1297 
f 6104 1597 1860 
f 5134 6091 4805 
f 33 1316 1419 
f 4330 6221 2495 
f 3942 3269 3437 
f 1822 3001 6401 
f 2708 5902 168 
f 5343 5572 4970 
f 4980 4884 4171 
f 1675 2130 1371 
f 6600 1342 939 
f 6309 6389 6314 
f 6202 1020 267 
f 5374 6573 3982 
f 5310 6118 6153 
f 304 694 49 
f 568 3953 7032 
f 5838 5800 5816 
f 5266 5156 1132 
f 1912 1881 1523 
f 6818 6037 6887 
f 1208 149 5742 
f 6306 1944 6531 
f 3270 3269 3942 
f 5059 2530 3274 
f 5908 687 5553 
f 4634 6809 3906 
f 3986 5696 783 
f 300 2637 347 
f 1776 1029 3048 
f 5928 3603 2426 
f 5982 5960 6046 
f 1491 7000 820 
f 5041 4568 5523 
f 5272 2181 4651 
f 1748 1791 1707 
f 5777 223 5813 
f 1578 1172 1269 
f 4001 5888 4212 
f 2387 5120 1926 
f 4368 6949 5301 
f 1484 1024 2868 
f 6535 5964 1917 
f 6391 6387 2098 
f 1979 995 2705 
f 3114 5294 6745 
f 5547 5569 2181 
f 6509 7071 6368 
f 3570 315 5023 
f 1251 6543 4792 
f 5420 3183 5226 
f 4715 3178 863 
f 1654 5260 5968 
f 714 1778 839 
f 2617 6434 5005 
f 6663 425 384 
f 6708 2413 2610 
f 1415 4943 492 
f 5241 1530 5307 
f 5844 6552 1182 
f 371 3506 260 
f 5268 3328 1488 
f 3732 4508 6045 
f 6221 833 1111 
f 5274 6951 5974 
f 3118 931 1753 
f 4767 1312 3333 
f 6111 6085 6530 
f 4250 4466 3398 
f 3869 4061 3981 
f 2522 2678 2856 
f 1296 962 4465 
f 3071 5319 1638 
f 5074 4731 6330 
f 2844 5475 1281 
f 2507 2128 1256 
f 3126 3811 2605 
f 1851 776 399 
f 7064 3242 976 
f 4696 5227 4552 
f 6584 6534 6701 
f 6074 6430 5505 
f 6001 5996 6085 
f 1465 5192 2158 
f 3581 3662 2639 
f 5380 796 5444 
f 6989 5789 2125 
f 6355 773 2794 
f 3865 3939 4060 
f 6950 4059 2286 
f 6970 2753 5428 
f 2997 2401 3221 
f 1726 1412 1563 
f 2642 1015 1870 
f 2293 4550 4039 
f 2808 3007 1626 
f 6803 1078 6335 
f 4805 5261 5134 
f 5687 4584 1270 
f 7106 2437 6483 
f 1668 6952 2985 
f 694 5643 923 
f 3948 3745 673 
f 108 6485 3113 
f 3944 358 6581 
f 2580 1466 4734 
f 5018 3550 4185 
f 1697 6523 3811 
f 3719 5442 3302 
f 892 3162 1278 
f 3730 3727 3815 
f 5496 5714 5611 
f 864 1416 214 
f 3236 5029 4825 
f 2991 3266 2544 
f 2684 2525 2859 
f 6187 919 4102 
f 280 1774 5643 
f 6102 810 154 
f 2528 2200 2527 
f 1088 5636 1914 
f 3734 2662 6434 
f 6069 293 2659 
f 2859 3060 3269 
f 1513 2512 722 
f 2398 5380 4253 
f 2468 2897 5464 
f 2737 1956 2479 
f 4724 5956 5553 
f 7000 2898 2949 
f 7142 769 5238 
f 601 69 70 
f 1966 2337 2335 
f 1970 4268 766 
f 797 5515 5187 
f 2192 1849 3736 
f 3342 3108 4812 
f 709 4634 4721 
f 184 288 5386 
f 5873 5884 6704 
f 6238 5274 5974 
f 2710 6364 3761 
f 2123 1926 3761 
f 5898 3329 5896 
f 2114 3166 3651 
f 1952 6749 535 
f 4617 6693 2165 
f 3158 2014 3864 
f 3376 276 239 
f 2040 7093 6428 
f 1260 4650 2333 
f 6144 2817 6461 
f 6029 6090 6062 
f 5046 4994 4888 
f 2187 1040 5720 
f 875 2330 57 
f 3904 3495 148 
f 2179 6476 764 
f 1226 3975 3417 
f 2175 3926 1730 
f 6865 6482 3054 
f 2491 2744 4332 
f 6387 2496 6346 
f 5307 5219 1002 
f 5247 571 2512 
f 4469 3438 5727 
f 5592 6823 5608 
f 6028 2829 954 
f 4823 2185 2788 
f 832 842 6372 
f 449 3329 1873 
f 1888 2623 2715 
f 494 2048 130 
f 910 2350 4082 
f 6458 3185 4687 
f 4454 3788 3961 
f 4528 6936 5810 
f 1279 5524 5145 
f 907 6222 6254 
f 6716 6821 6603 
f 6904 3426 3497 
f 5018 4841 7075 
f 5854 763 3705 
f 3856 2282 7140 
f 71 6152 1392 
f 4269 4098 4222 
f 2731 6468 5341 
f 2913 4399 4850 
f 2652 5431 2293 
f 5844 4691 3797 
f 6326 5399 6720 
f 1660 2513 5530 
f 2265 7048 7117 
f 6427 2938 7051 
f 1784 2501 510 
f 3008 631 5669 
f 6237 4355 2874 
f 4915 4962 3086 
f 3933 401 4785 
f 966 1060 3000 
f 5588 4878 4155 
f 3448 4211 3116 
f 4209 4737 5043 
f 5346 5345 5418 
f 3942 5643 1774 
f 2459 306 4283 
f 1008 1873 1761 
f 3617 1127 5236 
f 694 923 49 
f 3346 3152 1914 
f 5734 923 289 
f 6453 6250 6902 
f 6453 1530 5241 
f 5685 5900 3488 
f 5734 289 5703 
f 1217 1218 3010 
f 2720 1566 3438 
f 304 49 3934 
f 736 426 134 
f 4378 6138 4318 
f 6249 3776 1378 
f 1698 5532 3195 
f 3920 5902 1643 
f 2408 4242 2524 
f 2855 2851 3266 
f 1064 2794 5811 
f 4331 6361 2942 
f 2530 2528 2527 
f 5614 4959 2055 
f 4550 4494 4584 
f 4634 280 6809 
f 6948 3910 1858 
f 539 7031 3974 
f 3506 371 696 
f 7001 3234 6999 
f 4565 6448 5305 
f 6094 2240 928 
f 550 5945 1986 
f 3985 805 1987 
f 2326 6053 6397 
f 372 774 391 
f 4502 4509 6262 
f 5735 5736 6275 
f 4224 1065 5542 
f 1745 5491 740 
f 4860 3890 2740 
f 232 2633 2209 
f 4551 4585 4630 
f 4555 4927 4967 
f 3500 1612 1968 
f 6800 4898 2934 
f 231 6568 1285 
f 7109 2546 6060 
f 5170 6156 2959 
f 486 5629 2869 
f 4045 4248 2172 
f 237 6385 312 
f 5276 2600 2573 
f 343 3718 5904 
f 6250 5389 5442 
f 6429 3473 6307 
f 2895 5246 1363 
f 4386 4139 1373 
f 3920 6040 168 
f 5078 6513 1217 
f 1943 503 5275 
f 4559 6592 4556 
f 1488 184 635 
f 3738 2459 1551 
f 2193 3164 5341 
f 6485 108 6535 
f 1240 1252 5391 
f 5164 5390 2026 
f 727 3751 3315 
f 6124 4921 4444 
f 4202 4327 4367 
f 6920 6921 472 
f 2098 6387 4686 
f 2988 6677 1182 
f 1312 3109 1313 
f 1048 2701 4954 
f 1654 5717 945 
f 6895 4579 5558 
f 5310 6153 5253 
f 5778 3221 1981 
f 2035 2137 340 
f 4494 6895 4584 
f 5485 1366 3035 
f 6552 5476 258 
f 4737 3339 4185 
f 6127 6111 6150 
f 5867 6018 6665 
f 4250 3403 3113 
f 3103 6250 3719 
f 3302 5460 5503 
f 4988 515 6927 
f 597 4239 4861 
f 1541 743 885 
f 3101 5223 2683 
f 349 5551 573 
f 5097 4781 751 
f 5190 5425 6612 
f 5490 3763 2422 
f 1269 1172 6104 
f 1855 1969 5489 
f 303 3561 6814 
f 751 4781 5032 
f 272 3546 3923 
f 1966 4898 5673 
f 5945 550 5051 
f 4042 6507 133 
f 1468 4833 5061 
f 2578 7062 3990 
f 5887 1848 4518 
f 706 6995 4328 
f 6204 5378 17 
f 3459 3529 2706 
f 4866 5450 5446 
f 1382 3985 5755 
f 498 816 3076 
f 840 630 1106 
f 5943 1721 5617 
f 1286 5936 1434 
f 7123 5399 6326 
f 555 5048 2396 
f 2616 2244 2218 
f 2181 4370 3986 
f 3253 2567 1863 
f 4288 1203 747 
f 2936 5511 5810 
f 2547 815 725 
f 5211 3058 3231 
f 139 2320 3253 
f 6691 1922 5859 
f 1073 3592 5126 
f 3065 129 4116 
f 2904 5987 5554 
f 545 5234 4346 
f 6453 5389 6250 
f 4019 6826 3907 
f 3502 3506 289 
f 516 1013 5627 
f 3751 141 3315 
f 5063 5159 6808 
f 4312 881 251 
f 3751 3895 3712 
f 3232 4721 5095 
f 5718 5786 5529 
f 2698 4891 4890 
f 1208 4100 410 
f 5657 2359 4961 
f 6335 6356 1784 
f 1472 1431 1572 
f 4071 4413 4069 
f 1695 6354 6293 
f 4023 284 3946 
f 998 1944 6306 
f 6955 1425 4217 
f 5653 4253 2567 
f 6007 4376 3963 
f 1913 5139 6056 
f 1899 5519 3433 
f 2125 707 901 
f 2223 968 406 
f 4834 5051 2052 
f 5023 426 736 
f 7100 4722 4665 
f 3542 6345 3987 
f 6873 5065 3008 
f 6185 5964 6535 
f 361 4000 366 
f 1266 1739 5265 
f 4517 966 2976 
f 6036 2039 5618 
f 5658 4729 6431 
f 2181 5272 6238 
f 2160 5042 383 
f 3618 4403 799 
f 4502 2320 5512 
f 6525 5796 483 
f 1283 771 6750 
f 3893 2667 883 
f 6490 3671 1353 
f 799 6333 6367 
f 6088 3651 6954 
f 6167 6146 2506 
f 5032 6382 5031 
f 5889 367 2551 
f 7039 2211 352 
f 6153 6150 5253 
f 3429 4015 1595 
f 4003 821 2654 
f 1750 1143 2173 
f 1158 2115 1520 
f 1810 2805 4637 
f 1622 2953 6896 
f 4914 3239 1700 
f 3154 3346 1914 
f 969 5017 4106 
f 6770 4442 4431 
f 2172 6922 6765 
f 2154 3525 1847 
f 2472 7034 4589 
f 6930 1682 6932 
f 1779 1801 2946 
f 5405 5437 5231 
f 4429 3588 6719 
f 998 5201 1944 
f 4903 4927 4987 
f 4014 4744 3930 
f 1468 1743 391 
f 3214 917 2734 
f 3802 3709 3675 
f 6023 6001 6085 
f 2431 4776 5818 
f 5747 4498 5091 
f 3527 897 3722 
f 4603 4057 4157 
f 3629 1680 5951 
f 5383 5441 5418 
f 1291 844 4642 
f 5441 5416 5503 
f 3644 4441 2876 
f 1878 3428 1560 
f 261 902 3369 
f 4805 5404 5261 
f 688 2636 2865 
f 91 252 1903 
f 4878 4579 5253 
f 4208 6699 6262 
f 2515 6183 4741 
f 2140 6202 1371 
f 3849 4184 1815 
f 5824 5964 6185 
f 2791 3211 2450 
f 267 1171 1768 
f 1621 2538 4815 
f 1265 1304 1444 
f 871 670 2130 
f 2087 2524 5196 
f 6521 2542 5754 
f 1047 3876 5036 
f 997 2113 6312 
f 4962 3767 6879 
f 6270 2974 5727 
f 5713 551 1445 
f 5430 5150 4839 
f 3972 610 233 
f 1776 5697 1029 
f 3478 2747 4623 
f 5737 5752 5803 
f 4479 5262 3774 
f 3136 2912 1088 
f 6642 3368 3407 
f 6611 6741 4876 
f 4610 579 2077 
f 5461 6499 5872 
f 2937 5439 2456 
f 5625 4673 5003 
f 5673 4898 4960 
f 1777 228 226 
f 1818 4656 4059 
f 490 3578 1846 
f 3075 4561 4393 
f 1172 1578 58 
f 1563 2127 3646 
f 4724 7059 1981 
f 4485 4605 1608 
f 6801 1954 6326 
f 58 4602 3876 
f 3736 356 5708 
f 1747 1179 1746 
f 4695 6618 6252 
f 3725 3667 5232 
f 3911 3808 2081 
f 3368 3715 6879 
f 5442 5346 5418 
f 3204 34 5770 
f 4283 6423 2634 
f 6043 5402 5497 
f 1664 5786 483 
f 1981 6743 5778 
f 5553 5320 7059 
f 5445 712 1009 
f 101 5355 3600 
f 5672 5124 5649 
f 4124 592 140 
f 6688 4946 443 
f 2273 2135 2462 
f 3797 4691 378 
f 5558 4878 5588 
f 2336 5231 1615 
f 6691 163 5585 
f 4849 4279 312 
f 5796 6525 1113 
f 5294 7108 5761 
f 7103 3786 4540 
f 4385 4452 4453 
f 4057 6846 5469 
f 6920 6819 7021 
f 2043 3538 3233 
f 5884 1922 6691 
f 2417 1392 3599 
f 1340 1509 6072 
f 1152 4008 166 
f 4811 1301 2900 
f 2714 4780 3117 
f 7021 3919 6591 
f 3610 4381 3436 
f 819 658 5144 
f 1105 5223 6712 
f 6738 3247 68 
f 2091 818 3572 
f 3491 3082 3294 
f 784 4325 5651 
f 3912 1670 6472 
f 2461 5269 86 
f 6190 2407 5812 
f 883 6114 5400 
f 1495 1722 4279 
f 3135 3040 3089 
f 2663 6190 396 
f 6124 4443 6099 
f 4279 5237 896 
f 3532 4189 6861 
f 3657 6054 3461 
f 935 1663 1421 
f 2300 2853 2007 
f 6498 4538 3943 
f 2262 7112 7031 
f 2664 1243 1674 
f 2405 467 2416 
f 5005 5341 2443 
f 1037 3555 6559 
f 6498 5595 5021 
f 5463 5325 5096 
f 5347 2860 3114 
f 314 3741 193 
f 2378 5299 5150 
f 129 5069 4116 
f 1507 300 3718 
f 2730 1587 4944 
f 5443 5187 3128 
f 5397 5651 4325 
f 5823 5225 3313 
f 878 2582 1095 
f 6783 2685 4230 
f 3351 3222 2628 
f 1768 1171 6323 
f 3761 6364 2123 
f 1675 6202 1768 
f 4128 816 901 
f 6418 6744 717 
f 3026 4607 3064 
f 717 6454 6721 
f 811 4686 3102 
f 1628 5210 4382 
f 4356 297 4670 
f 3468 3467 3229 
f 2567 3253 5667 
f 3934 49 1432 
f 4673 3056 5870 
f 5556 5210 3778 
f 3751 727 3232 
f 5195 5098 3128 
f 5513 5022 3902 
f 5245 805 5356 
f 438 6749 1952 
f 4219 4727 5423 
f 462 2558 6495 
f 5967 3385 2555 
f 6680 5353 2920 
f 1119 3548 6631 
f 2749 2682 879 
f 4768 3242 7064 
f 2917 6360 2887 
f 875 556 6796 
f 4581 479 6452 
f 98 56 4350 
f 6235 666 6386 
f 3289 508 2749 
f 5257 1498 2380 
f 5584 5558 5588 
f 661 4029 4907 
f 5243 5310 4579 
f 2597 3691 2341 
f 4155 2306 5124 
f 3747 3585 5243 
f 4910 6449 5038 
f 2297 3411 2609 
f 6836 7042 2541 
f 4354 4183 4352 
f 5876 3052 2484 
f 600 2738 1957 
f 2470 6229 6305 
f 684 1814 4592 
f 1389 536 2968 
f 3229 5108 3468 
f 4766 3103 3911 
f 5692 1270 4584 
f 1511 4918 6192 
f 382 3833 6983 
f 6050 4508 6914 
f 1205 5887 682 
f 4325 784 4761 
f 5258 204 5799 
f 5481 2166 4906 
f 5692 4769 1270 
f 3385 5848 208 
f 309 3021 5820 
f 6475 6825 6828 
f 5037 4781 5097 
f 1863 2567 4253 
f 3435 5187 5515 
f 6257 6280 3824 
f 449 890 396 
f 844 1291 1433 
f 5072 2934 797 
f 5102 2162 4449 
f 3932 4793 4323 
f 552 135 4070 
f 2181 3986 783 
f 3524 6294 6830 
f 3740 5126 4022 
f 131 666 6235 
f 1733 1580 1758 
f 6492 6616 6645 
f 1885 171 6494 
f 3011 3151 2104 
f 3895 4087 2917 
f 6133 3792 6966 
f 617 2448 3211 
f 3189 6066 1076 
f 5282 4023 2641 
f 1052 3783 6484 
f 5153 1151 3987 
f 4822 2906 2008 
f 7143 2361 446 
f 2737 4383 5817 
f 1460 1893 1536 
f 1128 1334 6460 
f 4656 1818 3850 
f 6241 5949 4355 
f 307 4463 999 
f 5994 6721 6454 
f 264 6529 4718 
f 5158 2886 5715 
f 1149 3518 2394 
f 1636 283 2352 
f 5063 6518 3685 
f 6730 4157 4646 
f 6081 77 473 
f 6692 2371 3878 
f 1282 669 4802 
f 358 3669 5981 
f 2454 5714 4601 
f 2765 6644 517 
f 612 570 6604 
f 6911 2495 1420 
f 6469 231 83 
f 4839 4836 5430 
f 7146 1580 5168 
f 398 164 655 
f 923 3502 289 
f 359 3571 1897 
f 4148 4150 874 
f 6812 6777 6298 
f 1628 5055 5210 
f 659 3633 2547 
f 5806 6810 72 
f 4449 6390 5475 
f 1362 4645 7014 
f 5299 5152 5150 
f 7004 6345 6733 
f 1235 2168 6898 
f 3638 2559 656 
f 5741 5808 5724 
f 1628 4382 4229 
f 633 4477 6051 
f 6736 2372 3584 
f 5210 659 822 
f 4520 6834 4375 
f 919 6187 1058 
f 6139 1652 6135 
f 6357 1026 5759 
f 5920 5266 5052 
f 3756 6012 4394 
f 4175 2750 1066 
f 6727 6388 6303 
f 5697 5888 3688 
f 6521 5699 547 
f 5624 3688 1047 
f 1420 3625 3434 
f 6505 2663 890 
f 1550 3771 5724 
f 284 4233 2654 
f 4050 7069 3605 
f 1487 2104 341 
f 6104 1860 1269 
f 950 1822 5191 
f 1073 5126 3740 
f 1410 6456 5064 
f 2539 6761 5852 
f 4452 4384 4486 
f 4365 5782 6521 
f 2758 5947 5860 
f 2259 1147 4476 
f 712 5602 1456 
f 5871 6110 7143 
f 5860 5570 2758 
f 5891 5812 5808 
f 1644 6091 5481 
f 5723 6602 1789 
f 3194 460 3353 
f 996 1851 1658 
f 3797 2583 6265 
f 1297 1295 952 
f 4334 6676 2745 
f 609 5841 2615 
f 6993 3019 4281 
f 4226 1152 2381 
f 4627 1458 676 
f 98 4350 3124 
f 6629 5393 889 
f 6099 4629 6124 
f 2031 819 5144 
f 4211 756 4532 
f 2426 2424 888 
f 2192 5730 4842 
f 6496 2419 4206 
f 7029 5414 7025 
f 6710 6624 2458 
f 6922 4248 5226 
f 1343 5885 792 
f 4576 3537 2142 
f 6315 6753 2938 
f 3949 3778 522 
f 4828 2538 1678 
f 131 4966 4967 
f 2994 2257 1973 
f 292 1511 802 
f 6925 4690 1117 
f 7106 3406 19 
f 1821 1205 682 
f 644 1557 1585 
f 1790 1788 1912 
f 5040 6798 6799 
f 6696 5600 3927 
f 1079 5060 3159 
f 6520 4818 3832 
f 3673 4763 1246 
f 4972 536 4716 
f 1906 2537 5429 
f 4123 6232 1556 
f 375 2249 1268 
f 5416 5441 5382 
f 6799 6717 1980 
f 5850 6131 5316 
f 5323 5383 5418 
f 5475 2844 3345 
f 584 6259 2820 
f 5315 3099 831 
f 4862 7133 5113 
f 7037 6623 3626 
f 6933 3557 1279 
f 2178 592 4124 
f 1390 1433 3562 
f 4445 3518 1149 
f 111 7081 3107 
f 5215 5214 5323 
f 5377 2772 6376 
f 768 1072 2029 
f 6913 7053 4410 
f 3600 4865 64 
f 2901 1619 3315 
