v 0.309469 -0.921392 0.450065
v -0.47066402 0.6121807 0.14040375
v 0.324808 -0.919437 0.426008
v 0.32398653 -0.96154106 0.48595572
v -0.08662033 0.8984089 -0.23220444
v -0.519449 0.0686334 0.491253
v -0.75624037 0.47884727 -0.11338329
v 0.61848736 0.08708891 0.017877579
v 0.24915695 -0.80815506 -0.34967613
v -0.4943514 -0.78289497 -0.03612566
v 0.24871564 -0.9106608 -0.0988636
v 0.808687 -0.491206 0.286517
v 0.13014936 -0.9704321 0.5946405
v -0.28211975 0.8194237 -0.09629822
v -0.002334118 0.6706166 -0.08510828
v -0.368972 -0.0885354 0.554555
v 0.35673523 -0.44877434 0.726346
v -0.2110672 0.6003653 0.048663616
v -0.62107456 0.40865338 -0.09027982
v -0.7442398 0.7649803 -0.55532074
v 0.35429132 0.25716877 0.06127739
v -0.01725769 -0.9666071 0.60173464
v -0.45546722 0.1908226 -0.07201576
v -0.5676575 -0.5730972 -0.08481598
v -0.6018028 -0.38559723 -0.21984673
v -0.7445164 0.8083401 -0.46261978
v 0.5289116 -0.69091225 0.58382225
v 0.043886185 -0.97990084 -0.28419542
v -0.165115 -0.9689145 -0.24114895
v 0.00821174 -0.123117 0.586351
v -0.73762894 0.06556845 -0.06604195
v 0.20704931 -0.13596189 -0.29450536
v -0.6648922 -0.6246488 0.10710144
v 0.55393314 -0.48857307 0.5898819
v -0.51295 -0.945242 0.618879
v -0.181443 -0.969632 0.555023
v 0.010230899 -0.098220825 -0.28043664
v 0.4102955 0.1353941 -0.12427902
v -0.9324181 0.32337952 0.38564873
v -0.22204447 -0.9677713 0.4803753
v -0.224261 -0.971162 0.509133
v -0.52458596 -0.8020948 -0.009727001
v -0.18505834 -0.92798877 0.43615037
v 0.7993622 -0.59869766 -0.0053710938
v -0.20175314 -0.30362505 -0.31296468
v -0.18628031 -0.9357834 0.4649315
v -0.14980882 -0.93412447 -0.21458387
v 0.70583725 -0.28845024 0.47568512
v -0.0937986 -0.409879 0.700899
v -0.1222558 -0.9593134 0.5699482
v 0.017599106 -0.07945633 0.574708
v 0.54359055 -0.70311356 -0.2617798
v -0.583384 0.496195 -0.0324438
v -0.132334 -0.788325 -0.305394
v -0.0796128 -0.955815 0.575954
v -0.4378233 -0.46431732 0.5609741
v -0.25441 -0.476797 -0.211744
v -0.58538675 0.33649492 0.49134517
v 0.53559566 -0.90479755 -0.03819561
v -0.60547 0.437074 -0.127521
v 0.58916736 0.13919623 0.17670774
v 0.652318 -0.727108 -0.09270096
v 0.46226978 -0.27271652 0.6471615
v -0.7046871 0.5252273 -0.5260911
v 0.214819 0.0291391 -0.23308
v -0.0674572 -0.24165726 0.69641876
v -0.24115658 0.67236805 0.0018062592
v -0.64588165 0.48472595 -0.36272812
v 0.21102428 -0.4555769 0.7686224
v 0.031413555 -0.13140213 0.59562826
v -0.69874 0.7070122 -0.57627106
v -0.99815094 0.15811726 0.313509
v -0.31869608 -0.98367214 0.055812925
v -0.10411072 -0.72613335 -0.33880997
v -0.5769372 0.45769906 -0.04514408
v -0.9193984 -0.09470892 0.16009331
v 0.12520152 0.019609451 -0.24926186
v 0.07367897 -0.91661835 0.5183306
v -0.32578182 -0.7243538 0.5262809
v -0.6103554 0.13399827 0.64476776
v -0.71257544 -0.93543935 0.07822704
v -0.20064068 -0.9194164 -0.16579723
v -0.76646614 -0.45710278 -0.074165344
v -0.7099283 0.48035783 -0.30897397
v -0.5866878 0.5836868 -0.1722908
v -0.972126 0.1437869 0.56184196
v -0.169202 -0.924296 -0.198247
v -0.18883085 -0.9786184 -0.2566228
v -0.13876438 -0.98426366 -0.28811693
v -0.6791097 0.4684651 -0.30913353
v 0.3636303 -0.9679112 0.473773
v -0.6820487 0.2430979 -0.09672336
v 0.8443756 -0.79940796 0.36026764
v -0.120235 0.930474 -0.128774
v -0.3828988 0.23320818 -0.004855633
v -0.217937 -0.43137437 -0.31815434
v -0.759413 0.51362 -0.106876
v 0.304273 -0.883554 -0.286279
v -0.578564 0.851161 -0.747506
v -0.81718874 -0.4981103 0.15657043
v -0.29101562 -0.9733267 0.3599205
v -0.2900524 -0.98261744 0.051582336
v -0.9125557 0.13431668 0.63124275
v -0.11082935 -0.75367117 0.56186104
v -0.788195 0.828955 -0.546249
v -0.14030635 -0.8028475 0.6482389
v -0.24708223 -0.9657348 0.18432999
v -0.774664 0.535626 -0.0579735
v 0.103732 0.792486 -0.312445
v 0.440327 -0.963875 -0.150777
v 0.5948973 -0.12788773 0.5371609
v -0.534962 0.595243 0.135276
v -0.5268936 0.22582245 0.5266361
v -0.77196896 0.56793165 -0.1423533
v -0.195691 -0.935553 -0.204
v -0.197336 -0.958721 -0.225433
v 0.49348068 -0.55089283 0.63168716
v 0.126923 -0.1187 0.604036
v -0.13230515 -0.40665054 0.62737274
v -0.778801 0.824874 -0.598154
v 0.25455284 -0.3909992 0.74641037
v 0.13154697 -0.09974313 0.58330786
v -0.49881458 -0.74718595 0.13468695
v 0.32696033 0.17792511 -0.09954834
v 0.5973215 -0.33070707 0.5767069
v -0.67414856 0.4160056 -0.120144844
v -0.200881 0.854887 -0.0327378
v -0.097592354 -0.7911501 0.65297794
v -0.37401295 0.57344055 -0.07413483
v 0.67767715 -0.64647317 0.48719025
v -0.36997414 -0.00070762634 -0.21243477
v -0.09430504 -0.94788605 -0.35081768
v 0.06360817 0.8003044 -0.23820496
v 0.466578 -0.795904 0.559401
v -0.37804413 -0.7159958 -0.11594963
v -0.508833 -0.660515 -0.00851565
v 0.4732418 -0.88923645 -0.21221161
v -0.5898315 0.21879661 0.5759815
v -0.26983333 -0.5858536 0.5538753
v -0.23269463 -0.9825301 0.13025856
v -0.36898565 -0.1866008 -0.26202494
v 0.038440704 0.7722626 -0.2016983
v -0.29647827 -0.9775636 0.015029907
v 0.46223402 -0.96015126 0.12168503
v -0.149774 -0.74159 0.506531
v 0.33198726 0.2714315 0.15037537
v -0.23757792 -0.95887756 -0.20095634
v -0.041481957 -0.19864488 -0.39379215
v -0.49089193 0.39170575 -0.008490562
v -0.418348 0.405234 0.15437
v -0.41818953 0.45792484 0.007396698
v -0.48192024 -0.63632584 0.35935593
v -0.23328018 0.72024536 -0.017032623
v -0.06412411 -0.87436914 0.7111764
v -0.8625717 0.23006606 0.6733856
v -0.423559 -0.519186 0.517652
v -0.59625053 -0.44679642 -0.20207977
v 0.825902 -0.509938 0.308053
v -0.5532727 0.5339155 0.016924858
v 0.245579 -0.531528 0.738352
v -0.31676823 -0.97310245 -0.0528875
v 0.220865 -0.940722 0.0611038
v 0.4084816 -0.19353485 0.65250015
v -0.793445 0.826858 -0.573305
v -0.2695278 -0.93082905 -0.055405617
v -0.61115265 0.77565765 -0.7605133
v -0.43105638 -0.7544922 0.21155143
v 0.785939 -0.531438 0.345135
v -0.0933535 -0.983833 -0.305207
v -0.599158 -0.26111 0.599243
v -0.2553482 0.7423153 0.029470444
v -0.85905695 0.10332012 0.64847374
v -0.2683664 -0.92594284 -0.08532143
v 0.8043976 -0.5240401 0.32717824
v -0.52197933 0.5369773 0.0069770813
v -0.67509556 0.60624886 -0.639328
v -0.4581293 0.35723996 0.35927248
v -0.6843011 -0.88117987 0.0778203
v -0.42591906 -0.84839964 -0.10737491
v -0.22105217 -0.93124866 -0.18083382
v -0.536856 0.602494 0.109218
v -0.679981 0.913921 -0.695425
v -0.55415154 -0.9689064 0.5770836
v -0.19578028 -0.39415073 -0.37862968
v -0.32222748 -0.9644005 0.26538467
v 0.59371185 -0.51403046 0.5572624
v -0.57797813 -0.9729321 0.50803375
v -0.407774 -0.484206 0.547365
v -0.624546 -0.982637 -0.0612244
v 0.53486633 -0.3147583 -0.28926468
v -0.57010055 0.118596315 -0.104515314
v -0.647663 -0.000302851 0.511014
v -0.68352604 -0.53733253 -0.041736603
v 0.3784008 -0.96799904 0.3731575
v -0.35289478 -0.9775381 0.08063698
v -0.4952588 -0.07085681 -0.22273803
v -0.42650986 -0.76295465 -0.08781004
v 0.4827118 0.04222107 -0.16087818
v -0.8585415 -0.37456554 0.36348343
v -0.51827574 -0.34900331 -0.25351453
v 0.5078201 -0.8712735 -0.11061478
v -0.2502632 -0.9304744 -0.1445179
v -0.9701066 0.27764845 0.21466064
v 0.23429108 -0.150249 0.67626953
v -0.1277411 -0.5377407 0.5421467
v -0.34807 -0.490957 0.562253
v -0.900127 -0.00826123 0.235746
v 0.712741 -0.664195 0.423047
v 0.60675526 -0.90179825 0.3715706
v 0.7488327 -0.519516 -0.07247543
v -0.4387703 -0.50584793 0.5230522
v -0.11782694 -0.92631793 0.13696098
v -0.4485321 -0.54061127 0.49936676
v -0.47605324 0.251956 0.47089767
v -0.15176201 -0.79058886 -0.2913761
v -0.60915303 0.043486595 0.53267
v -0.27204633 -0.078689575 -0.24343276
v -0.121212 -0.981107 -0.321617
v -0.6311786 0.21915141 -0.09411741
v -0.2634735 -0.7535515 0.52055454
v -0.6827526 0.5831086 0.09862232
v -0.31004524 -0.9630039 0.14245796
v -0.57320833 0.5884753 0.29393482
v -0.36002254 -0.98251545 0.032048225
v -0.32757 0.181054 0.314898
v -0.88928 -0.026057 0.130544
v 0.18203115 -0.18220854 -0.38854837
v -0.89653873 -0.06403071 0.11338806
v 0.07783413 0.22821593 0.0026721954
v -0.5139723 -0.5019455 -0.18378258
v -0.36711836 0.097595215 0.41605377
v -0.8890686 0.47452736 0.11086273
v -0.531302 -0.958877 0.605167
v -0.020617485 0.2187992 0.0640316
v -0.02479887 -0.98288524 -0.26685047
v 0.026049137 0.89117575 -0.25016356
v -0.35934448 -0.85603 -0.15283203
v 0.243133 0.0398192 -0.235159
v -0.6026298 0.55178976 0.022773981
v -0.530516 0.496456 0.000607861
v -0.47360992 -0.48912048 0.53543854
v -0.53127193 0.30997467 -0.05726242
v -0.4480652 -0.5739994 0.47590446
v 0.17709541 -0.815958 0.6378765
v -0.402591 -0.976608 -0.150508
v -0.78320694 -0.050405502 0.4538803
v -0.40016 0.241357 0.000803681
v -0.56327915 -0.1994133 -0.22512436
v -0.14911652 0.87950134 -0.18128204
v -0.266842 -0.258245 0.578641
v -0.14028835 -0.49160194 0.5471988
v -0.51387906 -0.9702983 0.5808754
v -0.17551422 0.6441946 0.0172081
v -0.72207105 0.6013336 -0.0052871704
v -0.403051 -0.900037 -0.131437
v 0.677536 -0.4246235 -0.16416931
v -0.37155294 -0.8192489 -0.11362982
v 0.6730051 0.0044062138 0.35872078
v -0.886348 -0.271725 0.015419
v -0.8978524 -0.037881628 0.22858429
v -0.707734 -0.953314 0.129254
v -0.48725033 -0.98341405 0.288826
v -0.38492405 -0.96629465 0.19165516
v -0.431718 -0.7258 0.225563
v -0.21120644 -0.58699036 -0.19093704
v 0.49601746 -0.93040466 0.5026703
v -0.447017 0.446769 0.0114827
v -0.5250883 0.3726611 0.43739462
v -0.662189 0.579102 -0.641751
v -0.63205326 0.74314344 -0.3680086
v -0.3104477 -0.9800514 -0.16242218
v 0.9563103 -0.6009793 0.3354206
v -0.599524 0.472691 -0.189369
v -0.285214 -0.86261 0.553972
v -0.26420212 -0.97505236 -0.20386124
v 0.4148245 -0.68310165 0.652874
v -0.66295385 0.7970972 -0.49021435
v -0.0395998 0.639428 -0.0472222
v 0.3815689 0.11460686 0.4794464
v -0.5738225 -0.27276325 0.6025255
v -0.0372829 -0.983491 -0.29923
v -0.575414 0.708171 -0.737087
v -0.77713585 0.10131264 0.6839695
v -0.89438 0.247823 0.637828
v 0.40600204 -0.5989933 -0.3604889
v 0.29965687 -0.7853813 -0.34328938
v 0.38937876 -0.11310339 -0.2676947
v -0.7267628 -0.3219967 -0.18060493
v 0.31680584 -0.13230944 -0.26395726
v -0.53801954 -0.4735489 0.54740524
v -0.37093902 -0.9185941 -0.22143483
v 0.04843855 0.84598064 -0.2518053
v -0.174667 -0.374357 0.56446
v 0.55966187 -0.2633524 0.6068497
v -0.35336208 -0.087875366 -0.25269294
v -0.15212137 -0.2226677 -0.31235892
v -0.119672 -0.92348 -0.204911
v -0.35207444 -0.83012605 -0.12663409
v -0.130451 -0.331177 -0.448285
v 0.87153184 -0.4855671 0.28341866
v -0.241472 -0.411887 -0.238012
v -0.76395 0.523484 -0.0811703
v -0.07706547 -0.38576603 0.72791004
v 0.76501846 -0.8889828 0.059322357
v 0.8801727 -0.4731183 0.24548912
v -0.23969507 -0.5002594 -0.20857811
v -0.233832 -0.3023 -0.293317
v 0.08980052 0.8563032 -0.31142807
v -0.19416952 -0.27222824 -0.30405343
v 0.733512 -0.68259 0.421647
v -0.40198326 -0.95368814 0.6022539
v -0.60014844 0.5740752 0.08030796
v -0.33631575 -0.35660744 0.56395066
v 0.3529129 -0.41686058 -0.39289856
v 0.74028015 -0.3069477 0.42764282
v -0.441154 -0.772999 0.477403
v -0.135588 -0.713034 0.497482
v 0.43634415 -0.9417527 0.5675545
v -0.6989267 0.5848479 0.071741104
v -0.67286 0.581945 0.0565269
v -0.5403714 -0.037546158 -0.20708609
v -0.3519945 -0.25102013 0.57149506
v -0.7878742 0.50096965 -0.01500845
v 0.706748 -0.724757 -0.062737
v 0.7022209 -0.91389084 0.041843414
v 0.26991892 -0.46611595 0.7440174
v -0.9236388 -0.2802701 0.1268959
v 0.28093767 -0.17725253 -0.34784317
v -0.42470932 0.3974167 0.07270861
v 0.5192909 -0.84423923 -0.1638031
v 0.20866394 -0.85577965 -0.30508995
v -0.5015907 0.49274826 0.40087128
v -0.602174 -0.976534 -0.0808347
v -0.18097758 -0.22457027 -0.29459023
v 0.3218689 -0.9662119 0.3163061
v -0.5629988 0.31754923 -0.07037234
v 0.427891 -0.217672 0.651759
v 0.23990059 -0.6621628 -0.39897537
v 0.32787704 -0.1998663 -0.35102654
v -0.2804017 0.16201496 0.3669634
v 0.0730494 0.86931 -0.359597
v -0.07320285 -0.21658677 -0.4068297
v 0.9294715 -0.48686948 0.26623797
v 0.69683886 -0.9125805 0.30462265
v 0.0728819 0.70305 -0.190703
v -0.06869602 0.60778856 -0.072937965
v 0.29552078 0.25010967 0.009268761
v 0.27404976 -0.8736476 0.606421
v 0.7818146 -0.42485046 0.34765625
v 0.202578 -0.117879 0.601033
v -0.9693141 0.08024025 0.15467072
v 0.105238914 -0.0023918152 -0.25882816
v -0.67498016 0.4813614 0.5489578
v 0.119855404 -0.13572544 -0.30253905
v -0.1391797 0.1586113 0.3174286
v -0.3312273 0.20541191 0.27097702
v -0.5525138 0.5924723 0.090121925
v 0.9892416 -0.6172176 0.11058426
v -0.42909813 -0.69702506 0.4421997
v 0.0189414 -0.959131 0.666408
v -0.2835884 -0.9815151 -0.2236042
v -0.430775 0.416764 0.0461429
v -0.94218826 0.5000925 0.33089447
v -0.5851562 0.8602636 -0.7308705
v -0.42447186 0.15579396 0.43813896
v -0.3101549 -0.98366416 -0.30819416
v -0.34394836 -0.25910974 -0.26648092
v -0.251034 -0.978004 -0.36355
v 0.46814525 -0.12479067 -0.26353693
v 0.49531174 -0.59659195 -0.31964302
v -0.6495073 0.08101174 0.6708742
v 0.5292969 -0.38497925 0.64839363
v 0.20406151 -0.9142717 0.004261017
v -0.713644 0.6558533 -0.103256226
v 0.28546906 -0.54137504 -0.40162277
v -0.9309504 -0.26997423 0.16881227
v -0.100348 0.922136 -0.109492
v 0.661335 -0.1944313 0.51359177
v 0.562275 -0.816012 0.500523
v -0.607298 -0.965566 0.530975
v -0.91006756 -0.203996 0.092659
v -0.9363966 0.41693097 0.40392685
v -0.40843248 0.19819534 0.41194725
v -0.6443343 0.42181396 -0.13081741
v 0.27262878 -0.3923607 -0.42061615
v -0.17791557 -0.51438713 0.53039455
v 0.18628216 -0.20354652 -0.40867233
v -0.94721603 0.12706327 0.5997734
v -0.516742 -0.762095 0.101961
v 0.6248627 -0.7037649 -0.16062927
v 0.5113869 -0.34960938 0.6562252
v -0.970167 0.08263117 0.47984648
v -0.270282 -0.899731 0.582617
v -0.5013371 0.57391226 0.21850872
v -0.2629261 0.83911514 -0.08520794
v -0.27294925 0.22219276 0.017343044
v 0.25627232 0.16302109 0.4641533
v -0.376094 -0.889839 -0.162646
v -0.8112793 0.57333446 0.32997322
v -0.67874837 -0.89351285 0.018733025
v -0.8653059 -0.32898712 -0.020219803
v -0.5247545 -0.87533677 0.292737
v -0.5067787 -0.8363209 0.33026505
v -0.55290794 -0.8451241 0.5725615
v -0.3895054 0.105579376 -0.16691208
v -0.21217203 -0.24637604 0.5896864
v -0.42515767 0.43860197 0.028672695
v -0.9329112 -0.19088268 0.20253277
v -0.51301384 0.63257027 0.05429268
v -0.45171165 0.3592856 0.022640705
v -0.8089278 -0.458627 0.01553154
v 0.07724351 -0.04771757 -0.27091157
v -0.4742447 0.3433897 0.40447927
v -0.34822404 -0.8070066 0.5372929
v -0.18710947 -0.16301727 0.59148383
v 0.43484497 -0.62584114 0.65463066
v 0.48541832 -0.83646774 0.55682945
v 0.60887337 -0.5995197 0.5506344
v 0.6565032 0.05989802 0.061743736
v -0.98024094 0.15724456 0.522027
v -0.11928177 -0.77056503 0.60116196
v -0.13516998 -0.16562462 0.5829878
v -0.6177254 -0.4638443 -0.18457794
v -0.7387326 -0.55352783 0.05165291
v -0.640131 0.44024754 -0.18403625
v -0.79763 0.72421 -0.433992
v 0.272233 0.116666794 -0.17438698
v 0.5792227 0.13055968 0.32760906
v -0.61796 0.4945755 -0.34405518
v -0.4252479 -0.7532128 0.2385419
v -0.8898964 -0.19070339 0.027526855
v -0.47816855 0.54110354 0.3197031
v -0.597405 0.43954 -0.104907
v 0.7168989 -0.057605267 0.33580017
v -0.52602005 -0.5740242 0.45676422
v -0.493799 0.554018 0.346123
v 0.25715065 -0.26546383 -0.4111452
v -0.51528335 0.55750036 0.38608265
v -0.583486 0.614196 -0.227739
v -0.51997894 0.534608 0.42776513
v 0.23440361 -0.9402318 0.6171899
v -0.8983383 0.4091835 0.13076782
v -0.1499052 0.85814905 -0.058827877
v -0.627231 -0.951431 0.513147
v -0.607569 -0.968629 0.505776
v 0.100945 0.837357 -0.329894
v -0.44405174 -0.71417266 0.40901375
v -0.60622287 -0.9725168 0.45752907
v -0.34403875 0.24313323 0.0770278
v 0.46961975 -0.52405167 0.6584778
v -0.8934071 0.5529276 0.24115181
v 0.46552563 -0.70474243 0.6346321
v -0.761844 0.570001 0.0182303
v 0.01797247 0.97635937 -0.2842636
v 0.020588 0.959701 -0.261877
v -0.282629 0.5255852 0.05365181
v 0.49648905 0.19258264 0.056227684
v -0.92168427 0.53371453 0.19254303
v -0.457536 -0.708336 0.197429
v -0.7311926 -0.35539126 -0.17068577
v 0.7540672 -0.7695377 0.43761623
v -0.229093 0.63843 0.0423608
v -0.46595764 -0.98367584 0.097328186
v 0.22511625 0.08663368 0.53364754
v 0.17952 -0.103962 0.584631
v -0.45046675 -0.71157455 0.37686777
v 0.90230376 -0.4691097 0.2255956
v -0.61138153 -0.55779266 -0.08115387
v -0.7437334 -0.15740204 -0.15120316
v 0.77373314 -0.33105373 -0.037872314
v -0.57565784 -0.9688082 -0.098501205
v -0.38334274 0.689518 0.090242386
v -0.25004864 0.63546467 -0.14300728
v -0.117181 -0.745214 0.540739
v -0.20554411 -0.95130646 -0.37568513
v -0.958761 0.0894412 0.359553
v -0.5793495 -0.522316 -0.15136719
v 0.4420898 -0.19859028 0.6344104
v -0.63742495 0.45267868 -0.22906494
v 0.15301745 -0.29851913 0.7533022
v -0.10190582 0.9152374 -0.20409393
v 0.34120035 -0.17007828 0.6565447
v -0.5921402 -0.8773161 -0.05928135
v -0.6202476 0.4581697 0.52755165
v 0.47833467 0.14516258 0.4258232
v -0.952477 0.0388093 0.19234848
v -0.12948132 -0.6910901 0.50298834
v -0.95525026 0.054575443 0.14735031
v -0.63914084 0.69047797 -0.2170918
v 0.33708572 -0.32292747 0.7331333
v 0.33641052 -0.5619173 0.7227411
v -0.6400788 0.5836863 -0.03426683
v -0.6073704 0.8120098 -0.6290169
v 0.7669754 -0.4854126 -0.033065796
v -0.7424884 0.660532 -0.40644836
v 0.2753849 -0.8485708 0.61459064
v -0.889189 0.526823 0.132692
v 0.4723053 -0.52208114 -0.34650803
v 0.21726608 -0.20429993 0.7263756
v -0.62154937 0.5618973 -0.51860046
v -0.17170405 0.09767532 -0.14622593
v -0.704548 -0.93704 0.0260995
v -0.92734337 0.20658779 0.061943054
v -0.91934586 0.3596573 0.14981079
v -0.7112036 0.6278763 -0.052425385
v -0.6038456 0.78848934 -0.6056099
v 0.35677814 -0.06458187 -0.23778915
v -0.441705 0.514525 0.196664
v -0.611136 -0.92964 0.229896
v -0.6969651 0.41581374 -0.10325056
v 0.040938616 0.13469505 0.47496796
v -0.18518448 -0.55685425 0.52293015
v -0.90138435 0.4369402 0.13219261
v 0.569191 -0.38567972 0.6094475
v 0.61624146 -0.8422909 -0.05390501
v 0.22864819 0.024484634 0.56275034
v -0.6409054 0.5151348 -0.45441437
v -0.93113995 0.054714203 0.098609924
v 0.32970333 -0.7273369 -0.36665154
v 0.40322113 -0.49261856 0.7021332
v -0.30659485 0.53999615 0.08360672
v -0.5547633 0.101382256 0.53084826
v -0.36425495 -0.9834571 -0.19793892
v -0.21919155 -0.96123564 0.42099762
v -0.34742355 -0.9837588 -0.22276115
v 0.012052536 -0.9778762 -0.24222088
v 0.335074 -0.966333 -0.143965
v 0.23326111 -0.29824305 -0.42437553
v -0.039887 -0.139064 0.590275
v 0.6938324 -0.66873693 0.4439621
v -0.7335173 0.5799596 0.06992853
v -0.09448792 -0.20763516 -0.37039936
v -0.23699188 -0.37940454 -0.2725215
v -0.9368044 -0.23820311 0.21610925
v -0.54528 0.5626464 0.40459824
v -0.8807516 -0.23679543 -0.009239197
v -0.51885605 -0.5406952 0.49626923
v 0.37456608 0.11002445 -0.1661501
v 0.7848649 -0.5930071 0.3827114
v -0.9610332 0.4095385 0.23560429
v -0.633456 -0.961695 0.460719
v -0.6224339 -0.96981114 0.4188962
v -0.08549023 -0.7672758 0.6019821
v -0.40681756 -0.79324603 0.5200453
v -0.5731976 -0.21489048 0.5975776
v -0.5111908 0.46850988 -0.0025287867
v 0.41808593 -0.09345889 -0.2551875
v -0.23970413 -0.8964815 0.62122345
v -0.64938676 -0.8442687 0.05311489
v -0.635952 0.89844 -0.741764
v -0.01595831 -0.2567048 -0.45656872
v -0.13118362 -0.48028946 0.5695114
v -0.507168 -0.583275 -0.0870272
v 0.6308727 -0.28196687 0.56714106
v -0.45456934 -0.18705273 0.582891
v -0.286286 -0.475251 -0.206234
v 0.9667654 -0.5497093 0.29903412
v -0.262402 -0.792095 0.527186
v -0.18201447 0.75293446 -0.06587982
v 0.94522804 -0.49128866 0.1333982
v 0.81247973 -0.45628428 0.2421503
v -0.167734 -0.772997 -0.254218
v 0.07564354 -0.91750944 -0.17026043
v 0.5105314 -0.24695587 0.6356907
v -0.899804 -0.039015085 0.184268
v -0.29127502 0.5079937 0.040691376
v -0.160285 -0.572944 0.512538
v -0.9239502 0.41814804 0.17494202
v -0.381047 -0.9839549 -0.13002682
v -0.388271 -0.979479 -0.177853
v 0.23833275 -0.027227879 -0.24311328
v -0.4300537 -0.1872673 0.59010386
v 0.524753 -0.494672 0.625032
v -0.37841702 0.16008534 0.35988295
v -0.33968 -0.974503 -0.317396
v -0.295454 -0.981199 -0.339917
v -0.7828293 -0.39130592 0.45786285
v 0.012202 -0.693798 0.674941
v -0.8961563 0.50146294 0.12302017
v 0.0216941 -0.939293 0.679455
v -0.96049887 0.4481206 0.25264883
v 0.66682243 -0.25054502 -0.19147873
v -0.719592 0.520629 -0.473279
v -0.15955639 -0.9634583 0.23990202
v 0.6362381 -0.5045805 0.5372772
v -0.18806458 -0.038337708 0.526474
v -0.75244665 0.56965923 -0.22422028
v -0.641084 -0.953773 0.440009
v 0.3986702 -0.69018126 -0.35306454
v -0.105085015 -0.20819807 0.60819364
v 0.3125 -0.54216576 0.7299237
v 0.7217865 -0.57953334 0.44720078
v -0.583859 -0.974144 0.323665
v -0.6291046 0.5382844 -0.48094177
v 0.271965 -0.73058 0.705742
v -0.8578644 -0.43083 0.08670044
v -0.24998185 -0.5381603 -0.18392372
v 0.6310539 -0.28141594 -0.2260437
v -0.520209 -0.676424 0.12795
v -0.7497635 0.7228699 -0.26480103
v 0.55960274 0.079307556 -0.06694031
v -0.374386 0.755729 -0.0401744
v 0.34075665 -0.96557057 -0.078312874
v -0.751485 0.890303 -0.640415
v -0.766666 0.493281 -0.0853103
v -0.745684 0.888258 -0.615705
v 0.84236526 -0.64598846 0.41774178
v -0.87125206 0.013447285 0.061288834
v -0.07818791 -0.8186764 0.68843985
v -0.888567 0.21857834 -0.008815765
v -0.413652 -0.983809 -0.124937
v -0.384775 -0.970725 -0.202017
v -0.81334674 0.06708336 0.63638115
v -0.373808 -0.975086 -0.221223
v 0.1542778 -0.94100976 0.6402216
v -0.360839 -0.980632 -0.246646
v 0.08895779 -0.9747156 -0.2874527
v 0.47003555 -0.9633586 0.38000488
v -0.87608075 -0.4082389 0.23307514
v -0.71871996 0.559124 0.43627167
v -0.35012 -0.958676 -0.298911
v -0.5988358 0.5128765 -0.33444214
v -0.2739625 -0.40174198 0.5704174
v 0.152508 -0.841906 0.627657
v 0.82213926 -0.6739447 -0.050773025
v -0.6339412 0.7959933 -0.5458641
v -0.54286814 -0.6009903 0.40381622
v 0.9357414 -0.5190798 0.072509035
v -0.0961247 -0.734126 0.551761
v -0.0480677 0.977814 -0.187234
v -0.519485 0.0393653 0.482564
v -0.586901 -0.969228 0.26162
v -0.238275 -0.953041 0.617564
v 0.6562195 -0.34437943 0.53804016
v -0.18668175 -0.43564093 -0.39051056
v -0.695251 0.616887 -0.030393
v -0.593322 0.670722 -0.723833
v -0.07776451 -0.72363853 0.5765953
v -0.696649 0.552148 -0.567576
v -0.32857895 0.7279105 0.06852198
v -0.4128739 -0.9468279 -0.14027517
v -0.735683 0.877272 -0.590953
v -0.23257709 -0.72361183 -0.11236119
v -0.7053852 0.8957758 -0.6312885
v -0.55239487 0.0043182373 0.49825287
v -0.3465109 -0.32650948 -0.25462627
v -0.21545497 -0.76662993 -0.12738526
v 0.5727043 -0.5997944 0.5798092
v -0.0244359 0.958257 -0.192105
v 0.2702222 -0.76568985 0.69339657
v -0.27691126 -0.8282933 0.5398834
v -0.45326996 -0.58919525 0.4563141
v -0.5787612 0.58194447 -0.21314144
v -0.60753953 0.56044984 -0.07370663
v -0.36640215 -0.93559194 -0.25644493
v 0.33296347 0.13083267 -0.16014671
v 0.0489704 0.929597 -0.345226
v 0.5628996 -0.02117443 0.501503
v 0.67723036 -0.76961756 0.42589927
v -0.9000235 -0.32847062 0.1307249
v -0.45036554 0.30135345 -0.013888359
v -0.3742218 -0.9332633 0.5981369
v -0.46184802 0.23783112 -0.040392756
v 0.25941515 -0.31393814 0.7554792
v -0.46995068 -0.15828514 0.5736599
v -0.39061928 -0.038765907 -0.22858906
v 0.213434 -0.71855 -0.378848
v -0.081287384 -0.91913974 -0.1896658
v -0.458832 0.5364507 0.21336621
v -0.57910645 0.084426165 0.5384495
v -0.56777143 -0.97904325 0.23994255
v -0.27040172 -0.35271072 0.58151007
v -0.70005226 -0.1732626 -0.17800045
v -0.358714 -0.973063 -0.276438
v -0.27936363 -0.92252374 0.5756459
v -0.945802 0.515295 0.212792
v -0.7556871 0.5303955 -0.18691826
v -0.0102871 -0.798486 0.647027
v -0.7351389 -0.061784744 0.49522305
v 0.5906906 -0.9232063 0.3481598
v -0.701322 0.398848 -0.0828491
v -0.06085968 -0.18583775 0.62498665
v -0.64522314 -0.87561893 -0.004175663
v -0.510768 0.58515 0.177511
v 0.03981781 0.7189102 -0.15544891
v 0.19187832 -0.06626415 -0.26825786
v -0.5913038 0.5297222 -0.090984344
v 0.805607 -0.459252 0.274623
v 0.000787735 0.9639105 -0.23048401
v -0.06867695 -0.95865536 -0.22852898
v -0.304348 0.036197662 0.47363663
v -0.028168201 -0.94023895 0.5602684
v -0.878578 0.0862308 0.638101
v -0.61722136 0.21241379 0.62684155
v -0.62353516 -0.61167145 0.32470703
v -0.6633911 -0.45514107 -0.1658516
v -0.6865473 0.32317066 0.6421623
v -0.09638214 -0.5995407 0.56005096
v -0.47786736 -0.8462424 0.28732824
v -0.304215 -0.920601 0.570293
v -0.591289 0.441994 -0.0835815
v -0.8742218 -0.3974409 0.26963425
v -0.2249198 -0.46331096 -0.25723362
v 0.52342606 -0.89372444 0.50938034
v -0.0972686 -0.194069 -0.325851
v -0.77181816 0.7735481 -0.41496277
v 0.49690056 -0.025911331 -0.18016624
v -0.068208456 -0.2430563 -0.4363637
v 0.8868027 -0.65719604 0.3985653
v -0.16210103 -0.12518692 0.574769
v -0.6938762 0.4973135 -0.45991325
v -0.441753 -0.638369 0.425489
v 0.24749756 -0.44169068 0.7482579
v 0.928252 -0.543181 0.337572
v -0.00972809 -0.343012 0.759176
v 0.23190308 -0.9690864 0.58117294
v 0.38719082 0.18314743 0.42527008
v 0.72040987 -0.036887407 0.26759338
v -0.14101219 0.6403277 0.015403271
v -0.4327917 0.36150348 0.05117035
v 0.6389923 -0.18527222 -0.17008972
v -0.5488124 0.588489 0.15388346
v -0.196792 -0.193204 0.592476
v -0.40663743 0.53390837 -0.042101145
v -0.5851388 0.10394764 0.5678549
v 0.0757939 -0.543579 0.72498
v 0.28198528 -0.976485 -0.24471235
v 0.052267075 -0.15282726 0.6584439
v 0.273201 -0.9103017 0.60957813
v -0.2983538 -0.100429535 0.5420871
v -0.60050774 -0.9567634 0.5583248
v -0.5764851 0.61591053 -0.26624393
v -0.21218252 -0.3421235 -0.31527328
v -0.5074196 -0.68019795 0.1756115
v -0.614624 -0.4909973 0.50546265
v -0.330502 -0.804537 -0.129451
v -0.18818235 -0.4633131 0.5418558
v 0.58353 -0.308161 0.58789
v -0.46553335 -0.78768003 0.34719038
v -0.0450129 -0.950074 0.698958
v -0.75868034 0.63092804 -0.11328125
v 0.28824425 0.19619751 0.4332466
v -0.6743593 0.6269636 -0.0610981
v 0.9312484 -0.7887571 0.17422867
v -0.46412325 -0.98515356 -0.10169554
v -0.25330114 -0.36363363 -0.2628479
v -0.506579 0.424371 -0.00529211
v -0.643449 0.394488 -0.0869733
v -0.8092861 0.10037804 0.6559553
v -0.40791142 0.23022342 -0.021712303
v -0.1365242 -0.68901277 -0.31433392
v -0.41933918 -0.74071527 -0.093841076
v 0.43284225 -0.9683574 -0.046718597
v 0.13341141 -0.8169465 0.6350856
v -0.60472965 -0.44444656 0.5424042
v -0.06574571 -0.16170418 -0.29650754
v -0.766604 0.872752 -0.596978
v 0.01571083 -0.9611883 -0.21817398
v -0.60498667 -0.53824234 0.46669006
v -0.11523616 -0.23088121 -0.3892355
v 0.32341194 0.17478943 0.45479584
v -0.44085 0.391417 0.0392129
v -0.505375 0.501267 -0.00296958
v 0.217259 -0.746275 0.709489
v -0.8824005 -0.30014038 0.005722046
v -0.45411325 -0.8235187 0.2805419
v -0.5202366 -0.66996765 0.23597336
v -0.6020937 -0.9773837 0.21036625
v -0.22602081 -0.9262295 -0.0052490234
v -0.635082 -0.882702 0.170015
v -0.426421 -0.592726 0.470601
v 0.600512 -0.717213 -0.192571
v 0.3111 -0.9725009 -0.25267506
v 0.3896942 -0.3586521 -0.3700943
v -0.3058232 -0.96701896 -0.09105158
v -0.168469 -0.303948 0.585661
v 0.37143707 -0.95401907 -0.2570505
v -0.8883333 -0.33973885 0.28752136
v 0.0990057 0.06289673 0.53860855
v -0.9724788 0.06322804 0.21066475
v -0.297904 -0.356932 -0.247639
v -0.99297905 0.12490749 0.22871399
v -0.51539755 -0.8209405 -0.04218054
v -0.74783134 0.010129929 -0.075071335
v -0.90225524 -0.32809162 0.18721867
v -0.58829975 -0.98585224 -0.048495293
v 0.60851765 0.08932781 0.35919762
v -0.660594 -0.946232 0.187767
v -0.24681091 -0.96971583 0.057266235
v -0.3202057 0.49131775 -0.0063171387
v -0.6196394 -0.6022625 -0.029514313
v 0.6770897 -0.54155445 -0.17196846
v -0.5742216 -0.30501652 -0.22990632
v -0.57273483 -0.98483866 -0.07252216
v 0.34329605 -0.54241323 -0.38048267
v -0.62327576 -0.14842463 -0.19730377
v -0.6009178 -0.113844395 -0.2092309
v 0.044729233 -0.96282846 -0.30898142
v -0.7473602 -0.43758392 -0.101867676
v 0.46551228 -0.9690567 0.02765274
v -0.15374029 -0.19354153 -0.29430008
v -0.12451458 -0.15345716 -0.2900629
v -0.012922287 -0.4329815 0.7349081
v 0.7791628 -0.14498593 0.13166499
v 0.0068531036 -0.22384357 0.72776985
v -0.6521025 0.4609108 -0.28043365
v -0.78157985 0.60011256 -0.20549369
v -0.800454 0.76917 -0.489891
v -0.4716059 -0.84627724 0.5941739
v -0.4308315 -0.79304326 0.24861658
v -0.73065376 0.637352 -0.08303833
v -0.26872635 0.68830633 0.018539429
v -0.639804 0.544062 -0.560566
v -0.60251236 -0.56747055 0.42868805
v -0.6150861 0.10245371 0.6397934
v -0.27478504 -0.34666038 -0.2602005
v -0.603901 0.421865 -0.0891526
v -0.6409843 0.098406404 -0.09525758
v 0.53393173 0.06570053 0.45086288
v -0.5775136 0.53988004 0.020429134
v 0.6315994 -0.12495422 0.49853516
v -0.5608977 0.12206864 0.54714584
v -0.0919324 -0.360996 0.721063
v 0.02357006 -0.91418386 0.5264106
v 0.22980118 -0.86717105 0.6124623
v -0.278524 0.641398 0.043391
v -0.44567585 -0.5328293 -0.15609884
v -0.057598114 0.22014141 0.19705486
v 0.49796867 -0.9198799 -0.052646637
v 0.21823001 0.26519525 0.05755329
v -0.67253876 -0.8686212 0.11872415
v -0.13221121 -0.76527655 -0.30081606
v -0.070117 -0.3091488 0.7302456
v -0.537127 -0.19981003 0.59490633
v -0.027305603 0.90448093 -0.1979618
v -0.688978 0.528297 -0.550692
v -0.91420746 0.2315712 0.61087036
v -0.17502213 -0.68541145 0.4933009
v -0.7770958 0.8485184 -0.56329346
v -0.0428202 0.951644 -0.164827
v 0.6793976 -0.66704655 -0.11723328
v 0.20199037 -0.7193651 0.7234335
v -0.019892693 0.7207947 -0.22100544
v -0.47012144 -0.9121485 -0.122511744
v -0.59889555 0.6163006 -0.17680359
v -0.687438 0.910158 -0.668903
v -0.28400993 -0.46954775 0.56095886
v 0.06565094 0.75439453 -0.2880516
v 0.33513 -0.93538 0.448
v -0.93175024 0.3660698 0.4919548
v -0.7633362 -0.16544342 0.50011444
v 0.30166245 -0.3999653 0.7363763
v -0.2415291 -0.96437126 0.24180126
v 0.64322853 -0.022945404 -0.090065
v -0.011024475 -0.0021600723 0.5480938
v -0.5099343 -0.116086006 0.5699444
v -0.31779674 0.24201149 0.13811675
v -0.9995761 0.18558729 0.2680683
v -0.470411 -0.778295 0.41299
v -0.373928 0.262222 0.079902
v -0.335851 -0.947237 -0.319598
v 0.76323223 -0.755586 -0.06672585
v -0.9458583 0.076941416 0.38556504
v -0.51704025 0.29227448 0.4844513
v -0.0603353 0.618474 -0.0471748
v -0.024226189 0.9796841 -0.25216007
v 0.84988844 -0.47176722 0.18511772
v -0.6826856 -0.93060386 -0.00043725967
v -0.388565 0.748822 -0.0124103
v 0.4288013 0.23612855 0.2532444
v -0.302249 0.639073 0.055533
v -0.08902931 -0.9344809 -0.21661615
v -0.33132696 -0.75408125 0.5251515
v -0.09987587 0.19645214 0.24976444
v -0.265671 -0.452843 -0.214568
v -0.583848 0.051921 0.507249
v 0.492136 -0.81675816 -0.23809242
v 0.06530762 -0.9326029 -0.19247246
v -0.45168376 0.5092939 0.23089027
v -0.6283468 -0.8288063 0.08702099
v -0.082185745 0.9091563 -0.12427139
v -0.6444855 -0.9787667 0.16046906
v 0.80752945 -0.37530518 0.07987976
v -0.75788 0.55255 -0.171832
v 0.6424408 -0.91337204 0.33957672
v -0.49938202 -0.6820886 -0.0194664
v 0.77757275 -0.15446949 0.21129227
v -0.17535973 0.5616274 -0.023772717
v -0.673401 0.905741 -0.720419
v -0.255598 0.2295692 0.11331034
v 0.52199936 -0.61738145 -0.29807663
v -0.34105277 0.25074846 0.14943087
v -0.250885 -0.33560467 0.5809027
v -0.6589432 0.5325432 0.4919243
v -0.840631 -0.44654 0.0585093
v 0.528348 -0.741558 -0.26894
v 0.9002962 -0.7895347 0.05832863
v 0.35626602 -0.77788544 -0.3387642
v -0.5574951 -0.37833214 0.57593346
v -0.33549637 -0.98051316 -0.059375286
v -0.7462349 0.7680054 -0.35826874
v -0.7008366 -0.91163766 0.12281084
v 0.2659538 0.27800906 0.16427755
v -0.51861095 -0.06976318 0.5503521
v -0.258247 -0.293853 -0.280596
v -0.51824 -0.24400997 -0.2570758
v -0.542792 0.43027472 -0.015982151
v -0.468975 0.570304 0.180602
v 0.043718398 0.17899323 0.42305374
v -0.6323881 0.070708275 -0.10920906
v -0.510343 -0.984023 -0.103076
v -0.46902 -0.65683 0.334798
v 0.34545588 -0.14892578 -0.27590394
v -0.79180336 0.544117 0.44021606
v -0.16925573 -0.23693085 0.5876695
v -0.5736346 -0.64326286 0.2873459
v 0.16438293 -0.61754036 0.7357645
v -0.408184 0.728487 -0.0156024
v 0.4348526 -0.7338333 0.6262245
v -0.7089245 -0.44236755 0.49168396
v -0.7185908 0.80926704 -0.4606743
v 0.5138256 0.19180965 0.27697372
v -0.6163173 0.17094326 0.64707947
v -0.1810174 -0.77531624 0.56187916
v 0.7884175 -0.5636585 0.36222994
v 0.40502167 -0.44433117 0.7117357
v -0.11326122 0.89551806 -0.09158254
v -0.429067 0.22729981 0.43458748
v -0.56534195 0.5238328 0.47521877
v 0.2987156 -0.32567286 -0.40646267
v -0.56041 -0.803603 0.0656847
v 0.060894012 0.69628716 -0.2115097
v -0.186725 0.834607 -0.026969
v -0.4244017 0.12377158 0.4339225
v 0.21907139 -0.37884855 0.75736904
v -0.54446244 -0.65947056 0.0792923
v -0.35111046 -0.0071411133 0.5137596
v -0.46313 0.49412823 0.2970314
v -0.65879 0.404921 -0.099919
v 0.5342808 -0.8334408 0.52181435
v -0.12449646 -0.5087204 -0.43039322
v -0.55719924 -0.8024578 0.09755945
v -0.65197754 -0.39183044 0.55093384
v -0.516332 -0.914814 0.62184
v -0.4175148 0.71035004 -0.028318405
v -0.69225883 0.58194923 -0.58412933
v -0.6806259 -0.18011332 0.558393
v -0.033286095 -0.36925507 0.7536955
v 0.444045 -0.227017 0.639463
v -0.0410103 -0.965852 -0.330721
v -0.71787643 -0.4723196 -0.10018158
v -0.59470785 0.1448369 -0.09384778
v 0.41744137 -0.7521572 -0.32642365
v -0.56196 0.354034 0.464642
v 0.38110018 -0.1664896 0.64596415
v 0.60219765 0.013994217 -0.10400581
v -0.7118225 0.46043968 -0.23137379
v -0.49380186 0.3700066 0.411714
v -0.38542175 0.67809296 -0.07622528
v -0.13983107 -0.018981934 0.5219803
v 0.6004524 -0.3536327 -0.24175549
v -0.344323 0.193731 0.295648
v -0.708107 0.8104706 -0.64404297
v -0.176263 0.857177 -0.038073
v -0.670366 -0.963268 0.169621
v -0.0020036697 -0.6491966 0.6811218
v -0.16724944 0.14528084 0.3429985
v -0.17682648 -0.8970356 0.6852875
v 0.3944111 -0.26634598 -0.36311913
v 0.8914337 -0.61556244 0.39256477
v -0.84020686 -0.44531798 0.24091148
v 0.965595 -0.499037 0.181244
v -0.0208984 -0.112376 0.580642
v -0.7046509 -0.16602707 0.5450859
v 0.043917656 -0.64211273 -0.44198418
v -0.386618 -0.904089 -0.147341
v -0.52600193 -0.45495605 -0.21336365
v -0.552439 -0.983738 -0.0910759
v -0.5973072 0.74396515 -0.76189613
v -0.17928314 -0.14419174 -0.27567768
v 0.59410095 -0.9573524 0.25771713
v -0.336907 -0.981574 -0.291445
v -0.14364 -0.904246 0.709939
v -0.30148125 -0.8073497 -0.16462517
v -0.737536 0.502214 -0.324639
v -0.47571677 -0.7909627 0.37435818
v 0.06299383 0.25306863 0.19747847
v -0.3343792 0.78438187 -0.06729889
v -0.13580322 -0.33099365 0.6481323
v -0.6345958 -0.9132532 0.47485483
v -0.48590994 -0.67775726 -0.0538311
v 0.213147 -0.958977 0.613147
v 0.21286774 -0.8405361 0.61743546
v -0.90354156 -0.29264927 0.31941605
v 0.33338356 0.14884567 0.47534943
v 0.6006584 -0.81217766 -0.07261276
v -0.947963 0.510714 0.286711
v -0.1323533 0.018445015 -0.20926476
v -0.249305 -0.325534 -0.272793
v -0.5969559 0.53056 -0.012405276
v -0.16802311 -0.8832989 -0.36289287
v 0.32844734 -0.47927094 0.73816395
v -0.3425923 0.2449511 0.20371228
v -0.66487503 -0.53782463 0.42788315
v -0.592847 -0.973927 0.238171
v 0.1794461 -0.15477371 -0.34253073
v 0.28295 -0.960234 -0.272154
v 0.836771 -0.495306 0.282239
v -0.6322603 -0.9554053 -0.07412124
v -0.5946363 0.7191572 -0.48412323
v -0.93908215 0.33219576 0.17977905
v -0.61267453 -0.6531392 0.20148325
v -0.12398815 0.05857849 0.4605255
v -0.57213765 -0.8341275 0.5358106
v 0.69119644 -0.2761857 -0.17858124
v -0.15044367 -0.26458287 -0.38672876
v 0.9049301 -0.8061049 0.26297188
v -0.76630783 0.53214264 0.477211
v 0.9634545 -0.74130934 0.17094994
v -0.698816 0.0397545 0.656335
v -0.908302 0.0166617 0.126728
v 0.49580383 -0.49882126 0.6518364
v -0.29609728 -0.7314739 0.5260304
v 0.189866 -0.941902 0.158541
v -0.759428 0.84752655 -0.6376982
v -0.9206848 0.52572334 0.32271194
v -0.20121786 -0.6519718 -0.15301895
v 0.022298813 -0.122279406 -0.28515053
v -0.5137963 -0.16593838 0.5771041
v -0.7701559 0.22477663 -0.07724285
v 0.34872627 -0.9556209 0.45366335
v -0.7004564 0.71902466 -0.22239685
v -0.6900921 -0.4794302 0.4794178
v -0.1586389 0.90468925 -0.11488071
v 0.0451504 -0.927159 0.673375
v -0.84999466 -0.34445256 0.4053917
v -0.4504447 -0.6682246 0.39461708
v -0.94754386 0.33889723 0.2857914
v 0.710341 -0.668908 -0.0576505
v -0.25600564 0.006634712 -0.22230196
v 0.51732135 0.19405201 0.16553092
v -0.2275734 0.73866653 -0.1749134
v -0.6724572 -0.61548376 0.26540947
v 0.06763172 -0.08127403 -0.2836976
v 0.66981506 -0.46233368 -0.16551208
v 0.6312256 -0.073182374 0.46866608
v -0.540215 0.399459 0.445571
v -0.24724612 -0.97207844 0.46875036
v -0.6055405 0.40739167 0.5212977
v -0.78276324 0.79992485 -0.48792648
v -0.18246293 -0.327075 0.56634045
v 0.2728604 0.031184673 -0.23799866
v -0.9410353 0.38226128 0.32261848
v 0.7872257 -0.25198412 0.0068626404
v -0.61869097 -0.0042066574 0.5051638
v 0.45322037 -0.7815056 0.5783901
v -0.3420961 0.640126 0.09126401
v -0.6381347 -0.95830816 0.41299915
v -0.8328333 -0.39464164 0.39844513
v 0.0449191 -0.689053 0.682232
v -0.8315072 -0.012391329 0.0018348694
v 0.31863022 0.045905113 -0.22143364
v -0.578915 0.0243346 0.494591
v -0.63615036 -0.94400615 0.21513367
v -0.9745071 0.15260577 0.38547134
v 0.9801779 -0.66327286 0.27472115
v 0.10396671 -0.2979393 0.7553053
v 0.010210041 -0.06823063 -0.2713406
v 0.040007114 0.9226607 -0.27749872
v 0.8050499 -0.39912224 0.2880516
v 0.419636 -0.263469 0.678945
v 0.29855442 -0.4831829 -0.41832256
v 0.35720158 -0.9339993 -0.2732005
v 0.9027672 -0.76137924 0.02998352
v -0.47019958 0.36964083 0.37741756
v 0.005610466 -0.8154235 0.6602893
v -0.7562243 -0.51033974 0.010322571
v -0.680526 0.397427 -0.0885339
v 0.03410721 -0.92270124 0.2944107
v -0.309705 -0.826542 0.547518
v -0.1894064 -0.9687772 0.13330841
v 0.626644 -0.804568 -0.0632789
v -0.48784256 0.53153807 -0.009600639
v -0.412086 0.0941304 0.428176
v -0.461685 -0.676278 0.310496
v 0.3013363 -0.80521774 0.65784454
v -0.623249 0.828382 -0.758072
v 0.9118967 -0.65393543 -0.008730888
v -0.4470052 0.5415173 0.18472993
v -0.015684128 -0.9405632 -0.33425426
v 0.020634651 0.17826605 -0.054849625
v -0.13390923 0.130229 0.3840027
v -0.39930916 -0.40472984 0.58040476
v -0.683731 -0.97242 0.140554
v 0.2115708 -0.16766262 0.70286655
v -0.20684814 -0.42203593 -0.3445816
v 0.280916 -0.696175 0.705025
v -0.1537013 0.7484546 -0.086827755
v -0.7778826 0.11587691 -0.06572676
v 0.40912628 0.034793854 -0.19459724
v -0.12825017 -0.9354351 0.22207619
v 0.58002853 -0.5081353 -0.2706089
v 0.22926188 -0.5853113 -0.4211477
v -0.26665112 0.2040596 0.28663826
v -0.231866 -0.962607 -0.375123
v -0.0656781 0.968118 -0.173005
v -0.51882553 0.482975 0.42925072
v -0.185505 0.632015 0.0356018
v 0.45802307 0.077382565 -0.15132141
v -0.7455809 0.5275426 -0.33101654
v 0.18194604 0.04624796 -0.21895075
v -0.88410974 -0.39440417 0.14568901
v -0.842855 0.167154 0.662537
v 0.037763804 -0.81256694 0.64447033
v -0.38789034 -0.39694595 -0.23053741
v -0.23901796 -0.83042204 0.57496357
v -0.9246836 0.53724194 0.22673321
v -0.16604996 0.6279793 -0.14548492
v -0.457274 -0.758189 0.386072
v 0.716856 -0.636913 0.425442
v 0.35745806 0.26055014 0.27242184
v -0.12162495 -0.02383995 -0.24976254
v 0.6504917 -0.66021204 0.51241875
v -0.3235535 -0.8530094 -0.25526655
v 0.71159935 -0.033371925 0.042751312
v -0.02392006 0.108501434 -0.14005089
v 0.60134315 -0.25403905 0.57671165
v -0.6421373 0.5717813 0.03427899
v -0.48151278 -0.8362236 0.22611618
v -0.6254698 0.57158947 -0.5745926
v -0.007972717 -0.30059624 0.7495041
v 0.47571754 -0.5935364 0.6371422
v -0.693246 -0.975685 0.103932
v -0.43080902 -0.6137743 0.454525
v -0.7807045 0.75172806 -0.38581848
v -0.252737 0.81634 -0.000257579
v -0.65846276 -0.9848709 0.024205208
v -0.449501 -0.825253 0.259853
v -0.711404 0.0584261 0.677042
v 0.8081045 -0.45423794 0.077812195
v -0.8940239 0.29903412 0.61782837
v -0.24481583 -0.9643493 0.58719826
v -0.64367104 -0.43105793 -0.193367
v -0.13874054 0.81352234 -0.09892273
v -0.7757225 0.06283188 -0.04609108
v -0.733757 -0.17196655 0.5280838
v -0.41665554 0.31638038 0.32626057
v -0.78463554 -0.030804634 0.46360493
v -0.487679 -0.871969 0.611764
v 0.8310509 -0.82928467 0.026931763
v -0.964036 0.17465734 0.5711403
v -0.6266813 0.79135704 -0.7482853
v -0.9326978 -0.14100122 0.23873901
v 0.778607 -0.370547 -0.0157871
v 0.6463165 -0.6112604 0.52907753
v 0.57756424 -0.5684986 -0.24692726
v -0.4537344 -0.9616951 -0.13896447
v 0.7403221 -0.13053322 0.34146118
v -0.3516655 0.7454643 0.050943375
v 0.24641418 -0.93105865 0.008399963
v 0.32089233 -0.26813126 0.72758484
v -0.4901259 0.44588912 0.4012494
v -0.774845 0.595418 -0.12909985
v 0.5903015 -0.80520535 -0.09274292
v 0.12247467 -0.4143585 0.7623936
v 0.013283253 -0.52228546 0.72272587
v -0.24454689 -0.21275139 0.5889127
v 0.77796745 -0.5415077 0.019727707
v -0.10079408 -0.8626709 0.70934296
v 0.83701646 -0.57418585 0.384475
v 0.1509552 -0.7707367 0.68182373
v -0.24419022 -0.8074962 0.53663784
v -0.42202312 0.21181393 -0.0533123
v -0.534005 -0.983045 -0.105536
v -0.9726963 0.12050438 0.36525345
v -0.393874 0.123587 0.394543
v 0.17093396 -0.44206238 0.7759744
v 0.018764257 -0.17156506 0.677793
v 0.3490677 -0.6489858 0.6952982
v 0.22633743 -0.39403343 -0.4364891
v -0.6969448 -0.8936361 0.10277408
v -0.77146935 0.82850647 -0.52233887
v -0.16815662 -0.34007645 0.5817795
v 0.9416723 -0.75989175 0.10002899
v -0.54785717 -0.8968284 0.29437375
v -0.684105 0.439967 -0.196322
v -0.464921 -0.124461174 -0.25713825
v -0.3661213 -0.5609169 0.5315857
v -0.7170458 -0.52962303 0.3844185
v -0.197716 -0.9764474 0.25847435
v -0.0069483817 -0.1631468 -0.31743848
v 0.96813583 -0.5220647 0.26457024
v -0.68842316 -0.56511307 0.34094238
v -0.49487 0.0845141 0.484449
v 0.29988384 -0.26955605 -0.40424252
v -0.6683264 -0.6267586 0.22272873
v 0.123621225 -0.070290565 -0.27553725
v -0.047721863 -0.9209227 0.70734596
v -0.295667 0.662842 0.0454493
v 0.12911987 -0.047632694 0.5850404
v 0.12628675 0.25793636 0.2879753
v 0.8239448 -0.5014906 0.07858658
v -0.165084 0.621904 0.0323837
v -0.30731955 -0.75661725 -0.12237157
v -0.18301392 -0.8582349 0.66524315
v -0.68731004 -0.9801585 0.0632925
v -0.687603 -0.97938156 0.020179749
v -0.46594048 0.39271307 0.012800217
v -0.72698927 0.8550701 -0.555748
v -0.44718075 -0.7631427 0.44361115
v -0.753108 0.8575287 -0.5592346
v -0.39444304 0.58257484 0.13947725
v 0.48535156 -0.62625873 -0.320961
v -0.29764557 -0.61792374 0.54990673
v -0.14606476 -0.55516624 -0.3704605
v -0.1640675 -0.4225402 0.55865526
v -0.0909988 0.94449 -0.131726
v -0.0731224 0.957708 -0.15333
v -0.16556 0.877772 -0.0536434
v -0.50477743 0.44711792 0.4201622
v -0.14796257 0.19684088 0.09688759
v 0.29654694 0.058280945 0.53414917
v 0.65491104 -0.77313805 0.4295721
v -0.31931496 -0.035427094 -0.23701763
v -0.7458581 0.503747 -0.24503708
v -0.10266113 -0.13075447 0.58915377
v -0.95968866 0.071082234 0.44070625
v 0.290126 -0.751572 0.695907
v -0.14374709 -0.19365644 0.5960007
v 0.7943802 -0.47382355 0.30799866
v -0.22829437 -0.78071594 -0.15670395
v -0.622499 0.883268 -0.755512
v 0.08480176 0.8358307 -0.28612137
v -0.600123 -0.950848 0.248637
v 0.102689 0.777589 -0.286466
v -0.0165017 -0.965915 -0.317931
v 0.739909 -0.649903 0.409727
v -0.6923126 0.8416381 -0.5573101
v -0.7405968 -0.55016184 0.27594376
v -0.27514076 -0.81993335 -0.25997353
v 0.3126378 0.23688698 0.37110138
v -0.30691004 0.6627288 0.06114483
v -0.18475962 -0.773675 -0.22576523
v -0.8123398 -0.04272461 -0.043701172
v 0.44135 -0.279233 0.66038
v -0.60458803 0.87927175 -0.71054554
v -0.005756378 0.2258339 0.2724285
v -0.22917652 -0.40912455 0.55669594
v 0.6980164 -0.8772831 -0.017203331
v -0.410002 -0.196164 0.59174
v -0.707926 -0.969355 0.0419408
v -0.1603769 -0.74996185 -0.25538015
v -0.3510723 0.5559628 0.11859155
v -0.153067 -0.540245 0.522287
v -0.58374786 -0.88127005 0.5657778
v 0.29247475 0.2731707 0.25061893
v -0.21519771 -0.050183535 -0.24296165
v 0.690267 -0.708182 -0.0655434
v -0.47351837 -0.03316307 0.52738
v 0.41453934 -0.054157972 -0.22010422
v -0.5169201 0.5725803 0.01373291
v -0.9492092 0.48252648 0.19169235
v -0.43978882 0.66474915 0.0976181
v 0.14673758 -0.16758156 0.7024059
v -0.7609577 -0.49325562 0.38181305
v -0.8938942 0.5428562 0.32271576
v -0.12119007 -0.36714983 -0.45879507
v -0.31486845 0.23582685 0.1839037
v -0.58296776 0.30018234 0.5142479
v -0.7496109 0.12339759 -0.07719207
v -0.44131374 -0.72209215 0.28066635
v -0.71051955 -0.5941627 0.25192642
v -0.697785 -0.962244 0.0105059
v 0.62171555 -0.6002121 -0.2193203
v 0.24547315 -0.491457 0.7426801
v -0.07290888 0.6874876 -0.18694592
v 0.203991 -0.929725 0.624275
v -0.358502 0.265586 0.176165
v -0.187358 0.60974 0.0409512
v 0.476631 -0.796716 -0.263745
v -0.20478058 -0.09263241 -0.26362443
v -0.4752638 0.55868685 0.20683777
v -0.363558 0.766897 -0.00683001
v 0.12034798 0.1144104 -0.16454124
v -0.30016708 0.106594086 0.4193039
v -0.787943 0.650492 -0.291553
v 0.85186005 -0.83163166 0.30516052
v 0.94763255 -0.76058674 0.25033188
v -0.65559316 0.3061397 0.6145835
v -0.7470014 0.036981583 0.6524868
v -0.607039 0.75256836 -0.52508545
v -0.7069914 0.020909071 0.629313
v -0.20484447 -0.8548385 0.64443326
v -0.28499407 0.7280992 0.055345237
v -0.18960857 0.05574751 -0.19000101
v -0.021224976 0.8663722 -0.20139694
v -0.514583 -0.710631 0.0674391
v 0.45307732 -0.10291147 -0.25627613
v -0.72152495 0.58599806 0.04175949
v -0.471917 -0.67911 0.278924
v -0.12916112 -0.58027077 0.521924
v 0.2836976 0.20913601 -0.06852436
v 0.6566391 0.005754471 -0.043542862
v -0.74334526 -0.4759617 0.43188477
v -0.8642616 -0.04961157 0.3481636
v -0.75217175 -0.519186 0.34469986
v 0.822277 -0.468469 0.138729
v -0.7957611 -0.3495636 -0.10411072
v 0.71932983 -0.1832323 -0.08351898
v 0.4121933 -0.112287045 0.62243176
v 0.18083572 -0.80712366 -0.36261272
v 0.7889588 -0.18798018 0.080524445
v 0.17444897 -0.48277092 0.7700825
v 0.7460842 -0.084329605 0.04398918
v -0.680635 -0.62369025 0.16154647
v -0.49896812 -0.73288774 -0.015571594
v -0.72870445 0.59521866 -0.347023
v 0.734066 -0.8213005 -0.042160034
v -0.22559261 -0.3925076 -0.29312038
v -0.0627573 0.640748 -0.0296157
v -0.9292984 0.46303868 0.15484047
v -0.15178871 0.6053879 0.017820358
v 0.89607906 -0.5487275 0.35946035
v 0.9640312 -0.6806879 0.3056183
v 0.22654185 -0.11474186 0.5982664
v 0.125873 -0.84409 0.635425
v 0.0073776245 0.0674057 0.5103302
v -0.749862 0.0123497 0.609514
v -0.12750626 -0.2936988 -0.43612766
v -0.7113436 -0.011857212 0.52220523
v -0.7995363 0.5841915 0.23290515
v 0.68902206 -0.2320652 0.4957428
v 0.1711235 0.09530258 0.52687836
v -0.83320236 -0.38735914 -0.021625519
v -0.92824936 -0.27443767 0.25802422
v -0.8109417 0.4820633 0.52970886
v -0.632074 0.668962 -0.725813
v -0.7825413 -0.4297142 0.42163086
v -0.636155 0.64121 -0.70853
v 0.55706024 -0.2669716 -0.2697258
v -0.418895 0.397828 0.117109
v -0.84438115 -0.4437828 0.1580658
v -0.4439992 -0.70954823 0.22314453
v -0.423297 -0.754093 0.474087
v -0.06655669 -0.17034578 0.60265255
v -0.55845064 -0.9775142 0.3087616
v -0.62569857 -0.6131357 -0.002916336
v 0.0506783 -0.968761 -0.219892
v 0.26739287 -0.71899796 -0.37028217
v -0.06737709 -0.016062737 -0.25292015
v 0.5422554 -0.4622841 -0.302145
v 0.63795996 -0.86639404 0.38802338
v 0.2648468 -0.77106535 -0.36083555
v 0.7489414 -0.5581627 0.38903046
v -0.5792966 0.37139487 0.47796202
v -0.458354 0.0647294 0.459237
v 0.8150406 -0.8440356 0.33041
v -0.7852526 0.028913498 0.62100124
v -0.648844 0.624952 -0.689991
v -0.781137 0.554961 0.028251
v -0.550224 -0.965322 -0.109036
v -0.799203 0.789719 -0.510488
v -0.275654 -0.960378 0.567022
v 0.32733762 -0.9273367 0.39656544
v -0.470243 -0.811615 0.325067
v 0.5123291 -0.7363701 0.5694885
v 0.0649016 -0.969331 0.598735
v -0.85144615 0.22652246 -0.037634373
v 0.12855148 -0.5203018 0.74744225
v 0.368335 -0.580836 -0.374278
v -0.62936854 0.068489075 0.6308918
v 0.1342144 -0.96387744 0.6283865
v -0.85123825 -0.13035297 -0.039798737
v -0.0582326 -0.84236 0.700717
v -0.47659302 0.56565475 -0.016527176
v -0.493668 0.53949 0.377721
v -0.265374 -0.983558 -0.33967
v 0.6000986 0.04417801 0.42615128
v -0.25880814 -0.722188 0.5199952
v 0.041081905 0.005306244 -0.23262024
v -0.4822464 -0.5536041 -0.1305542
v 0.043832302 -0.23761797 0.74312973
v -0.88288593 0.11931229 0.6466069
v 0.16114902 0.16454506 0.4718132
v 0.3107338 0.099430084 0.50649834
v -0.489865 0.0378011 0.477568
v 0.3372898 -0.42957687 0.7346058
v -0.687158 -0.944504 0.152037
v -0.589514 0.555174 0.0357795
v -0.5851573 0.7205944 -0.5856476
v -0.7285427 -0.58333224 0.14014411
v 0.86819 -0.604491 0.39719
v -0.6834984 -0.59829426 0.05745697
v 0.25982904 -0.9755969 0.07706547
v -0.5813956 0.75385666 -0.6470642
v -0.50871205 0.12766922 0.52024496
v 0.13794303 -0.34390497 0.7527471
v -0.740585 -0.0412453 0.495835
v 0.983323 -0.522262 0.181089
v -0.484585 -0.582485 -0.0988944
v -0.131334 -0.223316 0.598787
v -0.747804 0.518078 -0.305875
v -0.0673198 -0.940924 0.711303
v -0.520103 -0.684978 0.0784787
v -0.7851429 -0.48810673 0.3356552
v -0.258832 -0.389688 -0.241435
v -0.506039 -0.728635 0.109023
v 0.9676342 -0.6182294 0.06389618
v -0.3269202 -0.3158406 0.56873834
v -0.6775625 0.3700477 -0.08071542
v 0.68170834 -0.07545376 -0.088056564
v -0.831574 0.20998 0.690417
v -0.24484038 0.16640377 0.3543501
v -0.656891 -0.865622 0.022345
v -0.422536 -0.771343 0.493466
v -0.50545645 0.19700682 0.5234084
v -0.018081665 -0.94423485 -0.21268559
v 0.070104346 -0.14417131 -0.3110647
v -0.69669294 -0.6072812 0.11540604
v -0.0986754 -0.171826 0.590146
v -0.640652 -0.937604 0.458096
v -0.40893173 0.69226646 -0.050403595
v -0.39530754 0.22898519 0.37718964
v -0.41971612 -0.42577362 0.57978463
v -0.10661316 -0.23385012 0.63829803
v -0.538098 -0.934188 0.615329
v 0.22519684 -0.7759733 -0.3710103
v -0.39443254 -0.8510022 0.5750575
v -0.14627838 0.74769974 -0.206254
v 0.16872358 0.22122288 0.401062
v -0.7817031 0.0025863647 0.59067154
v -0.584283 0.188566 0.584493
v -0.5914425 0.7464342 -0.57925034
v -0.763993 0.5681858 0.04706669
v -0.74792695 -0.02131021 0.5109103
v -0.25966072 0.58370185 0.06934261
v -0.90548706 0.16852939 0.0048942566
v 0.07724285 -0.19615364 0.72229576
v -0.761651 -0.043356 0.479087
v -0.51864254 -0.73701644 0.06075144
v -0.792316 0.803643 -0.556847
v 0.0072687417 -0.14488935 0.60524964
v -0.797429 0.706213 -0.388228
v -0.80102634 -0.44205856 0.37704468
v -0.9224448 -0.13269424 0.12752914
v 0.6202984 -0.8221588 0.42417145
v -0.868145 0.5270901 0.40553284
v 0.033887386 -0.9582267 0.5760765
v -0.95108056 0.25222778 0.5162239
v 0.140275 0.22904968 -0.028636932
v 0.16520038 0.26956323 0.16694486
v 0.069441795 -0.099220514 0.58140445
v -0.7311783 -0.27989388 0.5396919
v -0.9463234 0.3615782 0.22616005
v -0.50232697 0.6162033 0.12482071
v 0.26349032 0.076039314 -0.21564007
v 0.07452679 0.72022057 -0.25077248
v -0.9569576 0.49549866 0.23609257
v -0.75505435 -0.54963714 0.20552444
v 0.4729452 -0.20144272 0.6292219
v -0.585638 0.465037 -0.0725949
v -0.3973217 0.50979614 0.14652061
v 0.30894947 -0.96923506 0.51132774
v 0.2218461 -0.969982 0.55464935
v 0.7672119 -0.19285297 0.3372078
v -0.28240967 0.8007965 -0.11551666
v 0.7934694 -0.56406975 0.020318985
v 0.47123718 -0.34843445 0.67310715
v 0.30455923 -0.444386 0.74529934
v 0.9922995 -0.54592943 0.17359257
v -0.5911951 -0.92457056 0.32646465
v -0.77368104 -0.0067293644 0.5689626
v -0.074560165 0.12812233 -0.11956024
v -0.1373682 0.1878004 0.043529034
v 0.042168 -0.953791 0.666451
v 0.744401 -0.18380547 -0.04550934
v -0.2388668 -0.0023479462 0.4934101
v -0.46594897 0.5014525 -0.013404666
v -0.59828913 0.6965523 -0.3558674
v -0.597992 0.873363 -0.757298
v -0.22173882 0.55484474 0.023763657
v 0.063748 0.695025 -0.165273
v -0.7688484 -0.07904053 0.47062302
v -0.16563869 0.19619393 0.23116112
v -0.8548212 0.56377673 0.18859863
v -0.5687189 -0.8396597 0.38684654
v 0.0854942 0.838063 -0.351684
v 0.2545643 -0.07395363 0.5722637
v -0.366363 -0.954319 0.587619
v -0.45694157 -0.86539674 0.60467744
v -0.3712418 -0.955209 -0.2524786
v 0.20339203 -0.33840942 -0.45179605
v 0.0166035 0.930166 -0.24823
v -0.6052106 0.62713957 -0.67106915
v -0.557394 0.588799 0.118917
v -0.97221947 0.092077255 0.33244324
v 0.71439743 -0.43310356 -0.11764526
v -0.4412222 0.42863417 0.22777557
v -0.650236 0.90886 -0.725971
v -0.8181014 0.019838333 0.6013098
v -0.5038099 0.28025246 -0.0522213
v -0.5868424 0.68024206 -0.588892
v -0.77880526 -0.02233082 0.49215174
v 0.34594917 -0.26676512 -0.3823967
v -0.67959595 -0.12368393 -0.17025757
v -0.9642987 0.11143891 0.39079937
v 0.9035144 -0.48388195 0.27875662
v 0.51405334 -0.8553047 0.5396271
v 0.35833 -0.16604424 -0.29007113
v 0.263695 -0.433246 0.743054
v -0.13185692 -0.076657295 -0.27794635
v -0.8790531 0.36192322 0.04141617
v 0.4484024 -0.2804947 -0.32943726
v 0.105075 -0.817706 0.634037
v -0.4547963 -0.8943882 0.61627436
v -0.45286965 -0.6983444 0.33264965
v 0.55936813 -0.8515835 0.48544312
v 0.77529144 -0.5106983 0.35312653
v -0.820476 0.425537 0.000880395
v 0.5008297 -0.9542935 0.36786652
v -0.33322114 -0.40908813 -0.22864151
v -0.8083248 0.5227003 0.02624321
v 0.28698444 -0.94194984 -0.15268993
v -0.79348946 0.46725655 -0.01637268
v -0.151798 -0.445042 0.562229
v 0.21408623 -0.6226063 0.7439132
v 0.53132915 0.12684059 0.398983
v -0.9589356 0.045165777 0.25392246
v -0.56643015 0.7620268 -0.74834025
v 0.761837 -0.8376045 -0.01379776
v -0.31304455 -0.8257582 -0.20257187
v -0.74953747 0.7000294 -0.45944977
v -0.65017223 -0.21584606 0.5672898
v -0.91735065 0.008586884 0.20586658
v 0.022914886 -0.9668462 0.64484215
v 0.39802092 -0.17826366 -0.2879231
v -0.142768 -0.750543 0.532671
v 0.972959 -0.512484 0.152283
v -0.6494355 0.18128777 0.6814501
v 0.0813092 0.73541677 -0.20425844
v -0.41510063 -0.25001433 -0.25897297
v 0.39276886 -0.51260567 -0.38205528
v 0.48619652 -0.69780684 -0.3261795
v -0.6442127 0.822819 -0.58142376
v -0.16207886 0.7783699 -0.20391846
v -0.776259 0.551328 0.00258812
v -0.33405924 -0.6683092 -0.13296008
v -0.87721825 -0.05096817 0.061653137
v -0.8017578 -0.30303574 0.4805832
v 0.29496002 -0.246418 0.722229
v 0.91251755 -0.7267208 0.35465622
v -0.72517776 0.7048645 -0.5046692
v -0.67124265 0.00078496337 0.5247021
v 0.7546365 -0.73202074 -0.067622334
v -0.6617043 -0.94190353 -0.05122757
v -0.742757 0.89396 -0.663686
v -0.716075 0.90821 -0.665232
v 0.0132318735 -0.3337407 0.75344336
v 0.5280647 -0.1788063 0.6084366
v 0.5688915 -0.7754955 -0.21758842
v 0.2929182 -0.62747383 -0.3824234
v -0.6689508 0.76729774 -0.36415863
v -0.825457 0.180118 0.680367
v -0.9621948 0.4031207 0.26256943
v -0.56432265 0.17053865 0.5620348
v -0.9517493 0.4543059 0.21619034
v -0.8376398 0.14631224 0.6538267
v -0.321827 0.692231 0.0776794
v -0.5430441 -0.8840994 0.24909544
v 0.962132 -0.52194786 0.10387993
v -0.88682556 -0.17768097 0.37707138
v -0.86662054 0.010965109 0.55579376
v 0.71092224 -0.11389351 -0.07043457
v -0.817682 0.237757 0.698348
v -0.237471 -0.750451 -0.114165
v -0.8126329 -0.013071687 0.47725165
v 0.30507088 -0.9607508 -0.15906334
v 0.84 -0.491365 0.100459
v -0.73713136 0.61361694 -0.050354004
v -0.352556 -0.778019 0.52409
v -0.8286629 0.3092041 0.669014
v -0.17495108 -0.97359574 0.18993092
v -0.20749521 -0.5115776 -0.25699234
v -0.8946295 0.023109436 0.08753967
v -0.724848 0.900201 -0.635851
v -0.450317 0.4155 0.0240785
v -0.14789867 -0.5219307 -0.3948288
v -0.69421005 -0.35393715 -0.19391727
v -0.70548487 0.55175066 -0.53855324
v -0.070370674 -0.104665756 0.58479595
v -0.8014231 0.35640717 0.65164185
v -0.39863658 0.32679987 0.2345488
v -0.6057144 -0.8494685 0.44422784
v -0.6106564 -0.36156464 0.5812435
v -0.5449948 0.5019233 0.47220528
v -0.49234772 -0.7195573 0.13795376
v -0.61965084 0.48820353 0.5155544
v -0.407893 0.114183 0.415814
v 0.47672272 -0.030648232 0.5342951
v -0.653388 0.909415 -0.701488
v 0.5068836 0.16020584 0.37837982
v 0.35507 -0.970503 -0.118036
v -0.8713355 0.029604912 0.59580326
v -0.1397438 -0.92241144 -0.060073853
v -0.18072319 -0.6608796 -0.21373558
v -0.601191 -0.870173 0.380387
v -0.9881438 0.104762554 0.29220676
v 0.68590546 -0.44578934 0.504982
v -0.34692198 -0.6045246 -0.15500832
v 0.48893738 0.030929565 0.4934826
v -0.23625088 -0.12699413 -0.2666011
v -0.0896759 0.6607313 -0.031463623
v -0.83470535 0.2671528 0.68533516
v 0.21240616 -0.67343116 0.72052443
v 0.12523651 -0.96121764 0.55406666
v 0.9378805 -0.7559576 0.29149628
v 0.15431 -0.116272 0.5923
v -0.89351416 -0.020357609 0.1676197
v -0.73612213 0.36569214 0.6465454
v -0.645039 0.843781 -0.740479
v -0.8289223 -0.17683983 -0.073143005
v 0.4202671 -0.96156144 -0.19778442
v -0.90664864 -0.17242622 0.06348038
v 0.66867065 -0.3454132 -0.20848846
v -0.682725 0.0603426 0.674027
v 0.08545685 -0.64232063 0.7270098
v -0.606659 0.544994 -0.0300758
v -0.1011982 -0.30496216 -0.45653677
v -0.88526297 -0.38479424 0.11554146
v 0.7645966 -0.63249636 -0.02457285
v 0.5751953 -0.9691122 0.19270897
v -0.169435 -0.958137 0.675931
v -0.91747785 -0.2940645 0.21735382
v 0.447091 -0.808913 0.567707
v -0.52246416 0.5760906 0.3077221
v -0.44950747 -0.15577745 -0.26496482
v 0.453228 0.08490372 0.48098373
v 0.35344505 -0.08081722 0.6049862
v 0.402462 -0.7159958 -0.34586906
v -0.7384987 -0.100958824 0.49728012
v -0.8635106 0.06294823 0.6317549
v -0.2735632 -0.31316757 0.58238035
v 0.85411406 -0.53794193 0.3555708
v -0.9406948 0.38109684 0.20557022
v -0.08224225 -0.17953017 -0.30847785
v -0.205409 -0.750283 0.50311
v -0.35279512 0.6096144 0.09980106
v 0.29213142 -0.11472058 -0.25914907
v -0.38906384 -0.7189636 0.4961548
v -0.33622122 -0.9840742 -0.26441097
v -0.89104176 -0.024686843 0.26229095
v 0.89557314 -0.47954798 0.12809563
v 0.49338531 -0.25514984 -0.29296875
v -0.6731213 0.5956569 -0.0011510849
v -0.525764 -0.8830795 0.27458948
v 0.256399 -0.971533 -0.265739
v -0.5871744 0.77895355 -0.64100647
v -0.7443638 0.586988 0.32510757
v -0.19710863 -0.37610245 0.5531411
v 0.8146367 -0.5207443 0.05677986
v -0.15403175 -0.96824336 0.58593893
v 0.09999466 -0.9713707 -0.2160654
v 0.8664866 -0.84566975 0.18477255
v 0.7941544 -0.2892475 0.29283524
v 0.537235 -0.782143 -0.242128
v -0.468891 -0.978311 -0.124657
v 0.37141085 -0.906538 -0.2751732
v 0.784949 -0.508164 0.335837
v -0.17466617 0.16651475 -0.037599087
v -0.26443326 -0.8528975 0.56106925
v -0.37222767 0.03402233 -0.19326758
v -0.154226 -0.690538 0.489324
v -0.30166435 -0.9703262 -0.014019012
v -0.250304 0.687171 0.000586707
v -0.61352634 -0.10217953 0.5544634
v -0.8884239 -0.007030487 0.28082275
v 0.9977666 -0.6107726 0.21981049
v -0.782959 -0.09626007 -0.097351074
v -0.4086331 0.35670233 0.2006259
v 0.95836973 -0.7218323 0.29004478
v -0.09237206 -0.91293263 0.49146295
v -0.4498558 -0.058907032 -0.22978806
v -0.24048042 -0.9812335 0.09574127
v 0.29955196 -0.9124191 0.39910126
v 0.8902636 -0.50754976 0.32096672
v -0.27807617 -0.9808123 0.120212555
v -0.21163559 -0.5437355 -0.2183075
v 0.085493565 0.2508043 0.09074974
v -0.6496277 -0.5943737 -0.011413574
v -0.38541865 0.29772305 0.13629627
v -0.194724 -0.947796 0.668875
v -0.06986719 -0.9838308 -0.28654575
v -0.223285 0.817208 0.000386298
v -0.48660564 -0.8130703 0.34799957
v -0.786177 0.76234 -0.515212
v -0.14377213 -0.9658065 0.67079544
v -0.018666 -0.972454 -0.233862
v 0.22198963 -0.97660685 -0.2608924
v 0.5954857 -0.76301384 -0.17620087
v -0.17507362 0.82624626 -0.03997612
v 0.951539 -0.502351 0.263805
v -0.59607637 0.65658045 -0.25047207
v -0.55044496 0.15716696 -0.09179282
v 0.11196518 -0.32961524 -0.4677236
v 0.25496674 -0.80067444 0.66664886
v 0.011257172 -0.96925664 0.62707615
v -0.0262181 0.0113674 -0.233973
v -0.39452112 0.3223619 0.16884577
v -0.116387 -0.966128 -0.347749
v 0.7589979 -0.7001381 -0.059277296
v -0.41814804 0.2916783 0.023334503
v -0.7696886 0.58802414 -0.22450447
v -0.532091 -0.790984 0.0280169
v -0.166939 -0.492158 0.533173
v 0.36836624 -0.28927612 0.7168808
v -0.568002 0.579788 0.072779
v -0.28540707 -0.95995694 0.18044186
v -0.6730694 0.59418386 0.2938366
v 0.26382828 -0.626071 0.7431011
v -0.551434 -0.906719 0.269897
v -0.5693035 0.5467119 0.4520073
v -0.576245 0.581424 0.0992245
v -0.20918465 0.12534332 -0.11045647
v -0.290759 -0.941405 0.571488
v -0.211283 -0.73982 -0.114441
v -0.8045411 0.21230698 0.6999779
v 0.33114052 -0.79318047 0.65551376
v -0.52999115 -0.8856884 -0.08789635
v -0.7780551 0.24093425 0.70442533
v 0.7503576 -0.8195324 0.41519642
v -0.418965 0.419707 0.0695427
v -0.5725086 0.81805944 -0.73103046
v -0.5083971 0.17058408 0.5294881
v -0.79024446 0.70380306 -0.41248512
v -0.796486 0.259374 0.700033
v 0.15475082 -0.72011966 0.7117382
v -0.00323009 -0.954093 0.681292
v -0.11465263 -0.5792141 -0.39778137
v -0.22068429 -0.9725848 0.28608656
v 0.6542587 -0.29016876 0.547966
v -0.14775419 0.07310486 -0.1707859
v 0.726796 -0.651682 -0.0428777
v -0.173773 -0.446025 0.543711
v 0.01829052 -0.47233963 0.7322874
v -0.038593292 -0.9652076 0.67269135
v 0.04899788 -0.70069313 -0.4165964
v -0.214059 -0.712808 -0.115274
v -0.90347767 0.04436207 0.5922375
v 0.4961443 -0.56186295 -0.32876968
v -0.46046638 -0.9229454 0.62258804
v -0.6322837 0.57208467 0.059681892
v -0.021158218 -0.6697731 0.6604881
v 0.5754509 -0.1390394 -0.20612717
v -0.510836 -0.70572 0.0922251
v -0.9541068 0.47920132 0.32873535
v 0.600761 -0.883237 0.396393
v -0.5840244 -0.413002 0.5613251
v -0.2568866 -0.857208 -0.33117414
v 0.8151326 -0.44190532 0.17271805
v -0.098756075 -0.9250934 0.7175645
v 0.32254314 -0.7031951 -0.3726294
v 0.4265747 -0.44368362 -0.35484695
v 0.13255668 -0.6890421 0.7123604
v 0.236041 -0.664194 0.723954
v 0.705114 -0.740613 0.427633
v 0.54348946 0.02520752 -0.13029957
v -0.3432064 -0.9623506 0.56701183
v -0.6571634 0.030512333 0.6047878
v -0.13942719 -0.96118945 -0.36119795
v 0.0708313 0.73410225 -0.26956367
v -0.5238178 0.36853564 -0.04494083
v -0.794223 0.770714 -0.457125
v 0.34873962 -0.52253723 0.7232666
v 0.27630043 -0.3320086 0.752995
v -0.22566557 -0.97834265 0.17529488
v -0.58861375 0.42200667 0.50475085
v -0.8797169 -0.028976202 0.08773041
v 0.94351625 -0.5223255 0.3051796
v 0.40730476 -0.7248001 0.64261246
v -0.314529 0.575397 0.100745
v -0.27030754 -0.94473696 0.58483696
v -0.6610987 0.60719156 -0.043037415
v -0.2947837 0.09451914 -0.16116333
v -0.720898 0.432322 -0.111631
v 0.0205717 -0.765988 0.642906
v 0.820617 -0.483821 0.259267
v -0.3800068 -0.49874306 0.55087185
v 0.21490908 -0.9269016 -0.16539574
v 0.4601364 -0.44366074 0.68805313
v 0.20664549 -0.9144373 -0.14827013
v 0.52892494 -0.27478218 0.6331978
v -0.48525238 -0.4451332 -0.21827316
v 0.6027069 -0.26676178 -0.2377758
v -0.07365346 -0.15519238 0.5954623
v -0.9143615 0.029935837 0.5522499
v -0.589643 0.666358 -0.69786
v 0.11546874 0.24367619 0.34191895
v -0.26279736 0.76458263 0.03681183
v -0.771962 0.576746 -0.185507
v -0.903613 0.016940415 0.52419925
v -0.48853683 0.16952133 -0.0831871
v -0.5422504 0.46548843 -0.007293567
v 0.25485802 -0.0928936 -0.26288128
v -0.3008175 -0.9495127 -0.34774923
v 0.07594395 0.7904477 -0.32398558
v -0.130912 0.918412 -0.0975336
v 0.050488472 -0.31357002 0.75421524
v -0.38667297 0.4863472 -0.021450043
v 0.750823 -0.90094376 0.2574005
v -0.53075 -0.791644 0.110589
v -0.45523834 0.59070873 0.15718842
v 0.99548566 -0.5676532 0.22688675
v 0.22731972 0.2461462 0.35718918
v -0.506531 0.597652 0.149119
v -0.36283875 -0.97640336 0.36608028
v -0.0678936 -0.956628 -0.342571
v 0.27004242 0.16847229 -0.11635208
v -0.773785 0.656514 -0.346258
v -0.7214737 0.65613747 -0.45868683
v -0.18703079 -0.9654318 0.6427345
v 0.22005081 -0.78234863 0.6802788
v -0.86097336 -0.278677 0.399765
v -0.085502625 0.95319366 -0.17297459
v 0.05048752 -0.22739458 -0.44079542
v 0.43507767 -0.31817627 0.67455673
v -0.756297 0.870661 -0.654595
v -0.025247574 -0.837981 0.6903763
v 0.8065567 -0.78060913 0.41070557
v -0.033107758 0.66410303 -0.061237335
v -0.057122707 -0.20860887 0.6736727
v -0.4162712 0.0054244995 0.5019436
v -0.78193 0.848815 -0.616847
v -0.275205 -0.879618 0.565031
v -0.8838854 0.14225721 -0.014221668
v -0.4306593 -0.019954681 0.5152979
v -0.277639 -0.967667 -0.361491
v -0.417751 0.427715 0.129364
v 0.6592879 0.046566457 0.32073402
v -0.549213 0.0300101 0.485566
v -0.49431401 0.5630282 0.3041029
v -0.07275581 -0.3459797 0.73498344
v 0.3749466 -0.38788795 0.71606064
v -0.4132557 0.26261252 0.39062214
v -0.746904 0.58388 -0.254518
v 0.49951935 0.12574387 0.4310608
v 0.6581054 -0.75060797 -0.06959665
v -0.207321 -0.665636 -0.13532
v -0.0114856 -0.142381 0.592796
v -0.342657 0.2256 0.251423
v -0.846468 -0.0167288 0.367948
v -0.456632 -0.953213 0.611918
v -0.6100979 -0.941364 0.5523815
v -0.7885914 0.17166424 0.6884136
v -0.9530134 0.4436264 0.3562317
v 0.4582777 0.19778633 0.34080696
v -0.64708614 -0.030812025 0.50843406
v -0.308722 0.598147 0.0900441
v -0.7386837 0.40698206 -0.06737566
v -0.68983185 0.45538998 -0.25264454
v 0.7492943 -0.24517822 -0.08909607
v -0.1755093 0.19723976 0.07046628
v 0.7653508 -0.6051464 0.38721085
v -0.6109524 -0.2063322 -0.21692395
v -0.40904665 0.31704515 0.07290554
v -0.684494 -0.3009367 0.5610924
v 0.15748835 -0.9224434 0.20520687
v -0.02435577 -0.12706852 -0.2892959
v 0.16604686 -0.92388827 0.1551733
v -0.74979234 0.48222303 -0.14647675
v 0.7275162 -0.29784393 -0.13840485
v 0.8084445 -0.47804427 0.07010317
v 0.4290161 -0.46533203 0.6912308
v 0.17681 -0.120434 0.61054
v -0.0238696 -0.935315 0.697651
v -0.405803 -0.751116 0.491089
v 0.2648983 -0.21232319 0.7190676
v 0.07418394 -0.25065994 0.74487257
v -0.3816948 0.65171623 0.11060715
v -0.09157133 -0.15341139 -0.29279947
v -0.2368679 0.09289169 -0.1500969
v -0.5092668 -0.84200084 0.5896566
v 0.27557755 -0.95989704 0.31398773
v 0.25636864 -0.9702976 0.2666626
v -0.31042075 -0.96549046 0.23127174
v 0.45100975 -0.9183569 0.5703392
v 0.683275 -0.7435334 -0.06552848
v -0.9383879 0.06136942 0.5699711
v -0.15571 -0.948182 0.697735
v 0.58963394 -0.6649008 0.5492096
v 0.450168 -0.80636 -0.274102
v -0.21604061 -0.773736 0.51854897
v -0.3794403 -0.6241112 0.50868607
v 0.55971146 -0.4323578 0.6094723
v -0.90704346 0.12527847 0.017528534
v -0.030533671 0.052764893 -0.20895433
v -0.7977781 0.3778473 -0.040112495
v 0.12313402 -0.63434696 0.7366204
v -0.273915 -0.967094 0.15181
v -0.6540756 0.8827801 -0.74126625
v 0.49356508 -0.2883606 0.64877796
v -0.8851383 0.027135015 0.39302456
v 0.0299748 -0.562574 0.711734
v -0.466947 -0.967746 0.587025
v 0.00685916 -0.60429 0.698706
v 0.13747406 -0.92067295 0.167696
v 0.3529687 -0.711112 0.69178724
v -0.6292281 -0.90658784 -0.061822176
v -0.42977047 0.43234634 0.18141365
v 0.273983 -0.92318016 -0.13809395
v -0.292366 0.577438 0.0888187
v -0.15353107 -0.2980466 0.6044235
v 0.85870266 -0.58350945 -0.0019226074
v -0.4953556 0.3291607 -0.028817177
v 0.6828766 -0.87530136 0.3784294
v 0.357759 0.15236998 -0.13205528
v -0.40986633 0.72711754 0.018631935
v 0.75077295 -0.67468834 -0.046756744
v -0.32231998 -0.15237427 0.5599723
v 0.0597146 0.900317 -0.355364
v -0.30903816 -0.22059059 -0.2771387
v -0.48985386 -0.9827642 0.22606564
v 0.72600555 -0.50237274 -0.11577988
v 0.25712967 -0.95037407 0.6103964
v 0.222291 -0.924159 0.0300816
v -0.61406 -0.959463 0.230166
v -0.319362 -0.779966 -0.123678
v 0.57174206 0.047538757 0.44514465
v -0.5988691 0.5862503 0.3399887
v 0.67951584 -0.31200027 -0.19803238
v 0.67923737 -0.7887001 -0.06219244
v -0.20284653 0.5590725 -0.064847946
v -0.58672714 -0.8777509 0.3500452
v -0.568235 0.802307 -0.758411
v -0.2843609 0.7778187 0.033843994
v -0.61774313 -0.86794865 0.47102118
v -0.7156556 -0.95504224 0.10061455
v 0.016614914 0.69625187 -0.20810318
v 0.1135 -0.602032 0.740232
v -0.9336506 0.035237312 0.4866104
v -0.9123189 0.022331655 0.47551584
v 0.35983896 -0.9750178 -0.16345882
v -0.764844 0.423497 -0.0503186
v 0.569521 -0.897474 0.410382
v -0.0611825 0.023223877 -0.22309875
v 0.3187561 -0.9483352 -0.27597237
v -0.195379 -0.747282 -0.136487
v -0.44586384 -0.7869849 0.5056124
v -0.6207619 -0.08730745 -0.1938858
v -0.64847755 -0.14000225 0.5537386
v -0.6380353 -0.88490444 -0.03543198
v 0.223476 -0.916619 0.00272369
v -0.5345478 0.5512829 0.42437935
v 0.46655226 -0.9677985 -0.00047397614
v -0.37837982 0.18580723 -0.099123955
v -0.4718815 -0.26012897 0.59581095
v -0.589859 -0.9209458 0.24309564
v -0.71925545 0.7272415 -0.24131775
v -0.911708 -0.310953 0.102926
v -0.19346619 -0.7226558 0.4960909
v -0.38770723 -0.3611765 0.5840397
v -0.30624938 -0.11839008 -0.2539246
v 0.582489 -0.21268415 0.5824909
v -0.58866906 0.42729676 -0.06997776
v -0.6217327 0.7000313 -0.7417965
v 0.36348423 -0.9558335 0.41668457
v -0.649765 -0.09409809 -0.17727089
v 0.62617195 -0.9627489 0.16557407
v -0.05670929 0.66201687 -0.048358917
v 0.40953135 0.22538376 0.33871078
v -0.8090377 -0.44495344 -0.030364037
v -0.25031996 -0.95124984 -0.36985993
v 0.025484398 -0.14464223 -0.2949922
v -0.8034439 -0.34391022 0.46903992
v -0.06864309 -0.9182682 0.51857185
v -0.20376778 0.80346346 -0.012583733
v -0.4162979 -0.65161324 0.4640541
v -0.69569016 0.853899 -0.6912346
v -0.3263893 -0.6298981 0.54211044
v 0.6234708 0.026960373 -0.0712471
v -0.39353132 -0.31766605 0.598052
v -0.59050083 0.46243 -0.11716461
v -0.57760805 -0.8222374 0.45203257
v 0.9858551 -0.58386326 0.27332306
v -0.32218838 -0.97021246 0.5286827
v 0.55435705 -0.1687088 -0.23585033
v -0.608588 0.89207 -0.736168
v 0.215478 -0.514986 0.748348
v -0.680363 0.578364 -0.620206
v 0.3128605 -0.3871832 -0.41247654
v -0.491644 -0.899425 0.622631
v -0.39007568 -0.77394223 0.5113442
v 0.7225723 -0.40383434 -0.11437225
v 0.426013 0.15049744 0.4338684
v 0.48177236 -0.92194176 -0.0884819
v 0.997897 -0.62951 0.153978
v 0.2303195 -0.9666716 0.08884621
v 0.06924248 0.25051808 0.2523079
v -0.61620295 0.5853584 0.15595627
v -0.7316315 0.5253459 -0.41517162
v 0.13618279 0.19190931 -0.09705877
v 0.313912 -0.932145 -0.0976934
v -0.14672136 -0.25529587 0.5982821
v 0.310758 -0.938517 -0.133
v 0.43297294 -0.9672998 -0.12731886
v -0.92471606 -0.2922267 0.16525507
v -0.84141827 0.32478523 -0.00689888
v -0.011553764 0.6419859 -0.07644224
v -0.768974 0.474224 -0.0611612
v -0.8044529 0.54096687 0.04452133
v -0.6730602 0.6908455 -0.17824554
v -0.67536545 0.87554073 -0.7209053
v -0.681787 0.48886 -0.412349
v 0.21670079 0.003720522 -0.23991627
v -0.256288 -0.869849 0.588764
v -0.034560204 0.6224868 -0.07994318
v -0.427457 -0.969673 -0.143277
v -0.0405655 -0.91674 0.51493
v -0.5976925 -0.8580601 0.51739883
v -0.75883365 0.51053643 -0.1920681
v 0.27961552 -0.19529009 -0.37436008
v -0.8660202 -0.24298948 -0.043780327
v -0.502074 0.0585457 0.47917
v -0.5448333 -0.66495574 0.11794996
v -0.45734942 0.41854668 0.2814331
v -0.9650897 0.07976484 0.53547287
v -0.360403 0.0801555 -0.179776
v 0.32152748 0.27355477 0.21366644
v -0.8219032 -0.33211327 -0.0707283
v -0.63760376 -0.96806365 0.20276642
v -0.17076015 0.18657589 0.2686653
v -0.40533233 -0.29306126 0.6027361
v -0.62960815 -0.25859213 0.5893116
v -0.669598 0.536278 -0.57207
v -0.09367943 0.64097226 -0.0071685314
v -0.8930874 -0.04849243 0.26581955
v 0.38023758 -0.62828636 0.6781273
v 0.3301506 -0.22956085 -0.37324905
v -0.49103355 -0.3727579 0.59645724
v 0.56002045 -0.30604362 0.6163883
v -0.3112259 -0.8628788 0.5604
v -0.69969654 0.0765481 -0.0822227
v -0.5853344 0.52365017 0.0011733174
v -0.8831787 -0.21987915 0.3817749
v 0.75258636 -0.5714588 -0.027950287
v -0.5477 0.560362 0.0289444
v -0.496976 -0.792335 0.427928
v -0.773803 0.504622 -0.0601614
v 0.67220306 -0.5864439 0.5129223
v -0.39653778 0.6305542 -0.07343292
v 0.68121 -0.729277 0.429485
v -0.451307 -0.702774 0.26642
v -0.87404096 -0.33956337 0.32984352
v -0.8266697 -0.43997812 0.31308746
v -0.592749 0.520613 -0.0457588
v -0.6278534 -0.32546324 -0.22209096
v -0.43445587 0.5514035 0.16891956
v 0.10062051 -0.91418594 -0.14871502
v -0.32208288 0.2104876 -0.051304817
v 0.43707085 -0.94491863 -0.20254135
v 0.0280226 0.657417 -0.142788
v -0.136122 -0.976511 -0.342871
v 0.4517302 0.20228863 0.012228012
v -0.300432 -0.878161 0.560367
v 0.206889 -0.95756 0.135279
v 0.2131541 -0.9649033 0.17692292
v -0.934741 0.04396248 0.44438934
v -0.90971565 0.2094574 0.016952515
v 0.8137249 -0.45230472 0.11602974
v -0.059336662 0.9320669 -0.1460886
v -0.929459 0.0577232 0.392567
v 0.3973379 -0.5509453 -0.37154865
v 0.101069 0.82179 -0.310323
v 0.46679878 -0.10636711 0.6024895
v 0.7829094 -0.32573974 0.3480339
v -0.079238415 -0.74842143 0.57855415
v -0.4639845 -0.82096195 0.565752
v -0.8657112 0.52678597 0.093112946
v -0.80478287 0.21856382 -0.05729866
v 0.73036957 -0.34210014 -0.13456345
v 0.38012314 -0.86024475 -0.2930584
v -0.132259 -0.954359 0.69943
v 0.840923 -0.472063 0.207185
v 0.34280014 -0.93441534 0.59843445
v -0.8986585 -0.0005376339 0.1487484
v -0.35638595 0.18222284 0.32459116
v -0.15690613 0.84544754 -0.19446564
v -0.7242956 0.49455547 -0.37237263
v -0.16287923 -0.5832956 -0.3366742
v -0.45433742 -0.37431717 0.5886221
v -0.53154254 0.13561916 -0.10370064
v -0.5652758 0.47505832 -0.01971507
v -0.51666355 -0.9400924 -0.11425114
v -0.8554045 -0.39270782 0.31685257
v -0.20479584 -0.32062817 0.5622716
v -0.4400301 0.47694778 -0.00867033
v 0.7624054 -0.4811821 0.38471985
v 0.0490261 -0.785403 0.646372
v 0.6459961 -0.6641922 -0.16409302
v -0.14494324 0.8180084 -0.20985413
v -0.69451284 0.6454849 -0.08145523
v -0.36623955 -0.6768532 -0.129776
v -0.6934128 0.14543653 -0.09137863
v -0.8753023 -0.3092854 0.362566
v -0.24740791 -0.65802 0.5307236
v -0.462431 0.0414748 0.473078
v -0.785865 0.850677 -0.586824
v 0.390289 -0.96524 -0.226544
v -0.656634 0.559631 -0.619765
v -0.942707 0.522932 0.239626
v 0.59127903 -0.85865784 0.42736053
v 0.28451347 -0.5573416 0.7359538
v -0.31404597 -0.5216694 0.55677414
v -0.954591 0.505452 0.259484
v 0.49258614 -0.6786766 0.6265526
v -0.6526433 0.26826397 0.62877893
v -0.947864 0.330977 0.226853
v -0.94981664 0.35435048 0.25485837
v -0.6457691 0.684845 -0.7123337
v 0.55249405 -0.95256996 0.3094635
v 0.203236 -0.768194 0.695842
v -0.5299339 -0.43859482 0.5679207
v 0.288248 -0.748379 -0.359393
v 0.25831032 -0.34201527 -0.4222846
v -0.790947 0.67701 -0.33905
v -0.7228794 0.7865906 -0.39207458
v 0.52023315 -0.9647979 0.2963791
v -0.87335014 0.17568892 0.6510525
v 0.0257064 0.680192 -0.118984
v -0.593131 0.686861 -0.740028
v -0.664429 0.601531 -0.658155
v -0.19970173 -0.8224659 0.6065321
v 0.71539116 -0.12530518 0.39151764
v -0.92123604 -0.22140121 0.12204933
v 0.28456533 -0.8517809 -0.29969597
v 0.3277359 -0.95381796 0.3644333
v 0.8175764 -0.8751812 0.13580704
v 0.5887852 -0.6096318 -0.24083138
v -0.39521685 -0.9218118 -0.14251167
v -0.15907478 -0.9799659 -0.35370922
v 0.4630432 -0.3282051 -0.33377075
v -0.5461168 -0.6366854 0.0022125244
v -0.8349571 -0.011238098 0.39173126
v -0.163414 -0.38197422 0.57930183
v -0.8524437 0.41702843 0.049446106
v -0.65769386 -0.19657612 -0.1929574
v -0.7257576 0.5642414 -0.38794708
v 0.1816225 -0.933516 0.20273018
v -0.93645716 0.064486146 0.3649888
v 0.59316826 -0.6419382 -0.23025131
v 0.24541044 -0.978636 -0.23356569
v -0.631212 0.569678 -0.605262
v 0.8037853 -0.30216074 0.091560364
v 0.02381897 -0.8843117 0.68081665
v -0.9841063 0.25602508 0.2876582
v 0.43785 -0.246741 0.654285
v -0.40354 -0.167159 0.584545
v -0.31653118 0.06196022 -0.18167067
v -0.861641 -0.0237563 0.344126
v 0.13264465 -0.4940033 0.7621212
v -0.452008 -0.3023665 0.605001
v -0.115837 -0.199566 0.592898
v -0.13439941 0.6868057 -0.054107666
v 0.45263672 -0.70508385 -0.3392563
v 0.2746849 0.01322937 0.55634594
v 0.1065979 -0.95520926 -0.30156517
v -0.77510643 0.44996834 -0.036670685
v -0.8940274 -0.37907556 0.19837081
v 0.0927905 0.749306 -0.28315
v -0.6639472 -0.8550009 0.09090361
v 0.20555592 -0.00051116943 0.56864643
v -0.19783783 0.1502533 -0.073524475
v -0.602231 0.5943146 -0.51010895
v 0.8760986 -0.6075647 -0.0142633915
v -0.63968945 -0.91604877 0.19921923
v -0.48485908 -0.81442237 -0.061567247
v -0.703001 0.6112461 -0.5086212
v -0.21669579 -0.98247576 -0.26783943
v 0.7227211 -0.50823975 0.45158386
v -0.3235824 -0.7841482 0.5303123
v 0.52944946 -0.64250374 -0.29803085
v -0.82709503 0.1377697 -0.04028511
v 0.41739082 -0.9583856 0.55763245
v -0.15072 -0.985023 -0.327168
v -0.5679338 0.20721173 0.55790603
v -0.645538 0.606141 -0.675671
v -0.14681816 -0.09476471 0.5642834
v 0.9528122 -0.5681238 0.051613808
v 0.831783 -0.477368 0.232178
v 0.7932117 -0.8158245 -0.021392822
v -0.528334 -0.640122 -0.00574257
v -0.038837492 -0.54149437 0.68904495
v -0.54478717 0.58719045 0.18288875
v 0.8113546 -0.8797161 0.18618393
v -0.9656557 0.21652639 0.44597673
v -0.9508062 0.0513753 0.51628065
v -0.406869 0.44467 0.116304
v -0.17832 -0.927886 0.686982
v 0.11877632 -0.92305326 0.5109768
v -0.23483562 0.21281505 0.24273586
v -0.474484 -0.788492 0.508047
v 0.3241539 -0.19813919 0.68574905
v -0.58945847 -0.83560705 0.4935086
v -0.00672664 -0.774352 0.626229
v -0.0372715 -0.32654476 0.75107956
v -0.444032 -0.221605 0.586097
v -0.77533746 -0.5242882 0.096803665
v 0.35455894 0.045783997 0.5182085
v -0.17713892 -0.74748707 0.5032909
v 0.37998772 0.012653589 -0.21768093
v 0.5472932 -0.97238636 0.13720322
v 0.15859795 -0.5858774 0.7432637
v -0.028575 0.984593 -0.209077
v -0.50757766 -0.7813052 0.14025283
v 0.5009973 0.18851519 0.32159615
v -0.47225213 -0.31552076 -0.25761193
v 0.88531876 -0.52696323 0.04628277
v 0.834976 -0.474188 0.162011
v 0.17806911 -0.9215044 0.27589226
v 0.0958358 -0.926039 0.656699
v -0.23227942 0.043926716 -0.199363
v -0.1598835 -0.44629025 -0.4235134
v -0.232665 -0.931935 0.633932
v -0.28440857 0.6886482 -0.14382172
v -0.46321487 -0.7495997 -0.06394863
v -0.9265137 0.077243805 0.5993118
v -0.975821 0.07329178 0.27154732
v -0.9041519 0.08747387 0.62552834
v 0.90481186 -0.68720436 0.382349
v -0.43285656 -0.96647215 0.591238
v 0.0893862 -0.957552 0.649562
v -0.10392928 -0.25472856 -0.42790437
v -0.93021107 0.2956066 0.07509041
v -0.252159 -0.433479 -0.225474
v 0.6590109 -0.06419563 -0.11099815
v 0.55077744 -0.75967026 -0.24774551
v -0.8969612 0.27051163 0.026939392
v -0.7999191 -0.32453918 -0.10798645
v 0.0467889 0.687208 -0.139641
v -0.8407593 0.01487422 0.021247864
v -0.09629059 -0.27666664 0.68976593
v 0.0778807 -0.802666 0.640624
v -0.6303327 0.77517354 -0.50285196
v -0.29144192 -0.66614914 0.53801537
v -0.47293472 0.087735236 0.46586657
v -0.395221 0.449773 0.0969964
v -0.0662223 -0.978461 -0.31858
v 0.35786057 -0.57969284 0.7095394
v 0.93815994 -0.61761856 0.029075623
v -0.034299612 -0.91418517 0.48272514
v -0.46055984 -0.6132755 0.42113876
v -0.83337784 -0.0015392303 0.4192047
v 0.8774376 -0.64464855 -0.029745579
v -0.42248917 -0.5561447 0.49949265
v -0.5909095 0.38418388 0.49715614
v 0.25572205 -0.67891884 0.7126446
v 0.09910011 -0.96688414 0.6274719
v 0.44358444 -0.406819 0.70117474
v -0.87327194 0.28005219 0.6517563
v 0.917942 -0.475842 0.159582
v 0.08486557 -0.96656084 0.57552767
v 0.0169811 -0.793602 0.635353
v 0.48320007 -0.38780212 0.6741791
v 0.6431904 -0.26348782 0.5565376
v 0.333196 -0.95271 -0.111405
v -0.8206296 -0.47677565 0.07186699
v -0.367425 -0.371543 0.570959
v 0.46458817 0.22232115 0.21281242
v -0.28935242 -0.3012278 -0.26235676
v 0.81626487 -0.45361736 0.20798326
v -0.521981 -0.680955 0.102745
v 0.7335052 -0.04306197 0.154603
v -0.9701557 0.17049813 0.1294899
v 0.36309028 -0.96050125 0.39255142
v 0.38869146 -0.96638066 0.4131806
v -0.7704319 0.55453 -0.08668041
v -0.16700521 -0.7538212 -0.23311916
v -0.026255697 -0.21370435 -0.4207301
v 0.04804325 -0.9108497 0.5024967
v 0.02776432 -0.3684044 0.75258565
v -0.76904297 0.57540727 0.10714722
v -0.31520653 -0.4210539 0.57364905
v -0.400947 0.439378 0.0735703
v -0.108486176 -0.35301733 0.7001915
v 0.12653726 -0.21058369 0.7360759
v 0.343424 -0.969732 0.505718
v -0.792703 0.707727 -0.354763
v -0.245026 -0.381799 0.569831
v 0.5669702 -0.79875946 -0.19121361
v -0.12179279 0.10270786 -0.14424229
v -0.635662 0.576111 -0.632132
v -0.9290309 -0.24674034 0.14160919
v 0.5097046 -0.76740265 -0.2720642
v -0.011604309 0.16145587 0.413208
v -0.35667223 0.25703418 0.22493863
v -0.5892916 -0.6250906 -0.0061941147
v -0.5831833 -0.15405321 0.5691867
v -0.87257385 -0.36223984 0.065704346
v 0.034555435 0.8044548 -0.21964645
v -0.85964966 -0.008585095 0.049137115
v 0.0188789 0.652833 -0.112508
v -0.5855145 0.49810982 -0.110955715
v -0.4278965 0.07248783 0.44798565
v -0.7576628 0.5349379 -0.12484646
v 0.41172886 -0.9451542 -0.2369709
v 0.0010623932 0.64397335 -0.13183403
v 0.45924523 -0.23440647 0.6344693
v -0.19949436 0.7150626 -0.04531765
v 0.1348896 -0.46753693 0.7691426
v -0.27654 0.662877 0.0278209
v 0.23935127 -0.9621453 0.60113144
v 0.6842356 -0.70205784 0.43663597
v -0.7861215 0.7394514 -0.48188972
v -0.78982 0.733203 -0.380713
v 0.0833354 -0.8329083 0.6435275
v -0.46890593 -0.7800596 0.4491439
v -0.3184774 0.21608305 0.24950933
v 0.5894928 -0.40478134 0.5938835
v -0.76322174 0.33979416 -0.057901382
v -0.32615873 -0.91897887 -0.31686574
v -0.69992065 -0.2860756 -0.1901493
v 0.37027645 -0.69103265 0.686862
v -0.0301191 -0.160332 0.606824
v -0.985374 0.128887 0.342009
v 0.9375465 -0.5465369 0.049585342
v -0.193845 -0.291236 0.577466
v 0.817606 -0.477667 0.0965531
v -0.71393394 0.35892373 -0.073235035
v -0.63282675 0.2798066 -0.090913504
v -0.28605938 -0.26196337 -0.2799344
v -0.241654 -0.457532 -0.227076
v -0.648637 -0.96746 -0.0626315
v -0.30085695 0.18887496 -0.08614969
v 0.015453696 0.07034111 -0.19112396
v -0.89792323 -0.33392525 0.24652481
v -0.619339 -0.04078102 -0.16747856
v -0.5796673 -0.037582397 -0.193079
v -0.64011383 0.028499603 -0.13032913
v -0.56461334 -0.92946327 0.5981407
v -0.7768707 0.00969696 -0.041915894
v 0.48005772 0.2108354 0.114852905
v 0.598814 -0.78027344 0.48449326
v 0.377494 -0.961019 0.572509
v 0.43653107 -0.96454966 0.51166344
v -0.75374746 0.63108635 -0.32748032
v -0.7393751 0.095788956 0.69648457
v -0.522284 -0.823084 0.563605
v 0.25430298 -0.9742265 -0.20135498
v -0.620732 0.603122 -0.666029
v -0.7284107 0.7510185 -0.5550003
v -0.8015766 -0.3925705 -0.06983948
v 0.4878788 -0.16239929 0.6194601
v -0.401169 -0.594253 0.492823
v -0.42156386 0.36778116 0.08267212
v -0.39468813 0.29092276 0.07843399
v 0.5609 0.15794808 0.11174393
v -0.36789513 -0.18317318 0.5747876
v -0.9389775 0.39112437 0.3817911
v -0.69624805 0.48591328 -0.38974762
v -0.598522 0.843862 -0.768264
v -0.33837795 -0.5508194 0.5470772
v 0.0971254 0.811729 -0.336526
v -0.7616253 0.196177 0.6990522
v 0.98520374 -0.5512681 0.25707626
v -0.48379564 0.4732008 0.36602402
v -0.514406 -0.883611 0.614149
v -0.6915548 0.8030615 -0.46355057
v -0.586082 0.157013 0.593299
v -0.220951 -0.565949 -0.188994
v -0.73694515 0.22160181 -0.08867335
v -0.53556013 -0.7860602 0.07521853
v -0.5672436 0.050709546 0.49439228
v -0.83340883 0.09245014 0.6453376
v -0.321358 -0.965689 -0.33557
v 0.9941341 -0.6590593 0.16762638
v -0.22642136 -0.33093548 0.56867886
v -0.41625595 -0.81086445 0.53883076
v -0.48402798 -0.2547996 -0.26592988
v -0.568214 0.55535 0.0348239
v -0.76947784 0.40222168 0.625206
v -0.4213488 0.3527832 0.26829624
v 0.02841568 0.21541977 0.34251022
v -0.32762372 -0.72614074 -0.124082655
v -0.77187634 0.62594223 -0.14402008
v -0.60876656 -0.30480957 0.59433746
v 0.035102844 -0.59194183 0.71038723
v -0.11703491 -0.3044052 0.67388916
v -0.8213196 0.5121918 0.47601318
v 0.0005159378 -0.20088196 0.70635223
v -0.204536 -0.917718 0.670285
v 0.19246033 -0.053759575 0.584409
v 0.91580963 -0.61548424 0.3776436
v -0.09865761 -0.081222534 0.5714359
v -0.8351517 -0.4227444 0.016262054
v 0.47549248 0.114593506 0.4558792
v -0.47426605 -0.7846222 -0.05832863
v -0.19327378 -0.42205477 0.54760766
v -0.153778 -0.77006 -0.275439
v 0.6638794 -0.12307739 0.46557617
v 0.0858581 0.767472 -0.306281
v -0.57977724 -0.08761597 -0.21359491
v -0.52235484 -0.8004241 0.5136843
v -0.48540878 0.40545058 0.38915634
v 0.3600483 -0.8516841 0.59461737
v 0.10696983 -0.07233477 0.5813577
v 0.829005 -0.480211 0.119876
v -0.9133835 -0.27091503 0.0720253
v -0.25489175 0.19500136 -0.04777479
v -0.70381045 0.7711849 -0.34156036
v 0.14566565 0.11907959 0.50706863
v 0.0668855 -0.316914 -0.476004
v -0.3941784 0.05734253 0.45483017
v -0.5118561 -0.64899254 0.3078003
v -0.123749 -0.732513 0.517487
v -0.44243348 0.22335625 -0.040269613
v -0.640801 0.588833 -0.655773
v -0.0026302338 -0.7228317 0.6578884
v -0.6757088 0.73017883 -0.6444702
v -0.24799347 0.6512623 0.026662827
v 0.16976166 -0.24090862 -0.4334073
v -0.5068631 -0.19053268 -0.25601673
v 0.13178253 -0.7423248 0.69506073
v 0.70145416 -0.36061907 -0.17242813
v -0.20066881 -0.9746836 0.30816746
v -0.661949 0.38706 -0.0853318
v -0.13444519 -0.93009263 0.29392242
v 0.43626022 -0.7853298 -0.29312897
v -0.2129898 -0.95721924 0.64058113
v -0.108572185 -0.928238 0.22915721
v -0.621095 -0.96699 0.485094
v 0.34350967 -0.97072077 0.5518179
v 0.339651 -0.000239483 0.532481
v -0.8654108 0.00018882751 0.35507202
v -0.82206535 0.37408447 0.6291199
v -0.853169 0.00468637 0.38284
v 0.356487 -0.950253 0.59125
v -0.23375082 -0.8819567 -0.35706544
v 0.5348625 -0.76310396 0.52970123
v 0.29637337 -0.47330856 0.7453296
v -0.5216427 0.34452438 0.4475355
v -0.19981623 -0.3517084 -0.3577404
v -0.22911215 0.53773403 -0.025491714
v -0.2121458 -0.88422644 0.6583791
v -0.97390246 0.15072149 0.42290592
v 0.109861 -0.110642 -0.287397
v 0.15431356 -0.114723146 -0.28047156
v -0.28956562 0.15837955 -0.11965346
v 0.154184 -0.087629 0.583609
v -0.93431234 0.3130442 0.099407196
v -0.19470584 0.18806005 0.0072155
v 0.276381 -0.515991 0.736655
v -0.204284 0.626118 0.0482432
v 0.32341766 -0.29410934 0.7359009
v -0.196443 -0.970131 0.526348
v 0.42779922 0.11797941 0.46618557
v 0.0944985 0.747213 -0.23791
v 0.18434143 -0.7485943 0.7099457
v -0.26242495 0.1369915 0.39583683
v 0.5417862 -0.10303116 -0.21237946
v -0.555504 0.496647 -0.000548304
v 0.9046593 -0.7248459 0.0061950684
v 0.39240837 -0.81803036 -0.30269527
v -0.150966 0.899464 -0.0724024
v -0.861855 0.152573 0.651322
v -0.46874952 0.20673275 -0.05605507
v 0.19704342 -0.9203255 0.053482056
v 0.26005554 -0.9210987 0.4711647
v -0.863225 0.0401594 0.0320115
v -0.14086914 0.1852417 0.26206493
v -0.64834976 0.7447891 -0.70583344
v 0.08724213 -0.70142746 0.6964569
v -0.14969158 0.11083031 0.4081602
v 0.254564 -0.605597 -0.408843
v -0.389604 0.0979787 0.416093
v -0.38013637 -0.12846947 0.5641923
v 0.38826847 -0.28737736 -0.37197208
v -0.18860245 -0.83331203 -0.3365879
v -0.9024658 0.3780136 0.11289978
v -0.35313892 0.14920807 0.35848427
v -0.90718365 0.037341 0.34317398
v -0.20648 0.170738 -0.0446317
v -0.9198799 0.2558117 0.05649948
v -0.106296 -0.720139 0.534632
v -0.4964075 -0.69388866 0.14668846
v 0.5419884 -0.9213104 0.3994484
v -0.202091 -0.960579 0.495246
v -0.705215 0.905053 -0.690838
v 0.07831383 -0.95612717 -0.20449448
v -0.83036804 -0.039548874 0.39372253
v 0.41242218 -0.80008507 0.5897026
v -0.2249775 -0.2949276 0.57124376
v 0.395778 -0.409714 0.717497
v 0.33605957 -0.8244133 -0.3094225
v -0.50820637 0.0077285767 -0.20309353
v -0.774267 0.550901 -0.028791
v 0.25020218 -0.9461489 -0.2912469
v 0.67206097 -0.71772623 -0.07624102
v -0.40725124 0.4361731 0.053864002
v 0.12383878 -0.9112209 0.48448932
v -0.68566173 0.5853238 0.36357307
v -0.7452302 0.58083963 0.023635864
v 0.06552124 -0.7637348 0.66885185
v 0.296896 -0.965231 0.585582
v -0.28718287 -0.7731768 -0.12571555
v -0.5893202 0.6678051 -0.6373904
v -0.263385 -0.752157 -0.117865
v 0.23247 -0.689027 0.717573
v 0.52131987 -0.9669083 0.21305084
v 0.68035126 -0.19212246 -0.13261032
v -0.6098685 -0.026126862 0.51402473
v 0.37595367 -0.2599678 0.70651245
v -0.597578 -0.943554 -0.084129
v -0.23083472 0.2202946 0.19744587
v -0.17919886 -0.8602346 -0.35580218
v -0.031175613 -0.59682035 0.6651058
v -0.795052 0.809039 -0.529816
v -0.746751 0.51068 -0.280352
v -0.22319 -0.962229 0.454181
v -0.54496145 -0.8246412 -0.020296097
v 0.00788561 -0.406511 0.7475
v -0.146932 -0.382912 -0.440473
v 0.12935066 -0.9251958 -0.17306995
v 0.20520663 -0.13946128 0.6663513
v -0.030971527 -0.7476008 0.62258625
v -0.12757292 0.19791001 0.21928787
v -0.715152 0.15308332 0.7082969
v 0.5298767 -0.5394821 0.5977402
v -0.735543 0.216357 0.698603
v -0.5529733 0.14748037 0.55106807
v 0.5715287 -0.9123802 -0.01799202
v -0.7144966 0.24243927 0.6860199
v -0.92942476 -0.18301105 0.2717533
v -0.11020517 -0.38520956 0.69390774
v -0.2525301 0.17760253 -0.07331514
v 0.62072754 -0.2293663 -0.21677399
v -0.76019 0.2833252 0.69337463
v -0.216102 -0.938847 0.65388
v -0.6552989 -0.8512417 0.11621332
v -0.671443 -0.8983903 0.143013
v 0.3055092 0.14768887 -0.14623356
v 0.64676285 -0.38668513 0.55257607
v -0.3472938 -0.8313354 0.5540484
v -0.650627 0.364236 -0.0824261
v -0.90023804 -0.11525011 0.33126068
v -0.671474 0.0848008 0.686851
v 0.30482674 -0.91557175 -0.28498697
v -0.24421644 -0.48299456 0.5588769
v -0.577224 0.13407539 0.57113147
v 0.3727913 -0.22257233 0.68995285
v -0.9716 0.1955986 0.5291109
v -0.0132947 -0.911023 0.504464
v -0.76271725 0.79206467 -0.44532776
v -0.3366506 -0.50381374 -0.20600271
v 0.18819267 -0.12711263 0.63600445
v 0.2955227 -0.95169544 0.48700047
v -0.6671705 -0.9319761 0.16965055
v 0.9579928 -0.49317262 0.21996546
v 0.79364157 -0.40167904 0.013648987
v -0.22844219 0.610615 0.06174922
v -0.18028641 -0.58696365 -0.2645836
v 0.975647 -0.6268916 0.29875946
v 0.49877024 -0.8588934 -0.18478012
v -0.00314284 -0.374075 0.757231
v 0.23194695 -0.9561734 0.2728634
v -0.69511944 0.508836 -0.50872266
v -0.57483 0.828854 -0.763738
v 0.25017166 -0.21709442 -0.39769363
v -0.227144 -0.982075 -0.361708
v -0.37185884 0.19702429 0.33770323
v -0.32642555 -0.9806465 -0.015052795
v 0.0033340454 0.69815445 -0.11793518
v -0.42765808 0.3033659 0.37443018
v 0.0833609 0.712264 -0.213078
v 0.205787 -0.0880494 0.585872
v -0.2528522 -0.61779404 0.5463848
v -0.7458823 0.53828555 -0.29457283
v 0.7119045 -0.64764786 -0.070812225
v 0.7972193 -0.4612217 0.04378891
v 0.41978836 -0.2942276 0.6794014
v 0.06971073 -0.97799563 -0.23776388
v 0.9352789 -0.47837952 0.20919937
v -0.555262 -0.809354 0.498559
v 0.6017971 -0.5424309 -0.23479652
v 0.42380413 0.2299161 0.05078125
v 0.13203812 0.03768158 0.5527992
v 0.118357 -0.949094 0.647944
v 0.01475811 0.8330536 -0.21979523
v 0.43349457 -0.8590622 -0.27658653
v -0.078424454 -0.96755505 0.6079092
v -0.49417305 -0.6183319 -0.067379
v 0.23709106 -0.9599166 -0.1825018
v 0.0602542 -0.963302 0.646765
v -0.024150938 -0.033299923 -0.26294732
v -0.058947295 -0.8022351 0.67064476
v 0.17320538 -0.9668747 0.5486803
v -0.300392 -0.828387 -0.251433
v -0.16968918 -0.9568615 0.52848816
v 0.664135 -0.7357857 0.4404173
v -0.9565947 0.43190676 0.3069744
v 0.0685572 -0.942616 0.665059
v -0.8000194 0.748055 -0.4706694
v -0.395248 -0.950825 -0.162262
v -0.514802 -0.7114676 0.029551983
v -0.18683076 0.14022064 0.3622036
v -0.22837448 0.84391403 -0.029716492
v -0.6094544 -0.9565728 0.3320155
v 0.009634972 0.9542556 -0.3106861
v -0.59866 0.808811 -0.770823
v -0.36186695 -0.97094107 0.457824
v -0.59656394 0.6366215 -0.58174133
v -0.08248198 0.065434456 -0.17951345
v -0.752597 0.531097 -0.262662
v -0.758286 0.06416893 0.6753683
v 0.27847975 0.2708354 0.083768845
v 0.6773071 -0.51127625 0.5028534
v -0.451627 -0.697365 0.294848
v 0.19544029 -0.92943984 0.26345062
v -0.41261768 -0.63889694 -0.12953377
v 0.24003983 -0.9246998 0.32713318
v -0.522555 -0.657632 0.0186402
v -0.9688072 0.2199707 0.40624237
v 0.5329704 -0.50752926 -0.30369568
v -0.448691 0.544758 -0.0301119
v -0.137937 -0.933045 0.710777
v -0.9017782 0.004761219 0.2661934
v -0.6996429 0.5947671 0.021909714
v 0.24168706 0.091115 -0.20129776
v 0.86734605 -0.5033016 0.3159647
v 0.40767956 -0.9179764 -0.2577572
v -0.506408 -0.699096 0.116219
v -0.789889 0.781377 -0.538139
v -0.11939049 -0.70030594 -0.33628082
v 0.5353966 -0.58630276 -0.2817154
v -0.50037265 -0.8067498 0.5454941
v -0.0158844 0.97260094 -0.27204323
v 0.50878143 -0.44268608 0.6532364
v 0.2929759 -0.22495818 -0.39194822
v 0.852352 -0.482488 0.259241
v -0.2651348 -0.88694185 -0.34410155
v 0.22103119 -0.9635439 -0.28423882
v -0.6768205 0.5148742 -0.52670956
v 0.5653925 -0.07179499 0.5161209
v 0.701055 -0.32722 -0.17714
v 0.40935516 -0.83315563 0.58333063
v -0.8025837 0.3336153 -0.037024498
v 0.39585972 -0.9722146 -0.19683838
v 0.91369796 -0.5410967 0.04169154
v -0.5937233 0.56697845 -0.43103027
v 0.71652985 -0.19373322 0.43614197
v -0.0175796 -0.917015 0.529658
v -0.6144509 -0.8628559 -0.02828598
v -0.08567381 -0.9569793 0.70002174
v -0.6245502 0.37924337 -0.0790863
v -0.81090784 -0.50641304 0.21574783
v -0.482147 0.061854 0.469133
v -0.02723074 -0.18629527 0.6693034
v -0.10830784 -0.963161 0.6848593
v 0.3215599 -0.4382999 -0.4147849
v -0.576291 -0.938909 0.290195
v -0.725914 -0.3708744 0.5180969
v 0.099081635 0.76986885 -0.26113272
v -0.2621994 0.66791964 -0.15189457
v 0.8334403 -0.86088467 0.2550125
v -0.8931399 -0.3441 0.10105038
v -0.18227673 -0.75304615 -0.17507267
v -0.558769 0.573157 0.0490217
v -0.58603 0.492643 -0.0598438
v 0.309779 -0.94401 0.604009
v -0.441237 -0.728352 0.202126
v -0.5266707 -0.23762369 0.60236776
v 0.32923 -0.959961 0.590506
v 0.347473 -0.966201 0.570931
v -0.036006927 0.11456299 0.46205997
v 0.5357876 -0.33914185 0.63554764
v -0.42238855 0.07636833 -0.17746782
v -0.41792107 -0.23583484 0.58934253
v -0.26577568 -0.13402939 0.55863
v 0.08140373 -0.27313614 -0.45601368
v 0.44603825 -0.25103664 -0.31551075
v -0.5863702 0.64037323 -0.5095024
v -0.523588 -0.762762 0.0710429
v 0.5587311 -0.6518059 -0.2681923
v -0.537907 -0.62396 -0.0280484
v 0.31471634 -0.77158356 0.6763687
v -0.68485117 0.1675458 0.70332193
v 0.17493916 -0.5341954 0.748276
v -0.9210491 0.4553299 0.4208603
v -0.48848724 -0.6078758 0.41214752
v 0.31802464 -0.72432137 0.6933756
v 0.61569977 -0.9464035 0.056365967
v -0.4306383 -0.14475822 0.57777977
v 0.4358492 -0.9670248 0.36830902
v -0.75076485 -0.39865875 -0.11795807
v 0.17858124 -0.95749116 0.62559223
v -0.37068158 -0.43003654 0.5644538
v -0.36898232 0.56181383 0.12753046
v -0.523953 -0.966751 -0.117358
v 0.31944847 0.090797424 -0.19037056
v -0.97384715 0.18414783 0.40138817
v -0.78772545 0.55803204 0.059669495
v -0.15657 -0.96587 0.559577
v -0.46865177 0.099559784 -0.15915489
v 0.023482481 -0.035030365 -0.25393295
v -0.9266637 0.35031796 0.36408043
v -0.11216 -0.785846 -0.31831
v -0.723278 0.886235 -0.683193
v 0.17546558 -0.66185474 0.7145097
v 0.467497 -0.823052 -0.260182
v 0.76568985 -0.5443039 0.3672495
v -0.52233124 -0.29136848 -0.25389862
v -0.56468 0.40804 -0.0437281
v -0.638305 -0.945693 0.484276
v -0.059082985 -0.4685173 0.69569016
v -0.0574646 0.16282082 -0.06803131
v -0.8704376 0.44361877 0.5227051
v -0.158447 -0.923206 0.703957
v 0.427801 -0.820655 -0.286341
v -0.6178522 -0.83563304 0.12987137
v -0.09209061 -0.4698 -0.4661026
v 0.58306646 -0.009880066 -0.13417816
v 0.74118185 -0.06285381 0.078956604
v -0.27560043 0.62278557 0.06414795
v -0.0968761 -0.811072 -0.329941
v -0.49797964 -0.8005295 0.3916912
v -0.59633446 0.35502076 0.49942875
v -0.92290497 -0.17050743 0.11529732
v -0.9085293 0.35140383 0.09051514
v -0.2268095 -0.75596046 0.51078176
v -0.41238403 -0.72645783 0.4715042
v 0.85494995 -0.6970978 0.4098587
v -0.17168045 -0.5317807 -0.344738
v 0.7252579 -0.9171066 0.08736801
v -0.07480621 0.87534904 -0.24863815
v 0.11041492 -0.13138294 0.64303017
v -0.88261414 -0.129879 0.36842346
v -0.6798548 0.28650284 -0.08937836
v 0.6661377 -0.10976815 -0.13172436
v 0.28649282 -0.14136314 0.6398096
v 0.7941723 -0.6867933 0.43421447
v 0.041720867 -0.2776804 -0.46782732
v -0.80324745 0.42646027 0.59503937
v 0.91368866 -0.56635094 0.36201286
v -0.18131065 -0.4055519 -0.40328026
v -0.441042 -0.98366 -0.125014
v -0.9857588 0.14472008 0.17772293
v 0.04016 0.952884 -0.326712
v 0.7085228 -0.54977083 -0.13570786
v -0.079423904 0.6133318 -0.10388374
v -0.49876595 0.014083862 0.49121666
v -0.44310045 0.48888874 0.20822716
v -0.18273354 -0.9707241 0.2858305
v -0.20717907 0.09127617 0.4262886
v 0.77862453 -0.19603193 0.2997017
v -0.31690216 0.70783806 -0.12295532
v -0.7367878 0.5826633 -0.28274822
v 0.4106636 -0.6361513 -0.3484211
v -0.9035158 -0.22544861 0.0691967
v -0.70403767 0.74768066 -0.5962982
v -0.6238632 -0.8979664 0.42850018
v 0.3964386 -0.5710678 0.6951523
v -0.24030924 -0.8290138 -0.31215954
v 0.3888812 0.14766693 0.4577484
v -0.7537918 -0.22695923 -0.16062546
v 0.7801018 -0.7788992 0.42809057
v -0.8329849 -0.176054 0.442276
v -0.6101818 0.029518574 0.5131745
v -0.120551586 -0.93810105 -0.35738885
v -0.34109688 -0.10450363 0.55704117
v 0.083236694 -0.6123514 0.7335782
v 0.808786 -0.53977 0.345709
v -0.11894512 -0.64515686 -0.36915112
v -0.023475647 0.8662071 -0.28754425
v 0.22000408 0.23633766 -0.014362335
v -0.35798168 0.20349836 -0.07507706
v 0.18728685 -0.9303961 0.10926056
v -0.8243027 0.55213547 0.3919983
v -0.8721123 -0.19331741 -0.018953323
v 0.19347572 -0.59487724 0.7480381
v 0.84647405 -0.4810841 0.1332407
v 0.24743652 -0.18579197 0.70979786
v -0.28706932 0.00592041 0.4898777
v -0.083042145 -0.100608826 -0.28569794
v -0.5011625 -0.8422985 -0.06930828
v 0.97990036 -0.64927197 0.092638016
v -0.545103 -0.818551 0.54087
v 0.7901535 -0.28782463 0.0025157928
v 0.959298 -0.546012 0.0721059
v -0.0807457 -0.44260406 -0.47411394
v -0.6631832 0.6273918 -0.6736679
v -0.2130236 -0.80901146 0.58178663
v 0.514555 0.11360264 -0.07774925
v -0.669142 0.0450958 0.647076
v -0.8315048 0.46235657 0.02319336
v 0.074964166 -0.12995541 -0.29506874
v 0.4867859 -0.070056915 0.56502914
v -0.39040935 -0.463459 0.55915165
v -0.4483466 0.089577675 0.4480977
v -0.359272 0.7512417 -0.070640564
v 0.4016838 0.03237915 0.5153351
v -0.06019938 -0.83406055 -0.34050706
v -0.329061 0.614376 0.0829263
v 0.976416 -0.5121926 0.21890736
v -0.83742523 0.038131714 0.0065555573
v -0.7475157 0.47402954 0.5651703
v -0.573994 0.729024 -0.755412
v -0.52199507 -0.80562544 0.14858532
v 0.58135986 -0.68719006 -0.2242508
v -0.490878 0.575672 0.191426
v 0.87623596 -0.80381775 0.31744385
v 0.187839 0.019213 -0.237807
v -0.9256582 0.42228317 0.44351196
v -0.3304882 0.57805896 0.10545778
v -0.93637276 0.07808781 0.08423996
v -0.2718048 -0.05732727 0.5168762
v -0.59666 0.711292 -0.752965
v -0.6530113 0.7996464 -0.71352386
v -0.9143214 0.41738892 0.4882202
v -0.37703705 -0.041496277 0.5359249
v 0.2939949 -0.96901083 -0.0013465881
v -0.5913446 0.50283813 -0.22222519
v -0.74071026 0.61710167 -0.33064842
v -0.343288 -0.943106 0.587873
v 0.33313048 0.24777174 0.34304714
v 0.817577 -0.456818 0.157463
v -0.53009033 -0.14387453 -0.2328577
v -0.751944 -0.55475616 0.10637283
v 0.5242386 -0.076099396 -0.20355606
v -0.7113724 -0.092012405 0.5089531
v 0.39308167 -0.39587975 -0.37508774
v -0.73066354 0.49216557 -0.28263283
v -0.7693813 0.57324314 -0.07364178
v -0.47457695 -0.124816895 0.5652523
v -0.051918507 -0.38405323 -0.4813087
v -0.37226295 0.4562359 0.06601906
v -0.42509 0.516319 0.171748
v 0.2605524 0.2609539 0.3179388
v -0.07215977 -0.5148239 -0.46321678
v 0.7321701 -0.35720634 0.4475937
v -0.609698 0.672671 -0.733426
v -0.06242752 -0.5935974 -0.43341064
v -0.15343904 -0.93575907 0.31650352
v 0.488436 -0.886867 0.554406
v -0.164632 -0.72073 0.488783
v -0.719253 0.385943 -0.0721112
v -0.486365 -0.956899 0.61158
v -0.061691284 -0.72864914 -0.36888123
v -0.8554268 0.5492408 0.12492752
v -0.084939 -0.7851163 -0.33487964
v 0.251907 -0.13116 -0.276516
v -0.4517517 -0.57640076 -0.1219635
v -0.10340881 -0.86510706 -0.3518691
v -0.69788074 0.0915575 0.6980152
v -0.04761696 -0.88293564 -0.34878397
v -0.64746 0.54881 -0.591248
v -0.76068604 0.5775094 -0.019737244
v -0.706216 0.118558 0.705586
v -0.74083996 0.13052845 0.7046709
v -0.043069363 0.7563915 -0.23717213
v -0.42377615 0.71567833 0.005503416
v 0.91733277 -0.49866486 0.092573166
v 0.54053116 -0.41743088 0.6358681
v 0.2555046 -0.958653 0.029685974
v -0.12289384 0.20322101 0.1598314
v -0.33825302 0.7330437 -0.101322174
v 0.47159576 -0.8673248 -0.24334717
v 0.28761303 -0.91840935 -0.110248566
v -0.5796375 0.66300774 -0.36868668
v 0.24518967 -0.9133611 0.37226868
v -0.21737671 0.5721588 -0.09236145
v -0.11494684 0.15629959 -0.06116295
v -0.479053 -0.94897 -0.129927
v -0.7655144 0.5679512 0.39094543
v -0.354864 0.215334 0.280709
v -0.608615 0.654075 -0.71947
v 0.026283264 0.1084671 -0.15844536
v 0.279401 -0.666029 0.714853
v 0.36725 -0.441125 -0.380967
v 0.03398943 0.9531863 -0.28888893
v -0.5567627 -0.80738187 0.038518906
v 0.0019288063 -0.567358 0.70550823
v -0.88665974 0.3824911 0.064510345
v -0.48327065 -0.728207 -0.042887688
v -0.92373735 -0.0961467 0.21455717
v 0.17027748 0.09263706 -0.1794157
v 0.9136162 -0.5914974 0.015953064
v -0.46452093 0.15977824 0.48590183
v 0.24479342 -0.7322998 0.7062688
v -0.67871475 0.6814103 -0.62342834
v 0.2773819 -0.4405582 -0.42596817
v -0.059080362 0.8081025 -0.25427806
v -0.61874145 0.5554351 0.0045725703
v -0.60466003 0.5318432 0.48067856
v -0.93416166 0.38339794 0.42212844
v -0.5425072 -0.9005456 0.6070528
v -0.5749 0.483308 0.496826
v -0.41656852 0.15072346 -0.13029194
v -0.9541998 0.31101823 0.28811073
v -0.73806834 0.43585384 -0.082859516
v -0.7189026 0.32331848 0.661705
v -0.1949172 -0.7083657 -0.13576794
v -0.169096 -0.273756 0.586566
v -0.7233505 0.42744446 0.6043701
v -0.06612396 -0.35980415 -0.47787333
v -0.248726 -0.305116 0.576471
v -0.0927029 -0.971762 -0.3333
v 0.33538818 -0.37401485 0.7267208
v -0.62137616 0.59399796 -0.63512325
v -0.05993986 -0.47184753 -0.4779086
v -0.72420216 0.5359726 -0.44563293
v -0.5429764 0.5961418 0.06045723
v -0.42382336 0.43942642 0.16037464
v 0.8132105 -0.7175884 0.43167448
v 0.899024 -0.62042 -0.0101948
v -0.767601 -0.5396738 0.15435791
v -0.024089336 -0.6624756 -0.42352867
v -0.81970024 0.28137207 -0.035087585
v 0.1846714 -0.28447342 -0.4414158
v 0.9222336 -0.6466675 0.37244415
v 0.28592074 -0.9089353 0.44147766
v -0.20951653 -0.7901492 -0.23349762
v 0.19883728 -0.89197445 0.6241894
v 0.0967556 0.862969 -0.33565
v -0.0071821213 -0.8710584 -0.3374071
v -0.5794877 0.6937494 -0.7194313
v -0.14586544 -0.9179791 -0.18643236
v 0.1671896 -0.9191185 0.084438324
v -0.5307255 0.5899401 0.03606987
v -0.3283987 0.5505552 0.10412693
v 0.47995186 -0.7338438 -0.31804085
v -0.5126624 -0.7774056 -0.004023552
v -0.47538233 -0.44575882 0.5634937
v 0.61735153 -0.6976509 0.51875305
v 0.2017374 0.13818169 0.49808502
v 0.825565 -0.466539 0.182951
v -0.7460184 -0.49054813 -0.061476707
v -0.487852 0.481166 -0.00304858
v 0.425704 0.17037868 -0.065919876
v 0.33125305 -0.6417389 -0.3687458
v -0.76501846 -0.25064468 0.51846695
v -0.14567757 -0.7466639 -0.28355217
v -0.77334976 0.7047348 -0.2815857
v 0.622818 -0.43626404 0.56739044
v -0.5052155 0.3953265 0.415447
v -0.31399465 -0.25132465 0.5664191
v -0.09506798 0.5991473 -0.03720665
v -0.509854 -0.962836 0.601739
v -0.89592505 0.029098034 0.41588783
v -0.03320217 -0.5529003 -0.46298885
v -0.79663 0.750373 -0.430062
v -0.8660965 0.5045576 0.08164978
v -0.27327108 -0.8400655 -0.29192734
v 0.09314698 0.73401165 -0.25411677
v 0.2595234 -0.59159195 0.7469373
v -0.5204277 -0.6100731 -0.05473709
v -0.7924857 -0.47134113 -0.02446556
v -0.038951576 -0.81690025 -0.34259856
v 0.04624176 -0.9251137 0.5329876
v 0.3840959 0.23580694 0.022338867
v -0.8906884 0.55300957 0.28373337
v 0.69052505 -0.6909628 -0.073999405
v -0.952801 0.31764337 0.25430155
v 0.32176733 -0.03184688 -0.23890102
v -0.5746194 0.6285181 -0.39905357
v -0.015414953 0.82430816 -0.28289795
v 0.00015974045 0.7724867 -0.26392984
v -0.693096 0.898613 -0.710263
v 0.42731094 -0.38411713 0.70347404
v -0.72486115 -0.09233856 -0.13842773
v 0.8868151 -0.4942999 0.09209442
v -0.5424385 -0.83981705 0.18805695
v 0.25861597 -0.1049633 0.591094
v -0.587667 -0.966074 0.288903
v -0.592902 -0.946861 0.310432
v -0.0835495 0.9428749 -0.20319748
v 0.6241121 0.09982395 0.08724785
v -0.716438 0.413074 -0.0855225
v -0.620076 0.452528 -0.195728
v -0.4183998 -0.55638885 -0.15223885
v 0.34376526 -0.97554904 -0.01270771
v -0.3732009 0.2666967 0.28872633
v 0.97097015 -0.5827738 0.07726288
v -0.18630219 0.8844366 -0.07874298
v 0.5317173 -0.6356076 0.59870815
v -0.59076595 -0.84073067 0.42063904
v 0.22497654 0.2736869 0.23605156
v -0.937026 0.50184655 0.17172813
v 0.57061195 0.109523326 -0.020321846
v -0.17728329 -0.7268182 -0.17959595
v 0.60461426 -0.030739307 0.47288513
v -0.20104003 -0.98189706 0.20059776
v -0.73509026 0.04188013 -0.06923771
v -0.662226 0.110757 0.693528
v 0.22733688 -0.04442978 0.57230854
v -0.14871025 -0.33305126 -0.43434
v 0.7642 -0.579061 0.375779
v 0.84539735 -0.8465977 0.07896614
v -0.605115 0.400588 -0.0762778
v -0.607369 0.453213 -0.170699
v 0.7610283 -0.3723535 -0.056610107
v -0.35111713 0.12446022 -0.15550232
v 0.33787966 0.21489143 -0.047021866
v 0.08686209 -0.38068545 0.7659014
v -0.9140134 -0.29381847 0.074697495
v 0.0626962 0.933507 -0.319136
v 0.06386757 -0.92275333 -0.31719637
v -0.1722865 -0.25633478 -0.31757498
v -0.798118 0.729871 -0.408202
v 0.7915058 -0.21209335 0.21511841
v 0.4582939 -0.9618776 -0.0575943
v 0.018196106 -0.61949396 0.7018404
v -0.22828293 -0.97132444 -0.22656822
v -0.28632164 -0.64514065 -0.13175154
v -0.9767494 0.18970013 0.15084457
v -0.6006818 0.37212086 -0.073035955
v -0.49927998 -0.37735748 -0.24998665
v -0.28844452 -0.96938944 -0.15447521
v -0.0024180412 0.9867578 -0.24487591
v 0.04581499 0.67497253 -0.17333317
v -0.714796 0.497442 -0.413395
v 0.6112249 0.107762635 0.30343723
v -0.4978118 0.20808005 -0.061418295
v -0.23687935 -0.27019095 -0.2918365
v -0.13943863 0.5902643 -0.005104065
v -0.12961864 -0.2510624 0.6207199
v 0.22250175 -0.95773935 0.52092457
v -0.74713516 -0.3289652 -0.16540527
v -0.668624 -0.968495 -0.0432409
v -0.479271 -0.93098545 0.62409866
v -0.9003496 0.40830994 0.52602386
v -0.701793 -0.0651029 0.503663
v -0.713861 -0.0348166 0.500729
v -0.160718 -0.94896 0.281746
v -0.23049355 -0.9214289 -0.04247284
v -0.54659843 -0.81391716 0.13761139
v 0.025057316 -0.5810356 -0.4612913
v 0.62853336 -0.33954573 0.5630493
v 0.298165 -0.972086 -0.177382
v -0.3933792 -0.60552406 -0.14618587
v 0.9181943 -0.5124483 0.3156128
v -0.91953325 -0.17914806 0.3194523
v 0.38100576 -0.23477888 -0.35413885
v -0.1159668 0.928215 -0.16501236
v 0.032954216 -0.80872345 -0.36223984
v 0.28341627 -0.9160341 -0.07638359
v 0.35275936 -0.49555063 -0.39294863
v -0.497424 -0.972982 -0.124324
v 0.18855762 0.1291275 -0.1454544
v 0.6416553 0.08557647 0.19952822
v -0.594871 0.459095 0.509054
v 0.733181 -0.4449072 0.43722534
v -0.4710021 0.2810917 -0.038063288
v -0.223456 -0.909536 0.649352
v -0.44425845 -0.74757993 0.42863894
v 0.48890686 -0.78308964 0.55020523
v 0.70598173 -0.07145691 0.37481308
v 0.3962217 0.25399062 0.14572477
v -0.36544037 -0.4344368 -0.21662903
v -0.24921 -0.774439 -0.130737
v -0.9396287 0.29634857 0.5135498
v -0.28413582 0.68603325 0.039510727
v -0.06719208 0.96456623 -0.19884491
v -0.584452 -0.94359607 0.2675854
v -0.1015954 -0.97931564 -0.25543928
v -0.39459324 -0.9001007 0.5958948
v -0.684071 -0.959796 -0.0183743
v -0.5177657 -0.6854141 0.037287235
v 0.7681141 -0.4209175 -0.04127121
v 0.14051867 -0.38669777 0.7602856
v -0.235744 0.792072 0.0142076
v -0.585943 0.583677 0.12975
v 0.20702362 -0.6237259 -0.4165392
v 0.3911419 -0.0917778 0.6144581
v 0.643893 -0.817682 0.414053
v 0.728095 -0.685912 -0.050387
v 0.022095084 -0.36305195 -0.48584515
v 0.23515606 -0.2647705 0.74126196
v -0.97675395 0.110933065 0.45487595
v 0.96832514 -0.7218671 0.24472427
v -0.70991516 -0.42970467 -0.14784622
v 0.5045271 0.07510567 -0.1268444
v 0.8352175 -0.6928611 -0.05040717
v 0.231678 -0.762993 0.693785
v 0.31834793 -0.6644654 0.70311546
v -0.646347 0.0175148 0.538959
v 0.0040831566 -0.4723873 -0.4809873
v 0.297934 -0.595184 0.736843
v 0.4798851 -0.72901154 0.6133709
v -0.6814046 0.74241257 -0.28379822
v -0.35428274 -0.89623195 -0.2523082
v -0.46240214 -0.20467436 -0.2619146
v 0.0029296875 0.19911289 -0.010734558
v 0.0022563934 -0.73872375 -0.39591217
v -0.34562653 -0.91778743 -0.28188074
v 0.5479889 -0.90145683 0.4353943
v 0.50932693 -0.9681206 0.05202675
v -0.7823445 0.65245986 -0.31883907
v 0.66800594 -0.8380079 -0.049866676
v 0.21005535 -0.42803383 0.76954603
v -0.15687 -0.466807 0.543716
v -0.46292305 -0.36798096 -0.25485623
v 0.031196594 0.90431786 -0.337286
v -0.21273708 -0.9841111 -0.34417343
v 0.6236992 -0.7404232 -0.12717056
v 0.82785416 -0.791307 -0.021961212
v -0.149317 -0.804828 -0.309608
v -0.55091476 -0.5131979 -0.1716299
v -0.413546 0.426565 0.0983204
v -0.46748018 0.4443264 0.31786537
v -0.5521412 -0.95181084 0.6041527
v 0.75236416 -0.12297273 0.012918472
v -0.60751957 0.47068882 -0.21697426
v -0.12737608 -0.811213 -0.3204975
v -0.40933916 0.36724186 0.16390526
v 0.74939346 -0.6057615 -0.024137497
v 0.12149811 -0.5497236 0.73707294
v -0.119639635 -0.8378072 -0.34116507
v -0.116592 -0.181631 -0.30035
v 0.99947995 -0.5941825 0.16457939
v 0.5197506 -0.9527011 0.013513565
v -0.0194223 -0.151135 -0.297886
v 0.3934517 -0.9402282 0.5871024
v -0.95798874 0.09193218 0.11444092
v -0.5818003 0.56091213 -0.36013603
v 0.80331194 -0.23824495 0.111329556
v -0.4481411 -0.72297764 0.3128929
v -0.7416897 0.5120595 -0.34943962
v -0.0378773 -0.977664 -0.245769
v -0.6305828 -0.9225874 0.50469685
v 0.831089 -0.63567924 -0.035105705
v 0.6155014 -0.18491364 0.54919434
v -0.17600155 -0.057066917 -0.25820255
v -0.733739 0.866713 -0.668145
v -0.4496069 0.29466295 0.41981864
v -0.38397455 0.2530793 0.040486813
v -0.27146548 -0.50606537 -0.19505692
v 0.01597023 -0.6633377 -0.43346024
v -0.7595215 0.040947437 -0.051265717
v -0.24018908 -0.97308207 0.40702248
v -0.47779083 0.52301264 0.35125828
v -0.4965706 -0.65957165 0.29385376
v 0.8737221 -0.7434368 -0.014297485
v -0.33497906 0.17530823 -0.10965252
v -0.211297 0.836292 -0.0167073
v 0.08794004 0.14838171 -0.12657213
v -0.8851538 -0.0019210577 0.1015625
v -0.3246993 -0.81520486 -0.15249062
v 0.016561985 -0.8313236 -0.34375763
v -0.626959 0.899384 -0.712639
v 0.0037527084 -0.85126114 -0.33448076
v -0.55676854 0.45497057 0.48903257
v -0.6680794 0.84008026 -0.7119293
v 0.053372145 0.86004734 -0.3466177
v 0.62974834 -0.9592688 0.11986923
v -0.88344955 0.49363708 0.4438324
v 0.5905876 -0.32749414 -0.24990654
v 0.8891263 -0.4705825 0.17406082
v 0.099574685 -0.15283346 0.68094635
v -0.76106834 0.6011009 -0.076690674
v -0.22334003 -0.8539082 0.61659956
v -0.14712715 -0.92611647 0.37871552
v 0.1786232 -0.86042064 0.62582016
v -0.5856943 0.5660672 0.055314064
v -0.3578417 0.26330853 0.14040709
v 0.14956284 -0.025859833 0.58082485
v 0.6683928 -0.95058954 0.17264557
v -0.44356632 0.0027022362 -0.21728563
v 0.469019 -0.668486 0.642615
v 0.402956 -0.03252983 0.55512047
v 0.33728027 -0.603405 -0.38148117
v -0.24492645 0.77685165 -0.15757751
v 0.706433 -0.692529 0.423534
v -0.580588 0.3920688 -0.061810136
v 0.700229 -0.716335 0.424557
v -0.179334 -0.401187 0.552938
v -0.16416472 0.20144454 0.16599585
v 0.6793041 0.029491425 0.2631073
v -0.559139 -0.918144 0.292929
v -0.78934836 0.68028164 -0.31155777
v 0.36066723 -0.11022091 0.62914133
v -0.25246918 0.12744069 -0.12490034
v 0.3853277 -0.14756346 -0.2767446
v -0.19353771 0.8707075 -0.051981926
v -0.20638162 -0.8826333 -0.36351055
v -0.13508373 -0.21494853 -0.32416296
v -0.052800655 -0.07578659 0.5724268
v -0.23346 -0.438499 -0.245073
v -0.060245514 0.027183533 0.52108
v -0.2430836 0.054481506 0.44916534
v 0.5434303 -0.0984149 0.5493431
v -0.10371876 -0.917935 -0.17287731
v -0.760348 0.507882 -0.134279
v 0.37812114 -0.97380674 -0.102786064
v -0.84095764 0.07126427 -0.009824753
v -0.25076485 -0.9698584 0.55051994
v -0.314973 -0.941219 0.576687
v 0.86790466 -0.73607635 0.38807678
v 0.490214 -0.91726 0.53672
v 0.2274208 -0.8793142 -0.29633474
v 0.43502998 -0.08696365 0.6011448
v 0.2939911 -0.5772779 -0.3994484
v -0.353841 -0.863026 0.574353
v -0.55697346 -0.1309135 -0.22152233
v 0.0025797188 -0.31201077 -0.4804132
v -0.44022703 -0.11132431 0.55901814
v -0.88890266 -0.38160276 0.24103928
v 0.29852486 -0.93147135 -0.059225082
v -0.58054733 0.7179451 -0.66104126
v -0.33750212 -0.8505225 -0.19947624
v -0.432215 -0.941881 0.613596
v -0.771252 0.876219 -0.630266
v 0.31431198 -0.8439286 0.6105261
v -0.971673 0.25696564 0.17050171
v -0.1748581 0.65561104 -0.16337395
v -0.062610626 0.6519413 -0.15777302
v 0.36466217 -0.7329025 0.6753502
v -0.294151 -0.776335 0.527159
v -0.7057247 0.04425633 -0.0868845
v -0.23162985 -0.58371353 -0.16695309
v 0.2757883 -0.6830449 -0.3776014
v 0.769308 -0.586027 -0.000473861
v -0.86531067 0.36322784 0.6046295
v -0.597723 0.455709 -0.14546
v -0.7224057 0.5918014 0.18982315
v -0.4756112 0.42008162 0.36682796
v -0.9804352 0.11876011 0.5266857
v 0.5654812 -0.6385944 0.58055973
v -0.6539607 0.9001406 -0.676311
v -0.46313 -0.70897675 -0.07137108
v -0.4667282 -0.6056223 -0.10220528
v -0.35632896 -0.730031 0.5167637
v 0.093509674 -0.6574497 -0.42043495
v 0.4491024 0.18264961 0.37882996
v -0.64248896 0.40555477 0.57291317
v -0.79905605 0.29331207 0.6881752
v -0.8527031 0.46076107 0.059188843
v -0.6744046 -0.49197006 -0.11631012
v -0.46116352 -0.648273 0.37843323
v -0.8623657 0.064053535 0.010318756
v -0.8700638 0.44252777 0.090278625
v -0.208185 -0.971478 -0.369345
v -0.176663 -0.976792 0.228759
v 0.090423584 -0.7770157 -0.38082123
v -0.382306 -0.8771 -0.134722
v -0.08465576 -0.65283203 -0.39380646
v -0.692081 -0.0130259 0.509051
v 0.07169342 -0.8514414 -0.32574463
v 0.2525139 -0.92015684 -0.018470764
v -0.8602028 -0.10453606 -0.014915466
v 0.30155563 -0.12773705 0.6267352
v -0.77518225 0.79864025 -0.5712147
v 0.34242877 -0.14556313 0.6419134
v -0.779824 0.484941 -0.0374769
v -0.06995177 -0.97309566 -0.24228907
v 0.7242508 -0.87158394 0.36664963
v -0.7806021 0.6009531 -0.17315102
v 0.039640427 -0.4192435 -0.47389615
v -0.54207325 0.055316925 -0.16638374
v -0.079737 0.616516 -0.0269494
v -0.34547043 -0.7855657 -0.11882758
v 0.059793472 -0.5066242 -0.46743202
v -0.305256 0.617732 0.0721093
v 0.63381004 -0.49030578 -0.21461678
v -0.62406677 -0.90100336 0.39471853
v 0.60458374 -0.5512619 0.5551605
v -0.383492 -0.95225084 -0.20641422
v -0.640174 -0.930698 0.429615
v 0.4602871 -0.8523605 -0.2634678
v 0.08712101 -0.7287483 -0.4091239
v -0.226356 -0.333007 -0.294001
v 0.6670685 -0.82401276 0.41178036
v -0.93808746 0.17776775 0.6040497
v -0.0106609 0.0374908 -0.221165
v 0.105353355 0.2045753 -0.06969643
v 0.41526794 -0.8757639 0.590724
v -0.6811476 0.19920349 0.6924486
v -0.5682144 -0.36888504 -0.23067498
v 0.6038933 -0.07689381 -0.166008
v -0.2310369 -0.48524857 -0.22929001
v -0.29692173 -0.3808087 0.57154703
v 0.3608055 -0.8349385 0.5962982
v 0.07746506 -0.87922907 -0.31663752
v 0.064984754 0.81565857 -0.33504438
v -0.682816 0.556506 -0.597248
v -0.1543541 -0.9384291 0.11884117
v -0.8406298 -0.45987606 0.1071043
v 0.324919 -0.974804 -0.179491
v -0.011432648 -0.5867615 0.6884651
v 0.30926895 -0.02230835 0.5477886
v 0.11805534 -0.4375162 -0.46382475
v -0.42410707 0.4882307 0.1715126
v -0.48333806 -0.6815591 0.2360878
v 0.64253426 -0.45778942 0.5409527
v 0.5598755 -0.5732651 -0.26404572
v 0.18748915 0.046276093 0.5549431
v 0.3229599 -0.6232033 0.72062683
v 0.82115936 -0.7391366 0.4219818
v -0.457961 -0.73295 0.179807
v -0.81851006 0.37536144 -0.019184113
v 0.46217442 -0.94966185 0.52700424
v -0.952392 0.409304 0.214851
v -0.519505 0.09294224 0.50943565
v 0.981699 -0.54578876 0.12537003
v 0.84744835 -0.7205682 -0.041586876
v 0.8880024 -0.68340397 -0.025182724
v -0.9395571 0.43369102 0.19417572
v 0.21186733 -0.5551915 0.7455852
v 0.24269232 -0.97388214 0.21574247
v 0.23519623 -0.9731571 0.1351502
v -0.935275 0.528768 0.267225
v -0.468136 0.462463 0.00153287
v -0.7660217 -0.30543518 0.5122757
v 0.7791071 -0.7818098 -0.052931786
v -0.19532049 -0.1281662 0.5757599
v -0.584143 0.779018 -0.771401
v -0.050326347 -0.7797384 0.6296897
v -0.677227 0.40779495 0.60227203
v -0.6063458 0.29931355 0.5369823
v -0.113304615 0.20174778 0.10128403
v -0.72699547 0.84176254 -0.6538696
v 0.10601616 -0.51014614 -0.45086956
v -0.605373 0.637254 -0.696287
v 0.09121323 -0.5536597 -0.44255638
v -0.5133953 0.63339615 0.07432175
v 0.44173717 -0.8461218 0.5811057
v -0.90263367 -0.32034063 0.06893921
v 0.098817825 -0.6079054 -0.43829226
v -0.919738 0.482691 0.142941
v -0.784889 0.678488 -0.371513
v -0.283826 0.602883 0.0828586
v -0.9023247 0.32573128 0.054899216
v 0.60453033 -0.44889832 -0.25428772
v -0.5341468 0.44700956 0.4465556
v -0.623368 0.858062 -0.758722
v 0.000308761 0.638996 -0.110937
v 0.059202194 0.11526871 0.49755287
v -0.92039704 0.017008781 0.25486755
v -0.8737831 0.01642251 0.37205505
v -0.5000396 -0.28188658 0.59618866
v -0.29011667 -0.9020567 0.5622473
v 0.15948486 -0.0064353943 -0.26268148
v -0.216855 -0.852228 -0.345609
v -0.191814 -0.261075 0.585895
v -0.31136006 -0.30486774 -0.25734603
v 0.05797863 -0.1981163 -0.41427183
v -0.135129 -0.122674 0.57744
v -0.7779541 -0.20781708 -0.13906097
v 0.9506111 -0.6586075 0.042686462
v 0.804219 -0.6404965 0.4206464
v -0.618096 0.4376 -0.150089
v 0.04940772 -0.53073597 0.7172947
v -0.5281582 -0.6662235 0.05320549
v -0.7293358 0.58384395 0.11968231
v 0.040161133 -0.43849182 0.74745274
v -0.299694 -0.959593 0.561878
v 0.214559 0.0608167 -0.218664
v 0.12210429 -0.8221569 -0.35681915
v 0.06265831 0.7229042 -0.17711258
v 0.06326294 -0.86498165 0.6651039
v 0.21976662 -0.96477896 0.22385788
v 0.45148396 -0.9529637 -0.14634705
v -0.8894639 -0.23185205 0.04118347
v 0.7143612 -0.8897171 0.008132935
v -0.702712 0.879145 -0.6999
v 0.36680603 -0.35379028 0.71310425
v -0.89318657 0.19104338 0.64001846
v -0.41496086 -0.4562378 -0.2003212
v -0.2976048 -0.16982841 0.56057787
v -0.639431 -0.33870697 0.5791416
v -0.044874907 -0.76469433 0.6134188
v -0.712003 -0.929705 0.111741
v -0.50843 -0.638817 -0.0311659
v -0.027404 -0.957024 0.685973
v -0.219156 -0.604369 -0.161645
v -0.67142946 0.44976473 -0.24581909
v -0.10517502 0.11851406 0.41666412
v 0.57963896 -0.74500847 -0.2256546
v 0.4527874 -0.8709894 0.580307
v -0.3135147 0.806304 -0.038635254
v 0.50625706 -0.83709335 -0.20049477
v -0.428799 0.250376 -0.013179
v 0.61134195 -0.7815647 -0.08796358
v -0.7153244 -0.21881437 0.55076313
v -0.16773224 0.7171173 -0.06478119
v -0.15044475 -0.2858863 -0.40742588
v -0.3741703 -0.7532091 0.5103817
v -0.323522 0.638864 0.0717246
v 0.13895035 -0.6742935 -0.4117031
v 0.6329818 -0.6268742 -0.20235157
v -0.9195204 0.37356186 0.52371216
v -0.64333344 -0.2949381 0.58636856
v 0.15345001 -0.7265606 -0.39563942
v 0.9904343 -0.5386047 0.21069145
v -0.09153366 -0.32163572 0.7166033
v 0.5274086 -0.59512424 0.6014309
v -0.53037643 -0.1847496 -0.24632883
v -0.85630417 -0.41694736 0.05596161
v -0.9647827 0.10561538 0.56658363
v -0.44093323 -0.78953767 0.21527243
v 0.7092905 -0.62432814 -0.10191727
v 0.63521385 -0.7694931 0.44960785
v -0.537774 0.533745 0.44873
v 0.12734723 -0.01854515 -0.2694084
v -0.18526936 0.106832504 0.4083748
v -0.06508827 0.85093975 -0.25620365
v -0.5863743 0.021419525 -0.16588211
v 0.407856 -0.76467896 0.61782074
v -0.6356478 0.41204548 -0.107213974
v -0.7628403 -0.28435516 -0.1552372
v -0.3510294 0.77843 -0.040584564
v -0.11704445 0.6134684 0.0023975372
v 0.14367056 0.24989796 0.03381157
v 0.4904399 -0.95087147 -0.010354996
v 0.414456 -0.231341 0.674029
v 0.2748599 -0.14452994 -0.2836641
v -0.39737654 0.2731804 0.044275284
v 0.12915325 -0.363518 -0.46663487
v -0.50146484 0.6366501 0.09183502
v -0.6726608 -0.24903789 0.56431293
v 0.754879 -0.28036118 -0.088954926
v 0.70802355 -0.698725 -0.055800334
v -0.07484436 -0.4787159 0.67277527
v -0.15465927 -0.7721405 0.5757065
v 0.6271534 -0.38508797 -0.23106003
v -0.9613091 0.4746585 0.2934494
v -0.9354317 -0.16182989 0.19193745
v -0.6191673 -0.9307966 0.3550738
v -0.66077614 -0.9827136 -0.023143768
v 0.3593564 0.21428299 0.3957939
v -0.48021245 -0.8542375 0.25975215
v -0.5234947 0.5121355 0.43828583
v 0.14892006 -0.8616209 -0.3150463
v 0.15718079 -0.886281 -0.30889177
v -0.4593134 0.44833732 0.26830292
v 0.04904419 -0.1744737 -0.3819002
v -0.900088 -0.0124712 0.204207
v 0.54712534 -0.85231686 -0.076441765
v -0.63386726 -0.9366224 0.387825
v -0.656764 0.141011 0.693042
v -0.554837 0.413486 0.472735
v -0.68423 -0.0410197 0.501244
v -0.666197 -0.018966 0.504087
v 0.09886509 -0.11728978 0.6009333
v -0.65785456 0.5266185 -0.5432644
v 0.015063286 0.14414406 -0.09462166
v 0.16426277 -0.33404684 -0.46289635
v 0.4944954 -0.64176464 0.63135815
v 0.795571 -0.500642 0.311762
v 0.15171242 -0.41828442 -0.4609003
v -0.37017012 0.6244947 0.1129452
v 0.5208893 -0.87399864 0.5286751
v -0.22438312 -0.6793728 -0.12183857
v -0.23057985 -0.62635803 -0.14438343
v 0.18721199 -0.4908495 -0.43736267
v 0.736629 -0.7378576 0.43455458
v -0.119309425 0.7177572 -0.20035839
v -0.44646645 0.46169567 0.22084808
v -0.577352 0.753485 -0.765503
v -0.62276495 0.4656248 -0.24943542
v -0.95014 0.365016 0.277231
v -0.34317327 -0.056685448 0.5436182
v 0.7903366 -0.33785248 0.027679443
v -0.3892603 0.4710045 0.120093346
v -0.4037075 0.5880728 -0.06548309
v 0.0308449 -0.716654 0.671197
v -0.682405 0.129929 0.703226
v -0.6861286 0.784935 -0.6537323
v -0.42317104 -0.06388092 0.5339012
v -0.38055992 0.7439785 0.033174515
v 0.73851585 -0.6040516 0.402977
v -0.168622 -0.195077 0.596424
v -0.034187317 -0.44958115 0.72029877
v 0.12511253 -0.24967861 0.7508836
v -0.718716 0.505979 -0.44407
v -0.81658936 -0.23602009 0.4590149
v -0.113812 -0.945062 0.71116
v 0.2770481 -0.93313956 -0.291152
v 0.055060387 -0.029790878 0.5714896
v -0.5729716 0.2191211 -0.08503395
v -0.5923028 0.560267 0.43476582
v -0.192416 -0.763818 0.521703
v -0.16483688 0.89204407 -0.14561844
v -0.8746147 0.4205737 0.08843231
v 0.465868 -0.57938004 -0.34152794
v -0.28660965 0.8120384 -0.014129639
v 0.07390976 -0.47330093 0.74508667
v 0.16439629 -0.37689972 -0.45832443
v -0.413614 0.262433 0.0111435
v 0.1816063 -0.43451834 -0.4468646
v -0.9089756 -0.24512656 0.3392334
v 0.65394497 -0.91667366 0.013755798
v 0.1812377 -0.36554146 0.7589224
v -0.940876 0.250103 0.55735016
v -0.22340393 -0.52610016 0.54913855
v 0.50824356 -0.7022494 -0.3117237
v -0.19889 -0.979894 0.156735
v -0.35245323 0.66984844 0.09484291
v -0.9941375 0.21432161 0.30653763
v -0.27844238 -0.4136238 -0.22477722
v 0.99083424 -0.65762043 0.22372818
v -0.755786 0.530461 -0.151603
v 0.09855652 -0.44525146 0.75647926
v -0.41382694 0.45797682 0.14256287
v -0.633837 0.153308 0.674407
v -0.95165217 0.41781664 0.35982704
v 0.641861 -0.893651 0.365945
v -0.93257284 -0.23886871 0.2820263
v -0.635636 0.11709 0.675997
v -0.476256 0.428625 0.00644477
v 0.462824 -0.18975353 -0.2784803
v -0.47472316 -0.20116806 0.5849633
v -0.7871988 0.521986 -0.0052375793
v -0.36089134 -0.4616022 0.56320524
v -0.34485388 -0.7565067 -0.11887336
v 0.158211 -0.0878889 -0.278105
v 0.41155285 -0.0057315826 0.53510094
v -0.17701054 -0.7913009 -0.27690935
v -0.836476 0.496027 0.0454492
v -0.77298737 0.33473206 0.6690216
v 0.07881677 0.05126667 -0.20452118
v 0.101435184 0.16477203 0.4619255
v 0.7177067 -0.8149433 0.42365265
v -0.499796 -0.217154 0.597372
v 0.39793587 0.21404934 0.3766842
v 0.372417 -0.089981 -0.249611
v 0.017980576 0.7330437 -0.24489594
v 0.21302843 0.19617367 -0.07679844
v 0.15484047 -0.56422067 -0.4303608
v 0.9336357 -0.74352264 0.063453674
v 0.20004559 -0.58771086 -0.42300653
v -0.68057376 -0.87860644 0.039869636
v -0.43010426 -0.8034711 -0.09143138
v 0.144454 -0.6328697 -0.42930126
v -0.52103543 -0.76043 0.030162573
v 0.055768967 -0.18051529 0.69821167
v 0.19993782 -0.6797638 -0.39733124
v 0.17277336 -0.7579098 -0.3809724
v -0.41334766 -0.8773277 -0.122587085
v 0.1506033 0.2105627 -0.07096863
v -0.95422196 0.26000667 0.43006134
v -0.00107907 -0.921928 0.689234
v 0.0039520264 0.65888596 -0.16027069
v -0.82112885 -0.2845497 -0.08016205
v -0.1485572 -0.6290264 0.49857903
v -0.92371845 -0.11800909 0.26929474
v 0.07469371 0.9166959 -0.3383968
v -0.4849 0.587192 0.168509
v 0.93553543 -0.57167435 0.34946823
v 0.33870888 -0.60039026 0.7204151
v -0.45582 -0.748101 0.356533
v -0.7574873 0.45035362 -0.061965466
v 0.64112854 -0.39888445 -0.2184372
v -0.625511 0.617346 -0.689569
v -0.6891327 0.26151562 0.66525555
v 0.09800911 -0.0072345734 0.57238674
v -0.12402964 -0.9205668 0.5050926
v -0.45779556 -0.6753104 0.34810352
v 0.3464508 -0.029224396 0.5452242
v -0.563328 -0.164605 -0.220719
v -0.7378912 0.5627382 -0.28219414
v -0.4677136 -0.7828448 0.48230743
v 0.5364647 -0.34832382 -0.29647255
v -0.59082544 0.48471546 -0.17078209
v -0.5829002 0.6828866 -0.49602938
v -0.147079 -0.512711 0.532585
v 0.2159977 -0.11953962 -0.27585888
v -0.45266485 -0.8168261 0.22786283
v 0.22001457 -0.52998686 -0.41671753
v -0.45740378 -0.7811049 0.32836676
v -0.037462473 -0.821136 0.6851829
v 0.1643486 -0.60916305 -0.43111944
v -0.3024876 -0.79556894 -0.13951182
v -0.030023575 -0.92179656 -0.19143152
v -0.5760374 0.5751139 -0.24884057
v 0.019208908 0.93334484 -0.32616425
v -0.60803795 -0.87019205 0.18602753
f 2666 2054 53 
f 2696 1174 1361 
f 2904 1816 2246 
f 1763 917 1897 
f 3062 1692 235 
f 3004 2922 3148 
f 526 1348 758 
f 2899 2987 2664 
f 1617 465 2447 
f 1001 3182 2513 
f 3485 1180 3487 
f 2104 1023 1379 
f 2720 1314 1125 
f 1003 892 1278 
f 955 478 1310 
f 1613 2258 155 
f 889 2011 2965 
f 3190 2303 3499 
f 1622 2107 2304 
f 1742 3073 1039 
f 549 683 1414 
f 2343 618 1520 
f 420 2549 2194 
f 31 2990 3136 
f 2685 1369 3114 
f 641 255 2138 
f 1765 2050 659 
f 754 624 244 
f 2033 3442 836 
f 3257 2034 3409 
f 3133 860 449 
f 2207 1385 1222 
f 2237 3407 3025 
f 3393 2526 1132 
f 1644 3299 3304 
f 252 2945 233 
f 343 3038 1778 
f 1505 1863 2145 
f 2215 1541 3099 
f 1363 1142 1781 
f 1132 416 3166 
f 1555 1907 1009 
f 2735 2369 2327 
f 1285 2457 340 
f 1439 1148 246 
f 353 894 2803 
f 1620 3332 1087 
f 3553 3476 1200 
f 2055 25 1588 
f 751 1605 2559 
f 2551 1772 706 
f 1066 3077 3498 
f 2543 3543 3039 
f 73 102 1683 
f 296 760 1016 
f 1451 987 1201 
f 3056 3037 2977 
f 638 1752 698 
f 863 2070 2066 
f 1775 107 1686 
f 1312 1054 3109 
f 1026 3308 997 
f 2652 3013 336 
f 779 855 3553 
f 1399 1538 972 
f 2281 2112 847 
f 197 3258 257 
f 2863 2797 1466 
f 440 1952 3400 
f 2092 1907 1728 
f 82 3032 173 
f 1217 1218 1823 
f 2627 1507 300 
f 3334 2409 1384 
f 147 115 180 
f 2260 13 1367 
f 1319 301 533 
f 3172 2311 2050 
f 359 1037 447 
f 218 89 2183 
f 1651 1676 2624 
f 1488 1325 2970 
f 512 2104 838 
f 100 3284 2265 
f 2465 1924 162 
f 421 106 128 
f 1768 216 1371 
f 2838 1964 2129 
f 1623 228 1548 
f 2207 2798 279 
f 1291 2242 270 
f 2395 2175 10 
f 2815 3465 3150 
f 3522 2822 3427 
f 2063 274 2040 
f 2913 100 2206 
f 3057 1575 647 
f 3005 334 296 
f 2830 1163 2275 
f 2588 50 55 
f 809 1490 1428 
f 3502 3506 80 
f 2772 347 1302 
f 2147 1866 1868 
f 684 394 2807 
f 1034 3377 2981 
f 909 2381 2293 
f 1899 2011 889 
f 586 1477 2676 
f 1959 2208 2842 
f 429 517 594 
f 2328 2735 2542 
f 2288 330 3378 
f 3462 129 724 
f 2975 681 2843 
f 2536 2389 3051 
f 287 3180 913 
f 1106 1823 1218 
f 3281 3151 1487 
f 2077 2009 1522 
f 1981 653 2301 
f 2489 3405 3279 
f 951 2934 83 
f 799 3078 951 
f 3041 1034 94 
f 2149 1274 3387 
f 1898 222 1686 
f 2543 2488 1305 
f 3490 1177 935 
f 3189 82 2924 
f 144 335 3306 
f 195 463 224 
f 2728 1210 1344 
f 3102 3380 1699 
f 2411 691 1285 
f 165 1673 161 
f 273 3561 2997 
f 891 370 2632 
f 2356 1250 2675 
f 202 82 173 
f 675 633 2222 
f 2214 1601 428 
f 3243 1738 2839 
f 1781 1142 633 
f 775 900 3015 
f 3053 134 940 
f 664 480 3490 
f 2716 2587 2461 
f 73 195 224 
f 2569 900 161 
f 821 1046 2641 
f 2785 470 3418 
f 1090 132 2852 
f 721 1753 2736 
f 1593 1982 2983 
f 1184 744 897 
f 3043 2865 2001 
f 1229 915 1401 
f 678 2593 1076 
f 1036 1549 1822 
f 3180 3508 1536 
f 92 219 2102 
f 1019 1288 744 
f 842 1736 2456 
f 469 1621 1678 
f 207 260 1651 
f 1990 1515 1149 
f 406 250 2490 
f 2976 2997 425 
f 3567 766 1365 
f 893 2287 2375 
f 2333 1380 3271 
f 956 601 1979 
f 1622 2004 2645 
f 2779 2201 482 
f 3336 1901 2479 
f 1830 2655 682 
f 3234 2949 3516 
f 1346 2608 187 
f 702 2053 2093 
f 2002 2386 3023 
f 548 2014 393 
f 729 825 2920 
f 3102 390 62 
f 1407 2629 1754 
f 1572 1431 1603 
f 3033 2969 2805 
f 3055 146 2027 
f 1083 1478 763 
f 3499 2019 3190 
f 2693 1277 615 
f 3423 1755 997 
f 818 952 191 
f 1528 2226 780 
f 262 671 1921 
f 1393 33 1419 
f 1167 723 415 
f 252 1984 1903 
f 833 3392 1841 
f 1285 2478 231 
f 1775 1686 140 
f 130 2048 1123 
f 3213 3540 2747 
f 3569 3528 3070 
f 666 1187 1682 
f 3571 872 1417 
f 84 985 2087 
f 3373 806 479 
f 948 803 2519 
f 3350 936 2619 
f 1528 1534 3335 
f 1836 1804 1971 
f 88 29 116 
f 668 3189 297 
f 1811 2 3545 
f 3009 2768 2385 
f 1231 2919 984 
f 1342 3284 100 
f 384 425 3348 
f 197 2224 752 
f 820 1389 2378 
f 3017 1482 2238 
f 658 2641 1046 
f 2481 2272 3012 
f 257 736 298 
f 2682 3370 2190 
f 1560 3375 1699 
f 3514 2798 3556 
f 768 671 1005 
f 2706 1614 1526 
f 3205 3043 2001 
f 1448 2260 1367 
f 2414 1173 23 
f 2139 475 1769 
f 245 569 611 
f 2584 779 3553 
f 2989 1582 3240 
f 3413 1648 289 
f 3159 2249 1681 
f 1491 655 674 
f 235 1692 281 
f 338 3070 1103 
f 2887 2417 2469 
f 1910 3328 1857 
f 434 2752 718 
f 334 3005 309 
f 2330 875 2233 
f 1874 3539 1198 
f 1631 981 2126 
f 2158 2432 1651 
f 2909 2926 2665 
f 3272 3090 229 
f 917 2211 1897 
f 277 1238 2366 
f 811 2100 374 
f 187 1984 252 
f 831 902 2538 
f 2937 1561 3168 
f 2581 2202 1014 
f 3064 1555 3026 
f 35 233 2945 
f 1850 2434 2432 
f 1327 855 779 
f 2334 3204 778 
f 2117 2116 2960 
f 458 451 1485 
f 2224 2881 3227 
f 2850 2766 1001 
f 3133 95 247 
f 3567 3548 3124 
f 3339 2013 571 
f 2293 2381 874 
f 1167 406 723 
f 43 2840 3159 
f 2060 3017 2238 
f 2681 52 3493 
f 2350 401 2028 
f 1529 3206 2923 
f 3229 79 1978 
f 368 1836 1971 
f 297 29 872 
f 1524 1519 2792 
f 1269 3316 138 
f 2558 462 2721 
f 655 621 674 
f 649 689 2212 
f 656 2539 1915 
f 2632 2621 3292 
f 2864 3266 877 
f 117 34 573 
f 1536 339 1509 
f 781 1521 646 
f 1529 282 2804 
f 2761 1993 717 
f 3428 699 766 
f 2682 2295 791 
f 3400 3429 440 
f 1972 1418 1191 
f 2907 2787 2832 
f 3066 2998 1154 
f 78 2956 2278 
f 763 546 240 
f 2582 1274 1156 
f 2405 2326 2068 
f 993 244 624 
f 3358 2563 2616 
f 1726 1729 1574 
f 563 2521 2057 
f 684 1814 722 
f 959 1261 1422 
f 336 3171 1771 
f 1578 2326 2405 
f 913 1509 3413 
f 216 670 1371 
f 977 1792 230 
f 1057 3495 3448 
f 3261 3550 1045 
f 675 393 3338 
f 3253 885 344 
f 2734 2488 2543 
f 960 3374 1013 
f 2525 2684 2527 
f 2501 2470 3463 
f 541 588 542 
f 3328 1436 2558 
f 3125 1999 2087 
f 3380 1846 1082 
f 806 2358 68 
f 987 3317 2862 
f 1584 608 3144 
f 2962 732 3572 
f 2151 2906 1130 
f 1603 1500 1641 
f 43 1681 3554 
f 102 143 789 
f 513 1644 568 
f 1731 3106 329 
f 866 3060 2212 
f 277 626 1544 
f 1407 1596 2629 
f 2955 2922 2799 
f 192 2765 3083 
f 817 2996 19 
f 746 816 999 
f 3378 2864 877 
f 2056 2834 2695 
f 1683 140 73 
f 654 85 845 
f 1895 1944 2610 
f 947 1949 974 
f 959 2797 2863 
f 1002 1387 1469 
f 3227 991 2589 
f 3101 2567 3239 
f 1487 446 2361 
f 2560 1066 1983 
f 1834 1894 1437 
f 2382 2101 1547 
f 2450 2111 591 
f 1463 2430 1464 
f 1385 2207 279 
f 1788 2521 2590 
f 3062 89 1692 
f 2003 2865 1909 
f 1579 2854 2500 
f 2001 603 3205 
f 2732 2606 3403 
f 1407 1440 389 
f 1705 1086 650 
f 1739 2750 2423 
f 2091 1802 907 
f 1154 3460 2557 
f 2266 2694 313 
f 3185 301 1319 
f 3148 3245 3280 
f 3024 1463 1464 
f 2437 1366 3053 
f 1212 2695 1647 
f 1325 2522 204 
f 514 125 738 
f 659 2597 1223 
f 1082 1846 1930 
f 1762 3044 2876 
f 2708 1518 2096 
f 3441 122 1452 
f 945 2926 2909 
f 3480 1034 3041 
f 842 1614 1736 
f 2642 1624 1929 
f 2310 2502 1923 
f 888 1481 566 
f 2328 219 92 
f 2967 1966 1505 
f 2276 1243 2664 
f 908 3545 2807 
f 542 448 541 
f 1917 625 1710 
f 853 1775 1190 
f 1408 2187 2980 
f 2143 989 1183 
f 3425 3262 1606 
f 3449 3196 704 
f 728 3156 2733 
f 321 3165 196 
f 1276 3454 843 
f 143 2569 1673 
f 2383 2940 3177 
f 620 2871 914 
f 1856 192 3440 
f 75 2666 53 
f 2437 2931 27 
f 1318 3311 2189 
f 900 2569 224 
f 2526 186 34 
f 165 769 143 
f 1683 789 1081 
f 2301 687 2666 
f 2473 1176 1598 
f 475 3239 1105 
f 2627 1685 1507 
f 454 3016 455 
f 115 87 82 
f 242 1913 1501 
f 1579 2500 254 
f 1208 762 410 
f 3094 144 800 
f 2177 366 89 
f 3251 1524 323 
f 3182 1971 2436 
f 394 1840 1282 
f 798 1236 1090 
f 1560 2235 3375 
f 3402 2751 1013 
f 208 530 3170 
f 3461 566 456 
f 1666 2743 745 
f 983 1169 1205 
f 708 551 1628 
f 1977 963 3318 
f 3313 2607 1933 
f 1367 13 2256 
f 2072 2361 446 
f 1212 1647 3448 
f 3556 2970 1638 
f 1282 1089 908 
f 1308 2028 2237 
f 3332 1620 1899 
f 276 3166 416 
f 2921 341 3544 
f 243 435 652 
f 2277 3343 1824 
f 2338 2893 1255 
f 1355 2724 58 
f 2820 2754 2344 
f 709 607 2729 
f 390 841 62 
f 2430 2342 2671 
f 916 2412 695 
f 1788 2590 1523 
f 243 290 537 
f 990 1421 2711 
f 2849 1381 827 
f 2695 1462 1253 
f 1230 1518 1668 
f 198 1100 1109 
f 1911 2900 776 
f 1850 2432 2158 
f 796 248 1863 
f 2519 3352 2279 
f 187 2429 448 
f 501 1295 1880 
f 948 2562 715 
f 1725 1575 643 
f 2869 1473 2289 
f 2727 1172 1891 
f 1778 1701 343 
f 1544 1238 277 
f 160 3305 2111 
f 886 2881 1316 
f 3422 598 1624 
f 3232 697 1289 
f 1105 3239 2567 
f 1728 844 2092 
f 3170 3172 3453 
f 3271 1380 2702 
f 1818 1734 2344 
f 1745 1535 1737 
f 1396 822 3300 
f 1687 265 2368 
f 2054 1000 53 
f 3046 2626 2883 
f 2289 501 2171 
f 569 745 611 
f 340 1413 1104 
f 2248 2912 2884 
f 1353 3535 667 
f 2512 2199 1484 
f 3040 1536 2678 
f 444 380 1852 
f 202 147 180 
f 2925 1604 373 
f 3463 2416 2501 
f 158 3446 174 
f 222 1717 1884 
f 89 88 2177 
f 3039 3505 3488 
f 3374 2672 1092 
f 2797 14 1466 
f 1960 1093 2266 
f 2833 2441 566 
f 606 642 644 
f 2614 1608 3291 
f 1691 2536 2427 
f 329 3106 1341 
f 147 202 3015 
f 47 2924 87 
f 356 2316 1849 
f 520 1872 926 
f 11 2865 3043 
f 3542 487 1301 
f 2500 1299 254 
f 286 2492 2134 
f 854 1303 1411 
f 2923 282 1529 
f 567 1301 1254 
f 318 3120 2182 
f 225 2085 2478 
f 264 1271 1343 
f 3375 2235 896 
f 1727 3210 3279 
f 889 1499 1899 
f 3226 1246 3147 
f 3468 1237 1862 
f 45 3005 1016 
f 1493 1069 455 
f 176 2130 269 
f 340 2457 1413 
f 3107 177 2024 
f 264 430 1271 
f 939 748 2424 
f 1677 2374 1995 
f 531 2280 3351 
f 228 76 565 
f 780 351 488 
f 579 2985 497 
f 1976 1134 712 
f 3531 3230 3325 
f 2923 1796 637 
f 1587 2730 635 
f 2245 3106 2282 
f 577 1338 1304 
f 1582 1101 584 
f 2055 3275 25 
f 1255 1014 2018 
f 1852 2338 1255 
f 2629 1596 2483 
f 1325 350 2553 
f 2395 2224 197 
f 523 612 614 
f 2401 3559 2581 
f 3020 1703 3477 
f 731 380 183 
f 2141 2295 2682 
f 445 187 380 
f 1953 800 753 
f 1656 727 2150 
f 2314 3357 3160 
f 1281 1511 802 
f 1815 2608 262 
f 2015 346 2305 
f 370 3482 1749 
f 3068 1693 1136 
f 922 870 2214 
f 2231 3383 1016 
f 2454 279 1637 
f 2380 1498 2024 
f 629 2482 474 
f 2508 2736 1309 
f 26 1050 2551 
f 919 3405 1056 
f 604 3209 606 
f 46 2485 40 
f 585 3263 2048 
f 2677 2419 2916 
f 436 3138 432 
f 245 2016 641 
f 1635 1840 394 
f 1642 893 2903 
f 3451 1027 1847 
f 1877 3471 2284 
f 3485 3415 3444 
f 1823 2973 3041 
f 3525 2772 1302 
f 2261 1114 2097 
f 147 116 115 
f 715 1131 2204 
f 1556 1557 2705 
f 2609 500 1130 
f 691 3187 1285 
f 3132 2571 413 
f 2976 3110 273 
f 3206 1395 1390 
f 479 3457 3110 
f 3432 2024 3455 
f 89 169 1692 
f 1205 968 983 
f 3070 3531 3569 
f 2440 1016 3383 
f 1278 2294 1003 
f 2992 516 2170 
f 581 1566 540 
f 3061 632 2971 
f 1460 1900 564 
f 3475 3004 3431 
f 1137 1207 3426 
f 601 1766 3079 
f 2933 867 2217 
f 1719 3082 3294 
f 509 1234 1956 
f 3393 1132 3445 
f 1843 928 1423 
f 534 1335 3505 
f 1930 515 1082 
f 651 274 1670 
f 443 927 2462 
f 2293 355 1092 
f 2443 2698 1065 
f 2047 302 605 
f 3053 940 379 
f 3161 312 1716 
f 3225 27 1889 
f 3214 1779 276 
f 59 829 3435 
f 1731 362 2497 
f 3425 3436 3262 
f 2422 2642 2079 
f 2447 1200 2404 
f 4 849 1031 
f 1178 1442 2655 
f 2035 1651 260 
f 821 2398 1046 
f 2131 106 3421 
f 2631 832 751 
f 1125 1303 419 
f 2607 2565 1933 
f 3512 3258 752 
f 1483 851 1640 
f 530 130 2311 
f 240 546 1802 
f 3265 1058 588 
f 3436 2605 1058 
f 310 3170 3453 
f 3025 460 2237 
f 604 1556 1826 
f 947 1533 1949 
f 1627 2054 654 
f 2446 1783 2999 
f 473 2661 1429 
f 1854 382 2686 
f 267 407 1586 
f 2299 3144 608 
f 2028 401 3541 
f 65 238 2013 
f 872 3571 668 
f 3363 1842 1825 
f 2000 3525 3046 
f 3401 1197 412 
f 2173 2646 2884 
f 1591 3517 2379 
f 3113 3219 1630 
f 1470 3301 1538 
f 1217 1823 94 
f 1001 475 3182 
f 1553 1292 1330 
f 3352 2519 803 
f 278 1320 865 
f 982 575 366 
f 737 2546 3492 
f 1718 1658 2499 
f 1374 1169 154 
f 3010 275 2177 
f 3412 2155 337 
f 2615 1300 2051 
f 644 1585 606 
f 355 967 1092 
f 218 1709 2904 
f 532 705 1645 
f 89 3062 88 
f 2852 3004 1090 
f 762 720 410 
f 502 1251 81 
f 574 2085 2568 
f 3033 1810 942 
f 2439 954 1269 
f 358 1408 2980 
f 1610 1637 2798 
f 1768 1292 1553 
f 3419 324 1258 
f 2985 3326 1321 
f 3533 728 1178 
f 426 1734 3006 
f 3538 2154 3496 
f 2676 730 3366 
f 2854 2830 2494 
f 2311 130 1123 
f 511 2293 2672 
f 1762 2140 1351 
f 196 3201 2400 
f 263 463 222 
f 2598 3423 581 
f 75 3171 1963 
f 2787 2902 2832 
f 597 306 2368 
f 642 757 1211 
f 521 1780 2927 
f 2737 3248 1325 
f 2840 524 2750 
f 462 2418 2721 
f 1444 1304 1338 
f 239 1389 820 
f 516 1222 464 
f 751 2088 2770 
f 1761 1349 3218 
f 2070 2946 2066 
f 348 729 2403 
f 391 2262 372 
f 1442 728 70 
f 1358 1431 1328 
f 3134 57 306 
f 3500 3001 3352 
f 191 952 1703 
f 1903 2229 1851 
f 948 1841 303 
f 1354 2994 2708 
f 1539 2684 3437 
f 2316 1003 1849 
f 1643 1685 2627 
f 1596 3296 2483 
f 3309 546 2935 
f 2608 1346 262 
f 2565 2359 99 
f 3447 3415 3485 
f 1225 1869 2019 
f 906 2377 2709 
f 2730 703 96 
f 2533 2446 2332 
f 683 1950 868 
f 2701 3165 2493 
f 2555 2538 1388 
f 3101 89 366 
f 1109 1100 538 
f 2234 2736 3276 
f 3152 325 2731 
f 849 1965 1031 
f 1886 324 1554 
f 1377 3101 366 
f 2721 3260 3328 
f 1135 2940 600 
f 906 3394 2420 
f 3015 202 173 
f 1687 2368 306 
f 2479 2148 1528 
f 1418 3433 148 
f 3101 368 2567 
f 1258 2959 3419 
f 88 3010 2177 
f 149 3507 1208 
f 2958 399 1331 
f 3055 21 146 
f 2707 1890 1280 
f 1086 1705 496 
f 43 46 40 
f 2122 1349 519 
f 1445 3424 76 
f 1968 1320 278 
f 257 3258 736 
f 1552 1532 2349 
f 2949 579 2077 
f 1648 1803 2961 
f 2643 2489 3279 
f 3460 1154 470 
f 1664 1070 3123 
f 2693 1372 992 
f 3480 3041 481 
f 91 1031 2274 
f 1695 2312 808 
f 1808 1118 2868 
f 369 1298 2826 
f 490 1774 2905 
f 781 3342 816 
f 1654 1128 2890 
f 419 2974 3047 
f 1818 3327 1734 
f 3488 1571 3039 
f 690 29 3062 
f 2482 638 487 
f 2795 1424 56 
f 2885 1733 1396 
f 413 1075 958 
f 829 3411 3008 
f 1609 2101 3037 
f 2990 3216 2967 
f 239 1128 1751 
f 364 493 1657 
f 819 658 1927 
f 66 3392 833 
f 1718 2499 1928 
f 2111 2450 160 
f 1962 3188 1559 
f 1597 929 2891 
f 1568 1057 1242 
f 3439 3029 2827 
f 1619 2379 3517 
f 3455 2024 1498 
f 3540 2305 2747 
f 443 1219 964 
f 996 59 3435 
f 1331 2280 1485 
f 1954 23 1173 
f 190 2140 1653 
f 3153 363 2686 
f 1903 1984 2229 
f 3050 3379 663 
f 612 570 3264 
f 2455 2660 1540 
f 3162 2354 1690 
f 1138 810 3565 
f 2329 2268 3342 
f 3527 897 1074 
f 3133 449 95 
f 2555 770 831 
f 196 2824 3201 
f 2517 524 43 
f 263 185 1815 
f 2800 3260 3385 
f 185 1884 853 
f 3140 3302 3303 
f 3007 1664 3123 
f 1268 857 892 
f 2487 2521 878 
f 14 2797 988 
f 3348 60 3406 
f 1935 3127 2018 
f 2818 1160 603 
f 582 2534 721 
f 2062 3000 2957 
f 3480 249 1466 
f 3283 789 769 
f 3121 1894 2812 
f 525 616 1650 
f 1920 1961 1611 
f 2163 589 2755 
f 1027 2899 1847 
f 329 2353 720 
f 2903 2375 2490 
f 408 2133 2291 
f 467 2580 2259 
f 2500 531 1299 
f 2436 1971 1804 
f 2159 1369 1313 
f 3428 1569 1655 
f 1511 37 2781 
f 1147 2979 1592 
f 1906 2683 3214 
f 1523 1909 1788 
f 150 2910 1908 
f 1105 1971 475 
f 2626 3354 2883 
f 746 999 533 
f 745 911 3045 
f 2518 783 483 
f 1756 1446 2110 
f 2456 1736 2421 
f 389 2213 123 
f 3572 3122 2962 
f 1143 157 423 
f 643 2505 2382 
f 721 2736 2508 
f 433 817 19 
f 382 1854 3503 
f 382 2892 2810 
f 3177 807 3254 
f 2381 1247 874 
f 3288 3084 3255 
f 3385 871 1242 
f 2658 2971 2972 
f 358 3117 1995 
f 90 806 1859 
f 3096 862 1318 
f 3213 3212 1276 
f 1424 2795 1093 
f 2557 2068 1140 
f 1787 1188 2360 
f 235 526 1697 
f 562 1252 2397 
f 1633 376 2005 
f 469 1505 673 
f 3201 2824 3557 
f 771 243 652 
f 401 765 2021 
f 317 1672 2842 
f 917 2706 1526 
f 1005 671 632 
f 1222 516 2164 
f 1497 1992 2998 
f 1934 1798 3068 
f 3565 3428 1138 
f 488 1021 2084 
f 3353 3193 1363 
f 2573 1325 1488 
f 619 971 702 
f 1645 148 532 
f 3456 979 3313 
f 1879 756 1645 
f 187 183 380 
f 1803 1648 2848 
f 3497 1521 781 
f 567 512 3542 
f 827 2977 2849 
f 2588 55 22 
f 1529 3456 3313 
f 835 649 840 
f 215 3515 2397 
f 347 2957 3000 
f 2068 1759 2823 
f 2960 1038 2117 
f 762 1208 1586 
f 987 828 1997 
f 1686 222 195 
f 3398 2044 2576 
f 2004 3359 3008 
f 1813 1797 1430 
f 237 3145 3207 
f 1921 463 263 
f 1650 674 982 
f 367 646 3099 
f 1237 3468 1120 
f 2259 3155 467 
f 1742 3113 1630 
f 2137 3292 1156 
f 1822 2043 3488 
f 271 569 523 
f 440 1376 438 
f 1778 714 557 
f 2776 536 431 
f 2272 503 3121 
f 2415 2185 2348 
f 2936 2062 2790 
f 703 1583 3277 
f 489 845 1702 
f 1141 2258 3220 
f 326 2450 2438 
f 865 346 2015 
f 1808 2868 407 
f 1216 1743 1525 
f 1532 20 2349 
f 2139 2061 2183 
f 2877 3003 2745 
f 2720 1125 419 
f 1048 41 3193 
f 809 1428 2076 
f 416 2759 2036 
f 1409 2266 313 
f 347 2772 1450 
f 1565 1432 2367 
f 983 1760 1169 
f 1527 1927 1378 
f 525 614 616 
f 873 2179 3215 
f 2968 2859 2216 
f 1577 527 2003 
f 1998 221 3222 
f 675 700 1724 
f 2602 1297 3065 
f 72 2323 1065 
f 3513 686 2445 
f 2250 152 3236 
f 846 1557 644 
f 3566 1072 375 
f 345 932 2572 
f 3474 2623 2081 
f 814 759 1004 
f 132 1816 2904 
f 2423 2750 3137 
f 1506 3076 2443 
f 3289 508 2749 
f 211 156 1787 
f 928 214 1416 
f 2137 2632 3292 
f 1209 1238 644 
f 626 2242 506 
f 809 2076 1881 
f 457 2986 2062 
f 187 2608 1984 
f 2175 2395 3530 
f 661 1711 3486 
f 2755 1543 2163 
f 868 400 683 
f 3386 3230 3531 
f 2323 1496 1175 
f 3161 1389 239 
f 1412 1726 1574 
f 1929 598 582 
f 878 3571 1417 
f 1248 847 2546 
f 634 48 1740 
f 262 1346 671 
f 1861 890 3174 
f 3309 3507 546 
f 2378 159 820 
f 1647 2695 1253 
f 924 3421 2208 
f 1527 819 1927 
f 2258 1581 3220 
f 3470 803 303 
f 1708 1690 1864 
f 2235 1560 1665 
f 1324 2228 1551 
f 2532 2143 119 
f 2112 1978 1214 
f 2749 3455 1908 
f 1336 2740 2803 
f 17 1773 520 
f 2059 2304 2864 
f 2451 2558 18 
f 2647 500 2172 
f 2709 793 906 
f 35 2844 3027 
f 3406 19 748 
f 2829 1225 2516 
f 357 1495 181 
f 3138 436 1376 
f 212 3283 3032 
f 2603 967 2030 
f 26 901 2125 
f 1347 2295 1393 
f 20 3318 963 
f 2676 3312 586 
f 3348 3221 60 
f 275 147 3015 
f 2705 1977 3131 
f 1836 368 1377 
f 3060 866 2634 
f 2077 3516 2949 
f 2451 1279 1108 
f 2295 1347 791 
f 2834 508 3289 
f 2107 777 2304 
f 2491 2966 1842 
f 1087 2607 1152 
f 1364 2618 2135 
f 2126 1520 618 
f 2514 966 3286 
f 3170 310 208 
f 741 1163 3157 
f 3196 266 704 
f 1139 2851 2612 
f 2597 659 2050 
f 1331 399 1658 
f 3144 226 2084 
f 3047 2271 419 
f 1905 1604 2925 
f 1067 1877 1807 
f 904 645 2509 
f 590 1401 3023 
f 2629 2270 1754 
f 156 213 2253 
f 3494 1582 2989 
f 82 180 115 
f 206 1787 2360 
f 211 188 56 
f 3482 1213 285 
f 1579 741 3157 
f 1744 803 1166 
f 662 311 1489 
f 2328 3477 219 
f 1274 2137 1156 
f 2297 2663 3324 
f 3003 657 2745 
f 2552 556 3134 
f 544 2376 414 
f 1130 2906 2609 
f 1430 1797 909 
f 2202 2581 1982 
f 556 57 3134 
f 187 448 1346 
f 898 2461 2492 
f 1087 1152 1620 
f 1509 913 3180 
f 1505 469 2967 
f 523 570 612 
f 2103 199 1036 
f 882 768 2029 
f 1008 12 158 
f 1829 15 2570 
f 1997 1797 1201 
f 2039 294 1791 
f 1203 1322 719 
f 2829 957 1225 
f 3301 1470 3117 
f 1185 402 1655 
f 990 3127 1935 
f 995 761 397 
f 979 3456 2804 
f 2583 2957 21 
f 3240 1190 2989 
f 2101 1609 1547 
f 1522 3510 2792 
f 1685 1643 1323 
f 873 3215 1023 
f 1321 232 513 
f 2039 738 294 
f 2011 1977 3362 
f 588 1058 542 
f 3219 1467 44 
f 2117 3458 1564 
f 1166 2879 1902 
f 575 621 861 
f 3214 1727 3405 
f 1650 982 366 
f 2653 1306 1405 
f 1777 1548 228 
f 2008 2166 3251 
f 3130 998 1122 
f 2703 39 2892 
f 3224 392 2025 
f 970 2391 2741 
f 366 2177 361 
f 1893 514 2860 
f 361 2177 275 
f 2377 1541 2215 
f 2459 159 240 
f 1243 1231 647 
f 1937 1276 843 
f 2543 1305 2035 
f 728 1442 1178 
f 2161 1229 1401 
f 1180 2123 385 
f 1565 2528 1733 
f 503 1437 3121 
f 1916 3416 3467 
f 1565 2547 2528 
f 2818 2978 1394 
f 2983 1606 1593 
f 603 3191 2978 
f 2882 3424 1153 
f 2145 1863 2055 
f 2328 92 2735 
f 2856 283 2345 
f 1838 434 718 
f 1238 1544 3226 
f 30 1848 1442 
f 2779 204 1095 
f 2972 2605 1471 
f 2628 3266 2304 
f 2117 1038 3458 
f 2888 1072 3487 
f 2971 2658 3061 
f 2964 2889 2963 
f 3118 2689 3094 
f 2978 2818 603 
f 3552 3274 1539 
f 1085 2615 1516 
f 3555 1085 1516 
f 1567 172 2372 
f 2067 503 2481 
f 2625 254 1299 
f 213 290 243 
f 393 2014 1833 
f 2394 1637 1610 
f 3297 2006 2144 
f 810 3397 3565 
f 439 3572 732 
f 1396 2528 822 
f 3147 1600 3226 
f 2238 2128 2060 
f 444 2711 2429 
f 2008 2047 605 
f 1797 1813 2835 
f 2625 320 1654 
f 2206 2825 2913 
f 3309 1478 2095 
f 965 1094 882 
f 462 2558 2451 
f 585 2048 2614 
f 2956 824 2278 
f 2838 637 2873 
f 2100 743 2010 
f 1102 2582 1156 
f 2040 3338 2063 
f 282 2129 2814 
f 99 2359 1480 
f 1233 2660 2072 
f 374 1957 811 
f 195 222 463 
f 3296 123 167 
f 3270 837 1151 
f 2059 137 3359 
f 3526 3528 3569 
f 614 525 523 
f 1687 306 3277 
f 2745 2606 454 
f 1373 2776 3247 
f 153 2307 559 
f 2108 2853 3282 
f 575 2373 366 
f 1446 1352 3072 
f 2416 2203 1785 
f 2164 2207 1222 
f 1957 2408 901 
f 275 271 361 
f 3264 2138 291 
f 3247 1061 1244 
f 662 3063 1515 
f 275 3015 271 
f 930 437 1195 
f 2888 3487 1180 
f 3043 3205 3246 
f 946 639 1589 
f 1804 1836 576 
f 1818 3095 2124 
f 1429 3454 3212 
f 2916 3444 2677 
f 319 531 3351 
f 2172 2609 2679 
f 269 2130 2415 
f 2943 1167 3366 
f 2170 516 3293 
f 3401 3339 686 
f 237 3242 298 
f 2846 2009 2077 
f 2181 1834 1368 
f 629 2075 638 
f 3185 2233 301 
f 252 233 183 
f 3266 2628 2587 
f 2984 1201 2835 
f 2157 2220 1040 
f 2982 3445 2114 
f 1942 2166 3549 
f 905 999 2268 
f 935 3097 121 
f 1406 816 746 
f 243 771 2253 
f 928 383 1423 
f 880 549 2169 
f 331 3430 1311 
f 3317 987 1688 
f 139 1214 2574 
f 1123 2341 2597 
f 3223 1162 2402 
f 3285 1941 527 
f 1600 182 3226 
f 2173 2252 3128 
f 3236 1037 712 
f 916 1043 1012 
f 1326 754 1514 
f 509 2174 1064 
f 1561 2472 3199 
f 61 3047 2974 
f 3557 2824 3394 
f 1521 3497 556 
f 2586 236 1296 
f 2733 3441 70 
f 918 945 2858 
f 207 2624 3335 
f 2298 67 142 
f 2433 3220 1581 
f 737 2396 2546 
f 3341 2325 2900 
f 1945 1007 3475 
f 1194 3300 6 
f 1472 1431 1572 
f 2483 734 599 
f 3020 3477 1501 
f 2073 2794 3198 
f 1290 2612 1358 
f 619 3204 2167 
f 3517 2535 1619 
f 2133 2725 381 
f 225 340 356 
f 2740 1591 2379 
f 567 3542 1301 
f 1360 1434 453 
f 2317 514 1893 
f 1349 1761 519 
f 1268 1104 2199 
f 444 3127 2711 
f 82 1604 3032 
f 1462 3501 1253 
f 2569 161 1673 
f 119 3420 2532 
f 3493 2292 2928 
f 585 186 3263 
f 1763 2706 917 
f 194 335 2691 
f 121 852 2905 
f 3223 1075 177 
f 985 2829 1402 
f 1209 644 642 
f 2928 1543 3493 
f 3027 1990 944 
f 245 2601 570 
f 699 402 403 
f 161 775 165 
f 1442 70 30 
f 2048 418 1155 
f 479 2976 425 
f 3192 3237 1894 
f 539 1862 3347 
f 33 1315 1419 
f 1908 2910 2749 
f 2789 3158 2131 
f 2108 269 2290 
f 3165 1682 196 
f 655 291 3088 
f 2958 1117 3308 
f 1054 1312 3123 
f 2892 3058 850 
f 2193 3164 2136 
f 1744 3484 3352 
f 2779 499 1876 
f 1108 253 2451 
f 2127 1412 155 
f 1112 2663 1629 
f 470 2079 3418 
f 1661 2700 50 
f 3306 1394 144 
f 2017 692 1974 
f 1527 1601 485 
f 937 2817 3459 
f 3087 1957 1032 
f 3462 724 2622 
f 2914 2845 3243 
f 2311 3170 530 
f 2524 2468 874 
f 2980 3301 358 
f 29 47 116 
f 2945 2844 35 
f 2578 1715 3363 
f 3158 2014 548 
f 1523 2003 1909 
f 2297 2393 3395 
f 2480 1669 2171 
f 432 3138 879 
f 2595 2950 1124 
f 1500 613 1641 
f 1735 1729 2535 
f 3439 1856 3440 
f 329 362 1731 
f 1832 120 2106 
f 1365 699 403 
f 2403 3273 2643 
f 1849 1003 2294 
f 2606 3573 3403 
f 1310 2351 2073 
f 1986 1232 550 
f 2215 200 2709 
f 1919 3100 657 
f 2738 3453 461 
f 2412 912 152 
f 1688 1451 830 
f 563 878 2521 
f 631 2748 1386 
f 2153 3357 154 
f 1824 2419 2677 
f 765 3324 3002 
f 1065 1506 2443 
f 1021 488 1584 
f 2180 1543 1213 
f 3283 212 1101 
f 3375 2806 772 
f 2652 2996 3013 
f 1729 1726 2362 
f 1042 1545 1429 
f 3481 2477 442 
f 845 653 439 
f 391 1900 1468 
f 541 2711 1421 
f 2917 1324 272 
f 3233 1613 1735 
f 1711 3414 3486 
f 1752 638 2523 
f 1177 3097 935 
f 3391 2801 2363 
f 3392 66 2240 
f 2932 1384 2409 
f 3467 869 1916 
f 1704 3074 2410 
f 2137 2149 2681 
f 694 1539 923 
f 3245 3355 3430 
f 3188 2794 2073 
f 3229 1978 1649 
f 1064 788 2029 
f 93 3195 1828 
f 3059 812 171 
f 2667 729 1923 
f 3094 1953 3118 
f 2691 2126 618 
f 2731 3164 3152 
f 1860 3418 1870 
f 480 664 3075 
f 1226 2392 3344 
f 2135 2618 1882 
f 500 2647 594 
f 417 1634 3323 
f 1707 2702 2592 
f 271 3015 900 
f 3261 1102 3330 
f 3536 1157 844 
f 1356 2244 2654 
f 1926 3512 1204 
f 887 2271 718 
f 366 576 1377 
f 454 2877 2745 
f 861 2319 1804 
f 197 3530 2395 
f 2333 3518 1380 
f 1394 1996 2861 
f 3549 2166 2008 
f 2907 2718 2787 
f 453 2854 1546 
f 9 331 1311 
f 2452 664 1774 
f 1604 212 3032 
f 2154 203 858 
f 2153 3539 580 
f 436 438 1376 
f 692 22 55 
f 303 2712 3470 
f 514 2317 125 
f 2076 2376 1947 
f 2121 755 290 
f 71 1819 1552 
f 545 1533 2032 
f 231 2473 2411 
f 3381 3417 947 
f 2642 1015 1870 
f 2360 2112 206 
f 1776 3149 3048 
f 3110 2976 479 
f 2785 3460 470 
f 1787 2795 188 
f 1622 3359 110 
f 2199 2512 1268 
f 1526 2952 2777 
f 2364 3138 332 
f 10 2224 2395 
f 787 258 1838 
f 3466 1259 2831 
f 409 945 2909 
f 2100 811 505 
f 3481 3234 2144 
f 3356 142 685 
f 2979 2571 1843 
f 1119 739 986 
f 1260 707 2826 
f 992 441 1277 
f 607 2738 2911 
f 670 725 1371 
f 3051 2222 2536 
f 1940 2066 2946 
f 2046 2315 859 
f 256 1992 1497 
f 1477 2813 2676 
f 39 3538 1449 
f 1932 402 1185 
f 1935 2758 990 
f 3277 57 2330 
f 1136 1934 3068 
f 714 3038 1323 
f 882 1094 1133 
f 63 1825 1468 
f 930 1195 774 
f 2216 1467 1660 
f 2522 3156 1264 
f 3574 2717 2537 
f 2272 3121 2744 
f 1760 2623 3474 
f 2240 66 1425 
f 1405 1306 1265 
f 1164 3380 996 
f 838 1959 2842 
f 800 2978 3191 
f 2309 826 2418 
f 3222 1718 2192 
f 1439 679 1398 
f 303 823 2532 
f 19 2652 748 
f 552 698 3420 
f 2834 2056 1089 
f 442 504 1644 
f 2058 750 95 
f 569 570 523 
f 202 180 82 
f 2766 132 1709 
f 653 3561 3572 
f 1293 1205 106 
f 1045 256 1497 
f 3092 2319 861 
f 337 949 478 
f 2517 40 1048 
f 298 736 3145 
f 1468 1900 63 
f 2597 3399 1223 
f 2638 2319 1758 
f 3135 975 1746 
f 621 982 674 
f 3162 1690 1278 
f 2322 1442 1848 
f 1266 2775 399 
f 2888 1180 385 
f 3203 2690 3466 
f 2021 1621 3345 
f 2691 2343 2430 
f 1574 1735 1613 
f 2557 2577 494 
f 3014 3275 200 
f 125 1127 738 
f 2459 2091 2042 
f 489 743 492 
f 1787 156 1188 
f 77 1380 3518 
f 830 1451 903 
f 1925 1234 509 
f 657 3544 1919 
f 3205 1160 3246 
f 2220 2157 1783 
f 1435 1503 1439 
f 1737 1874 3371 
f 30 70 1452 
f 1933 1529 3313 
f 2426 2292 1280 
f 486 1534 1528 
f 539 2994 1862 
f 663 1501 3050 
f 2878 2370 1713 
f 1068 2592 2702 
f 432 669 1282 
f 2171 1723 3179 
f 3543 2882 1153 
f 251 3563 205 
f 494 2044 210 
f 3361 1249 1530 
f 2253 1188 156 
f 1696 2656 2081 
f 241 211 56 
f 726 2768 3114 
f 3555 3236 912 
f 16 2767 3459 
f 3158 2789 1116 
f 1037 466 447 
f 608 1584 2812 
f 3307 1996 1394 
f 2470 2421 1763 
f 1806 377 94 
f 1703 2090 191 
f 2619 936 2141 
f 2598 581 1564 
f 1838 3019 787 
f 3211 3012 858 
f 998 2610 1944 
f 2086 5 2732 
f 1186 425 126 
f 2783 358 1995 
f 3533 1178 2388 
f 2043 3473 2764 
f 2100 1032 374 
f 1421 990 3265 
f 3436 3265 3262 
f 2829 84 957 
f 3155 867 467 
f 2445 354 2444 
f 1226 422 1420 
f 315 2648 1332 
f 963 2349 20 
f 390 2806 2149 
f 1122 1944 1350 
f 1938 2768 1897 
f 427 2539 656 
f 541 448 2429 
f 2717 3574 2969 
f 455 1069 2877 
f 234 3317 1688 
f 1185 1655 1720 
f 2859 560 628 
f 1471 2658 2972 
f 3419 1554 324 
f 1755 363 997 
f 1118 3213 2868 
f 1956 1720 1569 
f 1904 3009 2385 
f 1350 2592 1511 
f 738 2039 514 
f 955 482 2548 
f 3378 137 2864 
f 1424 2930 56 
f 1480 1232 1986 
f 3109 1054 1476 
f 2725 1623 381 
f 2928 2292 2426 
f 3357 2314 1827 
f 943 755 1594 
f 2899 1946 1725 
f 270 1479 1291 
f 270 1562 489 
f 2792 323 1524 
f 3255 2832 3074 
f 2606 2634 454 
f 2827 974 1675 
f 2409 1333 2932 
f 7 3549 605 
f 3402 2457 2751 
f 1457 1770 2951 
f 1048 524 2517 
f 2796 2302 1084 
f 69 713 3097 
f 2374 3498 3077 
f 2441 790 1931 
f 2868 790 407 
f 576 366 2373 
f 3045 1666 745 
f 2654 2022 1386 
f 361 271 523 
f 1350 1707 2592 
f 2319 2950 1758 
f 2587 2716 3266 
f 3264 1491 614 
f 3195 3295 1828 
f 576 2373 1804 
f 3562 1433 1010 
f 3249 2630 1441 
f 1269 58 3316 
f 3570 2503 3057 
f 391 372 2673 
f 3424 2531 1153 
f 428 1527 787 
f 1677 1812 1983 
f 3332 1480 2359 
f 110 3359 2004 
f 634 2540 1608 
f 2162 1612 1968 
f 1252 1605 751 
f 3326 232 1321 
f 2577 2044 494 
f 2669 545 280 
f 397 1384 2932 
f 2687 2250 652 
f 1860 1309 1476 
f 887 804 2271 
f 1853 1563 1567 
f 735 290 755 
f 2771 2889 3403 
f 15 1829 2007 
f 598 961 3154 
f 2359 1087 3332 
f 2762 2320 288 
f 464 1385 2932 
f 1643 174 2769 
f 2051 1271 2615 
f 923 3502 80 
f 666 3165 131 
f 3248 1638 2970 
f 1776 2254 3149 
f 697 3552 2115 
f 734 1012 2023 
f 466 3555 1516 
f 348 825 729 
f 1313 1369 2685 
f 1569 1720 1655 
f 562 3515 2919 
f 889 1600 1499 
f 1766 601 956 
f 2923 2504 1796 
f 2948 1772 2600 
f 364 1732 99 
f 2663 2297 1629 
f 1761 3218 2937 
f 2908 2146 1589 
f 3262 3265 2758 
f 1777 3144 2299 
f 1073 1667 2628 
f 3446 158 12 
f 2220 1783 1880 
f 818 3216 2041 
f 332 1107 1162 
f 279 2454 2761 
f 855 3186 2392 
f 3034 2947 2907 
f 734 2023 599 
f 1165 3067 3001 
f 2712 2191 3470 
f 1484 2524 3174 
f 354 3433 1418 
f 468 24 791 
f 1746 975 3230 
f 2329 3342 367 
f 340 2478 1285 
f 697 3232 3315 
f 388 3396 2225 
f 2535 2898 1619 
f 3451 3372 1027 
f 1072 3452 3487 
f 786 3426 189 
f 2259 1652 3155 
f 634 3035 2540 
f 247 3379 3486 
f 1240 1531 984 
f 3409 719 1322 
f 921 1211 26 
f 411 2206 2265 
f 2511 1907 471 
f 3365 1115 3056 
f 826 871 2721 
f 1324 1551 1680 
f 2805 2969 1129 
f 3407 3541 3345 
f 2747 2868 3213 
f 58 954 1355 
f 301 2233 3497 
f 2986 601 2790 
f 3388 3058 3491 
f 2231 342 708 
f 2067 2236 610 
f 101 2423 3137 
f 2908 1999 2146 
f 240 1802 2459 
f 1795 1572 1603 
f 1816 1090 950 
f 2788 176 2887 
f 3252 3062 235 
f 1822 3473 2043 
f 3295 2911 2763 
f 1428 3063 3200 
f 584 1101 3031 
f 2604 3181 2981 
f 165 775 173 
f 879 669 432 
f 2931 1123 1889 
f 3535 3267 3390 
f 1007 773 727 
f 506 1433 1657 
f 2336 2335 3404 
f 53 2091 75 
f 1333 2584 3293 
f 2791 1768 1371 
f 1813 1430 742 
f 2049 2753 2223 
f 836 1589 639 
f 2649 824 692 
f 1773 17 1002 
f 780 2226 1607 
f 2357 2703 2892 
f 898 519 953 
f 3379 3050 661 
f 658 1378 1927 
f 1369 726 3114 
f 718 2271 3175 
f 869 602 945 
f 2217 1307 2823 
f 1639 1761 589 
f 3555 1037 3236 
f 314 2876 3044 
f 167 123 2213 
f 1716 1722 357 
f 2193 1809 3164 
f 1011 1454 504 
f 652 2250 1134 
f 2885 934 365 
f 1183 989 1911 
f 559 3382 1098 
f 307 999 905 
f 2125 2366 921 
f 3290 767 734 
f 262 1921 1815 
f 1065 2698 72 
f 565 1618 228 
f 604 606 1585 
f 643 1747 1725 
f 1564 3458 1053 
f 2622 1375 3462 
f 810 3124 430 
f 837 1141 3491 
f 2918 2554 2466 
f 1678 1244 784 
f 2768 3009 1626 
f 1398 1435 1439 
f 3028 2714 3153 
f 1954 3141 2999 
f 706 1135 901 
f 2029 768 1925 
f 851 1146 1640 
f 2324 2884 2646 
f 2856 1853 283 
f 2856 2525 2362 
f 1092 2471 3374 
f 676 1458 2109 
f 2457 1285 2751 
f 3217 3011 3134 
f 831 2169 178 
f 993 496 244 
f 2513 3115 2850 
f 3230 3267 1746 
f 245 570 569 
f 3077 1680 1288 
f 2406 3002 327 
f 951 696 3235 
f 3407 2762 288 
f 1157 641 2016 
f 3227 752 2224 
f 1531 1240 2595 
f 360 1737 1535 
f 2959 841 3398 
f 1756 1943 209 
f 1386 2748 2105 
f 3520 3269 1352 
f 2391 970 709 
f 1356 2302 2796 
f 2004 3008 753 
f 931 942 2370 
f 1638 3178 3071 
f 2401 2633 2200 
f 888 2441 346 
f 2324 628 2786 
f 823 303 1841 
f 1123 2597 2311 
f 61 3019 3047 
f 82 87 2924 
f 3214 3405 1779 
f 1213 3482 370 
f 578 1060 966 
f 2756 2291 2133 
f 3123 1759 2068 
f 2185 2415 2130 
f 2179 873 1580 
f 2979 1423 2568 
f 1033 1304 1004 
f 3369 1936 261 
f 384 939 126 
f 2114 27 2982 
f 45 3268 307 
f 18 1481 1322 
f 1469 326 2438 
f 1134 2250 712 
f 1428 1490 3063 
f 1111 3354 65 
f 771 652 1134 
f 1976 1892 1134 
f 3428 766 1138 
f 3479 1891 924 
f 896 2235 2292 
f 3154 1793 598 
f 304 2731 325 
f 734 1343 3290 
f 938 2749 879 
f 1056 1366 3086 
f 127 3142 933 
f 1535 1475 360 
f 1913 661 3050 
f 2933 2269 2082 
f 507 2961 1260 
f 3028 1141 3220 
f 371 2791 1371 
f 1918 322 3366 
f 2668 3296 167 
f 1018 2387 1336 
f 3101 2183 89 
f 892 1003 1268 
f 3287 2431 2164 
f 1771 149 1913 
f 760 532 342 
f 802 980 1281 
f 1453 2659 1865 
f 1732 1933 2565 
f 2593 609 3568 
f 2448 203 1011 
f 2849 1400 1381 
f 1712 587 1799 
f 67 2418 2162 
f 945 602 2797 
f 2579 28 2150 
f 1134 2352 771 
f 768 1921 671 
f 756 3119 1191 
f 875 2330 57 
f 3311 862 3302 
f 2944 888 346 
f 1206 1207 1137 
f 733 2440 1096 
f 1960 2266 1409 
f 2284 1382 1877 
f 3339 3401 77 
f 129 2661 473 
f 1357 3253 344 
f 678 2261 2203 
f 2509 645 1063 
f 3067 1165 1177 
f 1635 1928 535 
f 2098 3387 3398 
f 3122 2679 2962 
f 28 1236 798 
f 1837 3106 2196 
f 1998 3069 312 
f 3284 1342 1112 
f 189 1009 333 
f 1640 679 1483 
f 745 794 911 
f 398 237 291 
f 1397 480 1067 
f 2644 2318 1030 
f 731 3108 2338 
f 673 2320 2762 
f 614 1491 616 
f 1143 3078 460 
f 385 2123 1989 
f 2587 2080 2461 
f 1636 1187 295 
f 1351 3560 3330 
f 3392 2386 2283 
f 1262 1458 676 
f 283 749 613 
f 2138 3264 2601 
f 3153 2816 3028 
f 3316 2115 138 
f 344 2119 981 
f 1258 324 1886 
f 283 1853 749 
f 2547 815 725 
f 527 1577 3285 
f 775 3015 173 
f 235 1697 3126 
f 612 3264 614 
f 2467 2239 608 
f 2821 1489 1767 
f 2577 1140 1871 
f 2115 694 138 
f 2506 2886 2255 
f 2409 779 2584 
f 3259 3084 3288 
f 2321 1906 3214 
f 1588 460 288 
f 3472 2908 583 
f 177 3107 3223 
f 3056 1521 2552 
f 1237 208 310 
f 2561 201 1994 
f 896 3493 52 
f 2433 2740 3220 
f 3286 2879 2191 
f 1402 1110 985 
f 1359 2185 2788 
f 1312 804 3123 
f 2257 926 1789 
f 529 973 1590 
f 550 3147 1986 
f 782 351 780 
f 3347 1862 1237 
f 972 560 2580 
f 3329 2448 2726 
f 2352 2253 771 
f 2537 2717 880 
f 2858 409 1916 
f 1540 2660 1233 
f 1111 3518 2883 
f 3316 1289 2115 
f 1637 279 2798 
f 257 3530 197 
f 1878 2056 1212 
f 190 1653 1340 
f 3397 810 167 
f 3403 1545 2099 
f 2481 2236 2067 
f 134 1634 417 
f 805 833 2204 
f 3076 1506 1227 
f 794 786 333 
f 3248 2737 3250 
f 312 1751 221 
f 794 978 1174 
f 2651 3474 2656 
f 2010 1032 2100 
f 2970 3556 1488 
f 1011 2116 1454 
f 3343 3433 227 
f 2672 3334 511 
f 7 1784 2897 
f 2502 2430 2670 
f 696 3078 1143 
f 1015 2508 1309 
f 1432 1565 2184 
f 1089 508 2834 
f 1922 210 2746 
f 2379 2803 2740 
f 3394 906 248 
f 2575 2146 1110 
f 1797 1247 2381 
f 2599 1475 2591 
f 3486 3414 3133 
f 3536 641 1157 
f 3356 1540 133 
f 1162 1107 1220 
f 2583 457 2062 
f 1953 3411 3118 
f 1814 2 1455 
f 1922 1497 3066 
f 137 3378 2561 
f 1879 802 1511 
f 2415 2290 269 
f 3438 1355 1047 
f 2680 389 1440 
f 1283 3377 3408 
f 3186 960 2392 
f 3086 452 919 
f 3219 2044 1168 
f 835 689 649 
f 290 735 537 
f 2588 1706 1696 
f 480 3075 3471 
f 759 735 1033 
f 2574 1214 2243 
f 2474 2767 16 
f 912 2412 3139 
f 3277 1583 1687 
f 3462 2049 2223 
f 1158 3054 2132 
f 2086 249 5 
f 548 675 2222 
f 3055 2027 1121 
f 2205 572 555 
f 1305 1850 2158 
f 2607 1087 2359 
f 2127 103 1383 
f 1509 3180 1536 
f 2892 382 2357 
f 141 1920 367 
f 412 1044 37 
f 817 701 1963 
f 3103 1150 2189 
f 2771 3100 2963 
f 402 1932 403 
f 514 2673 372 
f 814 1004 695 
f 2098 841 390 
f 928 2885 365 
f 2805 1129 3565 
f 2322 1848 529 
f 1352 1914 3520 
f 2109 1458 2113 
f 157 1143 25 
f 602 1283 3408 
f 3231 3522 717 
f 1565 1733 2184 
f 2195 2025 392 
f 3278 2281 623 
f 2224 10 2881 
f 2354 860 3414 
f 1099 1270 31 
f 166 979 1964 
f 1074 2460 3527 
f 788 1064 2174 
f 902 1388 2538 
f 1754 1404 1297 
f 2002 915 2900 
f 3463 1060 578 
f 456 18 1436 
f 1865 3417 3381 
f 3061 1956 1234 
f 1607 72 782 
f 1207 1206 1251 
f 73 2569 143 
f 1133 1936 1206 
f 1282 1840 432 
f 320 1128 1654 
f 1080 2541 2040 
f 1853 1567 749 
f 2453 2596 36 
f 221 3351 3222 
f 3527 3346 2783 
f 786 1137 3426 
f 1914 1730 3520 
f 91 4 1031 
f 1181 81 3369 
f 3425 1471 2605 
f 776 1183 1911 
f 2738 461 2911 
f 1806 2462 927 
f 3566 3199 1103 
f 3058 1449 3491 
f 1390 1395 1657 
f 553 1400 2589 
f 825 993 3160 
f 765 2406 259 
f 1539 3502 923 
f 2901 3315 353 
f 1979 854 956 
f 2061 218 2183 
f 2720 804 1314 
f 2097 1114 2241 
f 370 1749 2632 
f 3006 2948 426 
f 877 1280 2292 
f 124 1302 3000 
f 2692 799 2350 
f 254 2625 636 
f 259 536 2021 
f 3465 963 1977 
f 2209 1100 1260 
f 1730 1914 3253 
f 2138 398 291 
f 3020 663 2464 
f 2585 2219 2230 
f 1241 742 3427 
f 854 1979 1303 
f 2026 1671 2674 
f 2944 346 865 
f 1666 2870 1157 
f 1158 434 3054 
f 2377 2215 2709 
f 2830 2854 3157 
f 965 788 2555 
f 422 1226 3344 
f 3481 3238 3234 
f 1172 558 651 
f 540 2117 1564 
f 213 211 290 
f 291 3207 3088 
f 70 728 2733 
f 304 1530 1150 
f 812 2309 67 
f 2878 2518 549 
f 3151 3100 1919 
f 1004 759 1033 
f 1441 164 3249 
f 435 759 814 
f 2973 1823 3060 
f 3303 3080 2252 
f 986 1694 2723 
f 3506 371 815 
f 1704 3444 3415 
f 667 1349 1353 
f 1620 1152 2815 
f 2503 3570 1926 
f 3195 93 1551 
f 1104 1413 2030 
f 1180 3485 1492 
f 2965 182 889 
f 229 3090 234 
f 1434 531 2500 
f 458 2985 676 
f 1381 24 3105 
f 1503 1472 1572 
f 3520 1730 461 
f 2580 343 2556 
f 1947 316 3559 
f 3463 2470 1060 
f 589 1761 2937 
f 3505 1335 994 
f 3252 690 3062 
f 492 1627 654 
f 3471 499 2284 
f 3384 873 3229 
f 1928 1635 223 
f 3419 2959 1039 
f 3539 1737 580 
f 2233 3185 2330 
f 568 1644 3304 
f 1133 1206 882 
f 1137 1921 882 
f 3064 1207 1273 
f 897 3103 1074 
f 3028 3388 1141 
f 2320 1588 288 
f 437 2566 2636 
f 911 2696 3045 
f 977 3014 1792 
f 3318 1025 1826 
f 2435 2083 2670 
f 2920 441 729 
f 1739 853 1190 
f 1235 2168 2399 
f 401 3324 765 
f 238 3354 1456 
f 2840 3031 2425 
f 3549 2008 605 
f 1851 1750 3027 
f 2918 2498 2867 
f 856 665 2831 
f 584 3031 2750 
f 2000 3272 3537 
f 1865 3389 3417 
f 1186 510 957 
f 1448 824 2956 
f 2636 339 2037 
f 2061 1709 218 
f 2346 2633 2784 
f 1261 175 2045 
f 458 1485 2846 
f 3385 1057 2800 
f 2799 2722 2847 
f 2246 1692 169 
f 1039 2576 1742 
f 720 762 329 
f 1610 819 2394 
f 2223 1042 2661 
f 1499 550 1899 
f 1099 2181 2078 
f 1067 1807 3001 
f 1461 75 1963 
f 3061 2658 3176 
f 1232 3332 1899 
f 3395 895 596 
f 1700 964 933 
f 2210 144 3094 
f 2263 3129 1962 
f 3353 1363 1724 
f 3512 2382 1204 
f 349 1070 2074 
f 1117 451 458 
f 3390 3386 3534 
f 3211 858 203 
f 168 925 2769 
f 435 814 627 
f 557 1983 2363 
f 1421 588 541 
f 339 2636 2020 
f 3427 2822 1241 
f 997 2113 3423 
f 2589 991 3370 
f 1821 3081 2120 
f 3333 2015 2305 
f 1710 3419 3073 
f 1393 2295 33 
f 1191 3119 1972 
f 697 3315 2898 
f 530 1120 130 
f 1767 3194 2821 
f 1052 2961 2013 
f 1581 1591 2433 
f 171 812 153 
f 2646 2173 2216 
f 1591 2740 2433 
f 3164 981 1967 
f 3489 2689 3118 
f 1082 996 3380 
f 2298 133 292 
f 721 2534 1753 
f 2264 2001 2003 
f 509 1064 1925 
f 797 2400 3201 
f 388 2227 103 
f 3542 1672 487 
f 1921 768 882 
f 883 3460 2152 
f 2223 2661 3462 
f 972 2801 1399 
f 1462 3289 3501 
f 1657 1433 1390 
f 2006 3297 2644 
f 502 868 1273 
f 325 3489 3361 
f 2511 471 333 
f 3009 1904 3286 
f 577 1059 1338 
f 3534 3070 338 
f 1337 2838 2873 
f 736 3570 3145 
f 1613 1581 2258 
f 2080 1667 2492 
f 1893 2941 2317 
f 2493 321 3404 
f 1145 3192 1099 
f 2488 246 2142 
f 2378 1389 3161 
f 643 2382 1547 
f 16 3466 2474 
f 194 2273 2135 
f 2143 293 3173 
f 1945 3475 2545 
f 2719 2826 1766 
f 1592 2294 1708 
f 3202 2410 3074 
f 3405 919 1779 
f 2230 2599 2591 
f 2913 2825 1391 
f 1642 1409 672 
f 1886 2496 1258 
f 332 1162 2364 
f 2576 3113 1742 
f 1444 1338 1059 
f 2739 3202 551 
f 2995 304 1150 
f 1795 1748 1887 
f 1050 2515 1362 
f 450 1022 1789 
f 2724 1355 2254 
f 1579 811 741 
f 686 1803 3564 
f 3301 2786 1570 
f 3381 1146 2938 
f 3570 3057 1231 
f 2597 2050 2311 
f 3124 3548 1516 
f 1196 1012 1043 
f 3476 2404 1200 
f 2116 2117 1454 
f 88 3062 29 
f 1203 1279 1322 
f 495 2820 2344 
f 2937 3168 285 
f 1618 2084 226 
f 1592 2380 1147 
f 3092 621 655 
f 695 1004 1043 
f 2685 2777 3305 
f 2006 2915 1368 
f 2340 2583 3055 
f 3261 3330 3550 
f 2192 1635 394 
f 3177 3254 2383 
f 2212 3016 866 
f 578 966 1752 
f 168 174 1668 
f 2574 2243 2104 
f 3257 2944 865 
f 459 734 2483 
f 2354 1711 1864 
f 3210 496 348 
f 2526 117 1132 
f 3421 421 104 
f 2379 1619 2901 
f 711 3018 3472 
f 1005 632 1234 
f 288 460 3025 
f 1842 17 2491 
f 1735 1574 1729 
f 3026 3426 3064 
f 2760 2950 1240 
f 1557 2486 2705 
f 683 2650 1950 
f 1937 1770 1457 
f 1174 911 794 
f 1955 2031 2675 
f 3222 2192 1998 
f 421 543 104 
f 1770 1937 3524 
f 1648 507 289 
f 384 3406 939 
f 1619 2898 3315 
f 2478 574 1176 
f 2256 2585 2230 
f 531 319 1299 
f 492 1654 2890 
f 337 478 163 
f 751 2770 2631 
f 2948 706 1772 
f 2594 13 1615 
f 1551 2228 3195 
f 2504 1502 2609 
f 2399 109 1235 
f 1498 1679 1908 
f 2173 2884 2912 
f 2645 3191 1941 
f 1141 837 284 
f 78 2198 1615 
f 716 1464 2430 
f 470 1154 2998 
f 354 1006 3433 
f 1930 3096 515 
f 2684 2525 3464 
f 3364 837 3270 
f 2942 1220 3331 
f 3510 1546 2494 
f 1864 2353 1708 
f 1409 1642 250 
f 1825 2578 3363 
f 575 982 621 
f 31 1145 1099 
f 2411 2302 1356 
f 17 1387 1002 
f 2580 467 343 
f 427 2697 1456 
f 3331 1047 2942 
f 106 609 128 
f 2592 1068 37 
f 2505 1575 3057 
f 152 2687 2412 
f 1861 1221 1474 
f 1349 338 3218 
f 2253 213 243 
f 2153 580 1035 
f 261 902 3369 
f 3004 2495 2165 
f 1054 3123 2785 
f 1411 2736 2234 
f 2370 942 1810 
f 793 2709 200 
f 1513 2678 1653 
f 957 7 1869 
f 1404 3065 1297 
f 222 1898 1717 
f 1387 17 1842 
f 3183 296 3116 
f 700 675 3338 
f 2648 315 2074 
f 3540 1937 932 
f 1857 2811 1780 
f 600 811 1957 
f 2355 457 1041 
f 1181 831 178 
f 2194 2443 420 
f 217 1281 1611 
f 3151 2963 3100 
f 786 463 1921 
f 1345 682 2322 
f 3303 1088 2460 
f 1410 2843 681 
f 465 1873 350 
f 786 1921 1137 
f 2503 1926 1204 
f 2113 3308 2109 
f 2535 3233 1735 
f 3465 2757 963 
f 75 1461 2666 
f 1778 1192 1701 
f 722 1814 112 
f 20 1025 3318 
f 2778 2405 1307 
f 2425 3031 1101 
f 415 3312 2676 
f 2279 1807 1558 
f 981 2119 2126 
f 2171 501 1723 
f 2191 2514 3286 
f 218 169 89 
f 3505 994 3488 
f 1636 3394 1187 
f 1632 2197 1691 
f 1130 2853 2151 
f 475 1971 3182 
f 2397 1252 2939 
f 662 3338 2040 
f 2426 953 2928 
f 1035 1475 2599 
f 2812 1584 518 
f 345 1482 3017 
f 796 1966 797 
f 1866 1905 1868 
f 1390 3562 1502 
f 3300 822 522 
f 3356 133 142 
f 2623 1760 983 
f 3309 2095 267 
f 1633 785 2334 
f 2021 2776 1621 
f 709 970 607 
f 920 943 2659 
f 3538 3496 2620 
f 2167 660 2663 
f 2662 1663 1017 
f 1958 660 327 
f 2988 3054 1378 
f 3384 1991 1580 
f 857 890 449 
f 2009 2846 2699 
f 2413 1537 474 
f 1340 2534 1793 
f 984 2919 1240 
f 3218 1561 2937 
f 2966 2491 2257 
f 14 988 3408 
f 1332 378 2263 
f 443 1144 881 
f 2687 435 627 
f 1707 1895 3271 
f 1530 2189 1150 
f 69 3097 1177 
f 1829 1968 278 
f 1256 2027 903 
f 767 1012 734 
f 2469 2118 2887 
f 410 149 1208 
f 767 3290 3139 
f 562 2276 1252 
f 395 3480 14 
f 2327 1858 2843 
f 3560 961 3330 
f 719 253 1203 
f 2611 1225 2019 
f 1300 3290 2051 
f 676 2985 1262 
f 3468 2994 1354 
f 3532 2602 1316 
f 958 268 2439 
f 235 281 28 
f 2409 2584 1333 
f 1343 459 2668 
f 2382 135 2101 
f 1468 2257 2262 
f 1414 3529 549 
f 3470 2879 1166 
f 3400 1952 1721 
f 1038 2896 2703 
f 729 2667 2083 
f 1745 1737 3371 
f 1530 1249 1318 
f 402 3428 1655 
f 2275 114 2303 
f 1841 948 2204 
f 1388 1094 965 
f 220 1379 1023 
f 640 1934 1159 
f 3426 1207 3064 
f 98 3197 2134 
f 2461 898 953 
f 1145 2802 3192 
f 101 3137 1815 
f 1608 2540 3291 
f 1834 1437 610 
f 1140 2326 1871 
f 2598 3503 3423 
f 2684 3464 3437 
f 685 2128 2238 
f 3036 2150 3285 
f 2074 315 2837 
f 1048 1815 3137 
f 2989 1190 1775 
f 2176 2887 176 
f 1974 3554 1681 
f 3429 1595 1107 
f 986 739 1694 
f 3125 2087 985 
f 1962 1559 1791 
f 121 713 852 
f 2857 2889 2964 
f 1017 1616 2808 
f 1456 3354 2626 
f 1611 1281 980 
f 175 1375 1083 
f 1157 2743 1666 
f 1905 2925 1868 
f 1384 1430 3519 
f 495 2344 1734 
f 3147 1246 1986 
f 338 1103 2472 
f 2132 3054 2398 
f 668 297 872 
f 3018 2012 2358 
f 50 2588 1661 
f 229 1688 3410 
f 1916 869 918 
f 532 148 342 
f 3323 2643 3273 
f 1311 3355 3241 
f 2993 2440 3383 
f 1033 943 920 
f 821 111 378 
f 1033 755 943 
f 2808 93 1287 
f 1947 1415 316 
f 946 1589 2176 
f 2018 1014 2202 
f 2919 1243 562 
f 3227 2617 752 
f 1476 1573 3109 
f 1659 1248 2396 
f 1771 2710 907 
f 754 2501 2241 
f 1650 361 525 
f 2321 3082 1906 
f 2421 1171 2456 
f 2568 2872 2979 
f 1456 2697 1062 
f 1832 3209 1025 
f 850 3058 3388 
f 2676 2813 730 
f 51 1452 3476 
f 740 1874 1198 
f 885 2119 344 
f 1303 1979 8 
f 1791 294 1962 
f 108 323 2494 
f 2345 283 2612 
f 2086 2099 3169 
f 1088 2252 2912 
f 3359 137 2561 
f 2420 3089 2377 
f 647 2664 1243 
f 3364 155 284 
f 1920 1611 334 
f 3293 516 464 
f 3190 97 2303 
f 231 1176 2473 
f 1705 650 1821 
f 1174 2696 911 
f 481 2973 2634 
f 2912 2252 2173 
f 1996 162 2861 
f 3536 3242 255 
f 209 3504 1352 
f 1970 1334 2350 
f 522 2371 3300 
f 2159 3349 1369 
f 940 134 417 
f 2310 992 716 
f 2617 135 752 
f 2495 2639 2165 
f 520 926 17 
f 3308 2113 997 
f 2714 1336 3153 
f 3053 1366 1056 
f 3389 1865 3367 
f 292 2586 2298 
f 2827 1640 974 
f 644 1557 1585 
f 2226 1496 1607 
f 2469 2417 2815 
f 1019 1184 2374 
f 2810 2892 850 
f 2188 2082 2269 
f 2178 2614 2048 
f 2935 763 1478 
f 1347 1393 1689 
f 1416 113 2184 
f 1054 1860 1476 
f 2401 2581 2784 
f 1890 3266 2716 
f 2515 1050 1182 
f 2570 2162 1829 
f 1858 2318 1896 
f 648 186 3393 
f 688 1230 12 
f 711 2640 68 
f 48 315 1332 
f 1612 719 2034 
f 2869 2289 2171 
f 2443 2194 2698 
f 1283 602 869 
f 2038 2121 2930 
f 3458 1038 1053 
f 2046 1982 2581 
f 3560 190 3154 
f 3059 1294 1242 
f 1691 2427 1820 
f 1193 1189 1306 
f 1193 1004 1189 
f 1653 2140 1513 
f 3255 1704 3288 
f 838 1379 1959 
f 615 1372 2693 
f 60 3221 1981 
f 1675 1856 2827 
f 1800 1576 1572 
f 786 224 463 
f 825 3160 2920 
f 3358 2147 2065 
f 1018 894 620 
f 643 1547 3011 
f 2539 427 1817 
f 3274 2530 2684 
f 3001 3500 1165 
f 58 2724 3316 
f 1193 1043 1004 
f 1277 2920 615 
f 1753 2534 1985 
f 1469 2438 1002 
f 2175 3530 179 
f 1032 2010 3087 
f 3431 331 3197 
f 1791 2673 2039 
f 1315 33 1012 
f 933 3142 1975 
f 227 2566 387 
f 2642 1870 2079 
f 3549 1858 1942 
f 10 42 2929 
f 660 2167 785 
f 1839 631 2371 
f 2730 1587 1215 
f 802 3116 801 
f 3350 2619 3065 
f 661 1913 410 
f 85 2301 653 
f 1129 3428 3565 
f 467 867 2082 
f 383 365 934 
f 1956 3574 2174 
f 2313 1443 2286 
f 1030 2915 2644 
f 3391 1399 2801 
f 76 2882 565 
f 748 939 3406 
f 161 900 775 
f 1034 3480 395 
f 372 2262 2635 
f 123 1407 389 
f 220 2727 1959 
f 3384 1875 1991 
f 1275 326 713 
f 2429 445 444 
f 2838 2129 637 
f 1130 813 2853 
f 2396 1216 3173 
f 765 3002 2406 
f 1494 1796 2504 
f 1242 1057 3385 
f 3221 3348 2997 
f 462 253 2418 
f 3346 1408 2783 
f 2296 1533 545 
f 2851 3464 2855 
f 3546 2391 272 
f 1199 826 2309 
f 647 1231 3057 
f 2906 2151 2290 
f 1659 2375 1248 
f 885 3253 1914 
f 1257 3130 1281 
f 1546 1522 1360 
f 2616 2218 1866 
f 2007 3333 2300 
f 2446 3141 2332 
f 1242 1199 3059 
f 1760 2651 1403 
f 1812 1677 3117 
f 2484 680 209 
f 2936 38 1915 
f 1473 1126 2610 
f 1023 79 873 
f 2416 3463 578 
f 3524 848 1770 
f 2386 2240 3023 
f 2429 187 445 
f 586 3312 2186 
f 483 1907 1950 
f 1304 1189 1004 
f 153 812 1674 
f 3239 475 2139 
f 2128 15 2300 
f 2951 1540 2572 
f 3169 2753 2863 
f 2953 2682 791 
f 2106 164 839 
f 3139 1085 912 
f 1085 3555 912 
f 925 2994 539 
f 1419 1315 1391 
f 3271 2702 1707 
f 2460 3140 3303 
f 3103 3311 3302 
f 2677 1704 2410 
f 2255 1719 1764 
f 3289 2749 3501 
f 2826 2719 3276 
f 2493 3165 321 
f 1051 2325 2094 
f 2392 1226 1590 
f 2982 3393 3445 
f 429 594 622 
f 3334 2672 1327 
f 1825 1842 2966 
f 3047 1838 3175 
f 1307 2217 2778 
f 1015 582 2508 
f 3450 1847 2899 
f 1663 744 1017 
f 3294 3082 1179 
f 596 1112 1629 
f 75 2091 2710 
f 3045 2870 1666 
f 443 964 1700 
f 1673 165 143 
f 278 2007 1829 
f 3180 369 3508 
f 2935 1478 3309 
f 2464 663 2414 
f 999 816 2268 
f 2634 3016 454 
f 179 844 1728 
f 2444 354 2793 
f 2654 2105 1356 
f 3344 2186 710 
f 3076 392 3224 
f 1764 1719 1526 
f 3307 1394 3306 
f 452 3086 2114 
f 2844 252 1903 
f 39 2703 2896 
f 1964 1152 166 
f 2057 2521 1790 
f 1746 3267 3091 
f 1133 1094 261 
f 2851 2991 3464 
f 247 750 3379 
f 22 1706 2588 
f 3409 1322 3022 
f 1932 3425 1606 
f 1934 3483 1159 
f 3369 902 1181 
f 1071 1245 2155 
f 1292 1768 2791 
f 2338 3108 1426 
f 114 1163 3254 
f 929 3400 1721 
f 2439 268 954 
f 3115 2722 2850 
f 3429 1107 332 
f 1604 2057 373 
f 2730 1583 703 
f 2011 1899 1620 
f 3452 3566 3526 
f 3440 192 1553 
f 2095 724 1808 
f 2310 716 2502 
f 3 1965 849 
f 1913 242 1771 
f 1597 353 3315 
f 1486 1932 1606 
f 1135 3006 2313 
f 1784 957 510 
f 2239 2467 2802 
f 3439 2827 1856 
f 2816 3388 3028 
f 3442 2033 813 
f 481 3041 2973 
f 886 2602 3065 
f 1618 565 3434 
f 342 2231 760 
f 1933 1732 1529 
f 1373 3247 1244 
f 2264 603 2001 
f 630 649 2212 
f 3255 3084 2832 
f 442 232 3238 
f 876 670 216 
f 2575 1402 2516 
f 2867 2218 2618 
f 3138 440 3429 
f 623 672 3278 
f 1893 34 2941 
f 3092 2950 2319 
f 2162 1968 1829 
f 1272 1043 1193 
f 542 2605 593 
f 3075 1550 1876 
f 464 1333 3293 
f 2389 2536 1691 
f 884 587 677 
f 2993 299 1267 
f 2644 2915 2006 
f 2991 2851 2544 
f 2777 917 1526 
f 547 1298 369 
f 2346 404 1881 
f 1043 1272 1196 
f 2475 1504 969 
f 3525 1817 427 
f 521 2927 3461 
f 1322 1481 3022 
f 3314 678 2203 
f 1679 2380 1592 
f 2602 1440 1297 
f 33 2023 1012 
f 2143 1183 293 
f 191 910 818 
f 51 855 3184 
f 424 1393 1419 
f 3498 1677 1066 
f 1432 923 2367 
f 1843 1423 2979 
f 2625 1654 636 
f 510 2975 1784 
f 468 193 951 
f 1513 2140 2475 
f 2929 1316 2881 
f 2691 1631 2126 
f 1076 2261 678 
f 959 2753 2049 
f 2540 2941 3291 
f 3413 32 2848 
f 2949 3234 3238 
f 2189 1530 1318 
f 1034 2981 2462 
f 2881 991 3227 
f 609 106 1205 
f 1030 1099 2078 
f 2993 1329 299 
f 3067 1177 3490 
f 3529 502 81 
f 2005 327 660 
f 1636 3089 2420 
f 720 2353 1864 
f 3247 1623 1548 
f 20 3249 120 
f 1341 3106 1837 
f 822 2547 725 
f 2566 227 2020 
f 362 407 2497 
f 960 2751 1477 
f 2276 562 1243 
f 3263 186 648 
f 421 128 543 
f 3502 1539 3437 
f 1853 2856 2362 
f 3357 1827 154 
f 3252 235 3126 
f 925 1170 1643 
f 1263 2 1811 
f 504 2448 1011 
f 1055 1856 2509 
f 179 3530 257 
f 77 1111 3339 
f 2961 507 1648 
f 2275 108 2830 
f 2785 3123 2152 
f 25 1143 1588 
f 229 234 1688 
f 651 1670 1172 
f 1262 3304 1566 
f 2030 2468 1484 
f 3282 1988 2108 
f 3569 3321 3526 
f 2837 315 48 
f 3226 1544 1246 
f 3047 3019 1838 
f 2524 874 828 
f 1679 1498 2380 
f 2212 689 3016 
f 2214 428 922 
f 1397 3067 3490 
f 930 528 437 
f 2207 2164 2431 
f 1061 2299 2239 
f 3317 1474 1221 
f 675 1724 1781 
f 2947 2836 2907 
f 1980 2160 2038 
f 2727 558 1172 
f 1976 359 2728 
f 2206 100 2265 
f 198 1766 707 
f 2601 245 641 
f 1972 1028 2793 
f 418 2048 3263 
f 3105 827 1381 
f 1096 184 635 
f 2643 1634 2489 
f 3308 1026 2958 
f 3416 357 181 
f 3121 488 351 
f 3270 388 103 
f 995 279 2761 
f 1228 595 650 
f 2835 2822 1256 
f 1167 2676 3366 
f 577 920 2659 
f 1272 1193 1239 
f 806 90 2358 
f 2146 1999 3125 
f 2653 2913 1459 
f 1253 2811 1647 
f 146 2613 903 
f 2422 3550 1624 
f 1323 1643 1170 
f 47 87 115 
f 52 2681 2806 
f 33 936 2023 
f 2068 2557 883 
f 459 3296 2668 
f 1330 3030 3244 
f 1940 1800 1939 
f 1255 3127 1852 
f 1091 3272 3143 
f 3244 3440 1553 
f 2618 2563 1882 
f 1410 681 1078 
f 10 2175 783 
f 1831 2817 937 
f 501 1880 1723 
f 1352 3269 3072 
f 1571 2764 2734 
f 1390 1433 3562 
f 2189 3311 3103 
f 2263 1127 554 
f 112 1455 181 
f 902 831 1181 
f 1609 3011 1547 
f 3426 2331 189 
f 639 946 3282 
f 201 3435 829 
f 2712 49 3420 
f 3534 3531 3070 
f 596 895 3284 
f 2400 797 1948 
f 2210 1967 1631 
f 1563 2127 1113 
f 1143 423 696 
f 96 703 1319 
f 1624 598 1929 
f 1929 582 1015 
f 674 616 1491 
f 2280 2699 2846 
f 1577 2347 3036 
f 693 2227 1641 
f 2612 613 1358 
f 2333 2874 1284 
f 95 750 247 
f 1351 2621 498 
f 2656 1745 2651 
f 1477 2751 3187 
f 544 1947 2376 
f 2196 3501 1837 
f 2856 2345 2855 
f 1726 1563 1853 
f 2382 2505 1204 
f 2775 2871 399 
f 2347 1577 2590 
f 2096 2178 1354 
f 134 3053 1056 
f 1483 2764 851 
f 1354 2708 2096 
f 314 1989 2828 
f 298 3242 257 
f 2218 1079 1866 
f 3448 3495 1878 
f 3056 2552 3037 
f 2949 3238 232 
f 3246 373 3043 
f 154 1403 1198 
f 1793 2534 598 
f 2653 971 1342 
f 350 2573 465 
f 1284 2883 3518 
f 1456 1052 238 
f 2129 1964 2814 
f 422 3344 710 
f 1954 2999 2895 
f 1844 2754 3558 
f 300 158 2627 
f 1549 2938 3473 
f 1590 1226 1794 
f 1298 1260 2826 
f 533 733 1319 
f 1477 3187 2780 
f 933 964 127 
f 2030 967 2468 
f 3281 2361 1805 
f 622 3457 429 
f 548 3051 2442 
f 3429 332 3138 
f 2449 2407 396 
f 3115 3111 2722 
f 3493 896 2292 
f 414 2541 1080 
f 542 1058 2605 
f 3150 2011 1620 
f 1989 930 774 
f 599 2270 2629 
f 20 1532 2312 
f 424 1689 1393 
f 3152 3164 1967 
f 3079 1109 38 
f 3357 2599 2219 
f 2056 908 1089 
f 2244 1356 2796 
f 1667 2080 2587 
f 3556 3287 1488 
f 226 3144 1777 
f 1285 3187 2751 
f 1584 488 518 
f 2361 3281 1487 
f 2462 2981 1219 
f 2329 1920 3021 
f 3111 2704 2722 
f 2833 2282 2497 
f 2350 1334 401 
f 3525 3537 2772 
f 1630 3219 44 
f 317 145 2413 
f 2112 2546 847 
f 3272 229 1450 
f 3130 1122 1511 
f 931 2370 2878 
f 247 3486 3133 
f 2085 962 2568 
f 127 964 3181 
f 1284 2000 3046 
f 2858 945 409 
f 1274 792 3387 
f 868 502 400 
f 1976 2728 1649 
f 2030 2199 1104 
f 1645 705 3116 
f 65 2013 2809 
f 1288 1616 1017 
f 1649 2728 1875 
f 3090 1091 2713 
f 28 2579 235 
f 992 1277 2693 
f 21 3055 2583 
f 286 9 1353 
f 2519 2562 948 
f 878 563 3571 
f 2616 2563 2618 
f 1471 3425 1932 
f 2357 382 3503 
f 84 2087 90 
f 599 2629 2483 
f 112 1814 1455 
f 1726 1412 1563 
f 2927 3501 3461 
f 1002 2438 591 
f 1274 2582 3261 
f 236 2586 292 
f 1020 2791 1625 
f 3012 2232 2481 
f 2578 1071 1715 
f 1383 172 2463 
f 1552 2349 2757 
f 2178 3468 1354 
f 2494 323 3510 
f 1283 869 3467 
f 2690 555 572 
f 325 2689 3489 
f 2084 1021 3144 
f 449 860 3162 
f 1615 3024 2594 
f 2880 2726 2477 
f 640 1568 1294 
f 3106 2245 2196 
f 2744 858 3012 
f 2061 1769 1709 
f 1740 1332 2263 
f 230 827 3105 
f 3377 1283 3467 
f 1835 1259 3466 
f 2405 2068 1307 
f 1662 2487 2579 
f 141 295 1961 
f 535 1721 1952 
f 3140 1074 3103 
f 1980 2089 1960 
f 1402 2575 1110 
f 1644 540 3299 
f 3279 3210 2403 
f 2315 2581 3559 
f 978 471 1361 
f 427 2626 3046 
f 1144 1296 835 
f 2775 1266 1447 
f 961 598 3422 
f 1824 2739 551 
f 1748 2227 2225 
f 203 2960 2116 
f 1976 712 359 
f 126 425 384 
f 3327 1443 1734 
f 2388 1178 2655 
f 117 2526 34 
f 260 565 2882 
f 3198 3071 1310 
f 2679 1502 3562 
f 2090 1801 23 
f 1945 773 1007 
f 3396 388 86 
f 1845 819 1527 
f 1869 7 3190 
f 1558 2562 2279 
f 3350 3065 1404 
f 3160 624 1326 
f 2792 1519 2144 
f 936 3350 1404 
f 145 1537 2413 
f 1532 1552 495 
f 3083 1768 1553 
f 1817 3525 1302 
f 1956 1569 3574 
f 1297 1440 1754 
f 1095 1264 2284 
f 3250 955 3178 
f 2662 1287 1357 
f 3564 2445 686 
f 1713 2929 42 
f 967 355 2468 
f 196 1682 1187 
f 3404 321 2336 
f 537 759 435 
f 840 630 1106 
f 490 1715 2452 
f 1457 2951 2572 
f 2225 1887 1748 
f 3207 3145 1531 
f 2322 529 1345 
f 2170 3163 2390 
f 1101 1582 3283 
f 2855 2345 2851 
f 3389 2032 3417 
f 2905 1842 3363 
f 94 1034 1806 
f 163 478 955 
f 1856 1675 2509 
f 3467 3416 1263 
f 1886 1846 2496 
f 1900 2673 1791 
f 599 2023 2270 
f 2292 2235 1665 
f 2406 2756 3360 
f 2124 3327 1818 
f 2420 3394 1636 
f 2910 150 1837 
f 3501 2910 1837 
f 1322 1279 18 
f 2665 2045 2378 
f 2417 71 3465 
f 2540 2317 2941 
f 1978 2360 1649 
f 2216 1912 1467 
f 2405 2778 1578 
f 3377 1034 395 
f 2047 323 108 
f 2168 1770 848 
f 2448 2232 3211 
f 2195 1800 1795 
f 137 2059 2864 
f 1867 3119 756 
f 557 2363 1192 
f 1490 1515 3063 
f 1144 1700 153 
f 808 2312 2600 
f 2210 3094 3152 
f 2362 2525 2527 
f 1177 2308 1313 
f 2042 2091 53 
f 1659 293 1051 
f 1601 1855 3231 
f 2755 285 1213 
f 1482 3356 685 
f 264 2668 167 
f 2355 1041 61 
f 3143 2000 1284 
f 1798 1934 1294 
f 2456 1171 2120 
f 2471 1013 3374 
f 3035 1127 125 
f 1315 1196 1272 
f 47 29 297 
f 580 1475 1035 
f 682 1345 590 
f 2700 3554 50 
f 2411 1831 937 
f 338 2472 1561 
f 325 3152 2689 
f 2713 1473 2869 
f 2118 1337 1339 
f 1797 1997 1247 
f 2553 2733 2522 
f 2713 2869 3090 
f 934 1084 1598 
f 872 29 690 
f 2876 314 2828 
f 2036 3294 1179 
f 1615 1448 2956 
f 38 538 1915 
f 1706 1367 2256 
f 641 2138 2601 
f 411 1077 2206 
f 289 287 913 
f 829 59 3411 
f 3420 2191 2712 
f 2959 2496 841 
f 1623 3360 2756 
f 2063 3338 1833 
f 2072 2660 109 
f 2408 2366 2125 
f 216 2765 876 
f 1786 2188 561 
f 849 1 3 
f 1589 2146 2176 
f 2636 1504 1195 
f 3048 2894 1597 
f 2028 3541 2237 
f 1959 1379 220 
f 3475 3431 3197 
f 1981 3221 3561 
f 1578 2968 1202 
f 2053 1059 199 
f 2210 2507 144 
f 1855 870 1969 
f 2042 820 2459 
f 1817 124 2539 
f 717 3522 3427 
f 1265 1304 1444 
f 1931 346 2441 
f 1719 3085 2952 
f 2239 3136 2339 
f 1603 1641 1748 
f 2532 2283 989 
f 2296 856 1675 
f 3515 2760 1240 
f 2776 1623 3247 
f 2999 2026 405 
f 1321 1262 2985 
f 3471 3075 499 
f 1139 2612 1290 
f 328 2020 227 
f 1995 3117 1677 
f 1630 1917 1742 
f 1438 2284 1264 
f 726 2385 2768 
f 3314 543 128 
f 2686 2810 2816 
f 2692 2350 1308 
f 1859 84 90 
f 2476 2513 3340 
f 1656 2495 1007 
f 2984 1256 903 
f 1132 450 416 
f 2340 457 2583 
f 83 1970 2350 
f 1220 2402 1162 
f 1928 223 1718 
f 2992 2170 2390 
f 1821 650 3081 
f 1859 806 3373 
f 2706 1736 1614 
f 1973 1059 577 
f 3204 702 778 
f 732 2962 2866 
f 1861 3174 1221 
f 2937 2755 589 
f 1067 3001 3067 
f 861 1804 2373 
f 2337 3404 2335 
f 3236 152 912 
f 1261 2926 1422 
f 2491 17 926 
f 157 977 3105 
f 2913 1391 1459 
f 2875 3082 1719 
f 3543 260 2882 
f 2338 1852 731 
f 2269 1070 561 
f 2509 1675 904 
f 2635 2262 1789 
f 2268 2329 905 
f 2697 1100 1062 
f 2515 1441 2630 
f 3184 2392 1590 
f 2674 3165 2701 
f 3304 3299 1566 
f 637 2129 2923 
f 2571 177 413 
f 1777 228 226 
f 266 3298 2484 
f 352 77 3401 
f 2685 2211 2777 
f 1868 1024 2147 
f 2214 870 1855 
f 2323 72 1607 
f 1078 681 510 
f 2144 1519 3297 
f 1075 413 177 
f 3045 2092 2870 
f 9 1311 1427 
f 2936 2790 3079 
f 1710 3080 1554 
f 172 693 1641 
f 2020 2636 2566 
f 900 224 271 
f 1195 437 2636 
f 2900 915 3341 
f 1063 645 1839 
f 2084 486 488 
f 1500 1358 613 
f 3045 2696 2092 
f 876 2371 670 
f 1589 836 64 
f 1988 176 269 
f 3413 1509 328 
f 2688 3082 1097 
f 440 3138 1376 
f 2608 1815 1048 
f 120 1025 20 
f 414 1080 2179 
f 3529 178 549 
f 287 3523 547 
f 2999 2157 2026 
f 1478 1083 2622 
f 1730 93 1828 
f 2402 2942 958 
f 1991 544 414 
f 859 2723 2046 
f 1800 1572 1795 
f 1219 443 2462 
f 1702 732 2866 
f 2425 2428 1079 
f 1701 1192 2556 
f 3483 3377 3467 
f 746 533 1406 
f 2818 2861 1160 
f 3099 1541 367 
f 481 2634 5 
f 2950 2760 1758 
f 586 2186 960 
f 2365 2893 944 
f 1111 77 3518 
f 1852 380 731 
f 631 1839 2748 
f 23 1801 2464 
f 381 2756 2133 
f 1454 540 1644 
f 1211 757 839 
f 2075 3368 638 
f 1161 664 2452 
f 568 3304 1321 
f 2041 2990 31 
f 798 1090 3004 
f 2471 3402 1013 
f 1136 3483 1934 
f 2196 3461 3501 
f 3491 1141 3388 
f 3398 841 2098 
f 1017 744 1288 
f 1391 1315 1459 
f 2364 3223 3107 
f 3136 1145 31 
f 2237 460 1308 
f 138 694 1432 
f 1534 486 2084 
f 1698 2165 2639 
f 2054 2666 687 
f 1750 1990 3027 
f 1188 2253 2352 
f 3346 3527 2460 
f 578 1752 2416 
f 2564 583 64 
f 2789 1891 1116 
f 2901 353 2803 
f 1684 2867 2618 
f 2274 2430 91 
f 3434 207 1534 
f 1508 2841 3449 
f 1159 1263 472 
f 610 2006 1368 
f 708 1628 2231 
f 834 2669 3521 
f 843 2857 3524 
f 3024 1615 2198 
f 2343 3298 2182 
f 3118 59 2529 
f 3030 1330 1435 
f 3199 795 1370 
f 3049 2096 349 
f 203 2448 3211 
f 2260 1448 1615 
f 998 1295 1741 
f 11 1790 1909 
f 47 297 2924 
f 296 1016 3005 
f 2940 2286 3177 
f 2672 960 3186 
f 1919 341 3151 
f 744 1663 2995 
f 3254 1163 2383 
f 1567 1563 1113 
f 929 1597 2894 
f 1741 501 2289 
f 2434 3336 2432 
f 2846 2077 497 
f 2846 1485 2280 
f 2946 2070 2148 
f 2788 1339 1359 
f 528 1492 2916 
f 2626 427 1456 
f 196 1187 2824 
f 650 1086 2683 
f 693 1383 2227 
f 3295 2763 1828 
f 153 559 1144 
f 185 263 1884 
f 695 2412 627 
f 447 466 1119 
f 1763 1736 2706 
f 242 1501 336 
f 1710 1554 3419 
f 2283 823 3392 
f 450 1132 117 
f 3168 1561 3199 
f 1688 987 1451 
f 692 1448 22 
f 2655 2322 682 
f 2460 1088 3346 
f 1155 1889 1123 
f 2133 408 3424 
f 2215 3099 200 
f 2707 3266 1890 
f 2688 1228 2683 
f 974 1640 1146 
f 730 2767 1918 
f 1494 2609 2906 
f 199 1059 1036 
f 1717 1898 107 
f 2775 1447 914 
f 467 2082 305 
f 1550 1161 2548 
f 270 2242 277 
f 3075 664 1161 
f 2220 1880 1295 
f 1304 920 577 
f 41 2453 3193 
f 777 773 1945 
f 434 1838 258 
f 3405 2489 1056 
f 3022 2944 3409 
f 3080 3303 3302 
f 270 277 1562 
f 1517 3449 704 
f 2369 2735 92 
f 1459 1239 2653 
f 2556 2801 972 
f 839 164 105 
f 1952 440 438 
f 3375 896 52 
f 3230 975 3325 
f 2774 1868 2925 
f 1454 1644 504 
f 457 8 2986 
f 2472 1103 3199 
f 3377 395 14 
f 97 302 2303 
f 3327 2124 2286 
f 2967 1678 784 
f 2873 1339 1337 
f 3559 2200 1947 
f 1364 1965 3 
f 581 3423 1458 
f 3368 2203 2523 
f 1623 2725 1445 
f 1 4 2554 
f 1282 669 1089 
f 1028 1867 37 
f 46 2596 2485 
f 3232 1289 1049 
f 2891 1721 3478 
f 677 2611 2019 
f 3464 2991 3437 
f 1849 2872 356 
f 2174 3574 770 
f 585 3291 186 
f 802 1879 3116 
f 1503 1435 1472 
f 1661 3193 36 
f 1885 3120 318 
f 880 931 2878 
f 1041 3055 2267 
f 2053 1444 1059 
f 3367 2384 3389 
f 3567 810 766 
f 3460 2785 2152 
f 2616 2618 2218 
f 2280 1434 2699 
f 1493 455 689 
f 1139 1625 2851 
f 2919 3515 1240 
f 1796 3320 2873 
f 2038 3337 899 
f 662 3194 700 
f 3367 943 1594 
f 2904 169 218 
f 1315 1012 1196 
f 1473 2713 1091 
f 377 1806 927 
f 2982 27 3225 
f 3017 932 345 
f 1436 3328 1910 
f 1233 308 1069 
f 3135 2914 3034 
f 1259 645 904 
f 2579 1348 526 
f 1811 1878 472 
f 2079 1870 3418 
f 369 1985 3508 
f 2301 1461 1981 
f 498 1542 1762 
f 1447 3153 2387 
f 2515 2630 1362 
f 2484 1943 3093 
f 1450 3410 830 
f 1330 3244 1553 
f 2901 1619 3315 
f 1551 93 2808 
f 2650 549 2518 
f 1549 3310 2938 
f 1311 3241 3535 
f 1774 490 2452 
f 3421 104 1537 
f 1330 1292 1435 
f 2826 3276 2458 
f 1377 576 1836 
f 940 1508 3449 
f 2510 1715 1071 
f 2093 199 2052 
f 1664 2074 1070 
f 2131 924 2789 
f 2232 2448 3329 
f 2053 1405 1444 
f 2066 1940 1939 
f 2458 1985 369 
f 1255 2018 3127 
f 3330 3422 3550 
f 2277 342 148 
f 1464 716 13 
f 189 333 786 
f 1732 2565 99 
f 3069 1722 312 
f 2653 1239 1306 
f 471 2092 1361 
f 1151 837 3491 
f 1140 2068 2326 
f 424 1419 1391 
f 2069 1218 1217 
f 34 1893 573 
f 938 879 3138 
f 1074 3140 2460 
f 3134 597 3217 
f 266 2484 3093 
f 3013 3171 336 
f 560 972 1538 
f 50 1974 55 
f 3048 1049 1776 
f 1926 736 3258 
f 3512 135 2382 
f 98 2134 1667 
f 3484 3349 2159 
f 99 1480 364 
f 1948 797 1966 
f 1047 1355 268 
f 310 3347 1237 
f 2803 2379 2901 
f 3067 1397 1067 
f 1525 552 1216 
f 2204 1131 805 
f 1598 1176 934 
f 2434 2251 1901 
f 454 455 2877 
f 362 329 762 
f 542 1346 448 
f 693 172 1383 
f 2248 1088 2912 
f 774 1195 1504 
f 1856 1055 192 
f 1553 192 3083 
f 3143 3443 1091 
f 2742 2993 2520 
f 1712 3095 2344 
f 3469 723 915 
f 414 2179 1580 
f 607 970 1392 
f 1439 1483 679 
f 1820 1632 1691 
f 2257 1789 2262 
f 2944 3022 888 
f 1824 3343 387 
f 62 3380 3102 
f 2663 660 1958 
f 1937 843 3524 
f 2348 2185 3551 
f 239 820 2042 
f 1762 2828 2140 
f 1171 244 2120 
f 716 992 1372 
f 1745 3371 740 
f 2752 1158 1465 
f 1096 2440 184 
f 892 3162 1278 
f 320 319 221 
f 2601 3264 570 
f 722 1998 2192 
f 1794 1345 529 
f 3014 200 3099 
f 25 3275 157 
f 593 1346 542 
f 1059 1973 1036 
f 1985 2534 1340 
f 579 232 3326 
f 3556 2798 2431 
f 636 1782 743 
f 3500 3484 2308 
f 431 3360 1623 
f 2143 3173 1216 
f 2106 757 1832 
f 2648 2132 2398 
f 1053 3503 2598 
f 460 2692 1308 
f 305 2082 2188 
f 1012 767 916 
f 434 1158 2752 
f 3416 3322 357 
f 1584 3144 1021 
f 1860 1015 1309 
f 2531 3039 3543 
f 551 2277 1824 
f 2351 478 1460 
f 483 783 2782 
f 1463 2285 2430 
f 3157 2854 1579 
f 3333 2007 2015 
f 1617 2447 122 
f 1653 3508 1985 
f 1210 3052 859 
f 744 1184 1019 
f 3494 140 1081 
f 2833 2245 2282 
f 67 3382 2307 
f 362 1586 407 
f 8 2974 419 
f 950 1090 1236 
f 2622 724 1478 
f 1117 2109 3308 
f 3367 1594 2384 
f 2442 2389 968 
f 3382 67 2298 
f 1681 43 3159 
f 2314 1114 1076 
f 2669 899 3337 
f 1472 1328 1431 
f 698 205 1301 
f 2486 3362 2705 
f 2371 1063 1839 
f 2087 2358 90 
f 493 1544 626 
f 1930 862 3096 
f 2403 3210 348 
f 2171 1669 2869 
f 1585 1556 604 
f 1559 3188 2073 
f 2470 2501 2421 
f 2120 764 2456 
f 1254 1301 205 
f 827 3056 2977 
f 2209 1052 1062 
f 1431 1358 1500 
f 109 2660 1235 
f 2546 2112 139 
f 1187 3394 2824 
f 254 505 1579 
f 2387 3153 1336 
f 1572 1576 1503 
f 852 713 1510 
f 1901 2946 2148 
f 1616 1288 1680 
f 2737 482 3250 
f 1708 3112 1679 
f 748 2542 2424 
f 309 307 3021 
f 3179 2533 2171 
f 274 1833 1670 
f 878 758 2487 
f 687 654 2054 
f 3368 543 3314 
f 181 1455 3416 
f 2470 1626 1060 
f 3402 2603 1413 
f 2222 2427 2536 
f 1493 835 236 
f 3044 795 375 
f 32 1006 354 
f 2539 124 1915 
f 2533 3179 2446 
f 2052 778 2093 
f 1166 3349 1744 
f 865 2015 278 
f 1950 1907 1555 
f 994 2103 3488 
f 2102 818 2041 
f 1661 2588 1696 
f 1351 1102 2621 
f 3082 2321 1179 
f 677 2019 3499 
f 2731 304 2136 
f 2756 2406 2291 
f 3262 2758 1593 
f 1863 248 793 
f 2167 1112 619 
f 3547 3294 2036 
f 1415 1991 1875 
f 1356 2105 2411 
f 2155 1245 63 
f 1175 476 1506 
f 2447 465 1200 
f 3507 3309 267 
f 2678 1513 969 
f 1501 1913 3050 
f 2510 3412 2548 
f 3123 883 2152 
f 2653 1405 971 
f 1112 1342 971 
f 1327 2672 3186 
f 1848 30 973 
f 387 3343 227 
f 1270 2102 2041 
f 2984 1451 1201 
f 1479 2866 1010 
f 520 450 1872 
f 328 32 3413 
f 3193 1984 1048 
f 453 1546 1360 
f 1578 2778 2968 
f 3376 3120 1885 
f 2322 2655 1442 
f 205 698 251 
f 705 532 3183 
f 68 2012 711 
f 3241 3355 3042 
f 3090 3272 1091 
f 1097 2255 2886 
f 2276 2987 1252 
f 2325 2490 2094 
f 552 119 1216 
f 3276 2736 1753 
f 2386 2002 989 
f 128 2593 3314 
f 349 2837 3049 
f 2753 959 2863 
f 1576 1901 2251 
f 2289 2610 1741 
f 2001 2865 2003 
f 1273 868 3064 
f 2358 2012 68 
f 2624 1676 3336 
f 629 474 104 
f 2909 357 3322 
f 2365 1149 1881 
f 2421 1736 1763 
f 985 84 2829 
f 271 224 569 
f 1887 2225 3396 
f 2954 1970 83 
f 155 2258 284 
f 2337 1966 2967 
f 109 1805 2361 
f 2487 758 1348 
f 1472 1292 1328 
f 1992 2422 2079 
f 1834 2181 3192 
f 1273 1207 1251 
f 2038 2160 3337 
f 2672 2293 1092 
f 1365 739 3567 
f 1148 1576 2251 
f 3544 341 1919 
f 1670 1116 1172 
f 3567 739 3548 
f 2874 2610 1126 
f 170 2384 280 
f 545 2032 170 
f 834 545 2669 
f 59 3118 3411 
f 658 3514 1599 
f 3057 2503 2505 
f 2837 1608 3049 
f 2114 3166 452 
f 276 452 3166 
f 1435 1292 1472 
f 3413 2848 1648 
f 246 1148 2251 
f 2296 1949 1533 
f 609 1205 1169 
f 656 2697 427 
f 1699 390 3102 
f 2370 3532 1713 
f 2926 2045 2665 
f 959 1422 2797 
f 299 1628 1267 
f 241 2930 290 
f 802 801 334 
f 1409 1980 1960 
f 286 519 898 
f 1696 1820 1661 
f 3502 3437 3506 
f 1416 1733 2885 
f 1029 3521 3509 
f 36 2596 2700 
f 3545 2 1814 
f 2413 474 2482 
f 519 286 2122 
f 583 1589 64 
f 3390 3534 3535 
f 1184 897 3527 
f 2793 1418 1972 
f 1106 1218 840 
f 1076 3568 1827 
f 1908 3455 1498 
f 2571 1147 177 
f 1819 2820 495 
f 2738 310 3453 
f 2614 3291 585 
f 2195 1887 2025 
f 1477 2780 2813 
f 794 471 978 
f 1998 312 221 
f 3443 1473 1091 
f 957 1869 1225 
f 928 1843 3132 
f 534 3505 2531 
f 3105 977 230 
f 410 1711 661 
f 2860 1022 573 
f 1069 236 292 
f 973 30 51 
f 1110 3125 985 
f 3526 3321 3319 
f 1589 583 2908 
f 2470 1897 1626 
f 846 2486 1557 
f 536 2776 2021 
f 291 237 3207 
f 2544 1625 371 
f 2060 2128 2300 
f 424 2825 2206 
f 2580 560 2259 
f 2300 15 2007 
f 1789 1022 2635 
f 623 847 1248 
f 526 235 2579 
f 1009 1907 2511 
f 844 1157 2870 
f 2913 2653 100 
f 3368 2523 638 
f 3156 3533 1438 
f 1037 3555 466 
f 2042 1000 239 
f 1643 2627 174 
f 3263 648 418 
f 3395 2393 895 
f 3421 106 421 
f 3206 1529 1395 
f 1260 547 3523 
f 1724 700 3194 
f 2862 1221 3174 
f 281 950 1236 
f 1039 2959 2576 
f 1361 1174 978 
f 3287 2164 2992 
f 2703 3503 1053 
f 2892 39 3058 
f 2873 3320 1339 
f 66 833 805 
f 2445 3564 32 
f 2176 1819 2887 
f 3161 2665 2378 
f 1695 20 2312 
f 2532 989 2143 
f 617 1698 2150 
f 2634 866 3016 
f 2354 1864 1690 
f 659 3453 1765 
f 565 260 3434 
f 2528 2547 822 
f 1891 3479 1646 
f 1263 1455 2 
f 1381 553 24 
f 1562 2366 2408 
f 3245 3146 3042 
f 3194 1767 3353 
f 191 2701 3256 
f 2640 64 836 
f 3461 456 521 
f 2345 2612 2851 
f 1711 2354 3414 
f 1521 3056 1115 
f 1199 871 826 
f 1392 3347 607 
f 1560 2288 1665 
f 2414 23 2464 
f 313 3278 1409 
f 521 456 1436 
f 3501 2749 2910 
f 3085 3547 491 
f 195 73 1686 
f 710 2186 3312 
f 2458 1753 1985 
f 2048 592 2178 
f 1883 3358 3306 
f 2917 709 2228 
f 1850 2488 2142 
f 2564 2640 711 
f 613 2372 1641 
f 2997 3561 3221 
f 455 3016 689 
f 1382 2284 1438 
f 899 1594 1757 
f 1624 2642 2422 
f 1646 3479 2208 
f 2193 1663 2662 
f 2543 3039 2734 
f 605 302 97 
f 608 2812 3237 
f 2089 1980 2038 
f 322 2675 2031 
f 1396 3300 1194 
f 3193 1820 1142 
f 415 723 3469 
f 1851 3208 1750 
f 3367 2659 943 
f 960 2672 3374 
f 1170 925 539 
f 1581 1613 3233 
f 1662 2590 2487 
f 2930 2089 2038 
f 1168 2044 2577 
f 803 3470 1166 
f 3219 1168 1467 
f 2286 2124 3177 
f 1899 550 1232 
f 2506 1614 842 
f 1146 3381 974 
f 2727 1891 1646 
f 1450 229 3410 
f 40 2517 43 
f 2946 1901 1576 
f 2031 1409 322 
f 531 1434 2280 
f 698 1301 487 
f 860 3133 3414 
f 2883 3354 1111 
f 2703 2357 3503 
f 3510 1522 1546 
f 1533 3417 2032 
f 3516 1522 2792 
f 2003 1523 1577 
f 870 922 2267 
f 1284 3046 2883 
f 1556 1585 1557 
f 2752 2074 1664 
f 3017 2060 3540 
f 1956 2174 509 
f 1975 171 153 
f 44 3128 1630 
f 2330 3185 703 
f 2711 3127 990 
f 2595 1124 1531 
f 856 2831 1259 
f 2090 2701 191 
f 1750 1515 1990 
f 2849 3037 3228 
f 3060 630 2212 
f 1344 1210 316 
f 1438 1264 3156 
f 3021 905 2329 
f 83 2934 2954 
f 1077 424 2206 
f 2545 98 1667 
f 2555 1388 965 
f 2446 3179 1783 
f 2328 336 3477 
f 1629 3395 596 
f 1632 1820 1696 
f 1105 368 1971 
f 528 2916 437 
f 2838 1337 1964 
f 3091 2914 3135 
f 458 676 1117 
f 1582 3494 1081 
f 66 1830 1425 
f 1661 1820 3193 
f 2437 27 1366 
f 3164 1809 344 
f 1714 3563 251 
f 1164 996 3435 
f 1814 684 3545 
f 1924 2465 373 
f 2786 3301 2980 
f 1795 1887 2195 
f 1782 492 743 
f 3139 1300 1085 
f 2748 1839 645 
f 1599 3167 3198 
f 3008 3359 1994 
f 3322 3416 1916 
f 2333 3271 1895 
f 3409 2944 3257 
f 285 3168 1370 
f 2369 2102 1270 
f 1717 107 853 
f 1371 815 371 
f 136 2190 3370 
f 170 3389 2384 
f 1277 441 2920 
f 3269 659 1223 
f 2974 8 2355 
f 267 1586 3507 
f 3298 318 2182 
f 1635 438 436 
f 1227 1506 863 
f 1699 3375 772 
f 1938 3114 2768 
f 1527 485 1845 
f 1749 2621 2632 
f 1026 1266 2958 
f 1605 265 2559 
f 1383 103 2227 
f 1112 596 3284 
f 747 546 3507 
f 1961 295 1224 
f 3320 1796 1494 
f 3237 2467 608 
f 2834 3289 1462 
f 1892 1188 2352 
f 1339 3320 3551 
f 620 894 3478 
f 1139 1020 1625 
f 251 3098 1714 
f 2822 1969 1121 
f 1764 1614 2506 
f 1310 3071 3178 
f 2992 2164 516 
f 3126 690 3252 
f 151 267 2095 
f 747 1802 546 
f 376 327 2005 
f 2053 971 1405 
f 400 502 3529 
f 3517 1591 3233 
f 210 2044 3398 
f 2334 1335 1633 
f 1265 1189 1304 
f 1335 778 994 
f 707 1766 2826 
f 349 2074 2837 
f 3117 358 3301 
f 2180 1213 891 
f 3482 2071 498 
f 2515 105 1441 
f 512 1254 386 
f 1982 2723 1486 
f 151 407 267 
f 109 2399 1805 
f 2497 790 2833 
f 730 3459 2767 
f 2110 3399 1517 
f 3497 816 1406 
f 494 210 3066 
f 3550 2422 256 
f 2218 2867 2498 
f 2822 1813 1241 
f 240 175 763 
f 135 3512 752 
f 3535 1427 1311 
f 2223 2753 3169 
f 1291 1433 506 
f 3269 3520 659 
f 560 1570 628 
f 2645 2107 1622 
f 1450 830 347 
f 2611 677 3558 
f 1857 1780 1910 
f 606 3209 757 
f 1772 1050 808 
f 745 786 794 
f 2731 2136 3164 
f 1408 2248 2187 
f 154 1169 1760 
f 733 45 2440 
f 1161 2510 2548 
f 23 1954 2895 
f 3444 2916 1492 
f 330 2561 3378 
f 2495 1656 2639 
f 3453 659 461 
f 2296 545 834 
f 250 1167 2943 
f 3079 198 1109 
f 3509 555 665 
f 3356 345 1540 
f 2296 834 1029 
f 388 2225 2227 
f 476 863 1506 
f 613 2612 283 
f 1401 590 2161 
f 2754 1844 2344 
f 2461 2426 2716 
f 709 2917 2391 
f 1140 2577 2557 
f 3468 1862 2994 
f 2371 522 670 
f 2674 1671 3165 
f 2614 3049 1608 
f 2724 2254 1049 
f 835 1493 689 
f 712 2250 3236 
f 2403 729 3273 
f 2040 3063 662 
f 1211 839 1182 
f 874 2468 355 
f 868 1950 1555 
f 1117 676 2109 
f 1515 3208 662 
f 2965 3362 2486 
f 953 519 1639 
f 2752 3007 887 
f 36 3193 2453 
f 950 281 2246 
f 3367 1865 2659 
f 2989 1775 3494 
f 1550 3075 1161 
f 3454 2889 2857 
f 3331 3438 1047 
f 2807 3545 684 
f 1788 1909 1790 
f 2354 3162 860 
f 354 2445 32 
f 1249 3489 2529 
f 3556 3167 3514 
f 3519 511 3334 
f 547 369 287 
f 2397 832 215 
f 548 2442 3158 
f 1823 1106 3060 
f 3053 379 2437 
f 2361 2072 109 
f 2166 1896 1524 
f 3037 2101 135 
f 492 2890 1627 
f 1597 3315 484 
f 1447 2387 914 
f 26 1182 1050 
f 3398 792 2746 
f 1487 3151 341 
f 512 838 3542 
f 798 2165 617 
f 2062 2986 2790 
f 701 433 1981 
f 1533 947 3417 
f 2977 3037 2849 
f 1023 3215 220 
f 3200 2541 1428 
f 2375 2287 1248 
f 714 1778 3038 
f 7 605 97 
f 63 1900 2306 
f 1876 2201 2779 
f 748 2652 2542 
f 934 574 383 
f 442 3238 3481 
f 1555 1009 2331 
f 157 3105 423 
f 3490 480 1397 
f 1025 120 1832 
f 193 791 1689 
f 438 535 1952 
f 396 2407 2058 
f 504 442 2477 
f 1963 701 1461 
f 2516 2611 2575 
f 954 268 1355 
f 2462 1806 1034 
f 1720 3176 1185 
f 828 874 1247 
f 3306 3358 2065 
f 2662 1017 1287 
f 309 45 307 
f 2111 491 591 
f 638 2482 629 
f 51 3184 973 
f 2085 225 962 
f 1566 581 1458 
f 185 101 1815 
f 139 2574 3492 
f 2843 1858 2975 
f 3095 1286 3177 
f 95 449 396 
f 3493 1543 2180 
f 3396 3224 2025 
f 893 672 2287 
f 1468 2262 391 
f 3508 2678 1536 
f 2200 3559 2401 
f 3477 1703 219 
f 2723 1694 403 
f 3224 86 420 
f 666 295 1187 
f 1791 564 1900 
f 702 2093 778 
f 1640 2827 679 
f 1495 1722 3069 
f 854 2234 2719 
f 1596 123 3296 
f 68 2640 517 
f 1290 1292 1020 
f 1896 2166 1942 
f 902 261 1388 
f 3 1684 1364 
f 2481 2232 2236 
f 584 3240 1582 
f 2971 593 2972 
f 533 3268 733 
f 2681 3493 2180 
f 1160 3205 603 
f 1072 2888 2657 
f 3226 182 846 
f 1833 3338 393 
f 1453 3310 2659 
f 941 1587 2221 
f 142 67 685 
f 834 3521 1029 
f 71 2757 3465 
f 140 3494 1775 
f 647 1725 1946 
f 1465 2074 2752 
f 841 2496 62 
f 1549 1036 1973 
f 311 2229 1489 
f 654 687 85 
f 1230 349 1518 
f 81 1936 3369 
f 572 2156 2690 
f 1467 1912 44 
f 572 2675 1250 
f 1163 2830 3157 
f 282 2923 2129 
f 939 2424 1078 
f 2752 1664 3007 
f 1079 3159 2425 
f 2234 3276 2719 
f 2802 2467 3237 
f 2529 3096 1249 
f 3509 1955 2205 
f 3329 2236 2232 
f 3563 1714 386 
f 417 1508 940 
f 3440 3244 3439 
f 3213 1937 3540 
f 1008 300 2637 
f 3095 1818 2344 
f 2300 2305 2060 
f 200 3275 793 
f 2903 893 2375 
f 3237 3192 2802 
f 3127 444 1852 
f 1313 69 1177 
f 159 175 240 
f 1531 3145 984 
f 2013 3339 2809 
f 2700 2596 3554 
f 1175 1496 476 
f 2620 2698 2194 
f 824 2649 2550 
f 915 1229 3469 
f 2216 1660 1202 
f 2609 1502 2679 
f 1484 3174 2512 
f 61 922 3019 
f 1471 1932 1185 
f 2492 1667 2134 
f 3071 3167 1638 
f 3556 2431 3287 
f 3044 1762 1542 
f 1989 2123 930 
f 3240 584 1190 
f 876 1063 2371 
f 678 3314 2593 
f 2725 3424 1445 
f 910 2337 3216 
f 34 186 3291 
f 1267 2787 2221 
f 439 653 3572 
f 2995 897 744 
f 2496 2959 1258 
f 1550 2201 1876 
f 2741 714 1323 
f 2615 1085 1300 
f 2404 3476 1452 
f 378 3129 2263 
f 71 1552 2757 
f 2525 2856 2855 
f 2178 592 3468 
f 2545 3197 98 
f 658 1610 3514 
f 1676 1651 2432 
f 611 2016 245 
f 361 1650 366 
f 1324 2560 272 
f 2048 1155 1123 
f 1846 62 2496 
f 2141 2682 2190 
f 2478 2085 574 
f 740 2651 1745 
f 825 348 993 
f 1270 1099 2369 
f 2522 1325 2553 
f 2016 611 2743 
f 1410 1078 2424 
f 453 2500 2854 
f 1554 1930 1886 
f 2228 1324 2917 
f 3065 2619 886 
f 881 377 927 
f 1061 1548 2299 
f 313 2694 3278 
f 3516 2077 1522 
f 2606 2745 3573 
f 397 742 1384 
f 1415 1344 316 
f 1874 1737 3539 
f 1240 2950 2595 
f 3004 3475 2495 
f 3123 1070 2269 
f 1370 2071 285 
f 820 159 2459 
f 1227 392 3076 
f 1908 1679 3112 
f 18 456 1481 
f 800 1953 3094 
f 3403 3573 2771 
f 2154 39 2896 
f 351 2744 3121 
f 500 813 1130 
f 3253 1357 1730 
f 885 680 2119 
f 479 806 3457 
f 1001 1769 475 
f 2800 2811 1857 
f 2603 2471 967 
f 3492 2546 139 
f 2312 1532 1734 
f 1335 2334 778 
f 1182 105 2515 
f 2750 3031 2840 
f 3191 2645 2004 
f 2385 1902 2879 
f 3011 3217 3451 
f 356 1104 2316 
f 1982 1486 2983 
f 1999 2908 3472 
f 1762 1351 498 
f 43 524 2840 
f 2878 42 2518 
f 3218 338 1561 
f 2377 3089 1541 
f 187 252 183 
f 592 1120 3468 
f 1749 3482 498 
f 491 2111 3085 
f 1517 3399 2341 
f 3334 1327 779 
f 1329 3383 2231 
f 478 2351 1310 
f 2240 2386 3392 
f 2523 2416 1752 
f 934 1176 574 
f 3061 1720 1956 
f 3106 1731 2282 
f 1405 1265 1444 
f 949 2155 2306 
f 3324 1958 3002 
f 1745 1706 1535 
f 808 1362 1695 
f 91 2430 2285 
f 2241 1514 754 
f 3235 696 477 
f 1943 1756 2110 
f 3551 3320 1494 
f 290 211 241 
f 792 3261 1045 
f 3396 86 3224 
f 3535 3241 3267 
f 2409 3334 779 
f 2251 2434 2142 
f 2252 3080 625 
f 1954 1173 2773 
f 168 1518 2708 
f 296 3183 760 
f 110 2004 1622 
f 2297 3395 1629 
f 2118 1152 1964 
f 3349 1902 2385 
f 778 2052 994 
f 3390 3230 3386 
f 3538 2194 2549 
f 2441 2833 790 
f 3178 3248 3250 
f 3081 2886 764 
f 2121 290 2930 
f 3310 1973 2659 
f 2894 3048 3149 
f 3084 3034 2907 
f 280 899 2669 
f 543 3368 2075 
f 280 1594 899 
f 1861 396 890 
f 593 2605 2972 
f 858 2744 782 
f 2041 3216 2990 
f 1977 2011 3150 
f 3092 861 621 
f 555 3509 2205 
f 2208 145 2842 
f 2144 3234 2792 
f 2680 3532 2370 
f 3475 1007 2495 
f 3032 769 165 
f 1906 2688 2683 
f 285 2071 3482 
f 1617 118 2553 
f 2086 2732 2099 
f 2170 3293 3163 
f 3438 2254 1355 
f 57 556 875 
f 3246 1160 1951 
f 3301 1570 1538 
f 1328 1290 1358 
f 1484 2199 2030 
f 1925 768 1005 
f 2509 1063 1055 
f 469 3345 1621 
f 1398 679 3030 
f 3251 323 2047 
f 2965 2486 182 
f 2037 1504 2636 
f 2927 1780 2811 
f 1260 3523 507 
f 989 2283 2386 
f 2045 2926 1261 
f 2137 1274 2149 
f 2270 936 1404 
f 2828 1989 774 
f 163 3412 337 
f 1743 737 3098 
f 220 558 2727 
f 3539 2153 1198 
f 1739 101 853 
f 2271 3047 3175 
f 2928 953 2163 
f 2246 281 1692 
f 1812 1470 3391 
f 1420 422 2161 
f 327 3002 1958 
f 926 2257 2491 
f 2397 3515 562 
f 2237 3541 3407 
f 1320 3257 865 
f 265 1027 3372 
f 334 980 802 
f 894 2891 3478 
f 2557 494 3066 
f 1319 703 3185 
f 3024 2198 2466 
f 3558 2754 1317 
f 2874 2333 1895 
f 1963 2996 817 
f 3423 3503 1854 
f 1689 791 1347 
f 1291 1010 1433 
f 1649 3384 3229 
f 1958 3324 2663 
f 2786 2187 2324 
f 1694 739 1365 
f 3380 1164 2288 
f 915 406 3341 
f 158 300 1008 
f 646 1521 1115 
f 2451 253 462 
f 420 2443 3076 
f 1505 2145 673 
f 2550 2278 824 
f 2167 2663 1112 
f 1400 553 1381 
f 485 3231 1993 
f 404 2346 2784 
f 2527 1729 2362 
f 3558 2575 2611 
f 1830 66 2388 
f 1224 295 666 
f 1785 2261 2097 
f 976 2138 255 
f 1661 36 2700 
f 2850 2852 2766 
f 239 1000 2890 
f 538 38 1109 
f 2154 3538 39 
f 671 1346 2971 
f 2498 2249 1079 
f 450 2759 416 
f 1077 411 2954 
f 1706 1745 2656 
f 2746 792 1922 
f 3116 705 3183 
f 1352 1756 209 
f 2929 2881 10 
f 1577 1523 2590 
f 3506 3437 2991 
f 617 2165 1698 
f 2299 1548 1777 
f 474 1537 104 
f 1205 1293 2442 
f 1097 2875 2255 
f 2808 1287 1017 
f 3099 1792 3014 
f 2726 2448 504 
f 2905 852 1387 
f 1417 758 878 
f 2710 3171 75 
f 2140 190 3560 
f 3429 3400 1595 
f 2860 372 2635 
f 85 687 2301 
f 2176 2146 1317 
f 2848 32 3564 
f 2953 791 24 
f 1269 2184 113 
f 1803 686 571 
f 615 2219 2585 
f 2791 1020 1292 
f 1367 22 1448 
f 1907 2092 471 
f 1978 79 2243 
f 3302 862 3080 
f 21 2613 146 
f 2119 680 2484 
f 3044 2657 314 
f 4 1463 2554 
f 3111 3115 2476 
f 1076 2593 3568 
f 792 3398 3387 
f 3278 2694 2281 
f 1220 1107 3331 
f 2169 2537 880 
f 3554 46 43 
f 2114 3086 27 
f 383 574 1423 
f 913 3413 289 
f 2190 2619 2141 
f 638 698 487 
f 2572 932 1457 
f 1939 2195 1227 
f 2121 899 1757 
f 2682 2953 3370 
f 1464 13 2594 
f 420 1151 2549 
f 2781 1879 1511 
f 2661 1042 1429 
f 1800 1940 1576 
f 2038 899 2121 
f 2217 3155 2778 
f 1314 1573 1125 
f 2803 894 1018 
f 3336 2479 2624 
f 1748 1795 1603 
f 2309 812 3059 
f 444 445 380 
f 2267 3055 870 
f 1026 1447 1266 
f 2769 174 168 
f 2553 350 1873 
f 2341 3399 2597 
f 2162 2570 685 
f 2654 2244 1194 
f 1704 2677 3444 
f 3288 3415 3447 
f 2703 1053 1038 
f 3153 1447 1026 
f 81 178 3529 
f 35 944 1426 
f 1245 1071 2578 
f 3242 3536 257 
f 3069 1998 722 
f 6 2371 631 
f 1229 415 3469 
f 1675 1949 2296 
f 1750 3208 1515 
f 2325 3341 406 
f 3007 3123 887 
f 1073 777 1945 
f 1987 3305 160 
f 1314 804 1312 
f 2250 2687 152 
f 1897 2470 1763 
f 1774 121 2905 
f 122 118 1617 
f 3098 1525 1743 
f 3212 473 1429 
f 31 1270 2041 
f 2172 2679 2647 
f 3132 864 214 
f 3273 2083 3120 
f 253 719 2162 
f 3328 3260 1857 
f 3230 3390 3267 
f 3365 230 1792 
f 341 2921 1487 
f 2088 1738 2770 
f 2295 2141 936 
f 669 879 508 
f 1986 364 1480 
f 2210 3152 1967 
f 2506 2255 1764 
f 126 1078 510 
f 149 747 3507 
f 1528 3335 2479 
f 2952 3305 2777 
f 325 3361 304 
f 1293 3158 2442 
f 3225 648 2982 
f 2342 2182 3120 
f 3136 2239 2802 
f 1979 2986 8 
f 1993 2761 2454 
f 371 2991 2544 
f 1225 2611 2516 
f 1382 1131 1807 
f 2671 2342 2435 
f 408 2531 3424 
f 924 2131 3421 
f 857 449 892 
f 2308 1177 3500 
f 482 955 3250 
f 613 749 2372 
f 1937 3213 1276 
f 2192 1718 223 
f 2545 1667 1073 
f 1702 270 489 
f 119 2143 1216 
f 2987 1027 1605 
f 2781 37 1867 
f 1764 1526 1614 
f 2416 1785 2501 
f 2213 3397 167 
f 1786 561 688 
f 626 506 493 
f 80 815 2547 
f 2398 1332 2648 
f 340 225 2478 
f 392 1227 2195 
f 783 2175 2782 
f 1483 246 2488 
f 1985 1340 1653 
f 763 175 1083 
f 1925 1005 1234 
f 1730 1357 93 
f 1487 2921 446 
f 148 1191 1418 
f 2431 2798 2207 
f 2076 2633 1881 
f 3357 2920 3160 
f 154 1827 1374 
f 727 2645 1941 
f 1152 2469 2815 
f 1716 312 1722 
f 1341 1837 150 
f 3068 171 1975 
f 1372 2256 13 
f 1495 357 1722 
f 154 1198 2153 
f 3174 2524 2862 
f 784 1244 2339 
f 3113 2044 3219 
f 3132 214 928 
f 65 2809 1111 
f 2861 2818 1394 
f 603 1602 3191 
f 3213 1118 3212 
f 3141 1954 2773 
f 647 1575 1725 
f 2628 2304 777 
f 1780 521 1910 
f 1935 1593 2758 
f 919 1056 3086 
f 146 903 2027 
f 711 2012 3018 
f 1160 162 1924 
f 3377 14 3408 
f 2981 3181 1219 
f 2906 2415 2348 
f 340 1104 356 
f 3403 2889 1429 
f 2586 1296 1098 
f 3134 3011 1609 
f 204 482 2737 
f 2617 3227 3228 
f 3069 722 1495 
f 2126 2119 1520 
f 2140 3560 1351 
f 1493 236 1069 
f 4 2285 1463 
f 2507 1631 2691 
f 1434 1360 2699 
f 848 2964 1805 
f 1781 1724 1363 
f 2494 2830 108 
f 3166 2114 3445 
f 302 108 2275 
f 986 859 1119 
f 2640 836 3442 
f 2123 528 930 
f 420 3076 3224 
f 2479 1901 2148 
f 1955 2669 3337 
f 1252 751 2939 
f 1248 2546 2396 
f 2365 1881 404 
f 2025 1887 3396 
f 1238 3226 644 
f 2886 595 1097 
f 2951 1770 2168 
f 3466 2817 1835 
f 1842 2905 1387 
f 1139 1290 1020 
f 2651 1760 3474 
f 669 508 1089 
f 3460 883 2557 
f 1859 957 84 
f 73 140 1686 
f 2691 335 144 
f 742 761 3427 
f 691 2780 3187 
f 3504 885 1914 
f 184 2440 2993 
f 1372 13 716 
f 2748 1835 1831 
f 2702 412 1068 
f 628 2324 2646 
f 2374 3077 1019 
f 1974 1681 2017 
f 1097 3082 2875 
f 2327 2318 1858 
f 3509 3521 1955 
f 3321 3259 3319 
f 2125 901 2408 
f 3466 2831 3203 
f 2640 3442 517 
f 630 840 649 
f 2358 2087 3018 
f 167 430 264 
f 1280 877 2707 
f 1086 496 3210 
f 2374 1184 2783 
f 789 143 769 
f 3189 563 2057 
f 1024 1868 2774 
f 2105 1831 2411 
f 1826 1025 3209 
f 441 992 2310 
f 1079 2249 3159 
f 2535 2530 2898 
f 277 2242 626 
f 2305 3540 2060 
f 2739 1824 2677 
f 2436 1758 3340 
f 2247 2036 2759 
f 3538 2620 2194 
f 3307 2064 1996 
f 1820 2427 633 
f 3244 3030 3439 
f 3357 2219 615 
f 1223 3399 1446 
f 136 3370 886 
f 1396 2244 934 
f 938 3432 3455 
f 3199 3566 375 
f 1060 1626 3009 
f 431 536 3360 
f 3190 2019 1869 
f 1642 672 893 
f 1006 32 328 
f 1200 465 2573 
f 1459 1315 1272 
f 1928 3478 535 
f 1317 2820 1819 
f 2868 1931 790 
f 188 2795 56 
f 2695 1212 2056 
f 20 1695 2630 
f 2278 2249 2498 
f 2317 3035 125 
f 559 1296 1144 
f 3556 1638 3167 
f 1233 1069 292 
f 2667 2502 2670 
f 1080 2040 651 
f 2784 2581 1014 
f 2783 1184 3527 
f 2022 1194 6 
f 711 583 2564 
f 3325 3321 3569 
f 86 388 1151 
f 2245 566 3461 
f 2934 193 1077 
f 1939 1227 2066 
f 1939 1800 2195 
f 1211 921 1209 
f 970 1323 1392 
f 1554 3080 862 
f 3000 2936 124 
f 2401 2784 2633 
f 2251 2142 246 
f 3546 2741 2391 
f 1312 3109 1314 
f 1929 1015 2642 
f 991 2881 886 
f 2002 1401 915 
f 823 2283 2532 
f 2797 602 3408 
f 1426 233 35 
f 2558 2721 3328 
f 1882 194 2135 
f 2248 3346 1088 
f 1492 2123 1180 
f 2298 1098 3382 
f 1851 2844 1903 
f 1257 998 3130 
f 3003 308 3544 
f 656 538 2697 
f 1307 2068 2823 
f 1609 2552 3134 
f 1147 2380 177 
f 2685 1987 1313 
f 2535 1729 2527 
f 1625 2544 2851 
f 2648 1465 2132 
f 2769 925 1643 
f 2744 3012 2272 
f 154 1760 1403 
f 500 594 813 
f 2933 2082 867 
f 1269 864 2439 
f 304 3361 1530 
f 863 2066 1227 
f 114 1799 884 
f 651 2040 274 
f 2764 1483 2488 
f 2485 41 40 
f 1809 2662 344 
f 2853 2033 3282 
f 3108 183 233 
f 3454 1429 2889 
f 1834 3192 1894 
f 2614 2178 3049 
f 2193 2662 1809 
f 1153 2531 3543 
f 3541 401 2021 
f 2282 1731 2497 
f 3189 2924 297 
f 2958 451 1117 
f 2957 2583 2062 
f 881 927 443 
f 1049 484 3232 
f 2064 3307 2065 
f 1867 756 1879 
f 1857 3260 2800 
f 667 3534 338 
f 875 556 3497 
f 767 3139 2412 
f 3064 868 1555 
f 179 3536 844 
f 3535 3534 667 
f 476 2148 863 
f 387 2419 1824 
f 1543 2755 1213 
f 2819 3572 3561 
f 743 489 2010 
f 166 1152 2607 
f 3366 322 2943 
f 1044 1028 37 
f 1455 1263 3416 
f 2997 3348 425 
f 2307 153 67 
f 322 2356 2675 
f 1458 3423 2113 
f 1605 1027 265 
f 2436 2638 1758 
f 2969 3574 1569 
f 2080 2492 2461 
f 3013 2996 3171 
f 2529 3489 3118 
f 2036 1179 276 
f 1410 2735 2327 
f 1458 1262 1566 
f 2198 78 2498 
f 1382 1807 1877 
f 344 2662 1357 
f 885 3504 209 
f 1316 2602 886 
f 1357 1287 93 
f 2370 1810 389 
f 2428 212 1905 
f 1970 411 2393 
f 2831 665 3203 
f 472 1263 1811 
f 6 631 2022 
f 507 3523 289 
f 2458 3276 1753 
f 1453 1865 3381 
f 1051 293 1183 
f 3146 2955 3042 
f 2971 1346 593 
f 165 173 3032 
f 1079 2428 1905 
f 2746 210 3398 
f 1386 2022 631 
f 2050 1765 3172 
f 1602 1941 3191 
f 1966 2337 2335 
f 1895 2610 2874 
f 1306 1189 1265 
f 120 164 2106 
f 2274 1965 2273 
f 3178 955 1310 
f 3234 3516 2792 
f 625 3128 2252 
f 1797 2381 909 
f 2530 2535 2527 
f 1843 2571 3132 
f 398 976 3242 
f 624 754 1326 
f 1345 1794 1420 
f 589 2163 1639 
f 1752 966 2514 
f 826 2721 2418 
f 1639 519 1761 
f 1239 1193 1306 
f 3259 3288 3487 
f 2715 2197 1888 
f 492 845 489 
f 3526 3319 3452 
f 908 2807 1282 
f 1696 1706 2656 
f 1713 3532 2929 
f 710 415 1229 
f 3305 1987 2685 
f 2999 405 2895 
f 3388 2816 850 
f 2315 316 1210 
f 3445 1132 3166 
f 85 653 845 
f 1651 1305 2158 
f 837 3364 284 
f 777 1073 2628 
f 1576 1940 2946 
f 1331 3351 2280 
f 11 1909 2865 
f 468 477 24 
f 326 1275 2450 
f 2081 1888 1696 
f 409 2909 3322 
f 726 1369 3349 
f 1507 305 300 
f 461 1730 2763 
f 1726 1853 2362 
f 979 2804 2814 
f 3116 1879 1645 
f 3040 1504 2037 
f 1951 373 3246 
f 813 2033 2853 
f 844 2870 2092 
f 472 1878 3495 
f 182 2486 846 
f 1825 1245 2578 
f 1352 3504 1914 
f 1923 441 2310 
f 571 686 3339 
f 163 2548 3412 
f 697 2898 3552 
f 1771 907 747 
f 3196 2841 1885 
f 3044 1072 2657 
f 2343 2182 2430 
f 1787 188 211 
f 869 945 918 
f 3553 855 3476 
f 3318 1826 3131 
f 2817 3466 16 
f 3283 769 3032 
f 2637 1786 1008 
f 3422 1624 3550 
f 3478 1928 2499 
f 1712 807 3095 
f 2720 419 2271 
f 2728 1344 1875 
f 171 1294 3059 
f 2606 2732 5 
f 3196 3449 2841 
f 2968 1652 2859 
f 104 543 2075 
f 3006 1135 2948 
f 209 680 885 
f 1754 2270 1404 
f 268 2942 1047 
f 2968 2778 1652 
f 880 2717 942 
f 3180 287 369 
f 1923 2502 2667 
f 1365 766 699 
f 702 3204 619 
f 1373 1244 1678 
f 414 2376 2541 
f 2326 1578 1202 
f 11 3043 373 
f 3010 116 147 
f 1965 2274 1031 
f 405 2026 2674 
f 2203 3368 3314 
f 2561 330 201 
f 2265 895 2393 
f 3568 1374 1827 
f 573 1893 2860 
f 3112 1708 2353 
f 306 597 3134 
f 773 2107 2645 
f 622 594 2647 
f 1675 974 1949 
f 856 2296 1029 
f 2181 1099 3192 
f 588 1421 3265 
f 1303 8 419 
f 1150 3103 897 
f 1947 2633 2076 
f 1466 3169 2863 
f 1528 2148 1496 
f 403 1486 2723 
f 1593 2202 1982 
f 1716 2909 2665 
f 1070 1230 688 
f 2690 2474 3466 
f 2323 1175 1065 
f 331 3431 3430 
f 186 2526 3393 
f 2804 3456 1529 
f 472 3495 640 
f 1984 2608 1048 
f 2313 3006 1443 
f 1401 2002 3023 
f 2412 916 767 
f 1970 2954 411 
f 1883 2563 3358 
f 2999 1783 2157 
f 1883 335 1882 
f 1925 1064 2029 
f 1257 1040 2220 
f 3024 2554 1463 
f 1975 3142 1693 
f 251 698 552 
f 1251 1936 81 
f 3072 1223 1446 
f 2979 2294 1592 
f 999 3268 533 
f 1320 2034 3257 
f 238 1052 2013 
f 904 1675 856 
f 1566 3299 540 
f 1819 495 1552 
f 2573 2992 2390 
f 3282 2033 639 
f 1445 76 228 
f 2897 1858 3549 
f 996 515 59 
f 3215 2179 651 
f 732 1702 439 
f 33 2295 936 
f 1565 2367 2547 
f 2174 2555 788 
f 2839 941 2836 
f 583 711 3472 
f 564 2351 1460 
f 2800 1057 1647 
f 799 83 2350 
f 815 80 3506 
f 2691 2430 2274 
f 2670 2430 2671 
f 1821 244 1705 
f 2988 658 1046 
f 3099 646 1115 
f 2008 3251 2047 
f 1318 862 3311 
f 1197 2444 1044 
f 82 3189 1604 
f 2775 914 2871 
f 28 798 617 
f 1539 2115 3552 
f 3265 990 2758 
f 2256 2591 1706 
f 1801 1703 3020 
f 1685 1323 3038 
f 3268 45 733 
f 2624 207 1651 
f 864 1269 113 
f 1588 1143 460 
f 859 2315 1210 
f 3256 910 191 
f 2022 2654 1194 
f 3505 3039 2531 
f 360 580 1737 
f 2053 199 2093 
f 133 1540 1233 
f 1741 2610 998 
f 1529 1732 1395 
f 3122 3572 2819 
f 3261 2582 1102 
f 2969 1569 1129 
f 3544 657 3003 
f 1176 231 2478 
f 1875 3384 1649 
f 2880 3329 2726 
f 496 993 348 
f 1234 632 3061 
f 2541 3200 2040 
f 1273 1251 502 
f 2228 2729 3195 
f 3385 3260 871 
f 1710 3073 1917 
f 704 3093 1517 
f 2064 2065 1024 
f 1230 3446 12 
f 1375 1261 959 
f 1120 530 208 
f 1808 724 129 
f 52 2806 3375 
f 1079 2218 2498 
f 3070 3528 1103 
f 3303 2252 1088 
f 3461 2196 2245 
f 1033 920 1304 
f 938 3107 3432 
f 2279 2562 2519 
f 864 113 1416 
f 273 2997 2976 
f 78 2278 2498 
f 1948 2336 2400 
f 2291 327 376 
f 741 600 2940 
f 2209 1260 2961 
f 839 757 2106 
f 642 1211 1209 
f 1156 3292 1102 
f 231 2411 1285 
f 2150 727 3285 
f 3353 1767 1984 
f 44 1912 3128 
f 2600 426 2948 
f 3562 2962 2679 
f 741 811 600 
f 1417 1697 758 
f 2432 3336 1676 
f 3570 1231 984 
f 2009 2699 1360 
f 2268 816 3342 
f 2698 3496 72 
f 2494 1546 2854 
f 76 3424 2882 
f 1801 2090 1703 
f 2342 3120 2435 
f 2555 2174 770 
f 3408 988 2797 
f 3554 1974 50 
f 215 3104 2476 
f 307 905 3021 
f 3313 979 166 
f 426 2312 1734 
f 2138 976 398 
f 1685 3038 1507 
f 352 412 2702 
f 2046 2723 1982 
f 2348 1494 2906 
f 3542 838 1672 
f 318 3196 1885 
f 3280 3004 3148 
f 2550 2017 2249 
f 884 1799 587 
f 922 428 3019 
f 2484 3298 1520 
f 3521 2669 1955 
f 3283 1582 1081 
f 1537 2208 3421 
f 3029 3439 3030 
f 2444 1197 2445 
f 115 116 47 
f 965 882 2029 
f 1594 755 1757 
f 3036 2347 2150 
f 1652 2778 3155 
f 2035 260 3543 
f 1476 1309 1573 
f 2652 336 2328 
f 1385 279 995 
f 415 710 3312 
f 3519 909 511 
f 737 1743 2396 
f 581 540 1564 
f 2764 2488 2734 
f 2559 265 1687 
f 3489 1249 3361 
f 2169 549 178 
f 483 1728 1907 
f 476 1496 2148 
f 263 222 1884 
f 2244 1396 1194 
f 3485 3487 3447 
f 1646 2208 1959 
f 334 309 3021 
f 3335 1534 207 
f 2780 730 2813 
f 910 3256 3404 
f 1651 2035 1305 
f 2719 956 854 
f 3337 2160 1955 
f 2634 2973 3060 
f 2717 3033 942 
f 1224 217 1961 
f 1983 272 2560 
f 2708 2994 925 
f 1785 2203 2261 
f 94 377 1217 
f 1732 364 1657 
f 1084 2473 1598 
f 560 1652 2259 
f 2959 3398 2576 
f 564 1559 2351 
f 684 2192 394 
f 764 2120 3081 
f 938 3138 2364 
f 1609 3037 2552 
f 452 276 919 
f 2522 2733 3156 
f 606 757 642 
f 2476 3104 3111 
f 117 1022 450 
f 2504 2923 3206 
f 3465 1977 3150 
f 2897 3549 7 
f 1962 3129 111 
f 3172 3170 2311 
f 2122 286 1353 
f 66 805 2388 
f 1718 1331 1658 
f 2577 1871 1168 
f 3030 1435 1398 
f 910 3216 818 
f 2751 960 1013 
f 1604 1905 212 
f 914 1018 620 
f 1981 1461 701 
f 2341 379 1517 
f 1510 326 1469 
f 1310 2073 3198 
f 1791 1559 564 
f 54 3111 3104 
f 623 2281 847 
f 2197 1632 1888 
f 3540 932 3017 
f 1947 544 1415 
f 1855 3522 3231 
f 321 196 2400 
f 2439 864 3132 
f 1906 3082 2688 
f 2455 2951 2660 
f 782 2744 351 
f 155 3364 2127 
f 2822 1121 1256 
f 2987 2899 1027 
f 1333 464 2932 
f 2222 3051 548 
f 1385 397 2932 
f 2750 1190 584 
f 1549 3473 1822 
f 2213 2805 3565 
f 2180 2632 2137 
f 1362 808 1050 
f 2928 2163 1543 
f 1374 3568 609 
f 2091 2459 1802 
f 2788 2185 2130 
f 918 2858 1916 
f 2765 1055 1063 
f 1061 2239 2339 
f 622 2819 3110 
f 1549 1973 3310 
f 1681 2249 2017 
f 2392 2186 3344 
f 3173 293 1659 
f 1631 2507 2210 
f 3354 238 65 
f 2236 2006 610 
f 2043 2764 1571 
f 1056 1634 134 
f 884 3499 114 
f 1497 1922 792 
f 2306 478 949 
f 1718 3222 1331 
f 2964 2963 3281 
f 3322 1916 409 
f 859 986 2723 
f 1256 1121 2027 
f 172 1641 2372 
f 3178 1638 3248 
f 667 338 1349 
f 1119 859 3052 
f 2072 446 308 
f 30 1452 51 
f 1517 379 940 
f 2784 1014 404 
f 3078 696 951 
f 1527 1378 787 
f 493 364 1246 
f 3141 2446 2999 
f 1241 1813 742 
f 3022 1481 888 
f 2052 199 2103 
f 624 3160 993 
f 2773 2332 3141 
f 3140 3103 3302 
f 3122 2647 2679 
f 1116 1891 1172 
f 1618 226 228 
f 2074 1465 2648 
f 2055 2320 2145 
f 2292 1665 877 
f 353 2891 894 
f 333 471 794 
f 1894 3121 1437 
f 2533 2332 2407 
f 513 568 1321 
f 2414 750 1173 
f 1302 124 1817 
f 2269 561 2188 
f 940 3449 1517 
f 1618 1534 2084 
f 924 1891 2789 
f 1866 2147 2616 
f 1374 609 1169 
f 2267 922 1041 
f 759 537 735 
f 2514 698 1752 
f 3012 3211 2232 
f 2549 1151 3491 
f 418 1889 1155 
f 1033 735 755 
f 37 1068 412 
f 736 1926 3570 
f 375 1072 3044 
f 2069 1217 881 
f 552 3420 119 
f 1707 1944 1895 
f 284 2258 1141 
f 1035 2599 3357 
f 1757 755 2121 
f 2449 396 1861 
f 1871 1202 1660 
f 12 1786 688 
f 2428 1101 212 
f 1678 2967 469 
f 1041 457 2340 
f 307 3268 999 
f 1602 603 2264 
f 772 2806 390 
f 3372 3451 3217 
f 11 2057 1790 
f 2003 527 2264 
f 1427 3535 1353 
f 1497 2998 3066 
f 854 1411 2234 
f 2208 3479 924 
f 2286 1135 2313 
f 882 1206 1137 
f 343 1507 3038 
f 121 3097 713 
f 2083 2435 3120 
f 3404 3256 2493 
f 319 320 2625 
f 2909 1716 357 
f 2605 3436 3425 
f 1941 3285 727 
f 2411 1084 2302 
f 2918 2466 2198 
f 3068 1798 171 
f 346 1931 2747 
f 842 764 2886 
f 2862 828 987 
f 216 3083 2765 
f 3300 2371 6 
f 1488 3287 2992 
f 2480 2449 1669 
f 633 1142 1820 
f 130 1120 592 
f 3441 118 122 
f 2107 773 777 
f 1411 1125 1573 
f 2765 192 1055 
f 2918 2198 2498 
f 2985 579 3326 
f 491 2247 1773 
f 2300 3333 2305 
f 1482 345 3356 
f 1825 2966 1468 
f 2457 3402 1413 
f 1026 997 363 
f 1532 495 1734 
f 1930 1846 1886 
f 1019 3077 1288 
f 261 1094 1388 
f 1845 485 2394 
f 1535 1706 2591 
f 160 1275 1987 
f 753 3191 2004 
f 3176 2658 1471 
f 477 423 3105 
f 2211 917 2777 
f 274 2063 1833 
f 2618 1364 1684 
f 3233 2535 3517 
f 828 2862 2524 
f 1399 3391 1470 
f 1066 1677 1983 
f 1252 2987 1605 
f 3435 2288 1164 
f 1045 1497 792 
f 1501 663 3020 
f 441 1923 729 
f 1123 2931 2341 
f 3551 1494 2348 
f 2668 264 1343 
f 551 708 2277 
f 1022 117 573 
f 305 2637 300 
f 3566 3452 1072 
f 3571 563 3189 
f 662 1489 2821 
f 3042 3091 3241 
f 3349 3484 1744 
f 628 2216 2859 
f 2437 379 2341 
f 1703 952 219 
f 557 1192 1778 
f 3092 3088 1124 
f 1135 706 2948 
f 2904 1709 132 
f 806 429 3457 
f 526 758 1697 
f 1131 1558 1807 
f 1337 2118 1964 
f 734 459 1343 
f 1773 1002 591 
f 205 3563 1254 
f 3083 216 1768 
f 193 468 791 
f 1360 1522 2009 
f 2743 1157 2016 
f 162 1996 2774 
f 3498 2374 1677 
f 1343 2051 3290 
f 833 1841 2204 
f 1040 131 2157 
f 1606 3262 1593 
f 303 2532 49 
f 2821 3194 662 
f 3212 1118 473 
f 855 51 3476 
f 3121 2812 518 
f 1967 981 1631 
f 1965 1364 2273 
f 2291 376 534 
f 1992 2079 2998 
f 227 3433 1006 
f 3418 1860 2785 
f 2760 215 2476 
f 2729 2911 3295 
f 2182 2342 2430 
f 3272 2000 3143 
f 2822 2835 1813 
f 1541 3089 141 
f 1416 2885 928 
f 2321 3214 276 
f 2656 3474 2081 
f 484 3315 3232 
f 2945 252 2844 
f 3052 447 1119 
f 26 2125 921 
f 3001 2279 3352 
f 2167 3204 2334 
f 3110 3457 622 
f 1450 3537 3272 
f 3171 2996 1963 
f 2445 1197 3513 
f 2596 2453 2485 
f 126 510 1186 
f 2377 906 2420 
f 2763 2911 461 
f 773 2645 727 
f 317 487 1672 
f 1186 1859 3373 
f 1024 2774 2064 
f 1876 499 3075 
f 2670 2083 2667 
f 1997 828 1247 
f 2809 3339 1111 
f 344 981 3164 
f 1669 2449 1861 
f 2368 3217 597 
f 194 2691 2274 
f 3298 3196 318 
f 2273 1364 2135 
f 55 1974 692 
f 1819 71 2887 
f 2620 3496 2698 
f 2111 2952 3085 
f 737 1714 3098 
f 2538 2555 831 
f 3319 3487 3452 
f 2466 2554 3024 
f 1179 2321 276 
f 1615 13 2260 
f 1217 377 881 
f 1699 772 390 
f 800 144 2978 
f 2367 80 2547 
f 3093 2110 1517 
f 1245 1825 63 
f 956 2719 1766 
f 3189 668 3571 
f 1095 499 2779 
f 1901 3336 2434 
f 2879 3286 1904 
f 1150 897 2995 
f 1303 1125 1411 
f 3195 2729 3295 
f 587 1844 677 
f 2630 3249 20 
f 3284 895 2265 
f 1563 1412 2127 
f 1660 1168 1871 
f 1280 1890 2426 
f 2335 1948 1966 
f 3163 3293 2584 
f 2893 2365 404 
f 1984 1767 2229 
f 807 1799 3254 
f 1641 2227 1748 
f 2149 3387 2098 
f 928 365 383 
f 2748 1259 1835 
f 3486 3379 661 
f 1029 665 856 
f 890 857 2512 
f 1973 577 2659 
f 845 439 1702 
f 95 396 2058 
f 955 2548 163 
f 1457 932 1937 
f 1902 3349 1166 
f 2277 708 342 
f 2088 1583 2730 
f 2423 101 1739 
f 2419 2566 437 
f 373 2057 11 
f 806 68 429 
f 517 3442 594 
f 587 1712 1844 
f 1197 3401 686 
f 1693 2604 1136 
f 2500 453 1434 
f 2603 2030 1413 
f 127 3181 2604 
f 1418 2793 354 
f 49 2712 303 
f 3052 359 447 
f 3149 3438 3331 
f 1502 2504 3206 
f 2975 2897 1784 
f 3285 1577 3036 
f 3035 554 1127 
f 224 2569 73 
f 2071 795 1542 
f 2783 1995 2374 
f 2289 1473 2610 
f 138 2184 1269 
f 18 1279 2451 
f 1335 534 376 
f 2002 1911 989 
f 2308 3484 2159 
f 524 1048 3137 
f 1387 852 1469 
f 2344 1844 1712 
f 272 2391 2917 
f 349 2096 1518 
f 493 506 1657 
f 460 3078 2692 
f 2136 2995 1663 
f 2149 2098 390 
f 2701 2895 405 
f 1668 1518 168 
f 2861 162 1160 
f 633 675 1781 
f 1385 995 397 
f 1994 201 829 
f 2304 2059 1622 
f 2887 71 2417 
f 2589 3370 2953 
f 386 1714 737 
f 1170 539 3347 
f 2531 408 534 
f 590 1420 2161 
f 2574 2104 512 
f 2228 709 2729 
f 822 725 670 
f 1811 908 2056 
f 107 1898 1686 
f 280 2384 1594 
f 1345 1420 590 
f 491 1773 591 
f 2306 1460 478 
f 1510 1469 852 
f 1502 3206 1390 
f 657 3100 3573 
f 2849 3228 1400 
f 1708 1278 1690 
f 347 2613 21 
f 3096 2529 515 
f 176 946 2176 
f 3525 427 3046 
f 2172 500 2609 
f 2962 3562 2866 
f 2792 3510 323 
f 1331 1485 451 
f 232 442 513 
f 2396 1743 1216 
f 1092 967 2471 
f 1 2918 3 
f 2482 487 2413 
f 1175 1506 1065 
f 855 2392 3184 
f 2217 2823 2933 
f 1422 2926 945 
f 2202 1935 2018 
f 2220 998 1257 
f 2197 2715 968 
f 1199 1242 871 
f 1226 1420 1794 
f 19 3406 60 
f 3094 2689 3152 
f 1545 3403 1429 
f 1599 2641 658 
f 2594 3024 1464 
f 2217 867 3155 
f 2390 1200 2573 
f 2846 497 458 
f 2655 1830 2388 
f 1275 69 1987 
f 3376 3273 3120 
f 3420 698 2191 
f 2385 726 3349 
f 890 2512 3174 
f 1264 1095 2522 
f 831 3574 2537 
f 3235 477 468 
f 1539 694 2115 
f 2103 1036 1822 
f 367 3342 646 
f 2364 3107 938 
f 3319 3259 3487 
f 713 326 1510 
f 3487 3288 3447 
f 242 336 1771 
f 1138 766 810 
f 3294 3547 3085 
f 3112 150 1908 
f 92 2102 2369 
f 1574 1613 155 
f 2468 2524 1484 
f 2430 2502 716 
f 1440 3532 2680 
f 2708 925 168 
f 2621 1102 3292 
f 805 1382 1438 
f 223 1635 2192 
f 429 68 517 
f 694 923 1432 
f 1452 70 3441 
f 438 1635 535 
f 209 1943 2484 
f 953 1639 2163 
f 2804 282 2814 
f 3054 258 1378 
f 3136 784 2339 
f 2413 487 317 
f 1960 1424 1093 
f 710 1229 422 
f 1256 2984 2835 
f 695 627 814 
f 2037 339 3040 
f 489 3087 2010 
f 1659 2396 3173 
f 1699 2288 1560 
f 3307 3306 2065 
f 3488 2043 1571 
f 1693 3142 2604 
f 3108 233 1426 
f 3188 111 2641 
f 941 2839 1738 
f 2463 1113 2127 
f 269 2108 1988 
f 2554 2918 1 
f 3228 2589 1400 
f 67 153 1674 
f 1938 1897 2211 
f 2185 1359 3551 
f 9 1427 1353 
f 953 2426 2461 
f 1026 363 3153 
f 2585 1372 615 
f 230 3365 827 
f 3483 2604 2981 
f 2256 1372 2585 
f 111 3188 1962 
f 1291 506 2242 
f 1962 1127 2263 
f 2715 983 968 
f 1988 3282 946 
f 1191 1645 756 
f 2356 322 1918 
f 960 2186 2392 
f 2805 1810 3033 
f 1784 7 957 
f 2205 1955 2675 
f 2690 2156 2474 
f 413 958 2439 
f 2105 2748 1831 
f 2298 142 133 
f 2664 2987 2276 
f 1296 236 835 
f 3279 2403 2643 
f 3515 215 2760 
f 74 2845 2847 
f 2887 2118 2788 
f 3346 2248 1408 
f 1263 1159 3467 
f 1934 640 1294 
f 1249 3096 1318 
f 1486 403 1932 
f 3451 1847 3450 
f 1671 2157 131 
f 2421 2501 1171 
f 1423 574 2568 
f 270 1702 1479 
f 1488 2992 2573 
f 2811 2800 1647 
f 3495 1568 640 
f 1050 1772 2551 
f 484 1049 3048 
f 2024 177 2380 
f 3008 3411 1953 
f 2774 1996 2064 
f 2389 2442 3051 
f 1149 1515 1490 
f 2487 1348 2579 
f 1471 1185 3176 
f 879 2749 508 
f 2178 2096 3049 
f 1096 1319 733 
f 2697 538 1100 
f 1009 189 2331 
f 2688 1097 595 
f 1951 1924 373 
f 1833 2014 1670 
f 2730 96 1096 
f 1024 2065 2147 
f 1713 42 2878 
f 358 2783 1408 
f 757 3209 1832 
f 745 569 224 
f 1983 557 272 
f 2964 3524 2857 
f 407 790 2497 
f 1100 707 1260 
f 3473 851 2764 
f 1805 2964 3281 
f 425 3373 479 
f 74 832 2631 
f 437 2916 2419 
f 2802 1145 3136 
f 1875 1344 1415 
f 636 743 505 
f 3021 1920 334 
f 2880 2477 3481 
f 2619 136 886 
f 2806 2681 2149 
f 2069 881 1144 
f 410 1913 149 
f 761 2761 717 
f 1926 3258 3512 
f 2966 2257 1468 
f 2184 138 1432 
f 2591 2256 2230 
f 2691 618 2343 
f 360 1475 580 
f 774 2140 2828 
f 3291 2941 34 
f 1375 175 1261 
f 1321 3304 1262 
f 1170 1392 1323 
f 625 3080 1710 
f 2568 962 2872 
f 2983 1486 1606 
f 1975 1693 3068 
f 449 890 396 
f 418 3225 1889 
f 399 2958 1266 
f 2646 2216 628 
f 889 182 1600 
f 1514 2314 1326 
f 2521 2487 2590 
f 468 951 3235 
f 2439 3132 413 
f 404 1014 1255 
f 335 1883 3306 
f 795 3044 1542 
f 1700 1975 153 
f 1341 2353 329 
f 906 793 248 
f 114 2275 1163 
f 203 2154 2960 
f 2363 1983 1812 
f 1921 263 1815 
f 643 1575 2505 
f 1440 2602 3532 
f 950 2246 1816 
f 3485 3444 1492 
f 1311 3430 3355 
f 1583 2559 1687 
f 2285 4 91 
f 104 2075 629 
f 529 1590 1794 
f 3196 3298 266 
f 2841 1508 3376 
f 2499 620 3478 
f 1859 1186 957 
f 1320 1612 2034 
f 1451 2984 903 
f 2197 2389 1691 
f 1449 2549 3491 
f 1516 3548 466 
f 2336 321 2400 
f 1201 987 1997 
f 848 3524 2964 
f 1466 249 2086 
f 1103 3528 3566 
f 2930 241 56 
f 3376 1508 417 
f 2249 2278 2550 
f 1882 335 194 
f 807 3177 1286 
f 1896 2318 2644 
f 1430 1384 742 
f 2274 2273 194 
f 1688 830 3410 
f 2513 2476 3115 
f 2747 2305 346 
f 1850 1305 2488 
f 1828 2763 1730 
f 1246 364 1986 
f 3351 221 319 
f 2429 2711 541 
f 714 2741 3546 
f 2104 1379 838 
f 3357 615 2920 
f 3541 2021 3345 
f 3347 310 2738 
f 3041 94 1823 
f 1873 465 1617 
f 3483 3467 1159 
f 2266 1093 2694 
f 1248 2287 623 
f 1332 1740 48 
f 3286 966 3009 
f 929 2894 1595 
f 1409 250 2943 
f 1076 1114 2261 
f 2837 48 1608 
f 3481 2144 2880 
f 3357 2153 1035 
f 157 3275 3014 
f 1975 1700 933 
f 3365 3099 1115 
f 155 1412 1574 
f 969 1504 3040 
f 644 3226 846 
f 2952 1526 1719 
f 2231 1628 1329 
f 2788 2118 1339 
f 2797 1422 945 
f 2471 2603 3402 
f 3001 1807 2279 
f 1046 3054 2988 
f 1431 1500 1603 
f 782 72 858 
f 3490 1774 664 
f 1568 3495 1057 
f 2123 1492 528 
f 105 164 1441 
f 2508 582 721 
f 2794 1599 3198 
f 1293 106 2131 
f 411 2265 2393 
f 1587 635 2221 
f 1738 3243 2770 
f 3048 1597 484 
f 1327 3186 855 
f 3525 2000 3537 
f 1931 2868 2747 
f 1049 1289 2724 
f 1864 1711 720 
f 1008 1786 12 
f 2934 1077 2954 
f 998 2220 1295 
f 2714 3220 2740 
f 1512 2144 2006 
f 2967 784 2990 
f 2340 3055 1041 
f 966 1060 3009 
f 184 2742 635 
f 466 3548 1119 
f 934 2796 1084 
f 2132 1465 1158 
f 2563 1883 1882 
f 2148 2070 863 
f 2465 162 2774 
f 2211 2685 3114 
f 909 2293 511 
f 1505 796 1863 
f 2318 2327 1030 
f 3101 1377 368 
f 2823 1759 2933 
f 995 2761 761 
f 2867 1684 2918 
f 2369 1099 1030 
f 903 2613 830 
f 2833 566 2245 
f 2893 404 1255 
f 3442 813 594 
f 2692 3078 799 
f 1507 343 467 
f 3290 1300 3139 
f 350 1325 2573 
f 2739 2677 2410 
f 1805 2399 848 
f 2103 1822 3488 
f 372 2860 514 
f 1481 456 566 
f 3423 1854 1755 
f 835 2069 1144 
f 1275 160 2450 
f 870 3055 1121 
f 2862 3317 1221 
f 3381 2938 1453 
f 3403 2099 2732 
f 2584 3553 3163 
f 2925 2465 2774 
f 389 1810 2213 
f 1295 501 1741 
f 2398 3054 1046 
f 610 1368 1834 
f 1696 1888 1632 
f 515 2529 59 
f 514 2039 2673 
f 2367 923 80 
f 2567 368 1105 
f 2173 3128 1912 
f 334 1611 980 
f 3199 1370 3168 
f 875 3497 2233 
f 640 1159 472 
f 1636 295 141 
f 2619 2190 136 
f 2359 2565 2607 
f 294 738 1962 
f 2388 805 3533 
f 2931 2437 2341 
f 464 1222 1385 
f 1706 22 1367 
f 2644 3297 1896 
f 1595 3400 929 
f 1491 3264 291 
f 296 801 3116 
f 3040 2678 969 
f 3119 1867 1972 
f 3092 1124 2950 
f 2162 2418 253 
f 428 787 3019 
f 2576 2044 3113 
f 48 634 1608 
f 1968 1612 1320 
f 2404 1452 122 
f 1524 1896 3297 
f 45 1016 2440 
f 1723 1880 3179 
f 3446 1668 174 
f 1627 2890 1000 
f 1751 312 3161 
f 524 3137 2750 
f 651 2179 1080 
f 398 3242 237 
f 959 2049 1375 
f 1210 2728 3052 
f 674 1650 616 
f 760 3183 532 
f 1489 2229 1767 
f 1989 2888 385 
f 3220 2714 3028 
f 2787 1267 2902 
f 2902 1628 3202 
f 975 3135 3034 
f 261 1936 1133 
f 1268 1003 2316 
f 937 691 2411 
f 2835 1201 1797 
f 2907 2832 3084 
f 874 355 2293 
f 1773 2759 520 
f 3270 1151 388 
f 658 819 1610 
f 3317 234 1474 
f 2051 1343 1271 
f 909 3519 1430 
f 3034 3321 3325 
f 3380 2288 1699 
f 436 1840 1635 
f 111 821 2641 
f 2891 353 1597 
f 2545 1073 1945 
f 3241 3091 3267 
f 3465 2815 2417 
f 1368 2078 2181 
f 2550 2649 2017 
f 3161 239 1751 
f 745 224 786 
f 600 1957 901 
f 3557 796 3201 
f 3546 557 714 
f 551 3202 1628 
f 832 2704 54 
f 442 1644 513 
f 1076 1827 2314 
f 1659 2094 2375 
f 1040 1257 1224 
f 1679 1592 1708 
f 1449 3538 2549 
f 2088 1215 1738 
f 2372 749 1567 
f 2522 1095 204 
f 1214 1978 2243 
f 747 149 1771 
f 3148 2922 2955 
f 2161 422 1229 
f 654 845 492 
f 2801 2556 1192 
f 1067 480 3471 
f 352 2702 1380 
f 3537 1450 2772 
f 426 2600 2312 
f 3162 892 449 
f 1259 904 856 
f 2743 611 745 
f 2799 2922 2852 
f 679 2827 3029 
f 1900 391 2673 
f 347 21 2957 
f 3288 1704 3415 
f 1018 1336 2803 
f 24 553 2953 
f 1772 808 2600 
f 3381 947 974 
f 2995 2136 304 
f 328 1509 339 
f 2337 2967 3216 
f 3148 3146 3245 
f 2463 172 1567 
f 961 3422 3330 
f 1897 2768 1626 
f 2013 2961 571 
f 2958 1331 451 
f 2890 1128 239 
f 2499 1658 2871 
f 1228 2688 595 
f 23 2895 2090 
f 1536 3040 339 
f 3554 2596 46 
f 3448 1647 1057 
f 2825 424 1391 
f 2241 2314 1514 
f 1411 1573 2736 
f 1717 853 1884 
f 2315 3559 316 
f 998 1944 1122 
f 1293 2131 3158 
f 1332 2398 378 
f 1878 1811 2056 
f 2790 601 3079 
f 278 2015 2007 
f 249 481 5 
f 1134 1892 2352 
f 2223 3169 1042 
f 2593 128 609 
f 1604 3189 2057 
f 1294 171 1798 
f 505 811 1579 
f 2363 2801 1192 
f 1272 1239 1459 
f 53 1000 2042 
f 150 3112 1341 
f 2294 1278 1708 
f 1462 2695 2834 
f 2360 1892 1649 
f 730 1918 3366 
f 1276 3212 3454 
f 406 1167 250 
f 1496 2226 1528 
f 886 3370 991 
f 1289 697 2115 
f 2191 698 2514 
f 1100 198 707 
f 2124 3095 3177 
f 2929 3532 1316 
f 1742 1917 3073 
f 3570 984 3145 
f 159 2378 2045 
f 3529 1414 400 
f 3352 803 1744 
f 2291 534 408 
f 2798 3514 1610 
f 3165 1671 131 
f 503 2067 1437 
f 1637 2394 2454 
f 1994 829 3008 
f 2201 2548 482 
f 2749 938 3455 
f 2452 1715 1161 
f 2309 3059 1199 
f 1129 1569 3428 
f 2204 948 715 
f 951 83 799 
f 803 948 303 
f 3231 717 1993 
f 257 3536 179 
f 1482 685 2238 
f 2520 2993 1267 
f 1872 1789 926 
f 1271 3124 2615 
f 3249 164 120 
f 1861 1474 1669 
f 2632 2180 891 
f 3544 308 2921 
f 3198 3167 3071 
f 2786 628 1570 
f 459 2483 3296 
f 2541 2376 1428 
f 1325 204 2737 
f 2782 1728 483 
f 1267 1628 2902 
f 731 183 3108 
f 1516 2615 3124 
f 3039 1571 2734 
f 1202 1871 2326 
f 1774 935 121 
f 635 2742 2221 
f 1366 27 3086 
f 796 797 3201 
f 1826 1556 3131 
f 2191 2879 3470 
f 2078 1368 2915 
f 1126 3443 2874 
f 2836 941 2718 
f 2643 3323 1634 
f 2492 286 898 
f 2146 3558 1317 
f 3156 728 3533 
f 2415 2906 2290 
f 1538 1399 1470 
f 1755 1854 2686 
f 3209 604 1826 
f 3243 2839 2914 
f 2998 2079 470 
f 2197 968 2389 
f 2781 1867 1879 
f 1905 1866 1079 
f 1477 586 960 
f 1395 1732 1657 
f 2855 3464 2525 
f 1695 1362 2630 
f 2705 3131 1556 
f 3330 1102 1351 
f 291 655 1491 
f 1599 2794 3188 
f 1015 1860 1870 
f 2402 1220 2942 
f 2047 108 302 
f 2955 2847 3091 
f 2476 3340 2760 
f 2724 1289 3316 
f 436 432 1840 
f 1758 2760 3340 
f 2955 3091 3042 
f 2139 1769 2061 
f 2489 1634 1056 
f 690 1417 872 
f 3261 792 1274 
f 18 2558 1436 
f 1082 515 996 
f 1001 2513 2850 
f 1302 347 3000 
f 824 1448 692 
f 2694 1093 2795 
f 535 3478 1721 
f 1254 512 567 
f 848 2399 2168 
f 1218 2069 840 
f 1969 3522 1855 
f 1581 3233 1591 
f 3378 877 2288 
f 2604 3142 127 
f 632 671 2971 
f 3480 1466 14 
f 394 1282 2807 
f 1774 3490 935 
f 2402 958 1075 
f 1612 2162 719 
f 1190 2750 1739 
f 800 3191 753 
f 1733 2528 1396 
f 2205 2675 572 
f 1233 292 133 
f 3217 2368 265 
f 1904 2385 2879 
f 2785 1860 1054 
f 1342 100 2653 
f 3231 485 1601 
f 361 523 525 
f 3372 3217 265 
f 356 962 225 
f 485 2454 2394 
f 2031 1955 2160 
f 3294 3085 1719 
f 1069 3003 2877 
f 376 1633 1335 
f 3208 1851 2229 
f 1804 2638 2436 
f 2414 663 3379 
f 1203 253 1108 
f 2742 184 2993 
f 2168 2660 2951 
f 1259 2748 645 
f 2866 3562 1010 
f 2991 371 3506 
f 836 639 2033 
f 67 1674 812 
f 3090 1474 234 
f 2518 483 2650 
f 2552 1521 556 
f 3552 2898 2530 
f 1754 1440 1407 
f 633 2427 2222 
f 3091 2845 2914 
f 858 72 3496 
f 1627 1000 2054 
f 2187 2786 2980 
f 2817 1831 1835 
f 3122 2819 622 
f 660 785 2005 
f 518 488 3121 
f 1977 2705 3362 
f 248 796 3557 
f 3101 3239 2139 
f 2871 620 2499 
f 1783 3179 1880 
f 2665 3161 1716 
f 1233 2072 308 
f 301 3497 1406 
f 73 143 102 
f 1821 2120 244 
f 2589 2953 553 
f 648 3393 2982 
f 1946 2664 647 
f 2458 369 2826 
f 5 2634 2606 
f 2034 719 3409 
f 1993 2454 485 
f 387 2566 2419 
f 112 1495 722 
f 1149 2365 1990 
f 333 1009 2511 
f 1107 3149 3331 
f 2349 963 2757 
f 2759 450 520 
f 559 2307 3382 
f 2871 1658 399 
f 760 2231 1016 
f 1709 1769 2766 
f 2787 2718 2221 
f 1599 3514 3167 
f 3561 273 2819 
f 2937 285 2755 
f 2520 1267 2221 
f 243 537 435 
f 217 1257 1281 
f 2023 936 2270 
f 512 3492 2574 
f 3034 2914 2947 
f 2875 1719 2255 
f 2836 2718 2907 
f 3270 103 3364 
f 762 1586 362 
f 677 3499 884 
f 971 2053 702 
f 1209 2366 1238 
f 1403 2651 740 
f 1378 658 2988 
f 3318 3131 1977 
f 2666 1461 2301 
f 1200 3163 3553 
f 521 1436 1910 
f 1599 3188 2641 
f 3154 1340 1793 
f 3000 2062 2936 
f 1845 2394 819 
f 1402 2829 2516 
f 2793 1044 2444 
f 497 2077 579 
f 3496 2154 858 
f 3111 54 2704 
f 536 259 3360 
f 750 2058 2773 
f 2664 1946 2899 
f 737 3492 386 
f 566 2441 888 
f 2146 3125 1110 
f 951 193 2934 
f 2847 2955 2799 
f 706 901 26 
f 2475 969 1513 
f 1039 3073 3419 
f 1426 2893 2338 
f 203 2116 1011 
f 2975 1858 2897 
f 1308 2350 2028 
f 2095 1478 724 
f 2036 2247 3547 
f 1562 277 2366 
f 3472 3018 1999 
f 428 1601 1527 
f 2974 2355 61 
f 141 3089 1636 
f 3379 750 2414 
f 857 1268 2512 
f 1881 2633 2346 
f 2852 2922 3004 
f 2243 79 1023 
f 1096 635 2730 
f 2373 575 861 
f 400 1414 683 
f 780 1607 782 
f 132 2766 2852 
f 2579 2347 1662 
f 1623 2756 381 
f 1426 944 2893 
f 2542 2735 1410 
f 3511 2795 1787 
f 273 3110 2819 
f 2880 2144 1512 
f 3214 2683 1727 
f 412 352 3401 
f 2874 3443 3143 
f 3010 147 275 
f 2963 3151 3281 
f 2332 2058 2407 
f 2360 1978 2112 
f 1410 2424 2542 
f 2527 2684 2530 
f 3066 1154 2557 
f 3181 964 1219 
f 2089 2930 1424 
f 2510 1161 1715 
f 156 211 213 
f 1058 3265 3436 
f 167 810 430 
f 2264 527 1602 
f 2895 2701 2090 
f 1373 1621 2776 
f 2002 2900 1911 
f 1474 2869 1669 
f 795 3199 375 
f 2156 572 1250 
f 590 1425 1830 
f 2842 1672 838 
f 1409 2031 1980 
f 1438 3533 805 
f 831 2537 2169 
f 3066 210 1922 
f 2393 1334 1970 
f 1386 2105 2654 
f 389 2680 2370 
f 3359 1622 2059 
f 887 718 2752 
f 309 3005 45 
f 488 486 780 
f 2166 1524 3251 
f 1734 1443 3006 
f 2156 1250 2356 
f 2117 540 1454 
f 2272 2481 503 
f 3098 552 1525 
f 1689 424 193 
f 2155 949 337 
f 3149 1595 2894 
f 2780 3459 730 
f 3256 2701 2493 
f 371 1625 2791 
f 1334 2393 2297 
f 3176 1720 3061 
f 129 3462 2661 
f 1098 1296 559 
f 2501 2097 2241 
f 1684 3 2918 
f 2796 934 2244 
f 3399 2110 1446 
f 1863 793 2055 
f 3335 2624 2479 
f 1586 1208 3507 
f 851 3473 2938 
f 591 2438 2450 
f 2269 1759 3123 
f 2501 754 1171 
f 280 545 170 
f 1888 2081 2623 
f 217 1224 1257 
f 1987 69 1313 
f 1403 740 1198 
f 2275 2303 302 
f 877 1665 2288 
f 2683 1086 1727 
f 3175 1838 718 
f 753 3008 1953 
f 1941 1602 527 
f 414 1580 1991 
f 1749 498 2621 
f 1740 554 3035 
f 1151 420 86 
f 1551 2808 1616 
f 1747 3450 2899 
f 688 561 1070 
f 1483 1439 246 
f 3054 434 258 
f 3365 3056 827 
f 3427 761 717 
f 590 1830 682 
f 2146 2575 3558 
f 1593 1935 2202 
f 2866 1479 1702 
f 816 3497 781 
f 3565 3397 2213 
f 512 386 3492 
f 699 3428 402 
f 853 107 1775 
f 2383 1163 741 
f 3552 2530 3274 
f 3074 2832 2902 
f 2112 1214 139 
f 1721 2891 929 
f 248 3557 3394 
f 2914 2839 2836 
f 3197 2545 3475 
f 2676 1167 415 
f 1396 934 2885 
f 2416 2523 2203 
f 3100 2771 3573 
f 2816 2810 850 
f 3406 384 3348 
f 2453 41 2485 
f 331 9 2134 
f 2793 1028 1044 
f 3147 1499 1600 
f 2284 499 1095 
f 1596 1407 123 
f 715 2562 1558 
f 166 2607 3313 
f 3079 1766 198 
f 320 221 1751 
f 1206 1936 1251 
f 1541 141 367 
f 832 74 2704 
f 648 3225 418 
f 2842 145 317 
f 1006 328 227 
f 2317 2540 3035 
f 801 296 334 
f 2291 2406 327 
f 851 2938 1146 
f 3462 1375 2049 
f 431 1623 2776 
f 1803 571 2961 
f 2850 2722 2799 
f 1611 1961 217 
f 862 1930 1554 
f 1331 3222 3351 
f 2188 1786 2637 
f 135 2617 3037 
f 26 1211 1182 
f 600 901 1135 
f 607 3347 2738 
f 1446 1756 1352 
f 1350 1944 1707 
f 1317 1819 2176 
f 3280 3431 3004 
f 1467 1168 1660 
f 2707 877 3266 
f 378 2398 821 
f 1135 2286 2940 
f 7 97 3190 
f 486 1528 780 
f 765 259 2021 
f 2088 2559 1583 
f 1045 3550 256 
f 944 35 3027 
f 2241 1114 2314 
f 2715 2623 983 
f 3345 469 2762 
f 2814 1964 979 
f 3227 2589 3228 
f 666 1682 3165 
f 148 1645 1191 
f 3511 1787 206 
f 2670 2671 2435 
f 3334 1384 3519 
f 3499 2303 114 
f 2857 843 3454 
f 630 3060 1106 
f 359 712 1037 
f 2442 968 1205 
f 298 3145 237 
f 308 446 2921 
f 3453 3172 1765 
f 1038 2960 2896 
f 105 1182 839 
f 1083 1375 2622 
f 179 2782 2175 
f 1242 1294 1568 
f 1951 1160 1924 
f 595 2886 650 
f 1149 1490 809 
f 331 2134 3197 
f 3169 1545 1042 
f 1200 2390 3163 
f 2474 2156 2356 
f 2687 652 435 
f 244 1171 754 
f 1680 3077 1066 
f 2014 1116 1670 
f 2463 2127 1383 
f 1078 126 939 
f 2687 627 2412 
f 665 1029 3509 
f 2767 2356 1918 
f 1070 349 1230 
f 916 695 1043 
f 2036 276 416 
f 822 670 522 
f 783 2518 42 
f 1425 3023 2240 
f 831 770 3574 
f 405 2674 2701 
f 3026 1555 2331 
f 2979 1147 2571 
f 2356 2767 2474 
f 3545 908 1811 
f 2617 3228 3037 
f 2456 764 842 
f 1081 140 1683 
f 1969 2822 3522 
f 174 2627 158 
f 3027 2844 1851 
f 2704 74 2847 
f 3360 259 2406 
f 1885 2841 3376 
f 1680 1066 1324 
f 1334 2297 401 
f 347 830 2613 
f 810 3567 3124 
f 2335 2336 1948 
f 2142 2434 1850 
f 2216 1202 2968 
f 809 1881 1149 
f 3023 1425 590 
f 2031 2160 1980 
f 2686 2816 3153 
f 1084 2411 2473 
f 3237 2812 1894 
f 690 3126 1697 
f 2214 1855 1601 
f 9 286 2134 
f 2369 1030 2327 
f 636 505 254 
f 1570 560 1538 
f 3123 804 887 
f 1628 299 1329 
f 1148 1439 1503 
f 1071 2155 3412 
f 952 818 219 
f 1841 3392 823 
f 1979 601 2986 
f 1209 921 2366 
f 1562 2408 3087 
f 2586 1098 2298 
f 1700 1144 443 
f 144 1394 2978 
f 2159 1313 2308 
f 2691 144 2507 
f 37 1511 2592 
f 2640 2564 64 
f 1048 40 41 
f 461 659 3520 
f 103 2127 3364 
f 1122 1350 1511 
f 2480 2533 2407 
f 1496 2323 1607 
f 1888 2623 2715 
f 3448 1878 1212 
f 1030 2078 2915 
f 69 1275 713 
f 492 1782 1654 
f 3324 401 2297 
f 3340 3182 2436 
f 228 1623 1445 
f 2951 2455 1540 
f 2048 130 592 
f 433 19 60 
f 1370 795 2071 
f 1107 1595 3149 
f 3531 3534 3386 
f 3459 2817 16 
f 3569 3531 3325 
f 3135 1746 3091 
f 2599 2230 2219 
f 2722 2704 2847 
f 3129 378 111 
f 3020 2464 1801 
f 1984 3193 3353 
f 1363 3193 1142 
f 832 54 215 
f 2045 175 159 
f 1001 2766 1769 
f 1959 2727 1646 
f 1540 345 2572 
f 2925 373 2465 
f 3109 1573 1314 
f 1428 2376 2076 
f 1224 131 1040 
f 1790 2521 1788 
f 646 3342 781 
f 1649 1892 1976 
f 2686 363 1755 
f 3149 2254 3438 
f 2200 2633 1947 
f 915 723 406 
f 662 3208 311 
f 1872 450 1789 
f 3143 1284 2874 
f 617 2150 28 
f 2726 504 2477 
f 3259 3034 3084 
f 1989 314 2657 
f 804 2720 2271 
f 2815 3150 1620 
f 2876 2828 1762 
f 1124 3207 1531 
f 1728 2782 179 
f 1920 141 1961 
f 3420 49 2532 
f 3347 1392 1170 
f 2556 343 1701 
f 2963 2889 2771 
f 610 1437 2067 
f 1032 1957 374 
f 2779 482 204 
f 3130 1511 1281 
f 1051 2094 1659 
f 1286 3095 807 
f 1773 2247 2759 
f 1810 2805 2213 
f 2850 2799 2852 
f 1751 1128 320 
f 2714 2740 1336 
f 2795 3511 2694 
f 2449 2480 2407 
f 622 2647 3122 
f 2281 3511 206 
f 1323 970 2741 
f 124 2936 1915 
f 2119 2484 1520 
f 2903 2490 1642 
f 3245 3430 3280 
f 27 2931 1889 
f 1131 715 1558 
f 1740 2263 554 
f 2919 1231 1243 
f 8 457 2355 
f 477 696 423 
f 2729 607 2911 
f 842 2886 2506 
f 672 1409 3278 
f 864 1416 214 
f 63 2306 2155 
f 406 2490 2325 
f 700 3338 662 
f 1152 2118 2469 
f 1298 547 1260 
f 3426 3026 2331 
f 973 529 1848 
f 1846 3380 62 
f 3551 1359 1339 
f 1197 1044 412 
f 3511 2281 2694 
f 2133 3424 2725 
f 322 1409 2943 
f 2840 2425 3159 
f 131 1224 666 
f 3158 1116 2014 
f 54 3104 215 
f 742 397 761 
f 1062 1052 1456 
f 2628 1667 2587 
f 774 2475 2140 
f 2570 2128 685 
f 2130 176 2788 
f 1104 1268 2316 
f 1466 2086 3169 
f 704 266 3093 
f 232 579 2949 
f 3203 665 2690 
f 1108 1279 1203 
f 193 424 1077 
f 673 2762 469 
f 2652 2328 2542 
f 42 10 783 
f 3087 489 1562 
f 15 2128 2570 
f 2236 3329 2006 
f 2780 691 937 
f 2872 962 356 
f 1479 1010 1291 
f 1725 1747 2899 
f 750 2773 1173 
f 3274 2684 1539 
f 686 3513 1197 
f 1711 410 720 
f 2843 1410 2327 
f 1474 3090 2869 
f 1759 2269 2933 
f 776 2325 1051 
f 1328 1292 1290 
f 2905 3363 490 
f 1803 2848 3564 
f 67 2309 2418 
f 255 3242 976 
f 2005 785 1633 
f 643 3450 1747 
f 2137 2681 2180 
f 2294 2979 1849 
f 2221 2718 941 
f 1382 805 1131 
f 2122 1353 1349 
f 774 1504 2475 
f 549 2650 683 
f 1501 3477 336 
f 975 3034 3325 
f 1804 2319 2638 
f 305 2188 2637 
f 2402 1075 3223 
f 2243 1023 2104 
f 880 2878 549 
f 815 1371 725 
f 582 598 2534 
f 1120 208 1237 
f 1081 789 3283 
f 832 2397 2939 
f 1373 1678 1621 
f 403 1694 1365 
f 2553 1873 1617 
f 250 1642 2490 
f 1812 3391 2363 
f 2364 1162 3223 
f 625 1917 3128 
f 2347 2590 1662 
f 1473 3443 1126 
f 3035 634 1740 
f 2247 491 3547 
f 1972 1867 1028 
f 2579 2150 2347 
f 289 3523 287 
f 2111 3305 2952 
f 2286 1443 3327 
f 1136 2604 3483 
f 367 1920 2329 
f 1232 1480 3332 
f 2581 2315 2046 
f 2147 3358 2616 
f 2216 2173 1912 
f 944 1990 2365 
f 2069 835 840 
f 2660 2168 1235 
f 751 2559 2088 
f 1325 3248 2970 
f 2151 2853 2108 
f 1 849 4 
f 1041 922 61 
f 2960 2154 2896 
f 2110 3093 1943 
f 2505 2503 1204 
f 1148 1503 1576 
f 26 2551 706 
f 738 1127 1962 
f 2969 3033 2717 
f 914 2387 1018 
f 3243 2845 74 
f 38 2936 3079 
f 2504 2609 1494 
f 2754 2820 1317 
f 3404 2337 910 
f 352 1380 77 
f 359 3052 2728 
f 3092 655 3088 
f 1113 2463 1567 
f 58 1269 954 
f 3345 2762 3407 
f 2360 1188 1892 
f 1124 3088 3207 
f 1100 2209 1062 
f 1991 1415 544 
f 3432 3107 2024 
f 2639 1656 1698 
f 880 942 931 
f 2404 122 2447 
f 1551 1616 1680 
f 2657 2888 1989 
f 608 2239 2299 
f 3004 2165 798 
f 3321 3034 3259 
f 2150 1698 1656 
f 722 2192 684 
f 3099 3365 1792 
f 2187 2884 2324 
f 3434 1534 1618 
f 3563 386 1254 
f 2548 2201 1550 
f 2810 2686 382 
f 1816 132 1090 
f 268 958 2942 
f 961 3560 3154 
f 2281 206 2112 
f 219 818 2102 
f 1223 3072 3269 
f 2961 1052 2209 
f 1121 1969 870 
f 546 763 2935 
f 2625 1299 319 
f 1697 1417 690 
f 1253 3501 2927 
f 3433 3343 148 
f 1329 2993 3383 
f 1067 3471 1877 
f 1656 1007 727 
f 2696 1361 2092 
f 1324 1066 2560 
f 2410 3202 2739 
f 2171 2533 2480 
f 2914 2836 2947 
f 1960 2089 1424 
f 3343 2277 148 
f 3561 653 1981 
f 2710 1771 3171 
f 2288 201 330 
f 207 3434 260 
f 3277 2330 703 
f 3340 2513 3182 
f 1654 1782 636 
f 2773 2058 2332 
f 2745 657 3573 
f 473 1808 129 
f 3184 1590 973 
f 941 1215 1587 
f 2690 665 555 
f 2254 1776 1049 
f 328 339 2020 
f 3247 1548 1061 
f 1874 740 3371 
f 891 1213 370 
f 2811 1253 2927 
f 178 81 1181 
f 2580 2556 972 
f 3273 3376 3323 
f 3389 170 2032 
f 74 2631 2770 
f 3526 3566 3528 
f 751 832 2939 
f 2780 937 3459 
f 258 787 1378 
f 306 57 3277 
f 557 3546 272 
f 1966 796 1505 
f 1470 1812 3117 
f 3087 2408 1957 
f 3215 651 558 
f 2979 2872 1849 
f 477 3105 24 
f 2026 2157 1671 
f 2246 169 2904 
f 1663 2193 2136 
f 3003 1069 308 
f 505 743 2100 
f 1683 102 789 
f 2183 3101 2139 
f 3194 3353 1724 
f 1309 2736 1573 
f 785 2167 2334 
f 784 3136 2990 
f 118 3441 2733 
f 3081 650 2886 
f 1779 919 276 
f 2649 692 2017 
f 2151 2108 2290 
f 1727 1086 3210 
f 2055 1588 2320 
f 1668 3446 1230 
f 3010 88 116 
f 3029 3030 679 
f 3123 2068 883 
f 3412 2510 1071 
f 2099 1545 3169 
f 1981 433 60 
f 3362 2965 2011 
f 473 1118 1808 
f 2716 2426 1890 
f 1915 538 656 
f 817 433 701 
f 2938 3310 1453 
f 3329 1512 2006 
f 1896 1942 1858 
f 425 1186 3373 
f 2029 788 965 
f 3011 3450 643 
f 3160 1326 2314 
f 2097 2501 1785 
f 3147 550 1499 
f 1119 3548 739 
f 1802 747 907 
f 1999 3018 2087 
f 2333 1284 3518 
f 946 176 1988 
f 3407 288 3025 
f 1063 876 2765 
f 3042 3355 3245 
f 3508 1653 2678 
f 2650 483 1950 
f 1992 256 2422 
f 1341 3112 2353 
f 3323 3376 417 
f 3377 3483 2981 
f 496 1705 244 
f 498 2071 1542 
f 2985 458 497 
f 2864 2304 3266 
f 3275 2055 793 
f 2184 1733 1416 
f 2083 3273 729 
f 2880 1512 3329 
f 2940 2383 741 
f 255 641 3536 
f 2145 2320 673 
f 1799 807 1712 
f 2208 1537 145 
f 2040 3200 3063 
f 1994 3359 2561 
f 971 619 1112 
f 558 220 3215 
f 79 3229 873 
f 2095 1808 151 
f 1630 3128 1917 
f 3124 1271 430 
f 157 3014 977 
f 101 185 853 
f 552 3098 251 
f 2652 19 2996 
f 1449 3058 39 
f 1053 2598 1564 
f 1165 3500 1177 
f 1215 2088 2730 
f 907 2710 2091 
f 393 675 548 
f 2902 3202 3074 
f 2306 1900 1460 
f 3091 2847 2845 
f 3074 1704 3255 
f 2221 2742 2520 
f 1183 776 1051 
f 1738 1215 941 
f 1580 873 3384 
f 510 681 2975 
f 3352 3484 3500 
f 201 2288 3435 
f 560 2859 1652 
f 2103 994 2052 
f 1022 2860 2635 
f 2543 2035 3543 
f 1808 407 151 
f 1524 3297 1519 
f 3114 1938 2211 
f 1715 490 3363 
f 481 249 3480 
f 2770 3243 74 
f 96 1319 1096 
f 311 3208 2229 
f 3298 2343 1520 
f 2351 1559 2073 
f 1236 28 281 
f 2955 3146 3148 
f 637 1796 2873 
f 2428 2425 1101 
f 2094 2490 2375 
f 2553 118 2733 
f 3254 1799 114 
f 3430 3431 3280 
f 1535 2591 1475 
f 2287 672 623 
f 650 2683 1228 
f 3558 677 1844 
f 1244 1061 2339 
f 3405 1727 3279 
f 1406 533 301 
f 3260 2721 871 
f 1544 493 1246 
f 2884 2187 2248 
f 2900 2325 776 
f 467 305 1507 
f 2956 78 1615 
f 3451 3450 3011 
f 2162 685 67 
f 752 3258 197 
f 3154 190 1340 
f 181 1495 112 
