v 0.348799 -0.334989 -0.0832331
v 0.313132 -0.399051 0.881192
v 0.2551093 0.20044899 0.119050026
v 0.22327805 0.0885582 0.8090744
v -0.20182 0.742487 -0.402976
v -0.07880342 0.82280093 -0.26988173
v 0.305362 0.0307983 -0.00655663
v 0.279611 -0.0552387 0.858547
v 0.266719 0.10578 0.46681
v 0.149341 -0.451522 0.166423
v 0.12606 -0.162036 -0.185668
v 0.114009 -0.358339 -0.0759521
v 0.101546 -0.475382 0.663157
v -0.284726 0.698216 -0.343913
v 0.38565338 -0.19936085 0.17855835
v 0.358602 -0.37797 0.17897
v 0.345953 -0.229705 0.664126
v 0.316102 -0.419396 0.649153
v -0.186967 -0.607615 -0.104287
v 0.0876766 -0.391182 0.901606
v 0.161859 0.285356 0.303098
v 0.177264 0.282839 0.0875537
v 0.158786 0.0751889 -0.141343
v -0.216965 0.931825 -0.261167
v 0.138236 0.191142 0.700393
v 0.13061 0.109881 0.873657
v -0.179633 -0.708233 -0.0350267
v 0.25547314 0.10230422 0.6685715
v 0.34304 -0.0541165 0.672286
v 0.369388 -0.0242775 0.205838
v -0.0436281 0.336529 0.047541
v -0.048645973 -0.461308 0.21591759
v 0.146074 0.206063 0.488052
v 0.15689 0.317253 -0.0179554
v 0.184529 0.181235 -0.238574
v 0.229877 0.446038 -0.0428095
v 0.326584 0.303676 -0.375494
v 0.257915 0.488969 -0.517721
v 0.187711 0.730295 -0.437134
v 0.190442 0.122856 -0.437696
v 0.271501 0.201979 -0.579853
v 0.227961 0.337016 -0.641468
v 0.323288 -0.645898 -0.0650069
v 0.277559 -0.660659 0.872426
v 0.15321 -0.671553 0.116597
v 0.153343 -0.652512 -0.0628489
v 0.129752 -0.680413 0.714233
v 0.310744 -0.658159 0.12474
v 0.270197 -0.670204 0.705429
v 0.125665 -0.664371 0.877017
v 0.264169 0.646946 -0.369897
v 0.180359 0.68646 -0.148279
v 0.263204 0.560375 -0.137191
v 0.371765 0.683869 -0.321196
v 0.432195 0.751246 -0.233457
v 0.424574 0.680439 -0.150855
v 0.379346 0.604049 -0.213075
v 0.045639038 -0.18883991 -0.19730663
v -0.056987762 0.5055275 -0.56287
v -0.20600128 -0.13542175 0.92819214
v 0 0.0414775 -0.241591
v 0 0.117615 -0.305384
v -0.325558 -0.615423 0.139592
v -0.120922 0.124855 -0.209363
v -4.33681e-19 0.765067 -0.449072
v -4.33681e-19 0.834757 -0.307668
v -0.069956 -0.47422 0.735292
v -0.04033479 0.10146797 -0.40215397
v -0.380591 0.614582 -0.245535
v 0 0.352207 0.0388631
v 0 0.499175 0.0586613
v -4.33681e-19 0.723906 -0.0597107
v 0 0.816061 -0.189369
v 0.01657343 -0.42836 0.74346924
v 0 -0.533724 0.415511
v 0.08071184 0.3015151 0.3105793
v 0 0.233342 0.49566
v -0.015659332 -0.34057808 0.8913021
v -0.0943475 -0.648249 0.746058
v 0 0.220553 0.711025
v 0 0.130478 0.891171
v 0.164015 0.929339 -0.232094
v 0.205905 0.915741 -0.313374
v 0.15338 0.935554 -0.282029
v 0.221786 0.905461 -0.256021
v 0.10900831 0.82433105 -0.2215443
v 0.03105545 0.8136349 -0.19391632
v -0.199389 -0.4673 0.363772
v 0.16184258 0.79302436 -0.3428321
v -0.132936 0.312061 0.210485
v -0.019359589 -0.18268585 0.97457504
v -0.187443 -0.669698 -0.0818819
v 0.199751 0.790382 -0.244881
v 0.18498135 0.7624924 -0.19700241
v 0.29717597 0.7633897 -0.23554754
v -0.102374 -0.516827 0.468605
v -0.213095 -0.454425 0.36305
v 0.186164 -0.487701 0.417533
v -0.180783 0.946411 -0.244635
v -0.08955765 -0.05726099 0.9880371
v -0.238328 0.704586 -0.373617
v -0.12954 -0.482953 0.312862
v 0.10852051 -0.06571388 0.9745884
v -0.393743 0.706765 -0.3123
v -0.298509 0.427522 -0.236282
v -0.215759 0.757673 -0.200462
v 0.0450058 -0.08414173 1.014174
v 0 -0.0688251 1.04807
v 0.0007947963 -0.094996154 1.0253532
v -0.348799 -0.334989 -0.0832331
v -0.313132 -0.399051 0.881192
v -0.17745 0.953646 -0.260405
v -0.21824837 0.073963165 0.83540344
v -0.046088155 0.10035099 -0.44980538
v -0.3361141 -0.38439935 0.42283654
v -0.305362 0.0307983 -0.00655663
v -0.279611 -0.0552387 0.858547
v -0.266719 0.10578 0.46681
v -0.149341 -0.451522 0.166423
v -0.12606 -0.162036 -0.185668
v -0.114009 -0.358339 -0.0759521
v -0.101546 -0.475382 0.663157
v -0.24164991 -0.43498194 0.421304
v -0.13572 0.310986 0.159838
v -0.358602 -0.37797 0.17897
v -0.0643107 0.550463 0.0321785
v -0.316102 -0.419396 0.649153
v -0.112457275 -0.18508911 0.95983887
v -0.0876766 -0.391182 0.901606
v -0.161859 0.285356 0.303098
v -0.177264 0.282839 0.0875537
v -0.158786 0.0751889 -0.141343
v -0.30906573 -0.08174896 -0.067531586
v -0.138236 0.191142 0.700393
v -0.2461 -0.678205 0.889508
v -0.28818703 -0.2204113 0.8653412
v -0.471552 0.708579 -0.199184
v -0.34465575 -0.052160025 0.6568222
v -0.369388 -0.0242775 0.205838
v -0.194944 0.134806 -0.523346
v -0.370615 -0.20132256 0.43215942
v -0.146074 0.206063 0.488052
v -0.15689 0.317253 -0.0179554
v -0.184529 0.181235 -0.238574
v -0.229877 0.446038 -0.0428095
v -0.326584 0.303676 -0.375494
v -0.257915 0.488969 -0.517721
v -0.187711 0.730295 -0.437134
v -0.190442 0.122856 -0.437696
v -0.271501 0.201979 -0.579853
v -0.227961 0.337016 -0.641468
v -0.323288 -0.645898 -0.0650069
v -0.277559 -0.660659 0.872426
v -0.15321 -0.671553 0.116597
v -0.153343 -0.652512 -0.0628489
v -0.129752 -0.680413 0.714233
v -0.310744 -0.658159 0.12474
v -0.270197 -0.670204 0.705429
v -0.125665 -0.664371 0.877017
v -0.264169 0.646946 -0.369897
v -0.180359 0.68646 -0.148279
v -0.263204 0.560375 -0.137191
v -0.371765 0.683869 -0.321196
v -0.432195 0.751246 -0.233457
v -0.424574 0.680439 -0.150855
v -0.379346 0.604049 -0.213075
v -0.164015 0.929339 -0.232094
v -0.205905 0.915741 -0.313374
v -0.15338 0.935554 -0.282029
v -0.221786 0.905461 -0.256021
v -0.0602661 0.797425 -0.177797
v -0.09646416 0.812418 -0.21558475
v -0.16612077 0.80492926 -0.3350839
v -0.24568176 -0.09069824 0.8993149
v -0.153645 -0.534978 0.650489
v -0.09207773 0.8228831 -0.28952217
v -0.20994759 0.76186967 -0.26864338
v -0.199751 0.790382 -0.244881
v -0.18370724 0.76279783 -0.19681644
v -0.196177 -0.511769 0.183546
v -0.19587159 -0.47382575 0.47226048
v -0.106492996 -0.46834373 0.6080284
v -0.186164 -0.487701 0.417533
v -0.174268 0.789156 -0.220565
v -0.10493469 -0.009857178 0.9671173
v -0.0152462 -0.0676801 1.04602
v -0.047607422 -0.060726166 1.0287361
v -0.327044 -0.674066 0.0872825
v -0.142824 0.650926 -0.0969906
v 0.2244451 -0.4314115 0.30103493
v 0.262599 -0.446574 0.214165
v 0.345683 -0.367458 0.305622
v 0.28599182 -0.40954486 0.30791283
v -0.199905 0.685497 -0.462496
v 0.218649 -0.474853 0.619945
v 0.19621 -0.447285 0.538732
v 0.257025 -0.429064 0.536591
v 0.240602 -0.341214 -0.117452
v 0.12147 -0.249274 -0.145022
v 0.221157 -0.120393 -0.146058
v 0.328715 -0.192761 -0.0778193
v 0.229478 -0.212011 -0.133147
v 0.307987 -0.0331195 -0.049691
v 0.139893 -0.0548182 -0.181103
v -0.235335 0.485531 -0.0647615
v 0.227173 -0.0372356 -0.128413
v 0.301492 -0.292885 0.870674
v 0.213279 -0.204742 0.922518
v 0.117499 -0.281642 0.935739
v 0.211816 -0.394732 0.922409
v 0.215547 -0.286415 0.919674
v 0.3661399 -0.13528824 0.04628563
v 0.382458 -0.25968 0.176197
v 0.385194 -0.351205 0.0306159
v 0.375418 -0.216313 0.0359591
v -0.09587219 0.8299478 -0.23299646
v -0.225435 0.891324 -0.293612
v 0.37100077 -0.30210686 0.3467102
v -0.178221 0.788374 -0.325575
v -0.0543417 -0.44245 0.745122
v -0.205912 0.761992 -0.209879
v -0.144853 -0.503338 0.468859
v 0.350232 0.00253885 0.0908221
v -0.136018 0.925025 -0.266007
v 0.343331 -0.409171 0.778577
v 0.341862 -0.313907 0.657949
v 0.32641125 -0.21850395 0.7788086
v 0.336544 -0.303107 0.775339
v 0.28397083 -0.17288208 0.8644676
v -0.212896 0.714905 -0.428435
v 0.322487 -0.0565049 0.774019
v 0.3290968 -0.10491419 0.7735939
v 0.34724855 -0.052116632 0.6132164
v -0.04883957 -0.44151354 0.11651993
v -0.317986 0.708047 -0.333577
v -0.0352263 -0.426311 0.757202
v 0.23281 0.229543 0.110217
v 0.170184 0.299829 0.20555
v 0.21989644 0.23485184 0.3019104
v -0.17395473 0.87514496 -0.33069026
v 0.227226 0.252859 0.204008
v -0.122579 0.311429 0.0436831
v 0.14962292 0.22431564 0.43563843
v 0.20969 0.164574 0.478658
v 0.21314049 0.1805706 0.42364502
v 0.22835064 0.1023159 0.77487564
v 0.2005446 0.15491116 0.679615
v 0.134533 0.161682 0.796578
v -0.208287 -0.52835 0.637223
v 0.191558 0.132026 0.78245
v -0.080078125 -0.0070724487 0.97605896
v 0.26383018 0.102607846 0.520607
v -0.0372542 0.755486 -0.106376
v -0.296601 -0.602967 -0.109127
v -0.119063 -0.647679 0.702012
v -0.203233 0.797472 -0.273932
v 0.30808544 0.031255484 0.6612282
v 0.253941 0.0157408 0.848168
v 0.289863 0.0225221 0.77107
v 0.190901 0.188016 -0.0300482
v -0.115559 -0.506404 0.0968639
v -0.108631015 0.21181786 0.54728985
v -0.121652 0.278062 0.352302
v -0.171165 0.605799 -0.0764289
v 0.150018 0.148066 -0.170355
v -0.13871431 0.37816238 -0.6441288
v 0.150923 0.290686 0.0162651
v 0.172619 0.221245 -0.0722104
v 0.274031 0.23831 -0.301318
v 0.294876 0.383503 -0.203773
v 0.194068 0.37243 -0.0269037
v 0.248629 0.311098 -0.153862
v 0.196806 0.141274 -0.362924
v 0.23911 0.14497 -0.502892
v 0.324701 0.24108 -0.502727
v 0.278147 0.181024 -0.423508
v 0.263786 0.27805 -0.630217
v 0.250979 0.388662 -0.601302
v 0.318198 0.390558 -0.446528
v 0.314593 0.32071 -0.563292
v 0.338046 -0.680095 0.0309463
v 0.228165 -0.692422 0.147407
v 0.12828 -0.689708 0.0245746
v 0.238161 -0.677382 -0.0918856
v 0.229681 -0.733842 0.0266899
v 0.20056 -0.687393 0.898863
v 0.107919 -0.696884 0.796995
v 0.199176 -0.699686 0.68654
v 0.291818 -0.690195 0.788408
v 0.198244 -0.736784 0.793448
v 0.307855 -0.55258 0.89062
v 0.294592 -0.571581 0.678753
v 0.335563 -0.561971 0.78431
v 0.059572972 -0.45885453 0.794745
v 0.110927 -0.595142 0.691599
v 0.102733 -0.558625 0.896274
v 0.0716769 -0.583028 0.796447
v 0.203007 -0.591569 0.647127
v 0.206666 -0.553636 0.930804
v 0.339121 -0.546516 0.150832
v 0.352933 -0.520557 -0.0885122
v 0.383244 -0.532332 0.0297109
v 0.132569 -0.534652 -0.0767316
v 0.24402 -0.524662 -0.124285
v 0.143499 -0.577512 0.141914
v 0.241073 -0.571789 0.188527
v 0.0964942 -0.434904 0.0342915
v 0.0999951 -0.56397 0.0317575
v 0.271576 0.561647 -0.416318
v 0.282894 0.56989 -0.257283
v 0.23851 0.520387 -0.0907886
v 0.293195 0.482084 -0.276654
v 0.213045 0.609177 -0.109989
v 0.321376 0.576724 -0.185683
v 0.422878 0.632073 -0.168661
v 0.32688 0.680784 -0.145207
v 0.326345 0.612341 -0.141546
v 0.312594 0.674309 -0.341185
v 0.379053 0.63587 -0.283895
v 0.3154 0.606871 -0.278418
v 0.417773 0.731266 -0.288914
v 0.460287 0.727236 -0.177367
v 0.454185 0.684351 -0.230461
v -0.0606884 0.60785 0.00104436
v -0.154044 0.222564 -0.638941
v 0.08867842 0.32051325 0.09528053
v 0.09889221 0.3185686 0.20402718
v 0 0.227033 0.602086
v 0.0710686 0.213115 0.708099
v 0.0750596 0.22755 0.493766
v 0.073284864 0.22111356 0.54778004
v 0 0.186603 0.810651
v 0.0670456 0.125156 0.886255
v 0.0695062 0.18012 0.806775
v -0.24088 -0.688682 0.691628
v -0.304443 -0.521287 -0.117606
v 0.0661753 -0.432919 0.0879789
v 0.056363 -0.399912 0.0126968
v -0.40689468 0.7529452 -0.20308876
v 0.0398588 -0.442711 0.714357
v 0.0361117 -0.34665 0.891624
v 0.0321101 -0.404726 0.804765
v -0.384792 0.647908 -0.143704
v -0.0470212 0.120443 -0.299626
v 0 0.330325 0.0716557
v 0.0874752 0.345901 0.0284499
v 0.0858416 0.32349 0.0605597
v 0 0.409384 0.0515977
v 0.124296 0.487548 0.0340513
v 0.105997 0.402715 0.0360884
v -3.2902608e-07 0.7047806 -0.4815445
v 0.104733 0.755088 -0.444831
v 0.214286 0.629383 -0.484754
v 0.136392 0.50382 -0.556974
v 0.121817 0.636846 -0.502061
v -0.17131042 -0.47452164 0.52103424
v 0.139278 0.340909 -0.661549
v 0.13855815 0.37819672 -0.644125
v -0.017834663 -0.42808533 0.74453735
v -0.0802769 -0.277764 0.939515
v -0.151415 0.801648 -0.215482
v 0 -0.286073 -0.138523
v -0.293784 -0.559568 0.181063
v -0.120968 0.319807 0.0225689
v 0.0002002716 -0.041526794 -0.22960281
v 0.0766662 0.0457919 -0.217551
v 0.036844254 -0.014072418 -0.22808361
v 0 0.101519 -0.264918
v 0.0933959 0.130309 -0.285229
v 0.0838463 0.11062 -0.238883
v -0.364087 -0.605614 -0.0296813
v 0.114603 0.104637 -0.445501
v -0.278645 0.563976 -0.33172
v -0.0406901 0.0790388 -0.244814
v 0.153665 0.185489 -0.611191
v 0.137484 0.129002 -0.534091
v 0.06971359 0.2603922 -0.66141057
v 0.150371 0.262453 -0.657355
v 0.04024887 0.7199249 -0.073410034
v 0 0.613137 0.0118372
v 0.128934 0.593549 -0.0276065
v 0.230899 0.696193 -0.415496
v -0.368236 -0.614976 0.0306267
v 0.2255 0.918412 -0.287909
v 0.182289 0.937359 -0.304334
v 0.155831 0.94592 -0.253016
v 0.199042 0.926972 -0.236591
v 0.198381 0.950853 -0.26973
v -0.188173 0.564066 -0.51907
v 0.162591 0.796641 -0.337706
v 0.19256097 0.78950167 -0.30144048
v 0.204856 0.767832 -0.258627
v 0.190344 0.780419 -0.305321
v -0.23327 0.750984 -0.191422
v 0.102838 0.815304 -0.21903
v -0.2024455 0.7661286 -0.2899456
v 0.18859 0.771476 -0.215131
v -0.20021057 -0.04288634 0.92801666
v 0.119306564 0.8096671 -0.33166504
v 0.09209585 0.8228911 -0.2895317
v 0.12812042 0.81955624 -0.32522345
v 0.12321 0.811864 -0.327105
v -0.101319 -0.442167 0.150389
v 0.08504352 0.82517946 -0.24859738
v -0.304357 -0.484216 0.189956
v 0.24364 0.757848 -0.207433
v 0.246443 0.756953 -0.257453
v 0.21289 0.762245 -0.22883
v 0.355751 0.762428 -0.238497
v 0.249966 0.723503 -0.332259
v 0.32003 0.739642 -0.304714
v 0.181848 0.741315 -0.180043
v 0.328516 0.741977 -0.181175
v -0.181563 -0.0218941 0.9332
v 0 0.785709 -0.129116
v 0.0788354 0.774284 -0.158189
v 0.06504345 0.82491994 -0.33098602
v -0.260651 -0.513618 0.642398
v 0 0.821114 -0.378707
v 0.0897195 0.811796 -0.373587
v -0.319732 -0.633454 0.786428
v -0.0987466 0.656786 -0.062447
v -0.205661 -0.440923 0.30331
v -0.032544 -0.433336 0.0684456
v 0.216553 0.856661 -0.251136
v 0.21708539 0.8562373 -0.29839915
v -0.226075 0.759994 -0.240858
v 0.15517092 0.8829174 -0.32127953
v -0.134148 0.794627 -0.38492
v 0.1173965 0.8955375 -0.24754435
v 0.181137 0.872948 -0.224154
v 0.106299 -0.467348 0.612794
v 0.156751 -0.485651 0.517662
v -0.159856 0.939686 -0.239651
v -0.085253 0.82553184 -0.2679162
v -0.0937169 -0.121882 -0.201748
v -0.126715 0.537337 0.0111468
v -0.0400356 -0.499329 0.565268
v 0.1274414 -0.44593382 0.20853043
v -0.102107 -0.469936 -0.0239275
v -0.317802 0.38717 -0.32759
v -0.145782 0.140078 -0.308863
v 0.17011833 -0.4664154 0.3112793
v 0.192938 -0.45045 0.307624
v 0 -0.518477 0.519852
v 0.106971 -0.518553 0.416032
v 0.0913755 -0.507594 0.518132
v 0 -0.503509 0.307563
v -0.278995 0.751255 -0.279238
v -0.216972 0.759952 -0.252956
v -0.39942 0.710994 -0.155057
v -0.181036 0.78202796 -0.3290491
v -0.144743 -0.495777 0.363499
v 0.16296387 -0.184906 0.94480896
v 0.214922 -0.0472768 0.917853
v -0.0759743 0.151547 -0.579976
v 0.14317703 0.041885376 0.9201355
v 0.189431 0.0176502 0.907717
v -0.182766 -0.687312 0.135767
v -0.253551 -0.622939 0.912658
v 0.0627521 0.0592134 0.940397
v 0.069984436 -0.075891435 0.9854555
v -0.0271444 -0.0763309 1.04139
v -0.159167 0.0664178 0.894094
v 0.0647583 -0.049186707 1.0129089
v -0.402685 0.758643 -0.236201
v 0.0717681 -0.0690106 0.994894
v -0.105384 0.203917 0.704755
v 0.009308815 -0.05583191 1.0397549
v 0.0297219 -0.0653048 1.04059
v -0.053167343 -0.004135132 0.9834595
v 0.025914192 -0.092157006 1.0216057
v -0.119400024 0.80966854 -0.33164597
v -0.077892184 0.8224788 -0.24826813
v 0 -0.0903561 1.04431
v 0.0264068 -0.0851806 1.03686
v -0.345683 -0.367458 0.305622
v -0.262599 -0.446574 0.214165
v -0.223323 -0.431749 0.300839
v -0.28504464 -0.41871548 0.42477608
v -0.28542304 -0.40985954 0.30690956
v -0.19621 -0.447285 0.538732
v -0.218649 -0.474853 0.619945
v -0.32068586 -0.39024842 0.5384178
v -0.257025 -0.429064 0.536591
v -0.328715 -0.192761 -0.0778193
v -0.221157 -0.120393 -0.146058
v -0.12147 -0.249274 -0.145022
v -0.240602 -0.341214 -0.117452
v -0.229478 -0.212011 -0.133147
v -0.247008 0.54474 -0.114114
v -0.139893 -0.0548182 -0.181103
v -0.307987 -0.0331195 -0.049691
v -0.227173 -0.0372356 -0.128413
v -0.211816 -0.394732 0.922409
v -0.117499 -0.281642 0.935739
v -0.213279 -0.204742 0.922518
v -0.3083881 -0.33613968 0.87478685
v -0.215547 -0.286415 0.919674
v -0.385194 -0.351205 0.0306159
v -0.382458 -0.25968 0.176197
v -0.36613894 -0.13524914 0.046312332
v -0.375418 -0.216313 0.0359591
v -0.109331 -0.0304408 0.974293
v -0.248651 0.737773 -0.18066
v -0.256224 0.744786 -0.293184
v -0.36932993 -0.03618595 0.27613068
v -0.38601774 -0.10974455 0.18766499
v -0.032511123 0.8328143 -0.29001045
v -0.117988 -0.635837 0.0828
v -0.350232 0.00253885 0.0908221
v -0.24139214 0.65802383 -0.44250298
v -0.328019 -0.223318 0.773747
v -0.341862 -0.313907 0.657949
v -0.343331 -0.409171 0.778577
v -0.336544 -0.303107 0.775339
v -0.322487 -0.0565049 0.774019
v -0.348561 -0.464054 0.158716
v -0.202463 0.304851 -0.656009
v -0.0684286 0.154761 0.849486
v -0.11193466 -0.044520617 0.97556686
v -0.0495204 -0.395304 0.851292
v -0.29880786 0.76347774 -0.23513728
v -0.0796433 -0.304819 -0.108871
v -0.25590414 0.21199593 0.19544673
v -0.21997833 0.2348957 0.30184937
v -0.170184 0.299829 0.20555
v -0.23281 0.229543 0.110217
v -0.227226 0.252859 0.204008
v -0.20969 0.164574 0.478658
v -0.216862 0.918936 -0.303965
v -0.18104 0.470039 0.00485434
v -0.0512352 0.7025299 -0.4809723
v -0.187262 0.086887 0.854887
v -0.134533 0.161682 0.796578
v -0.20055294 0.15490079 0.6796217
v -0.24282 0.0875955 0.770725
v -0.20377421 0.12455559 0.7777252
v -0.0472884 -0.515301 0.519274
v -0.14282644 0.1983161 0.5451908
v -0.205969 0.15875864 0.53546524
v -0.316123 0.033763885 0.46425056
v -0.122404 0.729951 -0.151266
v -0.158724 0.882351 -0.220155
v -0.253941 0.0157408 0.848168
v -0.285353 0.520853 -0.361551
v -0.289863 0.0225221 0.77107
v -0.288174 0.116771 0.0639197
v -0.190901 0.188016 -0.0300482
v -0.326452 0.645309 -0.138504
v -0.30800462 0.0313617 0.6612778
v -0.33069205 0.059726253 0.12585449
v -0.150923 0.290686 0.0162651
v -0.1935585 0.26009986 -0.11505675
v -0.150018 0.148066 -0.170355
v -0.172619 0.221245 -0.0722104
v -0.194068 0.37243 -0.0269037
v -0.294876 0.383503 -0.203773
v -0.274031 0.23831 -0.301318
v -0.248629 0.311098 -0.153862
v -0.324701 0.24108 -0.502727
v -0.23911 0.14497 -0.502892
v -0.196806 0.141274 -0.362924
v -0.278147 0.181024 -0.423508
v -0.318198 0.390558 -0.446528
v -0.250979 0.388662 -0.601302
v -0.263786 0.27805 -0.630217
v -0.314593 0.32071 -0.563292
v -0.238161 -0.677382 -0.0918856
v -0.12828 -0.689708 0.0245746
v -0.228165 -0.692422 0.147407
v -0.338046 -0.680095 0.0309463
v -0.229681 -0.733842 0.0266899
v -0.291818 -0.690195 0.788408
v -0.199176 -0.699686 0.68654
v -0.107919 -0.696884 0.796995
v -0.20056 -0.687393 0.898863
v -0.198244 -0.736784 0.793448
v -0.294592 -0.571581 0.678753
v -0.307855 -0.55258 0.89062
v -0.335563 -0.561971 0.78431
v -0.102733 -0.558625 0.896274
v -0.110927 -0.595142 0.691599
v -0.097999 0.124878 -0.319976
v -0.0716769 -0.583028 0.796447
v -0.203007 -0.591569 0.647127
v -0.206666 -0.553636 0.930804
v -0.352933 -0.520557 -0.0885122
v -0.339121 -0.546516 0.150832
v -0.383244 -0.532332 0.0297109
v -0.132569 -0.534652 -0.0767316
v -0.24402 -0.524662 -0.124285
v -0.143499 -0.577512 0.141914
v -0.241073 -0.571789 0.188527
v -0.0964942 -0.434904 0.0342915
v -0.0999951 -0.56397 0.0317575
v -0.23851 0.520387 -0.0907886
v -0.282894 0.56989 -0.257283
v -0.271576 0.561647 -0.416318
v -0.293195 0.482084 -0.276654
v -0.32688 0.680784 -0.145207
v -0.422878 0.632073 -0.168661
v -0.321376 0.576724 -0.185683
v -0.213045 0.609177 -0.109989
v -0.326345 0.612341 -0.141546
v -0.379053 0.63587 -0.283895
v -0.312594 0.674309 -0.341185
v -0.3154 0.606871 -0.278418
v -0.460287 0.727236 -0.177367
v -0.417773 0.731266 -0.288914
v -0.454185 0.684351 -0.230461
v -0.09459573 0.32004505 0.15203524
v -0.079948425 0.301548 0.3105545
v -0.0910385 0.318251 0.216664
v -0.0750596 0.22755 0.493766
v -0.0710686 0.213115 0.708099
v -0.039011 -0.45237923 0.6860504
v -0.0670456 0.125156 0.886255
v -0.0695062 0.18012 0.806775
v -0.0661753 -0.432919 0.0879789
v -0.050076485 -0.32221222 -0.094451904
v -0.056363 -0.399912 0.0126968
v -0.0361117 -0.34665 0.891624
v -0.0398588 -0.442711 0.714357
v -0.0321101 -0.404726 0.804765
v -0.0428926 0.103386 -0.257977
v -0.0874752 0.345901 0.0284499
v -0.0858416 0.32349 0.0605597
v -0.124296 0.487548 0.0340513
v -0.105997 0.402715 0.0360884
v -0.136392 0.50382 -0.556974
v -0.214286 0.629383 -0.484754
v -0.104733 0.755088 -0.444831
v -0.121817 0.636846 -0.502061
v -0.139278 0.340909 -0.661549
v -0.036842346 -0.014060974 -0.22808266
v -0.07329559 -0.44982958 0.18695831
v -0.0501277 -0.274014 0.941915
v -0.047214508 -0.18781519 -0.19745684
v -0.03336811 -0.2784977 -0.14268303
v -0.0766662 0.0457919 -0.217551
v -0.233064 -0.638226 0.175543
v -0.0933959 0.130309 -0.285229
v -0.0838463 0.11062 -0.238883
v -0.114603 0.104637 -0.445501
v -0.192626 0.647576 -0.125774
v -0.153665 0.185489 -0.611191
v -0.137484 0.129002 -0.534091
v -0.150371 0.262453 -0.657355
v -0.076187134 0.7424412 -0.12657547
v -0.128934 0.593549 -0.0276065
v -0.230899 0.696193 -0.415496
v -0.147798 -0.472236 0.922294
v -0.199042 0.926972 -0.236591
v -0.155831 0.94592 -0.253016
v -0.182289 0.937359 -0.304334
v -0.2255 0.918412 -0.287909
v -0.198381 0.950853 -0.26973
v -0.204856 0.767832 -0.258627
v -0.19256061 0.7895011 -0.30144048
v -0.162591 0.796641 -0.337706
v -0.150533 0.744043 -0.44196
v -0.190344 0.780419 -0.305321
v -0.18447733 0.7727882 -0.21284103
v -0.37536 0.738148 -0.30116
v -0.102838 0.815304 -0.21903
v -0.15878987 0.8173237 -0.22031164
v -0.0688023 -0.319918 0.921674
v -0.12476063 0.81243944 -0.32668686
v -0.388682 0.680406 -0.144893
v -0.21544 0.938681 -0.279423
v -0.288523 -0.704927 -0.0329901
v -0.08504219 0.8251891 -0.24866271
v -0.1428411 0.7940984 -0.20837641
v -0.32282 -0.565952 0.726198
v -0.246443 0.756953 -0.257453
v -0.24364 0.757848 -0.207433
v -0.21289 0.762245 -0.22883
v -0.249966 0.723503 -0.332259
v -0.355751 0.762428 -0.238497
v -0.32003 0.739642 -0.304714
v -0.181848 0.741315 -0.180043
v -0.328516 0.741977 -0.181175
v -0.290372 0.624108 -0.317788
v -0.0788354 0.774284 -0.158189
v -0.16568041 0.7832718 -0.3789196
v -0.060525775 0.12600875 -0.53821373
v -0.0897195 0.811796 -0.373587
v -0.063925266 -0.070507884 0.9917426
v -0.18852425 0.7672081 -0.37194824
v -0.216553 0.856661 -0.251136
v -0.19167352 0.86745644 -0.33058536
v -0.0771327 -0.378765 -0.022981
v -0.12388849 0.8921623 -0.2860999
v -0.21995 0.228648 -0.628685
v -0.1364115 0.8869388 -0.22273187
v -0.237614 0.630468 -0.469873
v -0.181137 0.872948 -0.224154
v -0.20904046 -0.47048008 0.41922757
v -0.156751 -0.485651 0.517662
v -0.241923 -0.609859 -0.117359
v -0.192516 0.777938 -0.227759
v -0.229147 0.73046 -0.348619
v -0.267679 0.610284 -0.129549
v -0.354786 -0.614851 0.0904298
v -0.129769 -0.445891 0.210992
v -0.1194191 0.7850404 -0.18685913
v -0.307295 0.256707 -0.578835
v -0.192938 -0.45045 0.307624
v -0.106971 -0.518553 0.416032
v -0.104202 0.191409 0.755412
v -0.13725185 0.88808537 -0.30534744
v -0.0536794 0.762368 -0.447664
v -0.199221 0.78193 -0.2764
v -0.125551 0.112279 -0.490196
v -0.0750102 0.301309 -0.668637
v -0.340742 -0.597899 -0.0798229
v -0.10954285 -0.06540203 0.97424316
v -0.060979843 0.4543152 -0.59407043
v -0.198896 -0.723335 0.85193
v -0.189431 0.0176502 0.907717
v -0.367842 0.597467 -0.17194
v -0.262868 -0.552296 0.920108
v -0.172796 -0.723594 0.0247169
v -0.106684 -0.534636 0.682874
v -0.0717681 -0.0690106 0.994894
v -0.04053116 -0.075211525 1.0316238
v -0.08366394 -0.034301758 0.99264526
v -0.109008476 0.8243313 -0.22154436
v -0.0297219 -0.0653048 1.04059
v -0.234872 0.742799 -0.306286
v -0.0726958 0.340957 -0.664799
v -0.216036 0.894273 -0.311279
v -0.0264068 -0.0851806 1.03686
v -0.14434814 -0.02949047 0.9579773
v -0.01374 -0.0942759 1.03402
v 0.317818 -0.392423 0.305485
v 0.33611184 -0.38440353 0.4228158
v 0.31375802 -0.40431234 0.4250946
v 0.23935 -0.43199 0.361842
v -0.31354 -0.474577 0.887895
v 0.2416824 -0.4349531 0.4216864
v -0.033825397 -0.3085022 0.9214897
v 0.2099 -0.457622 0.202318
v 0.274846 -0.418754 0.252658
v 0.194817 -0.437402 0.239358
v 0.231211 -0.430966 0.245486
v 0.350284 -0.364453 0.244783
v 0.312495 -0.42258 0.208415
v 0.316601 -0.396416 0.250199
v 0.32076883 -0.39018953 0.53818893
v 0.291362 -0.413379 0.536815
v 0.28588393 -0.41829994 0.42463577
v -0.026572227 -0.003227234 0.9888344
v 0.26979 -0.455493 0.624003
v 0.236564 -0.444228 0.584476
v 0.315111 -0.397679 0.592146
v 0.280089 -0.425608 0.586435
v 0.156119 -0.458526 0.595789
v 0.222989 -0.439421 0.53835
v 0.164011 -0.483033 0.631406
v 0.191143 -0.453861 0.591118
v 0.22563076 -0.43963337 0.48356056
v -0.047130585 -0.11223602 -0.21472216
v 0.300873 -0.335808 -0.11045
v 0.23546 -0.269794 -0.12322
v 0.283535 -0.198083 -0.11242
v 0.339519 -0.257182 -0.0802831
v 0.292915 -0.260195 -0.110308
v 0.119478 -0.295776 -0.113872
v 0.173106 -0.230478 -0.142628
v 0.176383 -0.34915 -0.10631
v 0.174532 -0.282877 -0.121531
v 0.172014 -0.141551 -0.170002
v 0.224047 -0.163495 -0.142015
v 0.123113 -0.206388 -0.170045
v 0.171621 -0.184999 -0.160037
v 0.318497 -0.140059 -0.0746981
v 0.26898 -0.103901 -0.112945
v 0.274851 -0.146856 -0.114171
v 0.307808 -0.00318692 -0.0317095
v -0.331237 -0.488983 0.719836
v 0.26599598 -0.0289402 -0.09558678
v -0.376444 -0.45013 0.0999599
v 0.27097225 0.0071640015 -0.07130051
v 0.21774483 -0.076340765 -0.1442833
v 0.30906215 -0.08180237 -0.06752586
v 0.26804 -0.0666021 -0.106124
v 0.131964 -0.111136 -0.188613
v -0.125628 0.296564 0.306829
v 0.176218 -0.0952439 -0.168768
v 0.199052 0.0623656 -0.105989
v 0.148915 0.00578811 -0.165362
v 0.190658 0.0074224 -0.137241
v 0.30851 -0.340088 0.875405
v 0.263105 -0.289222 0.900577
v 0.214141 -0.334681 0.919903
v 0.26887 -0.396352 0.909752
v 0.266995 -0.336923 0.904292
v 0.25167656 -0.19654465 0.8980179
v 0.215216 -0.244729 0.920604
v 0.28818512 -0.22041416 0.8653412
v 0.258195 -0.248301 0.898482
v 0.126656 -0.240414 0.945024
v 0.164801 -0.284207 0.93026
v -0.375881 0.662505 -0.310821
v 0.16419983 -0.23530579 0.93798065
v 0.149733 -0.3934 0.920339
v 0.104904 -0.328487 0.922781
v 0.15673 -0.332639 0.924128
v 0.358457 -0.200112 -0.0267162
v 0.380901 -0.277243 0.032671
v 0.375987 -0.340814 -0.0337268
v 0.367895 -0.263853 -0.0306343
v -0.444197 0.711394 -0.263256
v -0.244653 -0.641994 0.666514
v 0.3440734 -0.112918854 -0.016151428
v -0.232047 0.565216 -0.501918
v 0.382253 -0.237542 0.105277
v 0.37966967 -0.16605091 0.110795975
v -0.209392 -0.47177 0.928314
v 0.379176 -0.364086 0.102343
v 0.375596 -0.311145 0.175939
v 0.381399 -0.294389 0.103665
v -0.213772 0.26767 -0.647803
v -0.079962134 0.31245422 0.26761627
v 0.35281515 -0.35345554 0.41440582
v -0.16093445 0.014022827 0.9277115
v 0.379525 -0.278609 0.243679
v 0.36659813 -0.32933283 0.27915955
v 0.387424 -0.1606344 0.25080776
v -0.116503 0.442256 0.0399308
v 0.384425 -0.235652 0.245143
v -0.134862 0.801108 -0.364702
v -0.140375 0.776566 -0.412207
v 0.37922335 -0.25507545 0.32042694
v -0.174785 -0.442414 0.24495
v -0.20034 -0.651356 0.660475
v 0.38019323 -0.07642996 0.2674904
v 0.35339677 -0.04962206 0.4469185
v 0.3631096 -0.09653187 0.45181656
v 0.38332224 -0.18046284 0.31938553
v 0.36994934 -0.20201206 0.43927002
v -0.124046326 -0.4828682 0.56108093
v 0.38595334 -0.10904682 0.18760204
v 0.3853811 -0.11636424 0.2699089
v -0.358205 0.712515 -0.324745
v 0.3692751 -0.036133647 0.27639008
v 0.380073 -0.0641595 0.195141
v -0.04249382 -0.23742485 -0.17308235
v 0.331012 0.0171674 0.0389716
v 0.357964 -0.0317511 0.0731655
v 0.33863163 -0.0482769 0.00028038025
v 0.336366 -0.0157204 0.0175237
v -0.165912 0.939303 -0.292739
v 0.363023 -0.0117289 0.147082
v 0.372551 -0.0487428 0.133083
v 0.36216068 -0.06544018 0.06109047
v 0.37790728 -0.08824456 0.12458229
v -0.0969194 -0.478778 0.897495
v 0.336842 -0.40362 0.835552
v 0.340911 -0.350598 0.77666
v -0.149543 -0.554429 0.922812
v 0.33033136 -0.33443832 0.8313732
v 0.334716 -0.360298 0.654176
v 0.340676 -0.308781 0.717453
v 0.335933 -0.414813 0.716014
v 0.339263 -0.356428 0.715872
v 0.33746243 -0.22519112 0.7281952
v 0.331546 -0.262105 0.774295
v -0.185474 -0.638484 0.162245
v 0.339619 -0.266826 0.718796
v 0.311718 -0.219243 0.822794
v 0.317327 -0.257308 0.824743
v 0.282982 -0.0932074 0.86163
v 0.3095169 -0.099518776 0.82045555
v -0.0576974 -0.360469 0.893822
v 0.304296 -0.0566442 0.818942
v -0.253217 0.578269 -0.474783
v -0.274305 0.331026 -0.617491
v -0.0630188 -0.19767761 0.96705246
v 0.309915 -0.178867 0.822052
v 0.351326 -0.14687538 0.66587067
v 0.342261 -0.141944 0.72292
v -0.0816243 -0.264189 -0.144485
v 0.335097 -0.0554519 0.724795
v 0.349859 -0.0980743 0.670701
v 0.341372 -0.0985454 0.724072
v -0.126096 0.69557 -0.127071
v -0.28588 0.662049 -0.349089
v 0.36733198 -0.14009869 0.45448303
v -0.258236 0.693552 -0.356883
v 0.3569851 -0.14157677 0.60956573
v -0.0418935 0.284411 0.356338
v 0.354744 -0.0974434 0.615492
v -0.17073059 -0.14660645 0.9449463
v -0.0641499 -0.454693 0.696538
v 0.35758972 -0.19376945 0.57958984
v -0.153901 0.116281 -0.399697
v -0.224501 0.676789 -0.452578
v -0.106456 0.208743 0.651454
v -0.110702515 0.075904846 0.9135208
v 0.3362614 -0.35966915 0.56729317
v -0.220538 0.85139906 -0.27432138
v -0.276152 -0.679477 0.14116
v 0.34480882 -0.32085437 0.59319687
v 0.34521103 -0.27862787 0.6499176
v -0.294197 -0.618974 0.884469
v -0.240548 0.35766 -0.62796
v 0.22988 0.247545 0.157829
v 0.250535 0.219935 0.200112
v -0.201014 0.943338 -0.25145
v 0.251096 0.217673 0.158942
v 0.173937 0.295795 0.151795
v 0.201028 0.279793 0.204606
v 0.208445 0.255016 0.0997486
v 0.204742 0.274117 0.153286
v 0.19325 0.264928 0.298974
v 0.224342 0.248556 0.249012
v 0.166122 0.2964 0.255682
v 0.197174 0.276415 0.252836
v -0.224677 -0.442616 0.362277
v -0.084777 0.331134 0.0392602
v 0.249328 0.213762 0.242242
v -0.0161103 -0.370733 0.852319
v 0.24220848 0.15089798 0.41528702
v -0.0354469 0.205232 0.761742
v 0.238934 0.137098 0.472953
v -0.0488177 0.375217 0.039732
v -0.101981 -0.43742 0.118873
v 0.27583742 0.15315628 0.28488922
v 0.24724293 0.19877625 0.2941513
v 0.157504 0.266542 0.348704
v -0.258514 0.602197 -0.445199
v 0.189327 0.246276 0.344018
v 0.178799 0.187723 0.48375
v -0.181336 0.804317 -0.228606
v 0.18258572 0.20571327 0.42926025
v -0.12957808 0.81570053 -0.21657634
v -0.179139 -0.436248 -0.106528
v 0.17568493 0.11966324 0.8264351
v 0.212012 0.0755801 0.841201
v -0.0593708 0.448955 0.0551193
v 0.22934914 0.12983513 0.6733532
v 0.195015 0.146226 0.738197
v 0.249108 0.0961373 0.728207
v 0.222367 0.12354 0.732548
v 0.136442 0.179619 0.750387
v 0.163968 0.1484 0.789706
v 0.169138 0.174847 0.695193
v 0.166543 0.164739 0.744396
v 0.17410278 0.09449768 0.8590927
v 0.13257 0.138159 0.837992
v -0.342489 -0.483419 0.78141
v 0.20595095 0.15875375 0.53554726
v -0.258116 0.645451 -0.13607
v -0.213918 -0.078022 0.922841
v 0.23538768 0.13278198 0.52885056
v 0.14283204 0.19831455 0.5452137
v 0.17516822 0.18063635 0.5409193
v -0.10706711 0.81855345 -0.31049728
v -0.114552 -0.619641 -0.0267392
v 0.139858 0.195421 0.647569
v 0.171473 0.178284 0.642915
v -0.294439 0.591849 -0.266039
v -0.289471 0.569074 -0.162469
v -0.186655 0.907214 -0.322451
v 0.31709945 0.033909082 0.44971848
v -0.0352238 0.828719 -0.341387
v -0.111325 0.219111 0.491389
v 0.34935594 0.021491885 0.2518425
v 0.32542133 0.056602478 0.30645752
v -0.335047 -0.66747 -0.026194
v -0.0441574 0.329119 0.0693112
v 0.27624512 0.16830444 0.23200607
v -0.136706 0.926532 -0.249134
v 0.29170835 0.07155782 0.46981812
v 0.2840569 0.09983158 0.39816666
v 0.32901502 -0.008905172 0.6597271
v 0.30029 0.0266191 0.725054
v 0.308985 -0.0158364 0.772679
v 0.320738 -0.0133772 0.724898
v 0.267341 0.0573644 0.769829
v -0.318359 0.584666 -0.230094
v 0.275748 0.0634772 0.725933
v 0.24017 0.0457536 0.838346
v 0.274888 0.0183198 0.812257
v 0.256292 0.0501447 0.807253
v 0.268509 -0.018423 0.854481
v 0.291897 -0.0177918 0.816142
v 0.181753 0.135303 -0.0848536
v 0.21617126 0.17032146 -0.004142761
v 0.27132654 0.047698975 -0.04087448
v 0.20757 0.117335 -0.0616182
v 0.23017311 0.20240021 0.05754471
v 0.190293 0.237055 0.0258931
v -0.412958 0.685943 -0.291128
v 0.27184248 0.15795517 0.08436394
v 0.265278 0.133372 0.0353559
v -0.25113 -0.502745 0.197094
v 0.298292 0.0729821 0.0271766
v 0.270541 0.0874645 -0.00640695
v -0.267 0.601931 -0.388185
v -0.331331 -0.556659 0.842236
v 0.28231978 0.06943798 0.6647568
v -0.0899111 -0.634521 0.847274
v -0.17061615 -0.05543232 0.9492111
v -0.214224 0.916672 -0.246046
v 0.33786833 -0.006781578 0.44478035
v -0.279361 0.583208 -0.137022
v 0.33595 0.0447295 0.115485
v -0.07328379 0.22111464 0.54778767
v 0.34081787 0.045448303 0.1788826
v 0.3139534 0.07884407 0.08322525
v -0.106751 -0.633108 0.0275567
v 0.2879219 0.1503191 0.14573193
v -0.0377827 0.232065 0.495188
v 0.27534652 0.17653894 0.19198418
v 0.149034 0.119255 -0.152767
v 0.167034 0.18223 -0.122798
v 0.177314 0.204818 -0.0510199
v 0.168725 0.158519 -0.103729
v 0.194921 0.221357 -0.173014
v 0.177164 0.238112 -0.093383
v 0.160058 0.168229 -0.195838
v 0.175228 0.201681 -0.146613
v 0.149721 0.3008 -0.00470029
v 0.167426 0.259011 -0.0241111
v 0.17918 0.290497 -0.0609743
v 0.168557 0.27236 -0.0447148
v 0.159665 0.285267 0.0452783
v 0.175009 0.248965 0.00116269
v 0.233098 0.21084 -0.267301
v 0.26422 0.274293 -0.228207
v 0.193571 0.26011473 -0.11506474
v 0.227725 0.245742 -0.199837
v 0.314639 0.343639 -0.292523
v 0.27622 0.344814 -0.176785
v 0.306638 0.268641 -0.338166
v 0.294985 0.306469 -0.259249
v 0.21453 0.407775 -0.0317089
v 0.225521 0.344757 -0.0845003
v 0.267222 0.417414 -0.116444
v 0.249809 0.379204 -0.0978893
v 0.173263 0.341693 -0.0238379
v 0.200073 0.314908 -0.0732157
v 0.192666 0.159829 -0.308601
v 0.240251 0.15911 -0.387649
v 0.279797 0.207117 -0.366981
v 0.238726 0.181983 -0.331175
v 0.213461 0.12942 -0.465108
v 0.265715 0.160342 -0.469212
v 0.195451 0.128497 -0.407372
v 0.233311 0.142158 -0.432916
v 0.305787 0.218563 -0.547441
v 0.307399 0.208213 -0.46356
v 0.259412 0.1698 -0.542722
v 0.290901 0.186126 -0.509143
v 0.330786 0.26947 -0.445487
v 0.31171 0.235804 -0.406418
v 0.32675 0.280027 -0.535933
v 0.321008 0.352655 -0.511417
v 0.329541 0.345256 -0.410956
v 0.333345 0.309542 -0.480189
v 0.272516 0.239582 -0.609537
v 0.296456 0.295786 -0.60247
v 0.307295 0.256707 -0.578835
v 0.240548 0.35766 -0.62796
v 0.289278 0.358786 -0.584918
v 0.246645 0.312827 -0.640337
v 0.274305 0.331026 -0.617491
v 0.295245 0.436762 -0.484187
v 0.255976 0.429549 -0.563622
v 0.295399 0.395443 -0.540067
v 0.335047 -0.66747 -0.026194
v 0.288313 -0.71953 0.0292002
v 0.233667 -0.718383 -0.0394682
v 0.288912 -0.666279 -0.0831981
v 0.288523 -0.704927 -0.0329901
v 0.276152 -0.679477 0.14116
v 0.227442 -0.724741 0.0933852
v 0.327044 -0.674066 0.0872825
v 0.281161 -0.710704 0.0910758
v 0.136631 -0.686121 0.0787634
v 0.172796 -0.723594 0.0247169
v 0.182766 -0.687312 0.135767
v 0.176191 -0.716151 0.0857864
v 0.187443 -0.669698 -0.0818819
v 0.136552 -0.67511 -0.0280042
v 0.179633 -0.708233 -0.0350267
v 0.2461 -0.678205 0.889508
v 0.198896 -0.723335 0.85193
v 0.248642 -0.724519 0.790895
v 0.288217 -0.679435 0.838379
v 0.246831 -0.711912 0.845432
v 0.113033 -0.684171 0.844965
v 0.148661 -0.727347 0.795626
v 0.15574 -0.680004 0.892121
v 0.151829 -0.713932 0.849146
v 0.157976 -0.694713 0.696986
v 0.198408 -0.728532 0.734591
v 0.115859 -0.693483 0.748115
v 0.153047 -0.720555 0.741401
v 0.283587 -0.684515 0.738785
v 0.24088 -0.688682 0.691628
v 0.244434 -0.716483 0.736358
v 0.342489 -0.483419 0.78141
v 0.32282 -0.565952 0.726198
v 0.30391 -0.498066 0.668956
v 0.331237 -0.488983 0.719836
v 0.31354 -0.474577 0.887895
v 0.331331 -0.556659 0.842236
v 0.337524 -0.478425 0.840051
v 0.319732 -0.633454 0.786428
v 0.294197 -0.618974 0.884469
v 0.315639 -0.625673 0.839496
v 0.28283 -0.632563 0.691009
v 0.308326 -0.632734 0.733956
v -0.1475 0.153854 -0.575332
v -0.0024724007 -0.4036522 -0.0032081604
v 0.0774719 -0.570173 0.85133
v 0.0969194 -0.478778 0.897495
v 0.06405592 -0.43362454 0.8518009
v 0.106684 -0.534636 0.682874
v 0.083367944 -0.58976126 0.7393601
v 0.069956 -0.47422 0.735292
v -0.0312142 -0.420036 0.03584
v 0.0840444 -0.64607 0.797118
v 0.119063 -0.647679 0.702012
v 0.0943475 -0.648249 0.746058
v 0.112805 -0.624088 0.888986
v 0.0899111 -0.634521 0.847274
v 0.252371 -0.581833 0.652832
v 0.208287 -0.52835 0.637223
v 0.260651 -0.513618 0.642398
v 0.20034 -0.651356 0.660475
v 0.244653 -0.641994 0.666514
v 0.15335 -0.595644 0.66033
v 0.156436 -0.650983 0.672896
v 0.153645 -0.534978 0.650489
v 0.149543 -0.554429 0.922812
v 0.209392 -0.47177 0.928314
v 0.147798 -0.472236 0.922294
v 0.203436 -0.628169 0.923071
v 0.153584 -0.625261 0.914716
v 0.262868 -0.552296 0.920108
v 0.253551 -0.622939 0.912658
v 0.267734 -0.472455 0.917082
v 0.348561 -0.464054 0.158716
v 0.369537 -0.538419 0.0961211
v 0.387436 -0.440321 0.0296682
v 0.376444 -0.45013 0.0999599
v 0.368236 -0.614976 0.0306267
v 0.325558 -0.615423 0.139592
v 0.354786 -0.614851 0.0904298
v 0.340742 -0.597899 -0.0798229
v 0.378455 -0.525308 -0.0356201
v 0.364087 -0.605614 -0.0296813
v 0.354445 -0.427851 -0.0878125
v 0.380964 -0.432504 -0.0361787
v 0.243518 -0.430642 -0.121062
v 0.182701 -0.527846 -0.109937
v 0.12704 -0.448099 -0.0735785
v 0.179139 -0.436248 -0.106528
v 0.304443 -0.521287 -0.117606
v 0.305291 -0.427537 -0.115465
v 0.241923 -0.609859 -0.117359
v 0.296601 -0.602967 -0.109127
v 0.141316 -0.607217 -0.0730372
v 0.186967 -0.607615 -0.104287
v 0.148115 -0.512563 0.149929
v 0.188536 -0.577394 0.174934
v 0.25113 -0.502745 0.197094
v 0.196177 -0.511769 0.183546
v 0.233064 -0.638226 0.175543
v 0.145237 -0.635178 0.13052
v 0.185474 -0.638484 0.162245
v 0.293784 -0.559568 0.181063
v 0.282371 -0.626877 0.167977
v 0.304357 -0.484216 0.189956
v 0.105712 -0.548895 -0.0268432
v 0.0997946 -0.492468 0.0352712
v 0.0953701 -0.405611 -0.0214782
v 0.102107 -0.469936 -0.0239275
v 0.106751 -0.633108 0.0275567
v 0.114552 -0.619641 -0.0267392
v 0.113288 -0.573273 0.0910993
v 0.117988 -0.635837 0.0828
v 0.112515 -0.451919 0.0935688
v 0.115559 -0.506404 0.0968639
v 0.271184 0.525759 -0.460079
v 0.285353 0.520853 -0.361551
v 0.308658 0.43336 -0.368305
v 0.291391 0.478507 -0.418527
v 0.278055 0.600765 -0.320108
v 0.282577 0.535883 -0.259681
v 0.267 0.601931 -0.388185
v 0.278645 0.563976 -0.33172
v 0.247008 0.54474 -0.114114
v 0.271214 0.498067 -0.167977
v 0.277875 0.55689 -0.190965
v 0.271665 0.531425 -0.180446
v 0.298509 0.427522 -0.236282
v 0.235335 0.485531 -0.0647615
v 0.272045 0.45855 -0.143225
v 0.317802 0.38717 -0.32759
v 0.192626 0.647576 -0.125774
v 0.267679 0.610284 -0.129549
v 0.326452 0.645309 -0.138504
v 0.252363 0.682167 -0.15033
v 0.258116 0.645451 -0.13607
v 0.289471 0.569074 -0.162469
v 0.324346 0.587714 -0.15672
v 0.239082 0.578957 -0.111996
v 0.279361 0.583208 -0.137022
v 0.401583 0.612716 -0.19176
v 0.380321 0.61857 -0.152413
v 0.35448 0.589213 -0.202564
v 0.367842 0.597467 -0.17194
v 0.388682 0.680406 -0.144893
v 0.430349 0.658277 -0.154382
v 0.384792 0.647908 -0.143704
v 0.294439 0.591849 -0.266039
v 0.318359 0.584666 -0.230094
v 0.294318 0.572729 -0.209871
v 0.28588 0.662049 -0.349089
v 0.312606 0.638668 -0.319124
v 0.290372 0.624108 -0.317788
v 0.375881 0.662505 -0.310821
v 0.343967 0.620068 -0.286887
v 0.345079 0.681327 -0.333156
v 0.34177 0.649107 -0.318477
v 0.380591 0.614582 -0.245535
v 0.347363 0.598425 -0.244565
v 0.393743 0.706765 -0.3123
v 0.444197 0.711394 -0.263256
v 0.419572 0.658706 -0.261892
v 0.412958 0.685943 -0.291128
v 0.452589 0.744444 -0.206816
v 0.471552 0.708579 -0.199184
v 0.43241 0.746455 -0.258303
v 0.460792 0.730831 -0.231063
v 0.447289 0.655956 -0.196803
v 0.447397 0.702392 -0.15815
v 0.460337 0.681448 -0.17325
v 0.417303 0.633713 -0.225256
v -0.143787 -0.462243 0.587914
v 0.040073395 0.3229301 0.19882774
v -0.401583 0.612716 -0.19176
v -0.220893 0.723503 -0.390265
v -0.0504326 0.666442 -0.034872
v -0.15519452 0.8829155 -0.32128716
v 0.07981968 0.31282616 0.26586533
v -0.141278 0.921251 -0.283964
v 0.046056747 -0.27400208 0.94221497
v 0.132936 0.312061 0.210485
v 0.125628 0.296564 0.306829
v 0.129481 0.307575 0.259519
v 0.135299 0.30832 0.112598
v 0.13572 0.310986 0.159838
v 0 0.228164 0.547798
v 0.037371755 0.22641426 0.5480881
v -0.17468882 -0.48121023 0.3566761
v 0.0377827 0.232065 0.495188
v -0.148115 -0.512563 0.149929
v 0.0357781 0.218679 0.710249
v 0.0717153 0.218255 0.65442
v 0 0.22586 0.657001
v 0.0360809 0.22396 0.656319
v -0.227222 0.886884 -0.273083
v 0.105384 0.203917 0.704755
v 0.106456 0.208743 0.651454
v 0.111325 0.219111 0.491389
v 0.108626485 0.2118206 0.5472765
v 0 0.20702 0.762635
v 0.035033 0.18494 0.809623
v 0.0703592 0.199987 0.759265
v 0.0354469 0.205232 0.761742
v 0.0337403 0.129119 0.889852
v 0.0684286 0.154761 0.849486
v 0 0.160642 0.853891
v 0.0344822 0.159128 0.852718
v 0.10286 0.172311 0.802347
v 0.0994805 0.118705 0.880737
v 0.101303 0.147713 0.844481
v 0.104202 0.191409 0.755412
v 0 -0.422236 0.0297518
v 0.0290027 -0.401336 0.00260959
v 0.0619855 -0.419454 0.0516405
v 0.032544 -0.433336 0.0684456
v 0.0312142 -0.420036 0.03584
v 0.027111053 -0.32002258 -0.1025238
v 0.0524989 -0.374486 -0.0268658
v -0.0492429 0.116377 -0.329956
v -0.069067 0.37884903 -0.64748
v 0.0804386 -0.407577 0.025012
v 0.0781392 -0.343402 -0.0680291
v 0.0771327 -0.378765 -0.022981
v 0.101981 -0.43742 0.118873
v 0.0918712 -0.426509 0.0746889
v -0.0313039 0.800824 -0.16616
v 0.0162142 -0.396858 0.808469
v 0.032518 -0.377955 0.851217
v 0.0173499 -0.340897 0.891348
v 0.015004635 -0.37044144 0.8522568
v -0.0541098 0.40816 0.0483714
v 0.0352263 -0.426311 0.757202
v -0.0360809 0.22396 0.656319
v -0.409003 0.736167 -0.174314
v 0.0473693 -0.423079 0.799815
v 0.0641499 -0.454693 0.696538
v 0.0543417 -0.44245 0.745122
v 0.0576974 -0.360469 0.893822
v 0.0495204 -0.395304 0.851292
v 0.036766052 0.28102875 0.36375427
v -0.0792455 0.219987 -0.642965
v 0.08278 0.283223 0.354838
v -0.0775425 0.260206 -0.661002
v 0.07782364 0.24440575 0.43997955
v -0.282371 -0.626877 0.167977
v 0.0389355 0.245943 0.446792
v 0.11444521 0.23685074 0.4387436
v -0.226436 0.912723 -0.26973
v 0.121652 0.278062 0.352302
v 0 0.337744 0.0495788
v 0.0441574 0.329119 0.0693112
v 0.084777 0.331134 0.0392602
v 0.0448664 0.351036 0.0368917
v 0.0436281 0.336529 0.047541
v -0.210129 0.15949 -0.56385
v 0.032275558 0.32744336 0.09883499
v -0.0953701 -0.405611 -0.0214782
v 0.122579 0.311429 0.0436831
v 0.129137 0.308034 0.0737864
v 0.125569 0.33518 0.0110101
v 0.120968 0.319807 0.0225689
v 0 0.450581 0.0596803
v 0.0541098 0.40816 0.0483714
v 0.116503 0.442256 0.0399308
v 0.0632284 0.496693 0.0522852
v 0.0593708 0.448955 0.0551193
v 0.0954346 0.370179 0.029827
v 0 0.37634 0.0420973
v 0.0488177 0.375217 0.039732
v 0.153438 0.391277 0.0121446
v 0.13765 0.35956 0.0095734
v 0.18104 0.470039 0.00485434
v 0.169159 0.42866 0.0126096
v 0 0.570891 -0.534672
v -0.227442 -0.724741 0.0933852
v 0.130136 0.568004 -0.528764
v 0.0692761 0.505582 -0.562042
v 0.0664738 0.570216 -0.533525
v 0.0536794 0.762368 -0.447664
v 0.113201 0.701726 -0.474505
v -0.378455 -0.525308 -0.0356201
v 0.051540375 0.7025223 -0.48095322
v 0.199905 0.685497 -0.462496
v 0.174025 0.632377 -0.495223
v 0.150533 0.744043 -0.44196
v 0.161614 0.694175 -0.469576
v 0.199187 0.49892 -0.545668
v 0.232047 0.565216 -0.501918
v 0.188173 0.564066 -0.51907
v -0.247517 -0.0516572 0.891815
v 0.0722065 0.37888718 -0.6474228
v -0.0878074 -0.176513 -0.193941
v 0.069768906 0.34092093 -0.6649289
v -0.267734 -0.472455 0.917082
v 0.138821 0.452917 -0.589054
v -0.0703592 0.199987 0.759265
v 0.0706181 0.454733 -0.593233
v 0.199873 0.404748 -0.612935
v 0.202195 0.446614 -0.579567
v 0.193634 0.339499 -0.652866
v 0.194895 0.370921 -0.637938
v -0.014549255 -0.23323822 0.9600029
v -0.003964901 -0.07242924 1.0024186
v -0.0271637 -0.0905263 1.02914
v -0.0438017 0.818098 -0.377412
v 0.042556763 -0.23374939 0.95866776
v 0.030304909 -0.3077011 0.92139816
v -0.282577 0.535883 -0.259681
v -0.025853157 -0.09216726 1.0215399
v 0.0802769 -0.277764 0.939515
v 0.0688023 -0.319918 0.921674
v 0.10444641 -0.19067383 0.9605942
v -0.148661 -0.727347 0.795626
v -0.0041775703 -0.32593918 -0.100112915
v 0.035187006 -0.2788105 -0.14208603
v 0.04995346 -0.3219757 -0.09485626
v -0.0449537 0.11665 -0.27594
v -0.0638504 -0.4657526 0.6410179
v 0.0521008 -0.23408 -0.173683
v 0.020797253 -0.24227905 -0.17093849
v -0.026763558 0.8305507 -0.24924469
v 0.0816243 -0.264189 -0.144485
v 0.0878074 -0.176513 -0.193941
v 0.0840611 -0.222685 -0.173847
v 0.0796433 -0.304819 -0.108871
v -0.01897049 -0.13041115 -0.21419764
v -0.176191 -0.716151 0.0857864
v -0.136631 -0.686121 0.0787634
v 0.040480614 -0.11974335 -0.2146802
v 0.0381981 0.0419961 -0.235526
v 0.0713902 -0.00682142 -0.215572
v -0.037371993 0.22641444 0.54809093
v -0.176258 0.119186 -0.482359
v 0.101087 -0.0620719 -0.200364
v 0.115674 0.055105 -0.187883
v 0.109216 -0.00036684 -0.192884
v 0.0937169 -0.121882 -0.201748
v 0 0.0779149 -0.251636
v 0.0428926 0.103386 -0.257977
v 0.0803711 0.0844567 -0.225271
v 0.0406901 0.0790388 -0.244814
v 0.0470212 0.120443 -0.299626
v 0.0884331 0.12573 -0.258533
v 0 0.114136 -0.282485
v 0.0449537 0.11665 -0.27594
v 0.120922 0.124855 -0.209363
v 0.138478 0.148595 -0.265069
v 0.128964 0.142918 -0.232488
v 0.118034 0.096215 -0.193935
v 0 0.113801 -0.334664
v -0.039577484 0.8149624 -0.19983673
v 0.097999 0.124878 -0.319976
v 0.0492429 0.116377 -0.329956
v 0.0595919 0.101024 -0.449026
v 0.10947561 0.10780156 -0.39656544
v -0.0717153 0.218255 0.65442
v 0.057255268 0.10272789 -0.39975405
v 0.150911 0.126322 -0.356271
v 0.16045 0.112915 -0.441079
v 0.153901 0.116281 -0.399697
v 0.145782 0.140078 -0.308863
v -0.052942872 0.10906468 -0.49461985
v 0.0709982 0.126709 -0.538642
v 0.125551 0.112279 -0.490196
v 0.065189 0.10952 -0.494143
v 0.0790718 0.182988 -0.615599
v 0.1475 0.153854 -0.575332
v 0.06505382 0.15079737 -0.5797882
v -0.118034 0.096215 -0.193935
v 0.194944 0.134806 -0.523346
v 0.219301 0.191387 -0.600189
v 0.210129 0.15949 -0.56385
v 0.176258 0.119186 -0.482359
v -0.0403517 0.7183 -0.0719016
v -0.102981 -0.465723 0.632974
v 0.154044 0.222564 -0.638941
v 0.068284035 0.21966171 -0.6434231
v 0.144378 0.302534 -0.665208
v 0.06993294 0.3013773 -0.66884536
v -0.16045 0.112915 -0.441079
v 0.213772 0.26767 -0.647803
v 0.202463 0.304851 -0.656009
v 0.21995 0.228648 -0.628685
v 0.126715 0.537337 0.0111468
v 0.0606884 0.60785 0.00104436
v 0 0.554408 0.0408567
v 0.0643107 0.550463 0.0321785
v 0.191637 0.550233 -0.0477524
v 0.185308 0.513743 -0.0172354
v 0.171165 0.605799 -0.0764289
v 0.209701 0.569968 -0.0807895
v 0.126096 0.69557 -0.127071
v 0.0987466 0.656786 -0.062447
v 0.142824 0.650926 -0.0969906
v 0 0.672219 -0.0228265
v -0.174025 0.632377 -0.495223
v 0.0504326 0.666442 -0.034872
v 0.237614 0.630468 -0.469873
v 0.258514 0.602197 -0.445199
v 0.253217 0.578269 -0.474783
v 0.212896 0.714905 -0.428435
v 0.24139309 0.65800667 -0.4424801
v 0.224501 0.676789 -0.452578
v 0.246529 0.67248 -0.397952
v 0.254771 0.635976 -0.4207
v 0.226436 0.912723 -0.26973
v 0.21544 0.938681 -0.279423
v 0.201014 0.943338 -0.25145
v 0.214224 0.916672 -0.246046
v 0.216965 0.931825 -0.261167
v 0.196917 0.927676 -0.311546
v 0.191876 0.948989 -0.288378
v 0.216862 0.918936 -0.303965
v 0.207634 0.937732 -0.29671
v 0.1537 0.943252 -0.269054
v 0.17745 0.953646 -0.260405
v 0.165912 0.939303 -0.292739
v 0.173109 0.951035 -0.277835
v 0.179801 0.930945 -0.23207
v 0.159856 0.939686 -0.239651
v 0.180783 0.946411 -0.244635
v -0.138821 0.452917 -0.589054
v -0.082099915 -0.073848724 0.9821663
v 0.199084 0.77337 -0.281405
v 0.209996 0.761876 -0.268358
v 0.2025013 0.7661012 -0.28980446
v -0.144378 0.302534 -0.665208
v 0.178221 0.788374 -0.325575
v 0.18144226 0.7816715 -0.32884693
v -0.092811584 -0.04498291 0.98857117
v -0.419572 0.658706 -0.261892
v -0.209229 0.892731 -0.238166
v 0.166121 0.80492926 -0.33508372
v 0.18124378 0.7968858 -0.3226328
v 0.202175 0.775482 -0.251997
v 0.203233 0.797472 -0.273932
v 0.199221 0.78193 -0.2764
v 0.18183726 0.80465555 -0.2291035
v 0.151415 0.801648 -0.215482
v 0.168503 0.781447 -0.210541
v 0.192516 0.777938 -0.227759
v 0.174268 0.789156 -0.220565
v -0.303456 0.759588 -0.213776
v -0.10286 0.172311 0.802347
v -0.057123 -0.235922 0.956621
v -0.083367705 -0.5897517 0.7393596
v -0.347363 0.598425 -0.244565
v 0.1427984 0.79405785 -0.20832062
v 0.0963023 0.812563 -0.21585
v 0.11994171 0.8051753 -0.21111298
v -0.300161 0.759231 -0.259113
v 0.18449676 0.7555833 -0.18995333
v -0.151776 -0.503865 0.416665
v 0.13462329 0.8012626 -0.36446
v -0.046641 -0.500432 0.308431
v 0.14468503 0.8054142 -0.33651352
v 0.140844 0.802002 -0.341998
v -0.135299 0.30832 0.112598
v 0.10501 0.817882 -0.310157
v -0.052272797 -0.0767231 1.002409
v 0.091560364 0.8187411 -0.30325508
v -0.0552219 -0.529321 0.415644
v -0.216542 0.0481267 0.863247
v -0.04982567 0.32428682 0.16562653
v 0.11026001 0.825717 -0.30878162
v -0.272516 0.239582 -0.609537
v -0.225597 0.0165132 0.878354
v 0.07368374 0.82366014 -0.2508154
v 0.0780919 0.822576 -0.248928
v 0.08523095 0.82552516 -0.26790214
v 0.07846296 0.8227298 -0.269547
v 0.0899479 0.821575 -0.232115
v -0.206641 -0.0168625 0.913183
v -0.00022000074 -0.378685 -0.038475037
v -0.20084834 0.859838 -0.2345612
v -0.21686935 0.7489128 -0.32414246
v 0.09586342 0.829941 -0.23299867
v -0.271214 0.498067 -0.167977
v -0.291391 0.478507 -0.418527
v 0.208076 0.764415 -0.241789
v 0.226075 0.759994 -0.240858
v 0.231902 0.754223 -0.26947
v 0.216972 0.759952 -0.252956
v 0.20189 0.765574 -0.22074
v 0.201854 0.770051 -0.234112
v 0.215759 0.757673 -0.200462
v 0.223444 0.760451 -0.217689
v 0.205912 0.761992 -0.209879
v 0.264144 0.760816 -0.243923
v 0.265103 0.760852 -0.220189
v 0.240714 0.760641 -0.229576
v 0.278995 0.751255 -0.279238
v 0.277858 0.727498 -0.319523
v 0.2347207 0.74286795 -0.30633163
v 0.256224 0.744786 -0.293184
v -0.105712 -0.548895 -0.0268432
v 0.32725906 0.7573409 -0.269063
v -0.252371 -0.581833 0.652832
v 0.37536 0.738148 -0.30116
v 0.402685 0.758643 -0.236201
v 0.390758 0.753705 -0.27032
v 0.317986 0.708047 -0.333577
v 0.358205 0.712515 -0.324745
v 0.258236 0.693552 -0.356883
v 0.284726 0.698216 -0.343913
v -0.329845 0.712932 -0.159268
v 0.248651 0.737773 -0.18066
v 0.277376 0.753251 -0.197126
v 0.23327 0.750984 -0.191422
v 0.329845 0.712932 -0.159268
v 0.178779 0.718135 -0.16643
v 0.252112 0.713887 -0.166078
v 0.409003 0.736167 -0.174314
v 0.39942 0.710994 -0.155057
v -0.237857 -0.0169093 0.886885
v 0.409429 0.752424 -0.202781
v 0.31408262 0.7594967 -0.21305418
v -0.21708599 0.8562367 -0.29839832
v 0.061323166 0.79662895 -0.17690659
v 0.11931229 0.784698 -0.18637276
v -0.091137886 0.81734157 -0.34630394
v 0 0.80352 -0.16013
v 0.0359638 0.781745 -0.13792
v -0.130136 0.568004 -0.528764
v 0.0313039 0.800824 -0.16616
v 0.0771688 0.744134 -0.128582
v 0 0.760454 -0.0953915
v 0.0372542 0.755486 -0.106376
v 0.128352 0.75368 -0.16956
v 0.122404 0.729951 -0.151266
v -0.1537 0.943252 -0.269054
v -0.0774719 -0.570173 0.85133
v -0.0132272 -0.0889316 1.04223
v 0.0438017 0.818098 -0.377412
v 0 0.831312 -0.342444
v 0.0352238 0.828719 -0.341387
v 0.105446 0.812324 -0.352131
v -0.045093536 -0.084095955 1.0141191
v -0.129481 0.307575 0.259519
v 0.16599464 0.78318024 -0.3787918
v 0.134148 0.794627 -0.38492
v -0.0524328 -0.518796 0.361628
v 0.0968568 0.789376 -0.411772
v 0.176513 0.760515 -0.410655
v 0.140375 0.776566 -0.412207
v 0 0.800708 -0.414889
v 0.0494105 0.797681 -0.413491
v -0.12906 -0.497175 0.517019
v 0.0076532364 0.83173513 -0.245121
v 0.00399518 0.8253937 -0.21709824
v -0.0473693 -0.423079 0.799815
v -0.252363 0.682167 -0.15033
v 0.08305311 0.8190379 -0.23033142
v -0.04140663 -0.083670616 1.0226059
v -0.113201 0.701726 -0.474505
v 0 0.834904 -0.275945
v 0.024407774 0.83390945 -0.28985643
v -0.199187 0.49892 -0.545668
v 0.220893 0.723503 -0.390265
v 0.20182 0.742487 -0.402976
v -0.2518425 -0.1975174 0.8979702
v 0.19114497 0.76395226 -0.374012
v 0.229147 0.73046 -0.348619
v 0.2165947 0.74910736 -0.32430267
v 0.238328 0.704586 -0.373617
v 0.19167328 0.8674555 -0.33058512
v 0.20629406 0.86024165 -0.31874347
v -0.0337403 0.129119 0.889852
v -0.0344822 0.159128 0.852718
v 0.225435 0.891324 -0.293612
v 0.202088 0.898609 -0.32219
v 0.216036 0.894273 -0.311279
v 0.221713 0.885753 -0.253374
v -0.101303 0.147713 0.844481
v 0.227222 0.886884 -0.273083
v 0.207473 0.823979 -0.249259
v 0.22053915 0.85140353 -0.2743218
v 0.12387872 0.89216626 -0.28614187
v 0.13730526 0.8881886 -0.305398
v -0.0381981 0.0419961 -0.235526
v -0.202175 0.775482 -0.251997
v 0.170407 0.915574 -0.314537
v 0.141278 0.921251 -0.283964
v 0.154011 0.919177 -0.300925
v -0.0619855 -0.419454 0.0516405
v 0.186655 0.907214 -0.322451
v 0.17395377 0.875144 -0.33069074
v 0.1364132 0.8869406 -0.22273171
v 0.12409116 0.8928156 -0.23227769
v -0.191637 0.550233 -0.0477524
v -0.207634 0.937732 -0.29671
v 0.136706 0.926532 -0.249134
v 0.152825 0.914652 -0.226568
v 0.141818 0.921807 -0.235425
v -0.14760602 0.81248236 -0.33496988
v 0.136018 0.925025 -0.266007
v 0.11695033 0.89416754 -0.26628792
v 0.201725 0.863227 -0.234578
v 0.15910816 0.8169762 -0.2203247
v -0.183529 0.754714 -0.188935
v 0.191735 0.902282 -0.228209
v 0.209229 0.892731 -0.238166
v 0.158724 0.882351 -0.220155
v 0.171199 0.908866 -0.224253
v 0.12958433 0.81573695 -0.21657935
v 0.182724 -0.45582008 0.5353966
v 0.1959722 -0.47374356 0.4720745
v 0.228365 -0.446181 0.420977
v 0.21326 -0.450303 0.478539
v 0.102981 -0.465723 0.632974
v -0.387436 -0.440321 0.0296682
v 0.143787 -0.462243 0.587914
v 0.12450409 -0.48349 0.55903625
v 0.17086 -0.474631 0.521789
v 0.09513092 -0.47355652 0.603775
v 0.1412983 -0.4678507 0.57351303
v 0.20904154 -0.4704816 0.4192268
v 0.176881 -0.48852 0.469991
v -0.0899479 0.821575 -0.232115
v -0.308658 0.43336 -0.368305
v 0.06012535 -0.46409702 0.64933586
v 0.0705061 -0.461083 0.663389
v 0.038619995 -0.45256233 0.68523407
v -0.128352 0.75368 -0.16956
v -0.0713902 -0.00682142 -0.215572
v -0.08465481 -0.5067768 0.5263252
v -0.380321 0.61857 -0.152413
v -0.014268875 -0.47879028 0.6187134
v 0.046588898 -0.4780426 0.614624
v -0.035033 0.18494 0.809623
v -0.16172981 -0.4483781 0.25676727
v 0.044315338 -0.4412799 0.11325073
v -0.138015 -0.443895 0.192281
v 0.0002030246 -0.43627977 0.065844536
v -0.0804386 -0.407577 0.025012
v 0.138015 -0.443895 0.192281
v -0.152825 0.914652 -0.226568
v 0.101319 -0.442167 0.150389
v -0.0448664 0.351036 0.0368917
v -0.112515 -0.451919 0.0935688
v 0.12080383 -0.4530387 0.23386765
v -0.141818 0.921807 -0.235425
v -0.113288 -0.573273 0.0910993
v -0.179801 0.930945 -0.23207
v 0.04656601 -0.4509945 0.175251
v 0.205661 -0.440923 0.30331
v 0.16232109 -0.4486041 0.25825882
v 0.174785 -0.442414 0.24495
v 0.213095 -0.454425 0.36305
v 0.224677 -0.442616 0.362277
v 0.178344 -0.481123 0.364052
v -0.114498615 0.2368393 0.4387741
v 0.199389 -0.4673 0.363772
v -0.277858 0.727498 -0.319523
v -0.029748201 0.2493372 0.43821716
v 0 -0.501354 0.566258
v 0.0472884 -0.515301 0.519274
v 0.0774159 -0.49456 0.56248
v 0.0400356 -0.499329 0.565268
v 0.0552219 -0.529321 0.415644
v 0.102374 -0.516827 0.468605
v 0 -0.53078 0.469003
v 0.0529288 -0.526727 0.468796
v 0.12906 -0.497175 0.517019
v 0.151776 -0.503865 0.416665
v 0.144853 -0.503338 0.468859
v -0.0891709 0.320583 0.0906503
v 0 -0.522771 0.361177
v 0.046641 -0.500432 0.308431
v 0.101727 -0.509066 0.362546
v 0.0524328 -0.518796 0.361628
v 0.08892155 -0.49258423 0.3087616
v 3.6507845e-07 -0.46307278 0.21111679
v 0.04851055 -0.46127224 0.21559525
v 0.12739372 -0.48204803 0.30847168
v -0.14138794 -0.4678774 0.57336044
v 0.144743 -0.495777 0.363499
v -0.084018 0.819324 -0.230668
v -0.125569 0.33518 0.0110101
v 0.1446228 -0.03714466 0.9601898
v -0.228365 -0.446181 0.420977
v -0.089458466 -0.49251556 0.30848694
v -0.06398773 0.084480286 0.92302704
v -0.0494105 0.797681 -0.413491
v -0.265103 0.760852 -0.220189
v -0.0781392 -0.343402 -0.0680291
v -0.06939888 0.18226433 -0.6155844
v 0.111824036 -0.05027008 0.97535706
v -0.04953766 -0.050239563 1.0234604
v 0.1662445 -0.08288574 0.9509964
v 0.213918 -0.078022 0.922841
v 0.18167877 -0.049829483 0.94195557
v -0.219301 0.191387 -0.600189
v -0.027111053 -0.05426407 1.0356064
v -0.21326 -0.450303 0.478539
v -0.176881 -0.48852 0.469991
v 0.20540619 -0.13024902 0.9286537
v -0.183641 -0.455489 0.534379
v -0.141316 -0.607217 -0.0730372
v -0.196917 0.927676 -0.311546
v -0.0994805 0.118705 0.880737
v 0.247517 -0.0516572 0.891815
v 0.24577713 -0.09066391 0.8992729
v 0.206641 -0.0168625 0.913183
v -0.231902 0.754223 -0.26947
v 0.16744232 -0.016262054 0.9398804
v 0.225597 0.0165132 0.878354
v 0.237857 -0.0169093 0.886885
v 0.188508 0.055577 0.881861
v 0.216542 0.0481267 0.863247
v -0.153584 -0.625261 0.914716
v -0.271184 0.525759 -0.460079
v 0.14786911 0.06984711 0.89907074
v 0.100860596 -0.017501831 0.9733887
v -0.337524 -0.478425 0.840051
v -0.115674 0.055105 -0.187883
v -0.221713 0.885753 -0.253374
v 0.031555176 0.08854675 0.9264374
v 0.0007042885 -0.0036087036 0.99144745
v 0.03815651 -0.0035057068 0.9872093
v 0.0939443 0.0532189 0.93429
v -0.223444 0.760451 -0.217689
v -0.176513 0.760515 -0.410655
v 0.0652762 0.0925539 0.91594
v 0.0973395 0.0863776 0.910036
v -1.7091632e-05 0.08875275 0.9284897
v -0.203436 -0.628169 0.923071
v 0.053199768 -0.1940918 0.96920776
v -0.153047 -0.720555 0.741401
v -0.15574 -0.680004 0.892121
v -0.157976 -0.694713 0.696986
v -0.244434 -0.716483 0.736358
v -0.188536 -0.577394 0.174934
v -0.199084 0.77337 -0.281405
v -0.191876 0.948989 -0.288378
v -0.115859 -0.693483 0.748115
v -0.113033 -0.684171 0.844965
v 0.016124725 -0.07636595 0.99413025
v -0.312606 0.638668 -0.319124
v 0.09522438 -0.053328276 0.9853859
v 0.07911301 -0.06060028 0.9969101
v 0.0864529 -0.0640166 0.98579
v -0.278055 0.600765 -0.320108
v -0.0918712 -0.426509 0.0746889
v -0.13845 0.801677 -0.350685
v 0.10576248 -0.034849167 0.977829
v 0.043045044 -0.0708065 1.0309792
v -0.109216 -0.00036684 -0.192884
v -0.140844 0.802002 -0.341998
v 0.07772827 -0.050750732 1.0018005
v -0.207473 0.823979 -0.249259
v -0.20629382 0.8602445 -0.3187437
v -0.191735 0.902282 -0.228209
v -0.264144 0.760816 -0.243923
v -0.145237 -0.635178 0.13052
v 0.07941437 -0.007423401 0.97654724
v -0.07781601 0.24449348 0.4397316
v -0.12065506 -0.4529872 0.23358536
v -0.0954346 0.370179 0.029827
v 0.0152462 -0.0676801 1.04602
v 0.040447235 -0.051784515 1.0291328
v -0.161614 0.694175 -0.469576
v -0.13765 0.35956 0.0095734
v 0.043823242 -0.062690735 1.0316124
v -0.240714 0.760641 -0.229576
v 0.035253525 -0.07250649 0.99841
v -0.380964 -0.432504 -0.0361787
v -0.0840611 -0.222685 -0.173847
v -0.202195 0.446614 -0.579567
v -0.272045 0.45855 -0.143225
v 0.0697639 -0.0690371 0.990088
v -0.143329 0.804627 -0.337252
v 0.048404694 -0.078258514 1.0040512
v -0.193634 0.339499 -0.652866
v -0.031600952 0.08843994 0.9265671
v -0.08278 0.283223 0.354838
v -0.345079 0.681327 -0.333156
v 0.0271444 -0.0763309 1.04139
v -0.15335 -0.595644 0.66033
v -0.20189 0.765574 -0.22074
v 0 -0.0809251 1.049
v 0.0132272 -0.0889316 1.04223
v 0.0137291 -0.0795664 1.04692
v 0.020148039 -0.09333648 1.03143
v 0 -0.0956202 1.03609
v -0.246831 -0.711912 0.845432
v 0.043937683 -0.08099365 1.0237064
v -0.0968568 0.789376 -0.411772
v -0.317818 -0.392423 0.305485
v -0.208076 0.764415 -0.241789
v -0.252112 0.713887 -0.166078
v -0.0529288 -0.526727 0.468796
v -0.312495 -0.42258 0.208415
v -0.274846 -0.418754 0.252658
v -0.350284 -0.364453 0.244783
v -0.316601 -0.396416 0.250199
v -0.194817 -0.437402 0.239358
v -0.009832859 -0.45112467 0.16344261
v -0.2099 -0.457622 0.202318
v -0.231211 -0.430966 0.245486
v -0.178779 0.718135 -0.16643
v -0.23935 -0.43199 0.361842
v -0.25333786 -0.42185092 0.30280876
v -0.0884331 0.12573 -0.258533
v -0.291362 -0.413379 0.536815
v -0.101727 -0.509066 0.362546
v -0.31364542 -0.40437835 0.42505074
v -0.225399 -0.440193 0.480871
v -0.222989 -0.439421 0.53835
v -0.138478 0.148595 -0.265069
v -0.164011 -0.483033 0.631406
v -0.236564 -0.444228 0.584476
v -0.156119 -0.458526 0.595789
v -0.191143 -0.453861 0.591118
v -0.315111 -0.397679 0.592146
v -0.26979 -0.455493 0.624003
v -0.280089 -0.425608 0.586435
v -0.339519 -0.257182 -0.0802831
v -0.283535 -0.198083 -0.11242
v -0.23546 -0.269794 -0.12322
v -0.300873 -0.335808 -0.11045
v -0.292915 -0.260195 -0.110308
v -0.26898 -0.103901 -0.112945
v -0.224047 -0.163495 -0.142015
v -0.318497 -0.140059 -0.0746981
v -0.274851 -0.146856 -0.114171
v -0.123113 -0.206388 -0.170045
v -0.173106 -0.230478 -0.142628
v -0.172014 -0.141551 -0.170002
v -0.171621 -0.184999 -0.160037
v -0.176383 -0.34915 -0.10631
v -0.119478 -0.295776 -0.113872
v -0.174532 -0.282877 -0.121531
v -0.2725091 0.04314804 -0.04272461
v -0.30391 -0.498066 0.668956
v -0.266037 -0.028621674 -0.0954628
v -0.307808 -0.00318692 -0.0317095
v -0.27098942 0.0074272156 -0.07138634
v -0.148915 0.00578811 -0.165362
v -0.21774483 -0.076277345 -0.14429092
v -0.199052 0.0623656 -0.105989
v -0.190658 0.0074224 -0.137241
v -0.0357781 0.218679 0.710249
v -0.131964 -0.111136 -0.188613
v -0.176218 -0.0952439 -0.168768
v -0.185308 0.513743 -0.0172354
v -0.26804 -0.0666021 -0.106124
v -0.26887 -0.396352 0.909752
v -0.214141 -0.334681 0.919903
v -0.288313 -0.71953 0.0292002
v -0.233667 -0.718383 -0.0394682
v -0.26398802 -0.29846573 0.9010143
v -0.104904 -0.328487 0.922781
v -0.164801 -0.284207 0.93026
v -0.149733 -0.3934 0.920339
v -0.15673 -0.332639 0.924128
v -0.172003 -0.202637 0.93974
v -0.215216 -0.244729 0.920604
v -0.126656 -0.240414 0.945024
v -0.169955 -0.242358 0.935335
v -0.308326 -0.632734 0.733956
v -0.10948467 0.107801735 -0.39656544
v -0.258195 -0.248301 0.898482
v -0.375987 -0.340814 -0.0337268
v -0.380901 -0.277243 0.032671
v -0.358457 -0.200112 -0.0267162
v -0.367895 -0.263853 -0.0306343
v -0.375596 -0.311145 0.175939
v -0.382253 -0.237542 0.105277
v -0.379176 -0.364086 0.102343
v -0.381399 -0.294389 0.103665
v -0.112805 -0.624088 0.888986
v -0.0840444 -0.64607 0.797118
v -0.38559937 -0.20070267 0.17597008
v -0.3796811 -0.16620255 0.11077309
v -0.34409583 -0.11303711 -0.016191483
v -0.0632284 0.496693 0.0522852
v -0.188508 0.055577 0.881861
v -0.3721838 -0.29945374 0.33319855
v -0.3662467 -0.32981586 0.2847824
v -0.3526106 -0.35388136 0.4142723
v -0.151829 -0.713932 0.849146
v -0.37862968 -0.25902367 0.32377625
v -0.201854 0.770051 -0.234112
v -0.0137291 -0.0795664 1.04692
v -0.379525 -0.278609 0.243679
v -0.277376 0.753251 -0.197126
v -0.384425 -0.235652 0.245143
v -0.28283 -0.632563 0.691009
v -0.171199 0.908866 -0.224253
v -0.19669151 0.37560654 -0.63510895
v -0.36734533 -0.14244771 0.45706177
v -0.305291 -0.427537 -0.115465
v -0.12106323 0.80434895 -0.21059513
v -0.380073 -0.0641595 0.195141
v -0.38530004 -0.115143776 0.2698784
v -0.173109 0.951035 -0.277835
v -0.38015723 -0.07632458 0.2676239
v -0.0524989 -0.374486 -0.0268658
v -0.032518 -0.377955 0.851217
v -0.3874239 -0.16070032 0.25089884
v -0.128964 0.142918 -0.232488
v -0.38320684 -0.1820612 0.32055283
v -0.11737105 0.8954884 -0.24753755
v -0.357964 -0.0317511 0.0731655
v -0.331012 0.0171674 0.0389716
v -0.336366 -0.0157204 0.0175237
v -0.3621769 -0.06537819 0.061201096
v -0.33837128 -0.04748726 0.0001373291
v -0.3779075 -0.08824837 0.12458229
v -0.254771 0.635976 -0.4207
v -0.363023 -0.0117289 0.147082
v -0.372551 -0.0487428 0.133083
v -0.33033052 -0.33444214 0.83138466
v -0.340911 -0.350598 0.77666
v -0.336842 -0.40362 0.835552
v -0.315639 -0.625673 0.839496
v -0.311718 -0.219243 0.822794
v -0.331546 -0.262105 0.774295
v -0.317327 -0.257308 0.824743
v -0.3454876 -0.27833617 0.6465378
v -0.340676 -0.308781 0.717453
v -0.0803711 0.0844567 -0.225271
v -0.339619 -0.266826 0.718796
v -0.335933 -0.414813 0.716014
v -0.334716 -0.360298 0.654176
v -0.339263 -0.356428 0.715872
v -0.304296 -0.0566442 0.818942
v -0.3290968 -0.10491371 0.7735863
v -0.170407 0.915574 -0.314537
v -0.282982 -0.0932074 0.86163
v -0.30951118 -0.09955597 0.82045174
v -0.35191703 -0.1002388 0.6564503
v -0.342261 -0.141944 0.72292
v -0.335097 -0.0554519 0.724795
v -0.341372 -0.0985454 0.724072
v -0.328063 -0.182474 0.773912
v -0.136552 -0.67511 -0.0280042
v -0.33750725 -0.22522402 0.72797775
v -0.28397083 -0.17285919 0.8644676
v -0.309915 -0.178867 0.822052
v -0.239082 0.578957 -0.111996
v -0.343965 0.756617 -0.269721
v -0.3532089 -0.049253225 0.4484558
v -0.36323762 -0.09673691 0.45093918
v -0.34849167 -0.23064423 0.6430664
v -0.390758 0.753705 -0.27032
v -0.154011 0.919177 -0.300925
v -0.35393906 -0.14267921 0.6463051
v -0.16184115 0.79302615 -0.34282923
v -0.35515404 -0.18943787 0.6081543
v -0.059572905 -0.45885432 0.79474455
v -0.369537 -0.538419 0.0961211
v -0.0664738 0.570216 -0.533525
v -0.35973358 -0.31899452 0.4409485
v -0.202088 0.898609 -0.32219
v -0.34476566 -0.32085133 0.59383774
v -0.33618796 -0.35918853 0.5695667
v -0.045618057 -0.077130556 0.99029684
v -0.11692065 0.89410377 -0.26628518
v -0.324346 0.587714 -0.15672
v -0.2783091 0.16757011 0.14294624
v -0.030637741 0.8240957 -0.22187424
v -0.22988 0.247545 0.157829
v -0.34177 0.649107 -0.318477
v -0.251096 0.217673 0.158942
v -0.24623203 0.19807434 0.2976761
v -0.224342 0.248556 0.249012
v -0.25386667 0.20883203 0.23253632
v -0.452589 0.744444 -0.206816
v -0.166122 0.2964 0.255682
v -0.201028 0.279793 0.204606
v -0.288912 -0.666279 -0.0831981
v -0.197174 0.276415 0.252836
v -0.208445 0.255016 0.0997486
v -0.173937 0.295795 0.151795
v -0.204742 0.274117 0.153286
v -0.238934 0.137098 0.472953
v -0.2131424 0.18058777 0.4237213
v -0.169159 0.42866 0.0126096
v -0.043146133 0.32012844 0.2225647
v -0.24220276 0.15088177 0.41557693
v -0.149616 0.22431946 0.43562317
v -0.18255615 0.20574379 0.42949677
v -0.178799 0.187723 0.48375
v -0.246529 0.67248 -0.397952
v -0.12704 -0.448099 -0.0735785
v -0.157504 0.266542 0.348704
v -0.19186187 0.26306152 0.30717278
v -0.27194023 0.13461685 0.34931946
v -0.243518 -0.430642 -0.121062
v -0.101087 -0.0620719 -0.200364
v -0.248642 -0.724519 0.790895
v -0.288217 -0.679435 0.838379
v -0.22510529 0.087833405 0.807724
v -0.294318 0.572729 -0.209871
v -0.13257 0.138159 0.837992
v -0.163968 0.1484 0.789706
v -0.14456177 0.106349945 0.8686943
v -0.17626572 0.119773865 0.8256302
v -0.169138 0.174847 0.695193
v -0.195015 0.146226 0.738197
v -0.136442 0.179619 0.750387
v -0.166543 0.164739 0.744396
v -0.281161 -0.710704 0.0910758
v -0.447397 0.702392 -0.15815
v -0.23369193 0.11323595 0.7300987
v -0.26384628 0.10259831 0.52114487
v -0.2353856 0.13280827 0.52913666
v -0.0359638 0.781745 -0.13792
v -0.12408568 0.8928062 -0.23227757
v -0.277875 0.55689 -0.190965
v -0.2575884 0.10006738 0.66750526
v -0.22914958 0.13001728 0.6735153
v -0.139858 0.195421 0.647569
v -0.35448 0.589213 -0.202564
v -0.171473 0.178284 0.642915
v -0.09152317 0.8187146 -0.30332756
v -0.17516856 0.18063802 0.5408764
v -0.43241 0.746455 -0.258303
v -0.153438 0.391277 0.0121446
v -0.0455092 0.326229 0.0998335
v -0.33764666 -0.006427288 0.44553375
v -0.31924057 0.04559326 0.38422394
v -0.015244722 -0.3965912 0.8083954
v -0.28496122 0.095220566 0.4095993
v -0.156436 -0.650983 0.672896
v -0.460792 0.730831 -0.231063
v -0.182701 -0.527846 -0.109937
v -0.3504207 0.020796627 0.23836517
v -0.271665 0.531425 -0.180446
v -0.308985 -0.0158364 0.772679
v -0.30029 0.0266191 0.725054
v -0.06405538 -0.4336246 0.85180044
v -0.320738 -0.0133772 0.724898
v -0.268509 -0.018423 0.854481
v -0.274888 0.0183198 0.812257
v -0.291897 -0.0177918 0.816142
v -0.267341 0.0573644 0.769829
v -0.24017 0.0457536 0.838346
v -0.256292 0.0501447 0.807253
v -0.28314328 0.06813645 0.6651497
v -0.275748 0.0634772 0.725933
v -0.198408 -0.728532 0.734591
v -0.213035 0.170022 -0.00953204
v -0.181753 0.135303 -0.0848536
v -0.20757 0.117335 -0.0616182
v -0.298292 0.0729821 0.0271766
v -0.2667427 0.11462402 0.015384674
v -0.283587 -0.684515 0.738785
v -0.25212002 0.17893791 0.068704605
v -0.2613833 0.18883991 0.11340332
v -0.417303 0.633713 -0.225256
v -0.343967 0.620068 -0.286887
v -0.19347572 0.23547912 0.031417847
v -0.460337 0.681448 -0.17325
v -0.0864529 -0.0640166 0.98579
v -0.447289 0.655956 -0.196803
v -0.209701 0.569968 -0.0807895
v -0.2917298 0.071015835 0.47356987
v -0.0705061 -0.461083 0.663389
v -0.430349 0.658277 -0.154382
v -0.3289745 -0.008752108 0.65956116
v -0.31031194 0.10833314 0.17574942
v -0.129137 0.308034 0.0737864
v -0.346277 0.0318576 0.16704
v -0.150911 0.126322 -0.356271
v -0.32082653 0.08144379 0.24592018
v -0.0997946 -0.492468 0.0352712
v -0.18124378 0.79688555 -0.32263315
v -0.3124361 0.082167625 0.08349228
v -0.177314 0.204818 -0.0510199
v -0.167034 0.18223 -0.122798
v -0.149034 0.119255 -0.152767
v -0.168725 0.158519 -0.103729
v -0.159665 0.285267 0.0452783
v -0.167426 0.259011 -0.0241111
v -0.175009 0.248965 0.00116269
v -0.17918 0.290497 -0.0609743
v -0.177164 0.238112 -0.093383
v -0.149721 0.3008 -0.00470029
v -0.168557 0.27236 -0.0447148
v -0.160058 0.168229 -0.195838
v -0.194921 0.221357 -0.173014
v -0.175228 0.201681 -0.146613
v -0.354445 -0.427851 -0.0878125
v -0.26422 0.274293 -0.228207
v -0.233098 0.21084 -0.267301
v -0.227725 0.245742 -0.199837
v -0.173263 0.341693 -0.0238379
v -0.225521 0.344757 -0.0845003
v -0.200073 0.314908 -0.0732157
v -0.267222 0.417414 -0.116444
v -0.27622 0.344814 -0.176785
v -0.21453 0.407775 -0.0317089
v -0.249809 0.379204 -0.0978893
v -0.306638 0.268641 -0.338166
v -0.314639 0.343639 -0.292523
v -0.294985 0.306469 -0.259249
v -0.279797 0.207117 -0.366981
v -0.240251 0.15911 -0.387649
v -0.192666 0.159829 -0.308601
v -0.238726 0.181983 -0.331175
v -0.330786 0.26947 -0.445487
v -0.307399 0.208213 -0.46356
v -0.31171 0.235804 -0.406418
v -0.259412 0.1698 -0.542722
v -0.265715 0.160342 -0.469212
v -0.305787 0.218563 -0.547441
v -0.290901 0.186126 -0.509143
v -0.195451 0.128497 -0.407372
v -0.213461 0.12942 -0.465108
v -0.233311 0.142158 -0.432916
v -0.329541 0.345256 -0.410956
v -0.321008 0.352655 -0.511417
v -0.32675 0.280027 -0.535933
v -0.333345 0.309542 -0.480189
v -0.255976 0.429549 -0.563622
v -0.289278 0.358786 -0.584918
v -0.295245 0.436762 -0.484187
v -0.295399 0.395443 -0.540067
v -0.246645 0.312827 -0.640337
v -0.296456 0.295786 -0.60247
f 1706 709 837 
f 753 193 739 
f 192 738 737 
f 739 737 738 
f 2159 2164 144 
f 193 740 190 
f 1968 2066 336 
f 742 193 753 
f 745 747 191 
f 744 191 747 
f 746 747 190 
f 133 1900 1951 
f 748 192 750 
f 737 750 192 
f 191 749 745 
f 750 745 749 
f 752 739 751 
f 2165 143 1838 
f 1315 76 894 
f 1874 180 119 
f 195 756 755 
f 758 755 756 
f 751 757 752 
f 758 752 757 
f 759 196 762 
f 760 762 196 
f 761 762 195 
f 756 195 762 
f 763 742 753 
f 613 894 76 
f 196 763 760 
f 2071 984 965 
f 769 765 766 
f 198 766 765 
f 768 769 201 
f 767 201 769 
f 771 773 199 
f 770 199 773 
f 772 773 198 
f 766 198 773 
f 200 775 774 
f 777 774 775 
f 199 776 771 
f 777 771 776 
f 201 767 778 
f 780 778 767 
f 779 780 200 
f 775 200 780 
f 783 785 203 
f 781 203 785 
f 490 1894 1899 
f 2088 2082 2089 
f 200 786 779 
f 788 779 786 
f 203 787 783 
f 788 783 787 
f 786 791 204 
f 789 204 791 
f 774 791 200 
f 786 200 791 
f 785 783 792 
f 794 792 783 
f 204 793 786 
f 794 786 793 
f 796 799 207 
f 795 207 799 
f 210 798 797 
f 799 797 798 
f 208 801 800 
f 803 800 801 
f 207 802 796 
f 803 796 802 
f 209 805 804 
f 807 804 805 
f 454 807 208 
f 801 208 807 
f 797 810 210 
f 808 210 810 
f 809 810 209 
f 805 209 810 
f 201 811 768 
f 814 768 811 
f 214 813 812 
f 814 812 813 
f 685 2085 171 
f 2098 2138 542 
f 778 817 201 
f 811 201 817 
f 213 819 15 
f 820 15 819 
f 974 31 628 
f 139 1987 1970 
f 812 824 214 
f 822 214 824 
f 823 824 213 
f 819 213 824 
f 830 827 192 
f 738 192 827 
f 111 1923 498 
f 216 1694 673 
f 213 829 823 
f 830 823 829 
f 1819 1710 1660 
f 192 748 830 
f 836 833 842 
f 831 842 833 
f 15 833 213 
f 829 213 833 
f 499 1929 1933 
f 2035 435 694 
f 138 2010 2138 
f 140 648 1408 
f 891 846 841 
f 1712 167 1965 
f 839 848 841 
f 840 841 848 
f 1865 678 1959 
f 533 2029 634 
f 843 842 891 
f 846 891 842 
f 831 845 846 
f 1790 954 1004 
f 1455 149 1408 
f 879 818 1787 
f 2036 1010 605 
f 1952 71 126 
f 846 845 839 
f 849 839 845 
f 223 852 851 
f 854 851 852 
f 203 781 853 
f 854 853 781 
f 845 859 849 
f 857 849 859 
f 852 223 857 
f 856 857 223 
f 820 212 859 
f 858 859 212 
f 581 1004 954 
f 1834 630 1838 
f 787 203 853 
f 1792 170 1270 
f 212 817 858 
f 853 858 817 
f 225 862 861 
f 864 861 862 
f 207 795 864 
f 1980 1983 1988 
f 866 868 226 
f 865 226 868 
f 867 868 225 
f 862 225 868 
f 227 870 869 
f 872 869 870 
f 226 907 866 
f 872 866 907 
f 864 874 207 
f 802 207 874 
f 873 874 227 
f 870 227 874 
f 1863 688 1759 
f 875 229 876 
f 232 231 876 
f 878 876 231 
f 1882 1864 481 
f 882 873 227 
f 1538 1542 1953 
f 882 876 229 
f 884 869 883 
f 364 1754 2156 
f 605 704 550 
f 505 683 1866 
f 888 886 232 
f 231 232 886 
f 883 887 884 
f 888 884 887 
f 2134 1665 264 
f 233 841 840 
f 2083 118 2135 
f 147 2193 2195 
f 893 895 883 
f 887 883 895 
f 685 707 1699 
f 841 233 895 
f 2086 696 216 
f 1844 1497 1966 
f 143 2156 1754 
f 898 893 883 
f 898 843 891 
f 585 2027 1607 
f 266 1966 1497 
f 2005 2023 1252 
f 218 906 827 
f 903 827 906 
f 145 2170 532 
f 134 2078 468 
f 898 907 843 
f 262 901 1012 
f 836 907 218 
f 906 218 907 
f 906 907 226 
f 529 2043 2047 
f 729 216 696 
f 683 505 1962 
f 1946 1944 1940 
f 751 903 757 
f 226 865 906 
f 903 906 865 
f 910 913 237 
f 3 237 913 
f 1016 913 1018 
f 911 1018 913 
f 238 915 914 
f 917 914 915 
f 917 910 916 
f 237 916 910 
f 918 239 921 
f 919 921 239 
f 920 921 238 
f 915 238 921 
f 1018 911 975 
f 924 975 911 
f 239 932 919 
f 924 919 932 
f 383 590 371 
f 335 158 816 
f 926 245 928 
f 244 928 245 
f 2080 1925 1350 
f 1854 586 175 
f 978 931 926 
f 932 926 931 
f 938 935 243 
f 933 243 935 
f 918 935 239 
f 573 1350 1925 
f 938 936 245 
f 244 245 936 
f 966 162 1010 
f 970 1727 142 
f 2024 1967 2026 
f 587 1802 863 
f 952 942 941 
f 4 941 942 
f 945 947 247 
f 944 247 947 
f 946 947 246 
f 934 1986 512 
f 951 948 949 
f 248 949 948 
f 247 950 945 
f 951 945 950 
f 1255 1377 638 
f 1636 136 1938 
f 953 941 248 
f 949 248 941 
f 955 958 244 
f 928 244 958 
f 1623 1701 844 
f 509 66 969 
f 1998 1444 644 
f 1977 2158 1885 
f 244 936 955 
f 960 955 936 
f 2057 2054 2042 
f 950 247 964 
f 963 964 959 
f 960 959 964 
f 252 958 28 
f 944 28 958 
f 526 2042 2054 
f 2082 2088 2118 
f 848 971 840 
f 1009 840 971 
f 184 664 361 
f 2178 2175 2176 
f 2043 529 2044 
f 2033 1890 2001 
f 1461 126 71 
f 543 650 1699 
f 586 1854 838 
f 144 2158 2159 
f 971 975 972 
f 931 972 975 
f 1670 173 240 
f 977 968 978 
f 255 156 2102 
f 1964 816 158 
f 980 982 257 
f 979 257 982 
f 886 982 231 
f 981 231 982 
f 985 946 983 
f 246 983 946 
f 257 1005 980 
f 985 980 1005 
f 258 987 986 
f 988 986 987 
f 246 4 983 
f 988 983 4 
f 231 981 878 
f 990 878 981 
f 990 987 989 
f 258 989 987 
f 991 260 994 
f 992 994 260 
f 792 994 785 
f 993 785 994 
f 916 237 995 
f 2013 155 962 
f 260 996 992 
f 995 992 996 
f 2109 522 129 
f 1875 1874 1872 
f 237 3 995 
f 998 995 3 
f 543 1876 889 
f 1541 150 708 
f 1002 999 1001 
f 998 1001 999 
f 2092 2094 536 
f 2122 2121 1916 
f 28 1005 252 
f 119 1708 1872 
f 1389 621 640 
f 930 403 119 
f 541 536 2094 
f 64 1977 644 
f 2151 131 2140 
f 1670 669 1847 
f 840 1009 233 
f 979 233 1009 
f 880 909 2197 
f 977 252 1005 
f 1533 2140 131 
f 2114 2118 547 
f 223 1011 856 
f 1013 856 1011 
f 127 2001 1890 
f 2166 2171 560 
f 2064 526 2059 
f 1001 998 1014 
f 851 1014 223 
f 1011 223 1014 
f 2170 145 2171 
f 1742 628 2140 
f 130 2064 2063 
f 1016 1014 998 
f 1013 1018 971 
f 975 971 1018 
f 1761 121 524 
f 179 1675 707 
f 1019 265 1022 
f 1020 1022 265 
f 1022 1021 991 
f 260 991 1021 
f 1023 1035 1026 
f 1024 1026 1035 
f 1025 1026 265 
f 1020 265 1026 
f 1030 1027 1028 
f 267 1028 1027 
f 1035 1029 1024 
f 1030 1024 1029 
f 1021 1032 260 
f 996 260 1032 
f 1028 267 1032 
f 1031 1032 267 
f 269 1034 1033 
f 1036 1033 1034 
f 1036 1035 1023 
f 642 594 1320 
f 1038 1040 270 
f 1037 270 1040 
f 1039 1040 269 
f 1034 269 1040 
f 1044 1041 1042 
f 271 1042 1041 
f 270 1043 1038 
f 1044 1038 1043 
f 363 1320 594 
f 1029 1035 1046 
f 1042 271 1046 
f 1045 1046 271 
f 1048 1050 273 
f 1047 273 1050 
f 1033 1050 269 
f 1049 269 1050 
f 274 1052 1051 
f 1054 1051 1052 
f 273 1053 1048 
f 1054 1048 1053 
f 1056 1058 275 
f 1055 275 1058 
f 1057 1058 274 
f 1052 274 1058 
f 269 1049 1039 
f 1060 1039 1049 
f 275 1059 1056 
f 1060 1056 1059 
f 1061 1064 275 
f 1059 275 1064 
f 1063 1064 279 
f 1062 279 1064 
f 277 1066 1065 
f 1067 1065 1066 
f 275 1055 1061 
f 1067 1061 1055 
f 278 1069 1068 
f 1071 1068 1069 
f 1070 1071 277 
f 1066 277 1071 
f 279 1062 1072 
f 1074 1072 1062 
f 1073 1074 278 
f 1069 278 1074 
f 1076 1079 281 
f 1075 281 1079 
f 1077 284 1079 
f 1078 1079 284 
f 1081 1083 282 
f 1080 282 1083 
f 281 1082 1076 
f 1083 1076 1082 
f 283 1085 1084 
f 1087 1084 1085 
f 282 1086 1081 
f 1087 1081 1086 
f 284 1077 1088 
f 1090 1088 1077 
f 1090 1085 1089 
f 283 1089 1085 
f 1092 1095 286 
f 1091 286 1095 
f 1095 1093 1094 
f 289 1094 1093 
f 1097 1099 287 
f 1096 287 1099 
f 286 1098 1092 
f 1099 1092 1098 
f 288 1101 1100 
f 1103 1100 1101 
f 287 1102 1097 
f 1103 1097 1102 
f 289 1093 1104 
f 1106 1104 1093 
f 1101 288 1106 
f 1105 1106 288 
f 225 1107 867 
f 1110 867 1107 
f 292 1109 1108 
f 1110 1108 1109 
f 1112 1113 291 
f 1111 291 1113 
f 861 1113 225 
f 1107 225 1113 
f 289 1114 1094 
f 1116 1094 1114 
f 291 1115 1112 
f 1116 1112 1115 
f 1108 1118 292 
f 1117 292 1118 
f 289 1104 1114 
f 1118 1114 1104 
f 1403 154 1402 
f 2072 2074 1649 
f 1122 1123 296 
f 1121 296 1123 
f 1402 1350 724 
f 295 1125 1124 
f 459 1402 154 
f 1125 294 1126 
f 1128 1130 287 
f 1102 287 1130 
f 295 1129 1125 
f 1130 1125 1129 
f 296 1121 1131 
f 1132 1131 1121 
f 287 1096 1128 
f 1132 1128 1096 
f 1133 1135 292 
f 1109 292 1135 
f 755 1135 195 
f 1134 195 1135 
f 288 1136 1105 
f 1137 1105 1136 
f 292 1117 1133 
f 1137 1133 1117 
f 295 1138 1129 
f 1139 1129 1138 
f 1136 288 1139 
f 1100 1139 288 
f 195 1134 761 
f 1140 761 1134 
f 295 1124 1138 
f 1140 1138 1124 
f 1143 1122 1141 
f 296 1141 1122 
f 1143 1142 808 
f 210 808 1142 
f 1144 1145 286 
f 1098 286 1145 
f 1141 296 1145 
f 1131 1145 296 
f 291 1146 1115 
f 1147 1115 1146 
f 286 1091 1144 
f 1147 1144 1091 
f 1142 1148 210 
f 798 210 1148 
f 1146 291 1148 
f 1111 1148 291 
f 300 1150 1149 
f 1152 1149 1150 
f 214 822 1151 
f 1152 1151 822 
f 1153 1155 281 
f 1082 281 1155 
f 1150 300 1155 
f 1154 1155 300 
f 301 1157 1156 
f 1158 1156 1157 
f 281 1075 1153 
f 1158 1153 1075 
f 1151 1160 214 
f 813 214 1160 
f 1157 301 1160 
f 1159 1160 301 
f 198 1161 772 
f 1164 772 1161 
f 1164 1162 1163 
f 303 1163 1162 
f 1165 1166 301 
f 1159 301 1166 
f 765 1166 198 
f 1161 198 1166 
f 284 1167 1078 
f 1168 1078 1167 
f 301 1156 1165 
f 1168 1165 1156 
f 1162 1170 303 
f 1169 303 1170 
f 1167 284 1170 
f 1088 1170 284 
f 305 1172 1171 
f 1174 1171 1172 
f 191 744 1173 
f 1174 1173 744 
f 1175 1177 282 
f 1086 282 1177 
f 1176 1177 305 
f 1172 305 1177 
f 300 1178 1154 
f 1179 1154 1178 
f 282 1080 1175 
f 1179 1175 1080 
f 1173 1180 191 
f 749 191 1180 
f 1149 1180 300 
f 1178 300 1180 
f 1181 1184 303 
f 1163 303 1184 
f 1183 1184 307 
f 1182 307 1184 
f 283 1185 1089 
f 1186 1089 1185 
f 303 1169 1181 
f 1186 1181 1169 
f 305 1187 1176 
f 1188 1176 1187 
f 283 1084 1185 
f 1188 1185 1084 
f 307 1182 1189 
f 1190 1189 1182 
f 1171 1190 305 
f 1187 305 1190 
f 1192 1194 309 
f 1191 309 1194 
f 1072 1194 279 
f 1193 279 1194 
f 1195 310 1198 
f 1196 1198 310 
f 1192 309 1198 
f 1197 1198 309 
f 1202 1199 1200 
f 311 1200 1199 
f 310 1201 1196 
f 1202 1196 1201 
f 1203 1205 270 
f 1043 270 1205 
f 1200 311 1205 
f 1204 1205 311 
f 279 1193 1063 
f 1206 1063 1193 
f 270 1037 1203 
f 1206 1203 1037 
f 1208 1211 313 
f 1207 313 1211 
f 1210 1211 316 
f 1209 316 1211 
f 314 1213 1212 
f 1215 1212 1213 
f 313 1214 1208 
f 1215 1208 1214 
f 315 1217 1216 
f 1219 1216 1217 
f 1219 1213 1218 
f 314 1218 1213 
f 1209 1222 316 
f 1220 316 1222 
f 1221 1222 315 
f 1217 315 1222 
f 1223 1225 310 
f 1201 310 1225 
f 1212 1225 314 
f 1224 314 1225 
f 318 1227 1226 
f 1228 1226 1227 
f 1228 1223 1195 
f 310 1195 1223 
f 1230 1232 319 
f 1229 319 1232 
f 1231 1232 318 
f 1227 318 1232 
f 314 1224 1218 
f 1234 1218 1224 
f 319 1233 1230 
f 1234 1230 1233 
f 1236 1238 321 
f 1235 321 1238 
f 1237 319 1238 
f 1229 1238 319 
f 322 1240 1239 
f 1242 1239 1240 
f 321 1241 1236 
f 1242 1236 1241 
f 315 1243 1221 
f 1245 1221 1243 
f 1240 322 1245 
f 1244 1245 322 
f 319 1237 1233 
f 1246 1233 1237 
f 1246 1243 1216 
f 315 1216 1243 
f 2125 1936 158 
f 625 1626 236 
f 326 1331 327 
f 1248 327 1331 
f 1554 1787 2195 
f 1287 1709 1127 
f 826 1253 2056 
f 1248 2056 1253 
f 238 1256 920 
f 1258 920 1256 
f 76 1257 1253 
f 1258 1253 1257 
f 327 1260 326 
f 1259 326 1260 
f 914 1260 238 
f 1256 238 1260 
f 828 735 185 
f 328 1262 1261 
f 330 1264 331 
f 1262 331 1264 
f 1267 1269 329 
f 1266 329 1269 
f 1262 328 1269 
f 1268 1269 328 
f 959 1274 963 
f 1272 963 1274 
f 1272 1267 1271 
f 329 1271 1267 
f 331 1274 330 
f 1273 330 1274 
f 64 644 1444 
f 1015 962 596 
f 1278 1275 1276 
f 332 1276 1275 
f 329 1266 1277 
f 1278 1277 1266 
f 1280 1282 333 
f 1279 333 1282 
f 1276 332 1282 
f 1281 1282 332 
f 1285 953 1283 
f 248 1283 953 
f 333 1284 1280 
f 1285 1280 1284 
f 1271 329 1286 
f 1277 1286 329 
f 948 1286 248 
f 1283 248 1286 
f 1120 1288 1287 
f 1291 1287 1288 
f 337 1290 1289 
f 1291 1289 1290 
f 1293 1549 1391 
f 1292 1391 1549 
f 1288 1120 1549 
f 150 1768 2182 
f 1298 1183 1296 
f 307 1296 1183 
f 1298 1293 1297 
f 1391 1297 1293 
f 1289 1300 337 
f 1299 337 1300 
f 1296 307 1300 
f 1189 1300 307 
f 1302 1305 2100 
f 1969 939 674 
f 1304 1305 341 
f 1303 341 1305 
f 340 1307 74 
f 2183 2188 564 
f 168 531 1775 
f 2100 74 1302 
f 1310 1312 294 
f 1126 294 1312 
f 1307 340 1312 
f 1311 1312 340 
f 341 1303 1313 
f 1314 1313 1303 
f 294 1123 1310 
f 1314 1310 1123 
f 119 1715 930 
f 1819 930 1715 
f 424 1127 1709 
f 1315 1317 76 
f 1319 1321 330 
f 1264 330 1321 
f 1315 1730 1321 
f 685 650 2085 
f 638 743 1255 
f 2097 974 1742 
f 1322 1319 1273 
f 330 1273 1319 
f 1317 1324 76 
f 1257 76 1324 
f 933 1324 243 
f 1322 243 1324 
f 345 1326 1325 
f 1329 1325 1326 
f 346 1328 1327 
f 1329 1327 1328 
f 1519 1649 619 
f 1959 702 1656 
f 2052 2051 2050 
f 1326 345 1331 
f 267 1333 1031 
f 1334 1031 1333 
f 520 619 1649 
f 1334 326 1259 
f 1335 346 1336 
f 1327 1336 346 
f 1027 1336 267 
f 1333 267 1336 
f 1341 1337 1338 
f 348 1338 1337 
f 349 1340 1339 
f 1341 1339 1340 
f 1342 1344 346 
f 1328 346 1344 
f 1338 348 1344 
f 1343 1344 348 
f 271 1345 1045 
f 1346 1045 1345 
f 1346 1342 1335 
f 346 1335 1342 
f 349 1339 1347 
f 1348 1347 1339 
f 1041 1348 271 
f 1345 271 1348 
f 1353 1349 1357 
f 351 1357 1349 
f 354 1352 1351 
f 1353 1351 1352 
f 1355 1357 352 
f 1354 352 1357 
f 1892 1891 1890 
f 2184 708 150 
f 353 1359 1358 
f 1361 1358 1359 
f 352 1360 1355 
f 1361 1355 1360 
f 1351 1364 354 
f 1362 354 1364 
f 1363 1364 353 
f 1359 353 1364 
f 539 1701 1867 
f 1840 1797 427 
f 1366 358 1368 
f 357 1368 358 
f 1370 1372 354 
f 1352 354 1372 
f 1295 719 1366 
f 1372 1366 719 
f 1374 1073 1373 
f 278 1373 1073 
f 354 1362 1370 
f 1374 1370 1362 
f 358 1376 357 
f 1375 357 1376 
f 278 1068 1373 
f 1376 1373 1068 
f 1381 1377 1255 
f 2034 1813 1378 
f 1911 494 1922 
f 1629 1379 727 
f 614 826 2056 
f 341 1382 1304 
f 1702 722 605 
f 689 1378 1535 
f 209 1385 809 
f 1386 809 1385 
f 1382 341 1386 
f 1313 1386 341 
f 2189 146 441 
f 2173 441 146 
f 804 1803 209 
f 1385 209 1803 
f 1390 1292 362 
f 1389 362 1292 
f 1877 922 123 
f 124 90 612 
f 118 2083 2053 
f 1395 58 1394 
f 2038 1753 172 
f 362 1395 1390 
f 1397 1399 199 
f 776 199 1399 
f 1398 1399 58 
f 1394 58 1399 
f 1400 1297 1391 
f 2032 2030 2033 
f 199 770 1397 
f 1400 1397 770 
f 1887 1892 485 
f 1401 365 1404 
f 1880 485 1892 
f 2041 2127 2037 
f 366 1406 1405 
f 367 1405 1406 
f 367 1404 365 
f 2174 2162 2169 
f 1409 1411 204 
f 793 204 1411 
f 1410 1411 366 
f 1406 366 1411 
f 58 1404 1398 
f 1412 1398 1404 
f 204 789 1409 
f 1412 1409 789 
f 1414 1416 368 
f 1413 368 1416 
f 1405 1416 366 
f 1415 366 1416 
f 1418 1420 369 
f 1417 369 1420 
f 1419 1420 368 
f 1414 368 1420 
f 265 1421 1025 
f 1423 1025 1421 
f 1423 1418 1422 
f 369 1422 1418 
f 366 1415 1410 
f 1424 1410 1415 
f 1424 1421 1019 
f 265 1019 1421 
f 68 1432 1425 
f 1428 1425 1432 
f 369 1417 1427 
f 1428 1427 1417 
f 372 1430 1429 
f 1432 1429 1430 
f 2185 2184 2182 
f 2172 146 2181 
f 1433 1435 273 
f 1053 273 1435 
f 1434 1435 372 
f 1430 372 1435 
f 1427 1436 369 
f 1422 369 1436 
f 273 1047 1433 
f 1436 1433 1047 
f 1438 1440 687 
f 1437 687 1440 
f 1429 1440 372 
f 1439 372 1440 
f 375 1442 1441 
f 1443 1441 1442 
f 2095 2103 164 
f 687 1443 1438 
f 1445 1447 274 
f 1057 274 1447 
f 1446 1447 375 
f 1442 375 1447 
f 372 1439 1434 
f 1448 1434 1439 
f 274 1051 1445 
f 1448 1445 1051 
f 1626 625 522 
f 904 256 1826 
f 1451 375 1452 
f 1441 1452 375 
f 1453 1454 357 
f 1368 357 1454 
f 178 1826 256 
f 1617 1743 1537 
f 277 1456 1070 
f 1457 1070 1456 
f 357 1375 1453 
f 1457 1453 1375 
f 1446 375 1458 
f 1451 1458 375 
f 1065 1458 277 
f 1456 277 1458 
f 1462 1340 1459 
f 349 1459 1340 
f 1461 1462 380 
f 1460 380 1462 
f 1464 1204 1463 
f 311 1463 1204 
f 1459 349 1464 
f 1347 1464 349 
f 1465 1466 313 
f 1214 313 1466 
f 1199 1466 311 
f 1463 311 1466 
f 379 1468 1467 
f 1469 1467 1468 
f 313 1207 1465 
f 1469 1465 1207 
f 380 1460 1470 
f 1472 1470 1460 
f 1472 1468 379 
f 19 701 2104 
f 1363 353 1475 
f 1473 1475 353 
f 1191 1475 309 
f 1474 309 1475 
f 1477 1478 382 
f 1476 382 1478 
f 1358 1478 353 
f 1473 353 1478 
f 309 1474 1197 
f 1480 1197 1474 
f 382 1479 1477 
f 1480 1477 1479 
f 384 1482 1481 
f 1485 1481 1482 
f 387 1484 1483 
f 1485 1483 1484 
f 1487 1489 385 
f 1486 385 1489 
f 1488 1489 384 
f 1482 384 1489 
f 386 1491 1490 
f 1493 1490 1491 
f 385 1492 1487 
f 1493 1487 1492 
f 1483 1496 387 
f 1494 387 1496 
f 1491 386 1496 
f 1495 1496 386 
f 1718 596 261 
f 125 1943 1945 
f 392 1500 1499 
f 1501 1499 1500 
f 1503 1504 390 
f 89 390 1504 
f 1944 1950 503 
f 1712 1717 167 
f 689 2132 1498 
f 1254 2023 169 
f 1509 1503 1508 
f 390 1508 1503 
f 1499 1512 392 
f 1510 392 1512 
f 471 1769 754 
f 1512 391 1511 
f 1513 1674 1517 
f 1514 1517 1674 
f 1516 1517 397 
f 1515 397 1517 
f 1680 86 1525 
f 395 1525 86 
f 1514 1674 1680 
f 2065 2042 2044 
f 1523 1525 1595 
f 1594 1595 1525 
f 2174 2173 2172 
f 1524 1525 395 
f 397 1515 94 
f 1527 94 1515 
f 2012 2016 2004 
f 1595 1527 1523 
f 663 219 452 
f 1532 1529 399 
f 89 1532 390 
f 1531 390 1532 
f 1534 1536 400 
f 2152 2157 556 
f 2070 2116 113 
f 1536 399 417 
f 66 509 1631 
f 142 540 970 
f 2153 2152 2147 
f 1540 1534 400 
f 1871 1870 1868 
f 1508 390 1531 
f 136 1636 2015 
f 1828 698 1965 
f 1947 1786 159 
f 1546 1543 1544 
f 1546 1545 1536 
f 400 1536 1545 
f 395 1547 1524 
f 1628 1524 1547 
f 2022 2018 665 
f 1543 1628 1544 
f 712 694 961 
f 2038 1426 1625 
f 86 1552 395 
f 1547 395 1552 
f 2082 538 2077 
f 556 2147 2152 
f 1590 1548 1542 
f 176 961 694 
f 1555 1558 392 
f 1500 392 1558 
f 407 1557 1556 
f 1558 1556 1557 
f 397 1559 1516 
f 1560 1516 1559 
f 392 1510 1555 
f 1560 1555 1510 
f 406 1562 1561 
f 1563 1561 1562 
f 94 1563 397 
f 1559 397 1563 
f 1556 1566 407 
f 1564 407 1566 
f 1565 1566 406 
f 1562 406 1566 
f 1567 1570 407 
f 1557 407 1570 
f 1568 410 1570 
f 1569 1570 410 
f 409 1572 95 
f 1971 1978 1967 
f 407 1564 1567 
f 1572 1567 1564 
f 1574 1576 321 
f 1241 321 1576 
f 1575 1576 409 
f 1572 409 1576 
f 318 1577 1231 
f 1578 1231 1577 
f 321 1235 1574 
f 1578 1574 1235 
f 1568 1580 410 
f 1579 410 1580 
f 1226 1580 318 
f 1577 318 1580 
f 1527 412 1584 
f 1582 1584 412 
f 1561 1584 406 
f 1583 406 1584 
f 1587 1210 1585 
f 316 1585 1210 
f 1587 1582 1586 
f 412 1586 1582 
f 322 1588 1244 
f 1589 1244 1588 
f 1589 1585 1220 
f 316 1220 1585 
f 1591 1575 1592 
f 409 1592 1575 
f 322 1239 1588 
f 1591 1588 1239 
f 406 1583 1565 
f 1592 1565 1583 
f 409 95 1592 
f 1554 1695 546 
f 186 1960 108 
f 533 713 351 
f 2008 2011 138 
f 435 673 6 
f 415 1598 1597 
f 1600 1597 1598 
f 1600 1594 87 
f 1845 1553 105 
f 1601 1603 379 
f 592 2104 701 
f 1602 1603 415 
f 1598 415 1603 
f 1605 1586 1604 
f 412 1604 1586 
f 379 1467 1601 
f 1605 1601 1467 
f 634 1630 533 
f 1366 1368 1295 
f 1604 412 1595 
f 1527 1595 412 
f 554 560 2164 
f 1632 417 1611 
f 1609 419 1611 
f 1610 1611 419 
f 1612 417 399 
f 2162 2164 560 
f 1608 734 736 
f 683 1309 1581 
f 1981 116 1982 
f 1529 1615 1616 
f 1612 399 1529 
f 234 424 1709 
f 1618 1620 352 
f 1360 352 1620 
f 1619 1620 1615 
f 1616 1615 1620 
f 419 1609 1621 
f 1622 1621 1609 
f 352 1354 1618 
f 1622 1618 1354 
f 600 105 1553 
f 1625 87 1628 
f 373 546 1383 
f 373 1818 1003 
f 925 1305 78 
f 1847 669 1824 
f 108 469 186 
f 665 681 847 
f 1632 1543 417 
f 451 1581 1309 
f 1007 521 735 
f 696 939 729 
f 1632 1631 1624 
f 160 1003 1818 
f 189 264 422 
f 128 2034 1498 
f 1615 1637 1619 
f 1635 1619 1637 
f 382 1476 1634 
f 1635 1634 1476 
f 336 592 254 
f 1637 1504 1639 
f 1912 1982 116 
f 2048 152 254 
f 1638 1639 410 
f 1569 410 1639 
f 1501 1639 1504 
f 453 1528 1263 
f 1634 1640 382 
f 1479 382 1640 
f 1579 1640 410 
f 1638 410 1640 
f 672 1926 1925 
f 92 155 27 
f 391 1509 426 
f 1642 426 1509 
f 384 1645 1488 
f 1647 1488 1645 
f 1641 1646 1642 
f 1647 1642 1646 
f 425 1652 1648 
f 1650 1648 1652 
f 384 1481 1645 
f 1650 1645 1481 
f 426 1652 391 
f 1511 391 1652 
f 1651 1652 425 
f 2191 568 708 
f 687 648 456 
f 611 815 1506 
f 1540 1654 401 
f 428 401 1654 
f 385 1657 1492 
f 1659 1492 1657 
f 1653 1658 1654 
f 1659 1654 1658 
f 1641 1662 1646 
f 1661 1646 1662 
f 385 1486 1657 
f 1661 1657 1486 
f 401 428 1531 
f 1662 1531 428 
f 2013 27 155 
f 27 724 1926 
f 389 1471 1599 
f 1392 626 1879 
f 404 1552 430 
f 1664 430 1552 
f 386 1667 1495 
f 1669 1495 1667 
f 1663 1668 1664 
f 1669 1664 1668 
f 1672 1671 1653 
f 1658 1653 1671 
f 1667 386 1671 
f 1490 1671 386 
f 1545 404 1672 
f 430 1672 404 
f 1791 132 1444 
f 1119 456 648 
f 1651 425 1513 
f 1673 1513 425 
f 167 434 1719 
f 99 112 912 
f 387 1676 1484 
f 1677 1484 1676 
f 425 1648 1673 
f 1677 1673 1648 
f 1663 1678 1668 
f 1679 1668 1678 
f 387 1494 1676 
f 1679 1676 1494 
f 658 912 112 
f 1606 169 1972 
f 1680 1678 1663 
f 644 1879 626 
f 1681 1684 196 
f 763 196 1684 
f 1683 1684 1692 
f 1682 1692 1684 
f 1691 1687 432 
f 1685 432 1687 
f 1687 1681 759 
f 196 759 1681 
f 1689 1691 433 
f 1688 433 1691 
f 127 1910 2000 
f 432 1690 1691 
f 1306 943 630 
f 1437 715 687 
f 1682 1689 1693 
f 433 1693 1689 
f 340 1698 1311 
f 1697 1311 1698 
f 432 1685 1696 
f 1697 1696 1685 
f 1695 441 600 
f 507 139 1973 
f 74 1698 340 
f 2123 2124 116 
f 625 2100 1975 
f 217 1593 1270 
f 178 702 937 
f 1704 1698 1703 
f 568 2191 2190 
f 1696 1690 432 
f 1550 698 1507 
f 1696 1704 1690 
f 905 157 2080 
f 1290 337 1707 
f 1709 1707 1873 
f 1550 1826 937 
f 1820 834 2025 
f 1713 1711 439 
f 337 1299 1707 
f 1713 1707 1299 
f 834 1596 429 
f 1716 1749 1720 
f 1716 1720 439 
f 686 2025 834 
f 721 828 1953 
f 1720 1873 1707 
f 1906 121 940 
f 1506 2128 611 
f 1723 746 1721 
f 190 1721 746 
f 1722 439 1723 
f 1711 1723 439 
f 1725 1683 1724 
f 1692 1724 1683 
f 1721 190 1725 
f 740 1725 190 
f 1728 1726 443 
f 418 1910 1891 
f 832 630 943 
f 1728 1724 1692 
f 418 249 1573 
f 439 1722 1716 
f 127 1891 1910 
f 1750 1722 443 
f 445 1732 1731 
f 1734 1731 1732 
f 925 1975 2100 
f 1733 1704 1734 
f 446 1736 1735 
f 1738 1735 1736 
f 1737 1738 445 
f 1732 445 1738 
f 1739 1741 433 
f 1693 433 1741 
f 1740 1741 446 
f 1736 446 1741 
f 1704 1733 1690 
f 1688 1690 1733 
f 433 1688 1739 
f 863 653 587 
f 1746 1743 1744 
f 448 1744 1743 
f 446 1735 1745 
f 1746 1745 1735 
f 1842 1939 2161 
f 630 832 2096 
f 1744 448 1749 
f 1748 1749 448 
f 1251 422 324 
f 651 324 422 
f 1749 1716 1747 
f 1931 1929 1924 
f 1745 1752 446 
f 1740 446 1752 
f 1726 1752 443 
f 1750 443 1752 
f 637 234 1873 
f 1330 1119 140 
f 838 816 586 
f 510 1015 1718 
f 473 669 2093 
f 2120 2124 2130 
f 1781 1789 1755 
f 1821 1755 1789 
f 2160 2159 2158 
f 1763 1765 1755 
f 251 1764 471 
f 608 2129 1814 
f 1755 1765 1767 
f 596 1718 1015 
f 1766 455 1767 
f 619 1371 1519 
f 101 2061 892 
f 103 454 1765 
f 1250 690 5 
f 1644 1643 1281 
f 208 1772 454 
f 438 1701 539 
f 1798 148 5 
f 2008 2020 2024 
f 1778 800 229 
f 721 1953 1542 
f 880 2198 2194 
f 1772 208 800 
f 1778 1777 1766 
f 455 1766 1777 
f 229 875 1778 
f 450 427 1865 
f 455 1779 1767 
f 1781 1767 1779 
f 2131 137 2133 
f 1951 1941 502 
f 1782 1783 258 
f 989 258 1783 
f 1777 1783 455 
f 1779 455 1783 
f 1784 1785 952 
f 942 952 1785 
f 258 986 1782 
f 1785 1782 986 
f 1997 516 1999 
f 2075 2074 2072 
f 1784 952 1788 
f 612 614 1539 
f 1318 1316 649 
f 325 649 1316 
f 1789 1781 457 
f 1908 1895 1903 
f 122 897 67 
f 1367 120 436 
f 1793 1801 1795 
f 1794 1795 1801 
f 457 1796 1789 
f 1831 1789 1796 
f 1505 727 187 
f 2132 100 718 
f 1284 333 1800 
f 1799 1800 333 
f 1788 1800 457 
f 1796 457 1800 
f 1995 1994 1989 
f 2014 2021 1999 
f 333 1279 1799 
f 1793 1799 1279 
f 1915 1922 494 
f 145 205 2168 
f 1931 1930 1928 
f 1803 1813 91 
f 1000 594 180 
f 230 5 148 
f 1920 1919 1904 
f 1898 133 1922 
f 194 148 1837 
f 1630 634 1837 
f 454 103 1387 
f 462 1387 103 
f 1535 109 1384 
f 1832 1851 1727 
f 1927 498 1923 
f 662 1837 148 
f 1821 1815 1763 
f 540 142 2094 
f 467 1817 1816 
f 1815 1816 1817 
f 1821 1789 1825 
f 465 1825 1789 
f 1809 663 396 
f 578 720 2068 
f 1816 1825 1862 
f 1822 1862 1825 
f 365 636 61 
f 1607 1006 585 
f 107 467 1862 
f 1816 1862 467 
f 1984 1983 1982 
f 1918 927 80 
f 2197 151 519 
f 649 325 825 
f 1789 1831 465 
f 1836 465 1831 
f 717 152 371 
f 1795 1794 469 
f 1849 519 151 
f 1842 1356 1686 
f 1836 469 470 
f 1835 470 469 
f 222 96 1623 
f 1801 81 1850 
f 1948 585 1006 
f 1502 649 519 
f 470 1839 1836 
f 130 2046 2064 
f 1830 154 510 
f 462 1841 1813 
f 961 2093 669 
f 2021 2014 2024 
f 1848 1846 467 
f 1817 467 1846 
f 1841 462 1846 
f 2186 2188 149 
f 472 1848 107 
f 440 2144 1571 
f 442 1885 2177 
f 467 107 1848 
f 60 896 1007 
f 414 828 1548 
f 1947 159 1006 
f 1848 472 109 
f 1853 1822 470 
f 1839 470 1822 
f 512 697 934 
f 1368 1454 732 
f 1858 1856 1857 
f 475 1857 1856 
f 470 1835 1853 
f 1858 1853 1835 
f 1812 1006 159 
f 1913 1912 1909 
f 475 1860 1857 
f 1859 1857 1860 
f 879 934 697 
f 1526 449 2018 
f 1859 472 1862 
f 107 1862 472 
f 477 1864 115 
f 1882 115 1864 
f 617 1393 1703 
f 480 1882 481 
f 478 1869 1868 
f 1871 1868 1869 
f 1870 1871 477 
f 1864 477 1871 
f 1872 479 1875 
f 1878 1875 479 
f 1874 1875 478 
f 1869 478 1875 
f 481 1878 480 
f 123 480 1878 
f 479 1877 1878 
f 374 1413 1655 
f 815 611 2103 
f 1426 172 1969 
f 1880 484 1882 
f 74 359 1698 
f 482 1884 1883 
f 480 1883 1884 
f 578 2068 2119 
f 137 2103 611 
f 1887 1889 483 
f 1886 483 1889 
f 1888 1889 482 
f 1884 482 1889 
f 484 1880 1890 
f 1892 1890 1880 
f 483 1891 1887 
f 1892 1887 1891 
f 1894 1897 486 
f 1893 486 1897 
f 1897 1895 1896 
f 489 1896 1895 
f 1899 1901 487 
f 1898 487 1901 
f 486 1900 1894 
f 1901 1894 1900 
f 488 1903 1902 
f 1905 1902 1903 
f 487 1904 1899 
f 1905 1899 1904 
f 1895 1908 489 
f 1906 489 1908 
f 1907 1908 488 
f 1903 488 1908 
f 536 541 2089 
f 2084 2089 541 
f 1912 1913 493 
f 1911 493 1913 
f 492 1915 1914 
f 1917 1914 1915 
f 1913 1916 1911 
f 1917 1911 1916 
f 1915 1920 487 
f 1904 487 1920 
f 1919 1920 492 
f 1915 492 1920 
f 493 1911 133 
f 1922 133 1911 
f 487 1898 1915 
f 1922 1915 1898 
f 495 1924 1923 
f 1927 1923 1924 
f 1875 1878 1869 
f 714 1656 256 
f 1929 1931 496 
f 1928 496 1931 
f 1930 1931 495 
f 1924 495 1931 
f 1933 1935 497 
f 1932 497 1935 
f 496 1934 1929 
f 1935 1929 1934 
f 498 1927 136 
f 1938 136 1927 
f 497 1636 1933 
f 1938 1933 1636 
f 500 1940 1939 
f 1942 1939 1940 
f 486 1893 1941 
f 1942 1941 1893 
f 1944 1946 501 
f 1943 501 1946 
f 1945 1946 500 
f 1940 500 1946 
f 1963 1961 1958 
f 1955 1943 1870 
f 501 1949 1944 
f 1950 1944 1949 
f 1941 1951 486 
f 1900 486 1951 
f 2163 144 2164 
f 1954 1958 1961 
f 1954 1956 2030 
f 62 1419 344 
f 1955 477 1956 
f 115 1956 477 
f 912 658 24 
f 126 324 437 
f 2030 1958 1954 
f 1263 183 88 
f 1961 1963 501 
f 1949 501 1963 
f 1976 1963 1978 
f 1958 1978 1963 
f 1879 644 1977 
f 477 1955 1870 
f 501 1943 1961 
f 1955 1961 1943 
f 1973 2020 507 
f 2019 507 2020 
f 421 1992 581 
f 692 240 173 
f 1971 1973 508 
f 1970 508 1973 
f 440 2062 1332 
f 2029 1349 59 
f 1520 638 1377 
f 170 1008 1323 
f 1976 1971 508 
f 1957 720 1388 
f 141 1967 1978 
f 1775 967 168 
f 671 24 658 
f 1760 523 1518 
f 493 1984 1912 
f 1982 1912 1984 
f 511 1981 1980 
f 1982 1980 1981 
f 502 1983 1951 
f 1984 1951 1983 
f 133 1984 493 
f 73 1426 1597 
f 578 1388 720 
f 923 628 31 
f 1950 1985 502 
f 1983 502 1985 
f 1980 1988 511 
f 1987 511 1988 
f 508 1970 1985 
f 1988 1985 1970 
f 481 1869 1878 
f 502 503 1950 
f 515 1991 1990 
f 1989 1990 1991 
f 1994 1995 513 
f 1993 513 1995 
f 136 1995 498 
f 1989 498 1995 
f 514 1997 1996 
f 1999 1996 1997 
f 513 2014 1994 
f 1999 1994 2014 
f 1990 2002 515 
f 2000 515 2002 
f 2001 2002 514 
f 1997 514 2002 
f 2004 2007 517 
f 2003 517 2007 
f 2006 2007 2015 
f 161 889 1876 
f 2024 2009 2008 
f 2011 2008 2009 
f 2011 2004 2010 
f 517 2010 2004 
f 2012 2014 513 
f 69 166 2128 
f 149 1455 2186 
f 2009 2024 2014 
f 160 1818 890 
f 2016 2015 2007 
f 513 1993 2012 
f 2016 2012 1993 
f 2167 2154 2165 
f 2116 2114 2112 
f 1003 160 1986 
f 138 2019 2020 
f 1263 88 709 
f 253 2085 650 
f 2026 1967 141 
f 547 2112 2114 
f 899 2186 1455 
f 2007 2006 2003 
f 1551 731 396 
f 1991 111 1989 
f 2020 2008 138 
f 1829 1526 523 
f 2002 1990 1997 
f 117 2003 2006 
f 617 1698 359 
f 1756 123 922 
f 111 1991 741 
f 2033 2030 1956 
f 514 2032 2001 
f 2033 2001 2032 
f 1890 2033 484 
f 143 2165 2154 
f 1621 65 1759 
f 177 396 731 
f 2003 117 2113 
f 2032 514 1996 
f 1958 2030 1996 
f 438 1731 1703 
f 97 709 88 
f 709 97 423 
f 2150 2149 2121 
f 2037 525 2041 
f 2127 2041 528 
f 2039 528 2041 
f 526 2043 2042 
f 2044 2042 2043 
f 132 2121 2149 
f 2146 2123 1981 
f 2047 2049 527 
f 2046 527 2049 
f 2064 2049 526 
f 2043 526 2049 
f 2052 2050 2039 
f 528 2039 2050 
f 527 2051 2047 
f 2052 2047 2051 
f 2057 2053 2054 
f 530 2054 2053 
f 2101 2057 2065 
f 110 2161 1939 
f 374 1998 626 
f 116 1981 2123 
f 2059 2054 2060 
f 530 2060 2054 
f 2056 1539 614 
f 119 1872 1874 
f 2063 2064 2058 
f 2059 2058 2064 
f 1686 590 784 
f 2042 2065 2057 
f 2021 2026 141 
f 877 129 522 
f 534 2075 113 
f 2070 113 2075 
f 537 2070 538 
f 1909 116 2124 
f 2072 535 2075 
f 2073 2075 535 
f 2074 2075 534 
f 1903 490 1905 
f 536 2077 2076 
f 2079 2076 2077 
f 2079 2073 2078 
f 535 2078 2073 
f 1901 1899 1894 
f 538 2082 537 
f 2089 2082 536 
f 2077 536 2082 
f 969 1380 1596 
f 360 668 638 
f 2053 2084 530 
f 541 530 2084 
f 688 1596 1380 
f 2047 2052 529 
f 2083 2088 2084 
f 2089 2084 2088 
f 2094 2092 540 
f 2090 540 2092 
f 2076 2092 536 
f 491 162 2106 
f 530 541 2060 
f 2094 2060 541 
f 344 1294 62 
f 584 1937 1294 
f 542 2099 2098 
f 2146 552 2037 
f 507 2019 2098 
f 692 173 1827 
f 2099 2101 2065 
f 131 2151 2130 
f 2135 2101 542 
f 2099 542 2101 
f 1811 1804 156 
f 1807 2119 2068 
f 2044 2099 2065 
f 2028 784 590 
f 2098 2105 507 
f 2196 2195 2193 
f 2092 2076 2090 
f 1369 1923 741 
f 2010 517 2110 
f 2107 2110 517 
f 2138 2110 551 
f 2108 551 2110 
f 2113 2111 2112 
f 545 2112 2111 
f 517 2003 2107 
f 2113 2107 2003 
f 537 2114 2070 
f 2116 2070 2114 
f 545 2115 2112 
f 2116 2112 2115 
f 551 2108 2117 
f 2118 2117 2108 
f 2082 2118 537 
f 2114 537 2118 
f 1909 2122 1913 
f 1916 1913 2122 
f 2121 2122 549 
f 2120 549 2122 
f 1915 494 1917 
f 548 2124 2123 
f 1916 132 1917 
f 1914 1917 132 
f 528 2126 2127 
f 2139 552 2141 
f 2124 548 2126 
f 2127 2126 548 
f 549 2120 2130 
f 2031 168 967 
f 2050 2130 528 
f 2126 528 2130 
f 453 102 1881 
f 2088 2083 2117 
f 1497 719 266 
f 2075 538 2070 
f 263 790 2063 
f 2147 556 2150 
f 129 877 1928 
f 2135 2117 2083 
f 2138 2098 138 
f 2019 138 2098 
f 58 639 1401 
f 130 2063 790 
f 1904 120 1905 
f 651 437 324 
f 2030 2032 1996 
f 531 168 733 
f 2143 2139 2105 
f 2141 2105 2139 
f 511 1987 552 
f 2141 552 1987 
f 2139 2143 525 
f 2044 525 2143 
f 1843 850 885 
f 664 179 674 
f 548 2146 2127 
f 2037 2127 2146 
f 525 2037 2139 
f 1295 266 719 
f 552 2146 511 
f 1981 511 2146 
f 2123 2146 548 
f 2039 529 2052 
f 2150 2121 2147 
f 549 2147 2121 
f 2149 2150 555 
f 2148 555 2150 
f 2152 2153 553 
f 2151 553 2153 
f 2147 549 2153 
f 2130 2153 549 
f 554 2155 2154 
f 2157 2154 2155 
f 2157 2152 2156 
f 553 2156 2152 
f 2158 555 2160 
f 2148 2160 555 
f 2159 2160 554 
f 2155 554 2160 
f 2164 2159 554 
f 405 363 1000 
f 559 2163 2162 
f 2164 2162 2163 
f 2166 2167 557 
f 2165 557 2167 
f 594 1000 363 
f 2154 2167 554 
f 558 2169 2168 
f 2171 2168 2169 
f 2171 2166 2170 
f 557 2170 2166 
f 2162 2174 559 
f 2172 559 2174 
f 2173 2174 558 
f 2169 558 2174 
f 2175 2178 559 
f 2163 559 2178 
f 2177 2178 563 
f 2176 563 2178 
f 561 2180 2179 
f 2181 2179 2180 
f 559 2172 2175 
f 2181 2175 2172 
f 2183 2185 562 
f 2182 562 2185 
f 2184 2185 561 
f 2180 561 2185 
f 563 2176 2186 
f 2188 2186 2176 
f 562 2187 2183 
f 2188 2183 2187 
f 2190 2192 565 
f 2189 565 2192 
f 2179 2192 561 
f 2191 561 2192 
f 2194 2196 566 
f 2193 566 2196 
f 565 2195 2190 
f 2196 2190 2195 
f 2198 880 567 
f 2197 567 880 
f 566 909 2194 
f 880 2194 909 
f 561 2191 2184 
f 708 2184 2191 
f 567 1541 2198 
f 708 2198 1541 
f 1926 672 569 
f 2048 569 672 
f 1925 572 672 
f 973 672 572 
f 724 27 570 
f 2013 570 27 
f 569 92 1926 
f 27 1926 92 
f 571 1350 459 
f 1402 459 1350 
f 570 1403 724 
f 1402 724 1403 
f 572 1925 188 
f 2080 188 1925 
f 1350 571 2080 
f 905 2080 571 
f 2068 1861 574 
f 2069 574 1861 
f 720 577 1861 
f 135 1861 577 
f 2119 1807 575 
f 335 575 1807 
f 574 2125 2068 
f 1807 2068 2125 
f 576 1388 1811 
f 1804 1811 1388 
f 575 1806 2119 
f 1804 2119 1806 
f 577 720 1805 
f 1957 1805 720 
f 1388 576 1957 
f 1812 1957 576 
f 579 675 1910 
f 782 1910 675 
f 515 2000 954 
f 782 954 2000 
f 574 421 2125 
f 1936 2125 421 
f 675 579 1936 
f 1964 1936 579 
f 580 1004 908 
f 1992 908 1004 
f 574 2069 421 
f 1992 421 2069 
f 954 1790 515 
f 1991 515 1790 
f 1004 580 1790 
f 741 1790 580 
f 1607 2109 582 
f 860 582 2109 
f 1249 166 722 
f 1388 578 1804 
f 576 1948 1812 
f 1006 1812 1948 
f 582 1947 1607 
f 1006 1607 1947 
f 583 1521 255 
f 79 255 1521 
f 1948 576 79 
f 1811 79 576 
f 2119 1804 578 
f 1521 67 2027 
f 1812 159 1957 
f 583 725 1521 
f 249 418 483 
f 1891 483 418 
f 1910 418 579 
f 1573 579 418 
f 583 1854 725 
f 175 725 1854 
f 483 1886 249 
f 175 249 1886 
f 838 2102 575 
f 1806 575 2102 
f 583 255 1854 
f 2102 1854 255 
f 579 1573 1964 
f 816 1964 1573 
f 575 335 838 
f 816 838 335 
f 653 1930 821 
f 495 821 1930 
f 653 863 860 
f 582 860 863 
f 723 1369 580 
f 741 580 1369 
f 821 495 1369 
f 1923 1369 495 
f 577 1802 135 
f 460 135 1802 
f 580 908 723 
f 460 723 908 
f 863 1786 582 
f 1947 582 1786 
f 1786 1802 1805 
f 577 1805 1802 
f 500 1686 1945 
f 784 1945 1686 
f 589 518 2028 
f 784 2028 518 
f 1356 1842 588 
f 2161 588 1842 
f 1939 1842 500 
f 1686 500 1842 
f 572 383 973 
f 371 973 383 
f 588 717 1356 
f 371 1356 717 
f 2028 705 589 
f 63 589 705 
f 383 572 705 
f 188 705 572 
f 940 2062 2104 
f 591 2104 2062 
f 489 1906 2066 
f 940 2066 1906 
f 701 19 569 
f 92 569 19 
f 2104 591 19 
f 1774 19 591 
f 588 336 717 
f 254 717 336 
f 569 2048 701 
f 254 701 2048 
f 1896 489 1968 
f 2066 1968 489 
f 336 588 1968 
f 2161 1968 588 
f 478 1000 1874 
f 180 1874 1000 
f 593 1265 1808 
f 180 1808 1265 
f 363 405 589 
f 518 589 405 
f 1868 405 478 
f 1000 478 405 
f 571 642 905 
f 1320 905 642 
f 589 63 363 
f 1320 363 63 
f 1808 871 593 
f 1830 593 871 
f 459 871 571 
f 642 571 871 
f 2144 440 595 
f 1332 595 440 
f 2062 440 591 
f 1571 591 440 
f 1718 261 593 
f 1265 593 261 
f 595 1715 2144 
f 261 2144 1715 
f 570 1015 1403 
f 510 1403 1015 
f 593 1830 1718 
f 510 1718 1830 
f 591 1571 1774 
f 962 1774 1571 
f 570 2013 1015 
f 962 1015 2013 
f 1695 1554 565 
f 2195 565 1554 
f 1787 1554 599 
f 546 599 1554 
f 558 105 2173 
f 441 2173 105 
f 565 2189 1695 
f 441 1695 2189 
f 1553 1845 597 
f 205 597 1845 
f 105 558 1845 
f 2168 1845 558 
f 598 1383 2087 
f 2106 2087 1383 
f 2106 1553 491 
f 597 491 1553 
f 546 373 599 
f 1003 599 373 
f 1818 373 598 
f 1383 598 373 
f 1627 601 956 
f 550 956 601 
f 646 956 604 
f 704 604 956 
f 1702 343 602 
f 2137 602 343 
f 550 601 343 
f 670 343 601 
f 2036 722 603 
f 2091 603 722 
f 602 1249 1702 
f 722 1702 1249 
f 604 704 2017 
f 1010 2017 704 
f 603 966 2036 
f 1010 2036 966 
f 984 2071 603 
f 966 603 2071 
f 965 598 2071 
f 2087 2071 598 
f 606 2129 69 
f 1522 69 2129 
f 603 2091 984 
f 1522 984 2091 
f 1814 2040 607 
f 1852 607 2040 
f 806 2040 606 
f 2129 606 2040 
f 684 1818 965 
f 598 965 1818 
f 607 890 1814 
f 684 1814 890 
f 1506 997 606 
f 806 606 997 
f 104 997 610 
f 815 610 997 
f 2133 2128 602 
f 1249 602 2128 
f 606 69 1506 
f 2128 1506 69 
f 137 2131 609 
f 2081 609 2131 
f 602 2137 2133 
f 2131 2133 2137 
f 610 815 2095 
f 2103 2095 815 
f 609 2045 137 
f 2103 137 2045 
f 956 646 1627 
f 450 177 1780 
f 1265 119 180 
f 1539 2056 1248 
f 90 124 527 
f 2051 527 124 
f 1533 124 612 
f 161 1627 646 
f 613 826 790 
f 1614 790 826 
f 527 2046 90 
f 1614 90 2046 
f 1247 1450 1888 
f 253 1449 1602 
f 2104 592 940 
f 908 153 460 
f 615 1012 1017 
f 1407 1017 1012 
f 896 718 521 
f 328 1261 1407 
f 219 663 2145 
f 1425 62 1294 
f 970 262 615 
f 1012 615 262 
f 901 468 1431 
f 616 1431 468 
f 540 2090 262 
f 901 262 2090 
f 1407 1308 328 
f 1268 328 1308 
f 1431 616 1308 
f 1918 1308 616 
f 616 1371 1918 
f 927 1918 1371 
f 927 1705 1275 
f 332 1275 1705 
f 2078 535 711 
f 1519 711 535 
f 468 711 616 
f 1371 616 711 
f 618 520 1776 
f 1649 1776 520 
f 1649 1519 2072 
f 535 2072 1519 
f 1705 1644 332 
f 1281 332 1644 
f 520 618 1644 
f 1643 1644 618 
f 620 1660 424 
f 1127 424 1660 
f 1935 1934 1932 
f 1127 1120 1287 
f 1710 1819 595 
f 1715 595 1819 
f 930 1819 620 
f 1660 620 1819 
f 693 1761 1974 
f 621 1974 1761 
f 693 1710 1332 
f 595 1332 1710 
f 128 1932 1934 
f 72 1602 1449 
f 1974 621 1549 
f 2046 130 1614 
f 78 623 925 
f 1975 925 623 
f 1666 671 1810 
f 1305 925 2100 
f 2027 1626 2109 
f 522 2109 1626 
f 623 877 1975 
f 522 1975 877 
f 236 220 624 
f 897 624 220 
f 1626 2027 220 
f 67 220 2027 
f 359 74 2100 
f 658 1810 671 
f 624 359 236 
f 2192 2179 2189 
f 2066 940 592 
f 894 613 1851 
f 894 1730 1315 
f 784 518 1945 
f 2063 2058 263 
f 1727 263 2058 
f 790 263 613 
f 1851 613 263 
f 1727 970 1832 
f 615 1832 970 
f 644 626 1998 
f 61 1655 1413 
f 2142 899 1937 
f 525 2044 529 
f 1832 615 1730 
f 1017 1730 615 
f 627 923 1714 
f 31 1714 923 
f 345 1325 974 
f 31 974 1325 
f 2156 553 364 
f 242 364 553 
f 1754 364 627 
f 923 627 364 
f 612 1742 1533 
f 2140 1533 1742 
f 553 2151 242 
f 2140 242 2151 
f 1331 345 2097 
f 974 2097 345 
f 1539 2097 612 
f 1742 612 2097 
f 629 832 1952 
f 943 1952 832 
f 943 1306 1337 
f 348 1337 1306 
f 2170 557 2055 
f 2096 2055 557 
f 629 532 832 
f 2055 832 532 
f 1838 1754 1834 
f 627 1834 1754 
f 557 2165 2096 
f 1838 2096 2165 
f 1306 929 348 
f 1343 348 929 
f 1834 627 929 
f 1714 929 627 
f 631 1599 59 
f 2029 59 1599 
f 2029 533 1349 
f 351 1349 533 
f 818 632 389 
f 1471 389 632 
f 1633 389 631 
f 1599 631 389 
f 633 1630 662 
f 1837 662 1630 
f 632 194 1471 
f 1837 1471 194 
f 2010 138 2011 
f 2009 2004 2011 
f 713 533 633 
f 1630 633 533 
f 1295 732 266 
f 635 266 732 
f 523 1760 1829 
f 101 703 1250 
f 566 1966 909 
f 929 1714 1343 
f 266 635 1966 
f 1849 1966 635 
f 631 1497 1633 
f 1844 1633 1497 
f 2193 1844 566 
f 1966 566 1844 
f 690 1250 703 
f 2109 1607 2027 
f 1497 631 719 
f 59 719 631 
f 881 1520 91 
f 1377 91 1520 
f 1330 2182 1768 
f 2091 722 166 
f 360 881 496 
f 1934 496 881 
f 976 1717 1979 
f 2086 1979 1717 
f 743 668 623 
f 877 623 668 
f 496 1928 360 
f 668 360 1928 
f 129 860 2109 
f 1382 1255 743 
f 2017 1010 162 
f 623 78 743 
f 1893 110 1942 
f 1549 621 1389 
f 640 362 1389 
f 782 2000 1910 
f 488 885 1907 
f 524 1907 885 
f 524 621 1761 
f 1939 1942 110 
f 850 1843 639 
f 1367 639 1843 
f 1902 1843 488 
f 885 488 1843 
f 850 1395 640 
f 362 640 1395 
f 705 2028 383 
f 675 581 782 
f 764 1401 639 
f 590 383 2028 
f 764 365 1401 
f 343 1702 550 
f 492 2067 1919 
f 436 1919 2067 
f 639 1367 764 
f 436 764 1367 
f 1700 1823 641 
f 1791 641 1823 
f 1914 1823 492 
f 2067 492 1823 
f 636 365 764 
f 560 2169 2162 
f 641 1655 1700 
f 636 1700 1655 
f 1998 374 641 
f 1655 641 374 
f 626 368 374 
f 1413 374 368 
f 1444 2149 64 
f 555 64 2149 
f 641 1791 1998 
f 1444 1998 1791 
f 1977 1885 1879 
f 643 1879 1885 
f 555 2158 64 
f 1977 64 2158 
f 1419 368 1392 
f 626 1392 368 
f 1879 643 1392 
f 344 1392 643 
f 643 584 344 
f 1294 344 584 
f 2007 2004 2016 
f 1294 68 1425 
f 563 2142 2177 
f 442 2177 2142 
f 1885 442 643 
f 584 643 442 
f 1937 899 645 
f 1455 645 899 
f 2186 899 563 
f 2142 563 899 
f 150 2182 2184 
f 2180 564 2181 
f 645 114 1937 
f 68 1937 114 
f 715 1437 645 
f 114 645 1437 
f 2137 165 2131 
f 188 157 705 
f 562 140 2187 
f 1408 2187 140 
f 645 1455 715 
f 1408 715 1455 
f 1119 1330 647 
f 1768 647 1330 
f 2182 1330 562 
f 140 562 1330 
f 456 1443 687 
f 2081 2131 165 
f 647 1762 1119 
f 456 1119 1762 
f 325 1316 647 
f 1762 647 1316 
f 1316 1318 1452 
f 377 1452 1318 
f 825 695 567 
f 1541 567 695 
f 1768 695 647 
f 325 647 695 
f 635 1502 1849 
f 519 1849 1502 
f 567 2197 825 
f 519 825 2197 
f 1318 716 377 
f 1454 377 716 
f 1502 635 716 
f 732 716 635 
f 126 1461 324 
f 380 324 1461 
f 126 437 1952 
f 629 1952 437 
f 422 1251 650 
f 1449 650 1251 
f 380 1470 324 
f 1251 324 1470 
f 604 264 646 
f 189 646 264 
f 650 889 422 
f 189 422 889 
f 1665 2134 597 
f 491 597 2134 
f 2017 2134 604 
f 264 604 2134 
f 437 1921 629 
f 532 629 1921 
f 1921 1665 205 
f 597 205 1665 
f 1787 599 879 
f 934 879 599 
f 818 879 632 
f 697 632 879 
f 652 512 2061 
f 1986 2061 512 
f 599 1003 934 
f 1986 934 1003 
f 194 632 900 
f 697 900 632 
f 230 900 652 
f 512 652 900 
f 654 912 1008 
f 24 1008 912 
f 657 1323 671 
f 24 671 1323 
f 112 99 655 
f 434 655 99 
f 1719 99 654 
f 912 654 99 
f 656 1810 855 
f 1972 855 1810 
f 655 1606 112 
f 1972 112 1606 
f 671 1666 657 
f 531 657 1666 
f 1775 1666 656 
f 1810 656 1666 
f 659 1809 177 
f 396 177 1809 
f 929 1306 1834 
f 1008 170 1507 
f 835 662 1798 
f 714 256 660 
f 1809 659 714 
f 1656 714 659 
f 2145 173 219 
f 661 219 173 
f 148 1798 662 
f 1844 2193 1633 
f 1792 1507 170 
f 2145 1827 173 
f 219 661 452 
f 2025 452 661 
f 1985 1950 508 
f 702 664 184 
f 937 184 667 
f 361 667 184 
f 179 707 674 
f 885 640 524 
f 1949 508 1950 
f 1921 437 1665 
f 2143 2099 2044 
f 172 666 1969 
f 674 707 1969 
f 1371 619 927 
f 361 939 667 
f 2002 2001 2000 
f 939 1969 729 
f 666 729 1969 
f 2025 661 1824 
f 1847 1824 661 
f 1505 728 504 
f 1824 473 1820 
f 636 2067 1700 
f 222 1771 1528 
f 1847 661 1670 
f 173 1670 661 
f 2105 2098 2143 
f 1940 503 1942 
f 183 1528 1771 
f 1797 221 678 
f 185 504 728 
f 163 1852 806 
f 961 176 2093 
f 547 2108 2107 
f 6 2093 435 
f 176 435 2093 
f 1384 109 736 
f 2110 2138 2010 
f 2153 2130 2151 
f 1393 182 844 
f 2084 2053 2083 
f 2099 2143 2098 
f 729 666 216 
f 1694 216 666 
f 147 818 1633 
f 1369 723 821 
f 1753 2038 474 
f 1860 736 109 
f 666 172 1694 
f 1753 1694 172 
f 676 427 1780 
f 450 1780 427 
f 177 450 659 
f 1865 659 450 
f 1797 1840 677 
f 1760 677 1840 
f 1829 1840 676 
f 427 676 1840 
f 179 664 221 
f 1855 221 664 
f 677 106 1797 
f 221 1797 106 
f 659 1865 1656 
f 1959 1656 1865 
f 664 702 1855 
f 1959 1855 702 
f 1729 506 679 
f 731 679 506 
f 449 676 506 
f 1780 506 676 
f 235 14 607 
f 890 607 14 
f 892 14 679 
f 1729 679 14 
f 610 665 104 
f 847 104 665 
f 607 1852 235 
f 847 235 1852 
f 2018 2022 680 
f 466 680 2022 
f 2095 2022 610 
f 665 610 2022 
f 676 449 1829 
f 1526 1829 449 
f 680 523 2018 
f 1526 2018 523 
f 106 677 394 
f 1962 394 677 
f 1675 394 682 
f 505 682 394 
f 680 339 523 
f 1518 523 339 
f 677 1760 1962 
f 1518 1962 1760 
f 609 1309 2045 
f 339 2045 1309 
f 1571 596 962 
f 680 466 339 
f 451 670 1581 
f 601 1581 670 
f 609 2081 1309 
f 451 1309 2081 
f 1866 1876 505 
f 682 505 1876 
f 1866 1581 1627 
f 601 1627 1581 
f 1964 158 1936 
f 1932 128 896 
f 1805 1957 159 
f 1969 171 1426 
f 1699 707 682 
f 1675 682 707 
f 621 524 640 
f 1907 524 121 
f 1894 490 1897 
f 543 889 650 
f 543 1699 1876 
f 682 1876 1699 
f 2085 253 415 
f 1602 415 253 
f 1449 253 650 
f 1895 1897 490 
f 171 1301 1426 
f 542 551 2135 
f 415 1597 2085 
f 1301 2085 1597 
f 1380 969 419 
f 1610 419 969 
f 466 164 339 
f 1596 509 969 
f 633 1863 713 
f 1759 713 1863 
f 419 1621 1380 
f 1759 1380 1621 
f 429 835 686 
f 1798 686 835 
f 662 835 633 
f 1863 633 835 
f 1596 834 473 
f 1820 473 834 
f 2077 538 2079 
f 834 429 686 
f 1962 1518 683 
f 509 1596 6 
f 2139 2037 552 
f 2093 1596 473 
f 1625 1624 2038 
f 1396 2038 1624 
f 2117 2135 551 
f 2106 1383 1553 
f 2045 339 164 
f 1275 80 927 
f 509 1396 1631 
f 1624 1631 1396 
f 1396 509 474 
f 6 474 509 
f 718 1498 2132 
f 1308 1407 1431 
f 1636 60 174 
f 2190 2196 568 
f 670 451 165 
f 1396 474 2038 
f 652 1250 230 
f 5 230 1250 
f 686 1798 690 
f 5 690 1798 
f 892 679 101 
f 703 101 679 
f 2061 101 652 
f 1250 652 101 
f 122 1888 1450 
f 396 452 1551 
f 731 1551 679 
f 703 679 1551 
f 499 1924 1929 
f 2073 2079 538 
f 452 690 1551 
f 1247 1773 1751 
f 660 1593 2145 
f 1827 2145 1593 
f 1806 156 1804 
f 2069 153 1992 
f 1826 691 904 
f 2125 158 1807 
f 256 904 660 
f 1593 660 904 
f 657 217 1323 
f 1270 1323 217 
f 691 1792 904 
f 1270 904 1792 
f 692 1827 2031 
f 733 2031 1827 
f 657 531 217 
f 733 217 531 
f 1252 712 669 
f 961 669 712 
f 663 1809 660 
f 611 2133 137 
f 908 1992 153 
f 1811 156 79 
f 669 1670 1252 
f 240 1252 1670 
f 656 2005 1775 
f 967 1775 2005 
f 692 2031 240 
f 967 240 2031 
f 694 712 1254 
f 2023 1254 712 
f 656 855 2005 
f 2023 2005 855 
f 673 1979 216 
f 2086 216 1979 
f 1325 70 31 
f 1395 850 58 
f 77 1730 1017 
f 714 660 1809 
f 435 2035 673 
f 1979 673 2035 
f 976 224 655 
f 1606 655 224 
f 2035 694 224 
f 1254 224 694 
f 696 2086 1712 
f 1717 1712 2086 
f 655 434 976 
f 1717 976 434 
f 1802 587 460 
f 937 667 1550 
f 1826 1550 691 
f 1805 159 1786 
f 939 696 544 
f 639 58 850 
f 723 460 587 
f 32 1530 1757 
f 654 1828 1719 
f 1965 1719 1828 
f 696 1712 544 
f 1965 544 1712 
f 691 1550 1792 
f 1507 1792 1550 
f 654 1008 1828 
f 1507 1828 1008 
f 1756 699 1770 
f 181 1770 699 
f 1773 482 1770 
f 1883 1770 482 
f 181 1771 356 
f 700 356 1771 
f 881 128 1934 
f 638 1520 360 
f 743 638 668 
f 516 1997 1990 
f 356 700 1751 
f 844 1751 700 
f 1247 1888 1773 
f 482 1773 1888 
f 1751 182 1247 
f 1450 1247 182 
f 182 1393 1450 
f 2136 1450 1393 
f 624 897 617 
f 2136 617 897 
f 14 235 1729 
f 14 892 890 
f 699 88 183 
f 464 1953 828 
f 1698 617 1703 
f 1790 741 1991 
f 681 1729 235 
f 1012 1431 1407 
f 2115 113 2116 
f 359 624 617 
f 902 251 1758 
f 111 741 1923 
f 2059 2060 2058 
f 1709 1873 234 
f 424 234 620 
f 508 1949 1976 
f 2061 1986 160 
f 1873 32 637 
f 617 2136 1393 
f 1761 693 121 
f 1833 706 637 
f 234 637 706 
f 1833 637 32 
f 1935 1933 1929 
f 620 234 930 
f 403 930 234 
f 706 1708 234 
f 403 234 1708 
f 1706 837 706 
f 1708 706 837 
f 837 423 1872 
f 479 1872 423 
f 1896 1968 110 
f 2025 686 690 
f 592 336 2066 
f 706 1833 1706 
f 651 422 264 
f 88 699 97 
f 1869 481 1871 
f 2161 110 1968 
f 423 922 479 
f 1877 479 922 
f 922 97 1756 
f 699 1756 97 
f 1701 438 1393 
f 1703 1393 438 
f 445 1731 539 
f 438 539 1731 
f 700 1623 844 
f 587 821 723 
f 681 449 1729 
f 844 1701 1393 
f 96 222 710 
f 1528 710 222 
f 1771 222 700 
f 1623 700 222 
f 1867 1737 539 
f 445 539 1737 
f 710 1537 96 
f 1867 96 1537 
f 710 1881 1537 
f 1617 1537 1881 
f 1743 1617 448 
f 1530 448 1617 
f 102 453 1263 
f 1864 1871 481 
f 1528 453 710 
f 1881 710 453 
f 32 1757 1833 
f 690 703 1551 
f 1263 1706 102 
f 1833 102 1706 
f 1530 32 448 
f 1748 448 32 
f 2055 532 2170 
f 900 230 194 
f 1843 1902 1367 
f 1808 180 594 
f 1855 678 221 
f 1908 1907 1906 
f 1856 108 1960 
f 463 734 1960 
f 106 179 221 
f 1769 186 469 
f 754 1850 471 
f 871 459 1830 
f 1608 1960 734 
f 735 521 504 
f 957 1007 398 
f 1993 136 2016 
f 405 1868 518 
f 90 1614 614 
f 2015 174 2006 
f 122 67 725 
f 174 957 1365 
f 398 1365 957 
f 60 1636 497 
f 262 970 540 
f 1901 1900 1898 
f 174 2015 1636 
f 718 896 128 
f 1521 725 67 
f 497 1932 60 
f 896 60 1932 
f 125 518 1868 
f 521 1007 896 
f 1254 169 224 
f 220 67 897 
f 1549 1120 1974 
f 414 735 828 
f 2015 2016 136 
f 414 1548 398 
f 605 550 1702 
f 185 902 828 
f 343 670 2137 
f 711 468 2078 
f 1953 464 534 
f 2074 534 464 
f 121 1906 1907 
f 828 902 464 
f 545 1542 2115 
f 1538 2115 1542 
f 1953 534 1538 
f 113 1538 534 
f 1548 1590 398 
f 1365 398 1590 
f 2111 1590 545 
f 1542 545 1590 
f 1850 754 1801 
f 1794 1801 754 
f 1776 2074 902 
f 2005 1252 967 
f 618 1758 1643 
f 1850 1643 1758 
f 1995 136 1993 
f 1996 1999 2021 
f 713 1759 65 
f 1996 2021 1958 
f 1776 902 618 
f 1758 618 902 
f 240 967 1252 
f 855 169 2023 
f 141 1958 2021 
f 251 902 185 
f 1813 2034 91 
f 1878 1877 123 
f 1973 1971 2020 
f 1970 1973 139 
f 80 1268 1918 
f 538 2075 2073 
f 734 463 727 
f 1431 1012 901 
f 1606 224 169 
f 1498 718 128 
f 1308 1918 1268 
f 1823 1700 2067 
f 1967 2020 1971 
f 151 2197 909 
f 1978 1958 141 
f 434 167 1717 
f 726 100 2132 
f 133 1898 1900 
f 147 1633 2193 
f 100 1505 521 
f 100 1629 727 
f 1867 1537 1737 
f 1613 1629 726 
f 100 726 1629 
f 826 614 1614 
f 187 728 1505 
f 100 727 1505 
f 1984 133 1951 
f 504 521 1505 
f 2040 1814 2129 
f 2040 806 1852 
f 1710 693 622 
f 1974 622 693 
f 1764 251 728 
f 2097 1539 1331 
f 72 1449 1470 
f 730 1769 187 
f 1764 187 1769 
f 728 187 1764 
f 685 171 707 
f 2081 165 451 
f 1701 1623 96 
f 186 1769 730 
f 125 1870 1943 
f 1251 1470 1449 
f 2194 568 2196 
f 469 1794 1769 
f 754 1769 1794 
f 504 185 735 
f 2036 605 722 
f 1378 689 2034 
f 1883 480 123 
f 398 1007 414 
f 63 157 1320 
f 109 1535 1378 
f 1758 471 1850 
f 389 1633 818 
f 726 1535 1613 
f 1384 1613 1535 
f 2126 2130 2124 
f 1882 480 1880 
f 1498 2034 689 
f 1535 726 689 
f 2132 689 726 
f 600 1553 1383 
f 2110 2107 2108 
f 187 727 730 
f 463 730 727 
f 1379 1629 1384 
f 1613 1384 1629 
f 1941 1942 503 
f 674 361 664 
f 475 1608 1860 
f 736 1860 1608 
f 905 1320 157 
f 736 1379 1384 
f 730 463 186 
f 1960 186 463 
f 1960 1608 1856 
f 475 1856 1608 
f 1596 2093 6 
f 423 837 709 
f 1694 1753 673 
f 739 193 737 
f 193 742 740 
f 205 145 1921 
f 474 673 1753 
f 709 1706 1263 
f 747 746 744 
f 10 744 746 
f 193 190 745 
f 747 745 190 
f 16 748 749 
f 750 749 748 
f 745 750 193 
f 737 193 750 
f 356 1751 1773 
f 738 751 739 
f 197 753 752 
f 739 752 753 
f 18 755 757 
f 758 757 755 
f 752 758 197 
f 756 197 758 
f 762 761 759 
f 13 759 761 
f 197 756 760 
f 762 760 756 
f 608 965 984 
f 532 1921 145 
f 760 763 197 
f 753 197 763 
f 1 765 768 
f 769 768 765 
f 767 769 202 
f 766 202 769 
f 12 770 772 
f 773 772 770 
f 202 766 771 
f 773 771 766 
f 774 777 11 
f 776 11 777 
f 771 777 202 
f 775 202 777 
f 787 778 779 
f 780 779 778 
f 202 775 767 
f 780 767 775 
f 7 781 993 
f 785 993 781 
f 1927 499 1938 
f 1933 1938 499 
f 779 788 787 
f 1337 71 943 
f 783 788 206 
f 786 206 788 
f 11 789 774 
f 791 774 789 
f 556 2155 2148 
f 2160 2148 2155 
f 792 794 23 
f 793 23 794 
f 786 794 206 
f 783 206 794 
f 2 795 798 
f 799 798 795 
f 211 797 796 
f 799 796 797 
f 800 803 802 
f 122 1886 1888 
f 796 803 211 
f 801 211 803 
f 1956 115 2033 
f 484 2033 115 
f 211 801 805 
f 807 805 801 
f 20 808 809 
f 810 809 808 
f 810 797 805 
f 211 805 797 
f 768 814 1 
f 813 1 814 
f 812 814 215 
f 811 215 814 
f 787 817 778 
f 551 542 2138 
f 215 811 212 
f 817 212 811 
f 1774 155 19 
f 1988 1970 1987 
f 212 820 215 
f 819 215 820 
f 16 822 823 
f 824 823 822 
f 215 819 812 
f 824 812 819 
f 452 2025 690 
f 660 2145 663 
f 2167 2166 554 
f 827 830 218 
f 16 823 748 
f 830 748 823 
f 622 1660 1710 
f 829 218 830 
f 92 19 155 
f 833 15 831 
f 218 829 836 
f 833 836 829 
f 176 694 435 
f 842 843 836 
f 715 1408 648 
f 560 554 2166 
f 1719 1965 167 
f 177 731 1780 
f 506 1729 449 
f 839 841 846 
f 127 2000 2001 
f 2187 1408 149 
f 1855 1959 678 
f 118 2101 2135 
f 147 1787 818 
f 845 831 15 
f 842 831 846 
f 1301 1597 1426 
f 849 30 839 
f 848 839 30 
f 1301 171 2085 
f 704 605 1010 
f 851 854 7 
f 781 7 854 
f 853 854 858 
f 852 858 854 
f 857 856 849 
f 30 849 856 
f 859 858 857 
f 852 857 858 
f 15 820 845 
f 859 845 820 
f 2096 1838 630 
f 835 429 1863 
f 1952 943 71 
f 853 817 787 
f 688 1863 429 
f 1323 1270 170 
f 861 864 2 
f 795 2 864 
f 1985 1988 1983 
f 862 228 864 
f 18 865 867 
f 868 867 865 
f 228 862 866 
f 868 866 862 
f 869 872 17 
f 907 17 872 
f 866 872 228 
f 870 228 872 
f 1889 1888 1886 
f 874 873 802 
f 228 870 864 
f 874 864 870 
f 876 878 875 
f 8 875 878 
f 1936 421 675 
f 1380 1759 688 
f 873 882 802 
f 229 802 882 
f 876 882 232 
f 227 232 882 
f 17 883 869 
f 956 550 704 
f 232 227 884 
f 869 884 227 
f 887 29 888 
f 886 888 29 
f 884 888 232 
f 581 675 421 
f 2148 2150 556 
f 2100 625 359 
f 891 841 893 
f 651 264 1665 
f 29 887 233 
f 895 233 887 
f 2134 2017 491 
f 895 893 841 
f 628 923 242 
f 883 17 898 
f 162 491 2017 
f 364 242 923 
f 1714 31 70 
f 544 1965 698 
f 893 898 891 
f 712 1252 2023 
f 751 738 903 
f 827 903 738 
f 464 902 2074 
f 468 901 134 
f 2133 611 2128 
f 907 836 843 
f 490 1903 1895 
f 976 1979 224 
f 17 907 898 
f 2049 2047 2043 
f 2185 2183 2180 
f 394 1962 505 
f 18 757 865 
f 903 865 757 
f 564 2180 2183 
f 503 1940 1944 
f 913 1016 3 
f 162 966 2087 
f 241 911 910 
f 913 910 911 
f 22 914 916 
f 917 916 914 
f 915 241 917 
f 910 917 241 
f 21 918 920 
f 921 920 918 
f 921 919 915 
f 241 915 919 
f 931 975 932 
f 924 932 975 
f 919 924 241 
f 911 241 924 
f 978 926 9 
f 928 9 926 
f 871 1808 642 
f 1356 371 590 
f 249 175 586 
f 2102 838 1854 
f 926 932 245 
f 239 245 932 
f 21 933 918 
f 935 918 933 
f 245 239 938 
f 935 938 239 
f 938 243 936 
f 33 936 243 
f 2058 142 1727 
f 594 642 1808 
f 2067 636 436 
f 1786 863 1802 
f 941 4 250 
f 246 250 4 
f 28 944 946 
f 947 946 944 
f 250 246 945 
f 947 945 246 
f 948 951 25 
f 950 25 951 
f 945 951 250 
f 949 250 951 
f 26 952 953 
f 941 953 952 
f 1946 1945 1943 
f 250 949 941 
f 9 928 252 
f 958 252 928 
f 125 1945 518 
f 1610 969 66 
f 959 960 33 
f 936 33 960 
f 640 885 850 
f 144 1885 2158 
f 25 950 963 
f 964 963 950 
f 955 960 247 
f 964 247 960 
f 2124 2120 1909 
f 2117 2118 2088 
f 247 944 955 
f 958 955 944 
f 506 1780 731 
f 564 2176 2175 
f 968 1009 972 
f 971 972 1009 
f 30 971 848 
f 1581 1866 683 
f 1840 1829 1760 
f 685 1699 650 
f 1849 151 1966 
f 909 1966 151 
f 997 1506 815 
f 978 972 931 
f 9 977 978 
f 1963 1976 1949 
f 972 978 968 
f 1806 2102 156 
f 29 979 886 
f 982 886 979 
f 982 980 981 
f 259 981 980 
f 946 985 28 
f 1005 28 985 
f 980 985 259 
f 983 259 985 
f 986 988 4 
f 764 436 636 
f 259 983 987 
f 988 987 983 
f 878 990 8 
f 989 8 990 
f 981 259 990 
f 987 990 259 
f 23 991 792 
f 994 792 991 
f 994 992 993 
f 2178 2177 2163 
f 22 916 996 
f 995 996 916 
f 144 2163 2177 
f 1774 962 155 
f 2111 2113 117 
f 2071 2087 966 
f 992 995 999 
f 998 999 995 
f 993 1002 7 
f 1001 7 1002 
f 993 992 1002 
f 999 1002 992 
f 2122 1909 2120 
f 132 1916 2121 
f 1969 707 171 
f 837 1872 1708 
f 233 979 29 
f 1961 1955 1954 
f 102 1833 1757 
f 1708 119 403 
f 236 359 625 
f 115 1882 484 
f 257 979 968 
f 1009 968 979 
f 252 977 9 
f 2108 547 2118 
f 968 977 257 
f 1005 257 977 
f 856 1013 30 
f 971 30 1013 
f 2169 560 2171 
f 1011 1016 1013 
f 7 1001 851 
f 1014 851 1001 
f 1016 1011 1014 
f 2054 2059 526 
f 242 2140 628 
f 998 3 1016 
f 2168 2171 145 
f 2176 564 2188 
f 668 1928 877 
f 881 360 1520 
f 146 2189 2179 
f 1018 1013 1016 
f 23 1019 991 
f 1022 991 1019 
f 1020 268 1022 
f 1021 1022 268 
f 35 1023 1025 
f 1026 1025 1023 
f 1026 1024 1020 
f 268 1020 1024 
f 1029 34 1030 
f 1027 1030 34 
f 1024 1030 268 
f 1028 268 1030 
f 1032 1031 996 
f 22 996 1031 
f 268 1028 1021 
f 1032 1021 1028 
f 1033 1036 35 
f 1023 35 1036 
f 1035 1036 272 
f 1034 272 1036 
f 37 1037 1039 
f 1040 1039 1037 
f 272 1034 1038 
f 1040 1038 1034 
f 1043 36 1044 
f 1041 1044 36 
f 1038 1044 272 
f 1042 272 1044 
f 1046 1045 1029 
f 34 1029 1045 
f 272 1042 1035 
f 1046 1035 1042 
f 35 1047 1033 
f 1050 1033 1047 
f 276 1049 1048 
f 1050 1048 1049 
f 1051 1054 40 
f 1053 40 1054 
f 1048 1054 276 
f 1052 276 1054 
f 41 1055 1057 
f 1058 1057 1055 
f 276 1052 1056 
f 1058 1056 1052 
f 1039 1060 37 
f 1059 37 1060 
f 1056 1060 276 
f 1049 276 1060 
f 37 1059 1063 
f 1064 1063 1059 
f 280 1062 1061 
f 1064 1061 1062 
f 1065 1067 41 
f 1055 41 1067 
f 1061 1067 280 
f 1066 280 1067 
f 1071 1070 1068 
f 42 1068 1070 
f 280 1066 1069 
f 1071 1069 1066 
f 38 1072 1073 
f 1074 1073 1072 
f 1074 1062 1069 
f 280 1069 1062 
f 1079 1078 1075 
f 43 1075 1078 
f 285 1077 1076 
f 1079 1076 1077 
f 1080 1083 48 
f 1082 48 1083 
f 285 1076 1081 
f 1083 1081 1076 
f 1084 1087 45 
f 1086 45 1087 
f 285 1081 1085 
f 1087 1085 1081 
f 1088 1090 46 
f 1089 46 1090 
f 285 1085 1077 
f 1090 1077 1085 
f 1091 1095 44 
f 1094 44 1095 
f 290 1093 1092 
f 1095 1092 1093 
f 1099 1098 1096 
f 50 1096 1098 
f 290 1092 1097 
f 1099 1097 1092 
f 1100 1103 47 
f 1102 47 1103 
f 1097 1103 290 
f 1101 290 1103 
f 1104 1106 49 
f 1105 49 1106 
f 290 1101 1093 
f 1106 1093 1101 
f 18 867 1109 
f 1110 1109 867 
f 1107 293 1110 
f 1108 1110 293 
f 1113 861 1111 
f 2 1111 861 
f 293 1107 1112 
f 1113 1112 1107 
f 1094 1116 44 
f 1115 44 1116 
f 1112 1116 293 
f 1114 293 1116 
f 1117 1118 49 
f 1104 49 1118 
f 293 1114 1108 
f 1118 1108 1114 
f 20 1123 1122 
f 1776 1649 2074 
f 297 1121 294 
f 1123 294 1121 
f 13 1124 1126 
f 1125 1126 1124 
f 294 1125 297 
f 573 724 1350 
f 1102 1130 47 
f 1129 47 1130 
f 297 1125 1128 
f 1130 1128 1125 
f 1131 1132 50 
f 1096 50 1132 
f 1128 1132 297 
f 1121 297 1132 
f 18 1109 755 
f 1135 755 1109 
f 298 1134 1133 
f 1135 1133 1134 
f 1105 1137 49 
f 1117 49 1137 
f 1133 1137 298 
f 1136 298 1137 
f 1129 1139 47 
f 1100 47 1139 
f 298 1136 1138 
f 1139 1138 1136 
f 13 761 1124 
f 1140 1124 761 
f 1138 1140 298 
f 1134 298 1140 
f 20 1122 808 
f 1143 808 1122 
f 1142 1143 299 
f 1141 299 1143 
f 1098 1145 50 
f 1131 50 1145 
f 299 1141 1144 
f 1145 1144 1141 
f 1115 1147 44 
f 1091 44 1147 
f 1144 1147 299 
f 1146 299 1147 
f 1148 1111 798 
f 2 798 1111 
f 1148 1142 1146 
f 299 1146 1142 
f 16 1149 822 
f 1152 822 1149 
f 1151 1152 302 
f 1150 302 1152 
f 1082 1155 48 
f 1154 48 1155 
f 302 1150 1153 
f 1155 1153 1150 
f 1156 1158 43 
f 1075 43 1158 
f 1153 1158 302 
f 1157 302 1158 
f 1160 1159 813 
f 1 813 1159 
f 302 1157 1151 
f 1160 1151 1157 
f 772 1164 12 
f 1163 12 1164 
f 1161 304 1164 
f 1162 1164 304 
f 1159 1166 1 
f 765 1 1166 
f 1166 1165 1161 
f 304 1161 1165 
f 1078 1168 43 
f 1156 43 1168 
f 1165 1168 304 
f 1167 304 1168 
f 1169 1170 46 
f 1088 46 1170 
f 304 1167 1162 
f 1170 1162 1167 
f 1171 1174 10 
f 744 10 1174 
f 1173 1174 306 
f 1172 306 1174 
f 1086 1177 45 
f 1176 45 1177 
f 306 1172 1175 
f 1177 1175 1172 
f 1154 1179 48 
f 1080 48 1179 
f 1175 1179 306 
f 1178 306 1179 
f 16 749 1149 
f 1180 1149 749 
f 306 1178 1173 
f 1180 1173 1178 
f 12 1163 1183 
f 1184 1183 1163 
f 308 1182 1181 
f 1184 1181 1182 
f 1089 1186 46 
f 1169 46 1186 
f 1181 1186 308 
f 1185 308 1186 
f 1176 1188 45 
f 1084 45 1188 
f 308 1185 1187 
f 1188 1187 1185 
f 10 1189 1171 
f 1190 1171 1189 
f 1187 1190 308 
f 1182 308 1190 
f 38 1191 1072 
f 1194 1072 1191 
f 312 1193 1192 
f 1194 1192 1193 
f 51 1195 1197 
f 1198 1197 1195 
f 312 1192 1196 
f 1198 1196 1192 
f 1201 53 1202 
f 1199 1202 53 
f 312 1196 1200 
f 1202 1200 1196 
f 1205 1204 1043 
f 36 1043 1204 
f 312 1200 1203 
f 1205 1203 1200 
f 1063 1206 37 
f 1037 37 1206 
f 1203 1206 312 
f 1193 312 1206 
f 52 1207 1210 
f 1211 1210 1207 
f 1211 1208 1209 
f 317 1209 1208 
f 1212 1215 53 
f 1214 53 1215 
f 1208 1215 317 
f 1213 317 1215 
f 1216 1219 57 
f 1218 57 1219 
f 1217 317 1219 
f 1213 1219 317 
f 1222 1221 1220 
f 56 1220 1221 
f 317 1217 1209 
f 1222 1209 1217 
f 1225 1212 1201 
f 53 1201 1212 
f 320 1224 1223 
f 1225 1223 1224 
f 51 1226 1195 
f 1228 1195 1226 
f 1227 320 1228 
f 1223 1228 320 
f 1232 1231 1229 
f 54 1229 1231 
f 320 1227 1230 
f 1232 1230 1227 
f 1218 1234 57 
f 1233 57 1234 
f 1230 1234 320 
f 1224 320 1234 
f 1238 1229 1235 
f 54 1235 1229 
f 323 1237 1236 
f 1238 1236 1237 
f 1239 1242 55 
f 1241 55 1242 
f 1236 1242 323 
f 1240 323 1242 
f 1221 1245 56 
f 1244 56 1245 
f 323 1240 1243 
f 1245 1243 1240 
f 1233 1246 57 
f 1216 57 1246 
f 1243 1246 323 
f 1237 323 1246 
f 335 1807 158 
f 220 236 1626 
f 2112 547 2113 
f 1911 1917 494 
f 1627 161 1866 
f 1253 826 76 
f 327 1248 1253 
f 147 2195 1787 
f 920 1258 21 
f 1257 21 1258 
f 1253 1258 327 
f 1256 327 1258 
f 22 1259 914 
f 1260 914 1259 
f 2107 2113 547 
f 1260 327 1256 
f 1264 77 1262 
f 1261 1262 77 
f 356 1773 181 
f 154 1830 459 
f 1269 1268 1266 
f 80 1266 1268 
f 331 1262 1267 
f 1269 1267 1262 
f 963 1272 25 
f 1271 25 1272 
f 1274 331 1272 
f 1267 1272 331 
f 33 1273 959 
f 1274 959 1273 
f 1770 181 1773 
f 683 339 1309 
f 1266 80 1278 
f 1275 1278 80 
f 1277 1278 334 
f 1276 334 1278 
f 1282 1281 1279 
f 81 1279 1281 
f 334 1276 1280 
f 1282 1280 1276 
f 1284 26 1285 
f 953 1285 26 
f 1280 1285 334 
f 1283 334 1285 
f 25 1271 948 
f 1286 948 1271 
f 1286 1277 1283 
f 334 1283 1277 
f 1287 1291 1709 
f 1290 1709 1291 
f 1289 1291 338 
f 1288 338 1291 
f 105 600 441 
f 790 1614 130 
f 338 1288 1293 
f 1549 1293 1288 
f 1297 12 1298 
f 1183 1298 12 
f 1293 1298 338 
f 1296 338 1298 
f 1300 1189 1299 
f 10 1299 1189 
f 338 1296 1289 
f 1300 1289 1296 
f 78 1305 1304 
f 361 674 939 
f 1305 1302 1303 
f 342 1303 1302 
f 339 683 1518 
f 1666 1775 531 
f 1307 342 74 
f 1302 74 342 
f 1312 1311 1126 
f 13 1126 1311 
f 342 1307 1310 
f 1312 1310 1307 
f 1313 1314 20 
f 1123 20 1314 
f 1303 342 1314 
f 1310 1314 342 
f 1660 622 1127 
f 1876 1866 161 
f 1317 1315 1319 
f 1120 1127 622 
f 1321 1730 1264 
f 77 1264 1730 
f 124 1533 2051 
f 1321 1319 1315 
f 243 1322 33 
f 1273 33 1322 
f 628 1742 974 
f 131 2051 1533 
f 21 1257 933 
f 1324 933 1257 
f 1319 1322 1317 
f 1324 1317 1322 
f 1328 70 1329 
f 1325 1329 70 
f 1326 347 1329 
f 1327 1329 347 
f 131 2050 2051 
f 178 1656 702 
f 347 1326 326 
f 1331 326 1326 
f 1031 1334 22 
f 1259 22 1334 
f 326 1334 347 
f 1333 347 1334 
f 34 1335 1027 
f 1336 1027 1335 
f 347 1333 1327 
f 1336 1327 1333 
f 1340 71 1341 
f 1337 1341 71 
f 1339 1341 350 
f 1338 350 1341 
f 1344 1343 1328 
f 70 1328 1343 
f 350 1338 1342 
f 1344 1342 1338 
f 1045 1346 34 
f 1335 34 1346 
f 1345 350 1346 
f 1342 1346 350 
f 36 1347 1041 
f 1348 1041 1347 
f 1348 1339 1345 
f 350 1345 1339 
f 59 1349 1352 
f 1353 1352 1349 
f 1351 1353 355 
f 1357 355 1353 
f 65 1354 351 
f 1357 351 1354 
f 355 1357 1355 
f 127 1890 1891 
f 1358 1361 39 
f 1360 39 1361 
f 1355 1361 355 
f 1359 355 1361 
f 38 1362 1363 
f 1364 1363 1362 
f 355 1359 1351 
f 1364 1351 1359 
f 1881 1757 1617 
f 96 1867 1701 
f 2091 166 1522 
f 678 427 1797 
f 1372 719 1352 
f 59 1352 719 
f 1370 358 1372 
f 1366 1372 358 
f 38 1073 1362 
f 1374 1362 1073 
f 1374 1373 1370 
f 358 1370 1373 
f 1375 1376 42 
f 1068 42 1376 
f 1373 1376 358 
f 69 1522 166 
f 1803 91 1381 
f 1377 1381 91 
f 734 727 1379 
f 1899 1905 490 
f 1249 2128 166 
f 1304 1382 78 
f 1382 743 78 
f 148 194 230 
f 20 809 1313 
f 1386 1313 809 
f 1385 1255 1386 
f 1382 1386 1255 
f 807 1387 804 
f 1803 804 1387 
f 1803 1381 1385 
f 1255 1385 1381 
f 1549 1389 1292 
f 614 612 90 
f 653 860 1930 
f 1292 1390 1391 
f 1332 121 693 
f 2087 2106 162 
f 1394 1390 1395 
f 129 1930 860 
f 11 776 1398 
f 1399 1398 776 
f 1390 1394 1397 
f 1399 1397 1394 
f 770 12 1400 
f 1297 1400 12 
f 1397 1400 1390 
f 1391 1390 1400 
f 1404 58 1401 
f 1316 1452 1762 
f 1897 1896 1893 
f 110 1893 1896 
f 1405 367 61 
f 365 61 367 
f 79 1521 1948 
f 585 1948 1521 
f 23 793 1410 
f 1411 1410 793 
f 367 1406 1409 
f 1411 1409 1406 
f 1398 1412 11 
f 789 11 1412 
f 1409 1412 367 
f 1404 367 1412 
f 1413 1416 61 
f 1405 61 1416 
f 370 1415 1414 
f 1416 1414 1415 
f 1420 1419 1417 
f 62 1417 1419 
f 370 1414 1418 
f 1420 1418 1414 
f 35 1025 1422 
f 1423 1422 1025 
f 1421 370 1423 
f 1418 1423 370 
f 1410 1424 23 
f 1019 23 1424 
f 1421 1424 370 
f 1415 370 1424 
f 1425 1428 62 
f 1417 62 1428 
f 1427 1428 1430 
f 1432 1430 1428 
f 1429 1432 114 
f 68 114 1432 
f 1705 927 619 
f 2179 2181 146 
f 1435 1434 1053 
f 40 1053 1434 
f 1433 1430 1435 
f 68 1294 1937 
f 35 1422 1047 
f 1436 1047 1422 
f 1436 1427 1433 
f 1430 1433 1427 
f 1440 1429 1437 
f 114 1437 1429 
f 376 1439 1438 
f 1440 1438 1439 
f 1441 1443 1762 
f 2045 164 2103 
f 1438 1443 376 
f 1442 376 1443 
f 41 1057 1446 
f 1447 1446 1057 
f 376 1442 1445 
f 1447 1445 1442 
f 1434 1448 40 
f 1051 40 1448 
f 1445 1448 376 
f 1439 376 1448 
f 1975 522 625 
f 1762 1452 1441 
f 1451 1452 378 
f 377 378 1452 
f 75 1537 1743 
f 1530 1617 1757 
f 378 377 1453 
f 1454 1453 377 
f 1070 1457 42 
f 1375 42 1457 
f 1453 1457 378 
f 1456 378 1457 
f 41 1446 1065 
f 1458 1065 1446 
f 1458 1451 1456 
f 378 1456 1451 
f 1462 1461 1340 
f 71 1340 1461 
f 381 1460 1459 
f 1462 1459 1460 
f 1347 36 1464 
f 1204 1464 36 
f 381 1459 1463 
f 1464 1463 1459 
f 53 1214 1199 
f 1466 1199 1214 
f 381 1463 1465 
f 1466 1465 1463 
f 1467 1469 52 
f 1207 52 1469 
f 381 1465 1468 
f 1469 1468 1465 
f 1470 1472 72 
f 379 72 1472 
f 381 1468 1460 
f 1472 1460 1468 
f 38 1363 1191 
f 1475 1191 1363 
f 1475 1473 1474 
f 1477 1474 1473 
f 39 1476 1358 
f 1478 1358 1476 
f 1478 1477 1473 
f 2014 2012 2009 
f 1197 1480 51 
f 1479 51 1480 
f 2004 2009 2012 
f 1474 1477 1480 
f 1485 1484 1481 
f 85 1481 1484 
f 1483 1485 388 
f 1482 388 1485 
f 1489 1488 1486 
f 83 1486 1488 
f 388 1482 1487 
f 1489 1487 1482 
f 1490 1493 84 
f 1492 84 1493 
f 1487 1493 388 
f 1491 388 1493 
f 1496 1495 1494 
f 82 1494 1495 
f 388 1491 1483 
f 1496 1483 1491 
f 2144 261 596 
f 1500 1569 1501 
f 1499 1501 393 
f 1504 393 1501 
f 2034 128 881 
f 120 1367 1902 
f 393 1504 1503 
f 701 254 592 
f 1824 1820 2025 
f 1771 181 183 
f 391 393 1509 
f 1503 1509 393 
f 93 1510 1511 
f 1512 1511 1510 
f 1512 1499 391 
f 393 391 1499 
f 93 1513 1516 
f 1517 1516 1513 
f 1517 1514 1515 
f 1523 1515 1514 
f 1978 1971 1976 
f 1810 658 1972 
f 1514 1680 1523 
f 1525 1523 1680 
f 1525 1524 1594 
f 87 1594 1524 
f 2175 2181 564 
f 146 2172 2173 
f 498 1989 111 
f 2090 134 901 
f 1515 1523 1527 
f 954 782 581 
f 75 1737 1537 
f 1532 89 1529 
f 399 402 1532 
f 1531 1532 402 
f 417 1546 1536 
f 2155 556 2157 
f 399 1536 402 
f 1534 402 1536 
f 1590 2111 1365 
f 881 91 2034 
f 1534 1540 402 
f 401 402 1540 
f 60 957 174 
f 699 183 181 
f 402 401 1531 
f 125 1868 1870 
f 2156 143 2157 
f 2154 2157 143 
f 1544 404 1546 
f 1545 1546 404 
f 1524 1628 87 
f 681 665 2018 
f 1547 404 1628 
f 1544 1628 404 
f 112 1972 658 
f 73 1625 1426 
f 2041 525 2039 
f 1552 404 1547 
f 721 1542 1548 
f 117 1365 2111 
f 1902 1905 120 
f 529 2039 525 
f 1569 1500 1557 
f 1558 1557 1500 
f 408 1556 1555 
f 1558 1555 1556 
f 93 1516 1510 
f 1560 1510 1516 
f 1555 1560 408 
f 1559 408 1560 
f 1561 1563 94 
f 900 697 512 
f 1562 408 1563 
f 1559 1563 408 
f 95 1564 1565 
f 1566 1565 1564 
f 408 1562 1556 
f 1566 1556 1562 
f 1570 1569 1557 
f 261 1715 1265 
f 411 1568 1567 
f 1570 1567 1568 
f 2053 2057 118 
f 1564 95 1572 
f 411 1567 1572 
f 922 423 97 
f 55 1241 1575 
f 1576 1575 1241 
f 411 1572 1574 
f 1576 1574 1572 
f 1231 1578 54 
f 1235 54 1578 
f 1574 1578 411 
f 1577 411 1578 
f 51 1579 1226 
f 1580 1226 1579 
f 411 1577 1568 
f 1580 1568 1577 
f 94 1527 1561 
f 1584 1561 1527 
f 1584 1582 1583 
f 413 1583 1582 
f 1586 52 1587 
f 1210 1587 52 
f 1585 413 1587 
f 1582 1587 413 
f 1244 1589 56 
f 1220 56 1589 
f 413 1585 1588 
f 1589 1588 1585 
f 1575 1591 55 
f 1239 55 1591 
f 413 1588 1592 
f 1591 1592 1588 
f 2101 118 2057 
f 1565 1592 95 
f 600 546 1695 
f 1583 413 1592 
f 2022 2095 466 
f 474 6 673 
f 416 1595 1594 
f 65 351 713 
f 1597 1600 73 
f 87 73 1600 
f 416 1594 1598 
f 1600 1598 1594 
f 72 379 1602 
f 1603 1602 379 
f 416 1598 1601 
f 1603 1601 1598 
f 1605 1467 1586 
f 52 1586 1467 
f 416 1601 1604 
f 1605 1604 1601 
f 630 1834 1306 
f 70 1343 1714 
f 732 1295 1368 
f 416 1604 1595 
f 1611 1610 1632 
f 66 1632 1610 
f 420 1609 417 
f 1611 417 1609 
f 651 1665 437 
f 1599 634 2029 
f 420 417 1612 
f 1379 736 734 
f 1615 1529 89 
f 2024 2026 2021 
f 420 1612 1616 
f 1529 1616 1612 
f 39 1360 1619 
f 1620 1619 1360 
f 420 1616 1618 
f 1620 1618 1616 
f 1621 1622 65 
f 1354 65 1622 
f 1618 1622 420 
f 1609 420 1622 
f 73 87 1625 
f 600 1383 546 
f 1625 1628 1624 
f 1543 1624 1628 
f 164 466 2095 
f 622 1974 1120 
f 2031 733 168 
f 235 847 681 
f 698 1550 667 
f 1546 417 1543 
f 2105 2141 139 
f 473 1824 669 
f 66 1631 1632 
f 1956 1954 1955 
f 1624 1543 1632 
f 2035 224 1979 
f 1619 1635 39 
f 1476 39 1635 
f 1634 1635 1637 
f 544 698 939 
f 1637 1615 1504 
f 89 1504 1615 
f 667 939 698 
f 717 254 152 
f 119 1265 1715 
f 1639 1501 1569 
f 1637 1639 1638 
f 183 1263 1528 
f 51 1479 1579 
f 1640 1579 1479 
f 1637 1638 1634 
f 1640 1634 1638 
f 1509 1508 1642 
f 1641 1642 1508 
f 152 2048 973 
f 573 1925 1926 
f 1488 1647 83 
f 1646 83 1647 
f 1642 1647 426 
f 1645 426 1647 
f 1648 1650 85 
f 1481 85 1650 
f 1652 426 1650 
f 1645 1650 426 
f 93 1511 1651 
f 1652 1651 1511 
f 672 973 2048 
f 2198 708 568 
f 400 1653 1540 
f 1654 1540 1653 
f 1884 485 480 
f 163 806 104 
f 1492 1659 84 
f 1658 84 1659 
f 1654 1659 428 
f 1657 428 1659 
f 1646 1661 83 
f 1486 83 1661 
f 1657 1661 428 
f 1662 428 1661 
f 1531 1662 1508 
f 1641 1508 1662 
f 573 1926 724 
f 997 104 806 
f 86 1663 1552 
f 1664 1552 1663 
f 1851 1832 894 
f 634 1599 1471 
f 1668 82 1669 
f 1495 1669 82 
f 1664 1669 430 
f 1667 430 1669 
f 1658 1671 84 
f 1490 84 1671 
f 1672 430 1671 
f 1667 1671 430 
f 400 1545 1653 
f 1672 1653 1545 
f 2149 1444 132 
f 1730 894 1832 
f 93 1651 1513 
f 99 1719 434 
f 431 1674 1673 
f 1513 1673 1674 
f 1484 1677 85 
f 1648 85 1677 
f 1673 1677 431 
f 1676 431 1677 
f 1668 1679 82 
f 1494 82 1679 
f 1678 431 1679 
f 1676 1679 431 
f 855 1972 169 
f 1663 86 1680 
f 1674 431 1680 
f 1678 1680 431 
f 742 763 1683 
f 1684 1683 763 
f 1684 1681 1682 
f 165 2137 670 
f 1687 759 1685 
f 13 1685 759 
f 63 705 157 
f 1687 1691 1681 
f 1688 1691 1690 
f 1770 1883 1756 
f 1689 1681 1691 
f 1392 344 1419 
f 1692 1682 98 
f 1693 98 1682 
f 648 687 715 
f 1689 1682 1681 
f 1685 13 1697 
f 1311 1697 13 
f 139 507 2105 
f 1698 1696 1697 
f 471 1758 251 
f 485 1880 480 
f 2129 608 1522 
f 184 937 702 
f 844 182 1751 
f 178 256 1656 
f 1698 1704 1696 
f 1852 163 847 
f 123 1756 1883 
f 1828 1507 698 
f 104 847 163 
f 134 2090 2076 
f 121 1332 2062 
f 1707 1709 1290 
f 1261 77 1407 
f 178 937 1826 
f 1711 1713 10 
f 1299 10 1713 
f 1017 1407 77 
f 439 1707 1713 
f 1450 2136 122 
f 175 1886 725 
f 1707 439 1720 
f 688 429 1596 
f 1873 1720 1748 
f 1749 1748 1720 
f 2062 940 121 
f 188 2080 157 
f 10 746 1711 
f 1723 1711 746 
f 1721 444 1723 
f 1722 1723 444 
f 740 742 1725 
f 1683 1725 742 
f 1725 1724 1721 
f 444 1721 1724 
f 1692 98 1728 
f 1726 1728 98 
f 1724 1728 444 
f 443 444 1728 
f 1750 1716 1722 
f 122 725 1886 
f 444 443 1722 
f 586 1573 249 
f 1734 1704 1731 
f 1703 1731 1704 
f 447 1733 1732 
f 1734 1732 1733 
f 75 1735 1737 
f 1738 1737 1735 
f 1732 1738 447 
f 1736 447 1738 
f 98 1693 1740 
f 1741 1740 1693 
f 447 1736 1739 
f 1741 1739 1736 
f 821 587 653 
f 2192 2190 2191 
f 1739 1688 447 
f 1733 447 1688 
f 75 1743 1735 
f 1746 1735 1743 
f 1745 1746 1747 
f 1744 1747 1746 
f 2055 2096 832 
f 1754 1838 143 
f 889 161 189 
f 1749 1747 1744 
f 160 890 892 
f 904 1270 1593 
f 646 189 161 
f 1750 1747 1716 
f 98 1740 1726 
f 1752 1726 1740 
f 1747 1750 1745 
f 1752 1745 1750 
f 648 140 1119 
f 711 1519 1371 
f 255 79 156 
f 142 2058 2060 
f 735 414 1007 
f 24 1323 1008 
f 32 1873 1748 
f 452 396 663 
f 1765 1763 103 
f 1769 471 1764 
f 1821 1763 1755 
f 1573 586 816 
f 172 1426 2038 
f 217 733 1593 
f 1772 1766 1765 
f 1767 1765 1766 
f 1248 1331 1539 
f 897 122 2136 
f 81 1281 1643 
f 160 892 2061 
f 135 460 153 
f 1967 2024 2020 
f 1765 454 1772 
f 1644 1705 520 
f 802 229 800 
f 568 2194 2198 
f 619 520 1705 
f 800 1778 1772 
f 875 8 1778 
f 1777 1778 8 
f 1772 1778 1766 
f 678 1865 427 
f 1827 1593 733 
f 1755 1767 1781 
f 458 1781 1779 
f 503 502 1941 
f 8 989 1777 
f 1783 1777 989 
f 458 1779 1782 
f 1783 1782 1779 
f 1785 986 942 
f 4 942 986 
f 458 1782 1784 
f 1785 1784 1782 
f 26 1788 952 
f 1994 1999 516 
f 458 1784 457 
f 1788 457 1784 
f 1004 581 1992 
f 695 1768 1541 
f 458 457 1781 
f 1443 456 1762 
f 684 890 1818 
f 1990 1989 516 
f 461 1793 1795 
f 1889 1887 1884 
f 150 1541 1768 
f 521 718 100 
f 1795 1831 461 
f 1796 461 1831 
f 1788 26 1800 
f 1284 1800 26 
f 1800 1799 1796 
f 461 1796 1799 
f 1279 81 1793 
f 1801 1793 81 
f 1799 1793 461 
f 516 1989 1994 
f 499 1927 1924 
f 1845 2168 205 
f 1813 1803 462 
f 263 1727 1851 
f 807 454 1387 
f 120 1904 1919 
f 462 1803 1387 
f 60 1007 957 
f 1471 1837 634 
f 185 728 251 
f 2187 149 2188 
f 1365 117 174 
f 129 1928 1930 
f 2078 134 2079 
f 2006 174 117 
f 131 2130 2050 
f 1763 1815 103 
f 1817 103 1815 
f 2060 2094 142 
f 1814 684 608 
f 153 2069 135 
f 1861 2068 720 
f 1821 1825 1815 
f 1816 1815 1825 
f 1825 465 1822 
f 1839 1822 465 
f 984 1522 608 
f 1655 61 636 
f 1987 139 2141 
f 394 1675 106 
f 965 608 684 
f 2115 1538 113 
f 1861 135 2069 
f 695 825 325 
f 2049 2064 2046 
f 1831 1795 1836 
f 2027 585 1521 
f 590 1686 1356 
f 485 1884 1887 
f 469 1836 1795 
f 108 1835 469 
f 973 371 152 
f 76 826 613 
f 1643 1850 81 
f 465 1836 1839 
f 716 1318 1502 
f 1919 436 120 
f 825 519 649 
f 1378 1813 1841 
f 2076 2079 134 
f 1378 1841 1848 
f 1403 510 154 
f 1846 462 1817 
f 103 1817 462 
f 1937 584 2142 
f 1846 1848 1841 
f 1823 1914 1791 
f 179 106 1675 
f 144 2177 1885 
f 442 2142 584 
f 1757 1881 102 
f 721 1548 828 
f 109 1378 1848 
f 596 1571 2144 
f 716 732 1454 
f 649 1502 1318 
f 476 1862 1853 
f 1822 1853 1862 
f 1856 1858 108 
f 1835 108 1858 
f 1853 1858 476 
f 1857 476 1858 
f 472 1859 109 
f 1860 109 1859 
f 1857 1859 476 
f 116 1909 1912 
f 681 2018 449 
f 132 1791 1914 
f 476 1859 1862 
f 1980 1982 1983 
